ISO-10303-21;
HEADER;
FILE_DESCRIPTION(('FreeCAD Model'),'2;1');
FILE_NAME('Open CASCADE Shape Model','2025-11-17T08:23:50',(''),(''),
  'Open CASCADE STEP processor 7.8','FreeCAD','Unknown');
FILE_SCHEMA(('AUTOMOTIVE_DESIGN { 1 0 10303 214 1 1 1 1 }'));
ENDSEC;
DATA;
#1 = APPLICATION_PROTOCOL_DEFINITION('international standard',
  'automotive_design',2000,#2);
#2 = APPLICATION_CONTEXT(
  'core data for automotive mechanical design processes');
#3 = SHAPE_DEFINITION_REPRESENTATION(#4,#10);
#4 = PRODUCT_DEFINITION_SHAPE('','',#5);
#5 = PRODUCT_DEFINITION('design','',#6,#9);
#6 = PRODUCT_DEFINITION_FORMATION('','',#7);
#7 = PRODUCT('Belt fastener 2mm','Belt fastener 2mm','',(#8));
#8 = PRODUCT_CONTEXT('',#2,'mechanical');
#9 = PRODUCT_DEFINITION_CONTEXT('part definition',#2,'design');
#10 = ADVANCED_BREP_SHAPE_REPRESENTATION('',(#11,#15),#2108);
#11 = AXIS2_PLACEMENT_3D('',#12,#13,#14);
#12 = CARTESIAN_POINT('',(0.,0.,0.));
#13 = DIRECTION('',(0.,0.,1.));
#14 = DIRECTION('',(1.,0.,-0.));
#15 = MANIFOLD_SOLID_BREP('',#16);
#16 = CLOSED_SHELL('',(#17,#266,#297,#321,#345,#370,#426,#450,#474,#498,
    #522,#546,#570,#594,#618,#642,#666,#690,#714,#747,#771,#804,#828,
    #852,#876,#900,#924,#948,#972,#996,#1052,#1080,#1277,#1301,#1429,
    #1453,#1490,#1584,#1609,#1633,#1712,#1724,#1741,#1758,#1775,#1792,
    #1809,#1826,#1843,#1860,#1878,#1895,#1913,#1930,#1947,#1964,#1981,
    #1998,#2015,#2032,#2049,#2066,#2083,#2095));
#17 = ADVANCED_FACE('',(#18),#261,.T.);
#18 = FACE_BOUND('',#19,.T.);
#19 = EDGE_LOOP('',(#20,#30,#38,#46,#54,#62,#70,#78,#86,#94,#102,#110,
    #118,#126,#134,#142,#150,#158,#166,#174,#182,#190,#198,#206,#214,
    #222,#230,#238,#247,#255));
#20 = ORIENTED_EDGE('',*,*,#21,.T.);
#21 = EDGE_CURVE('',#22,#24,#26,.T.);
#22 = VERTEX_POINT('',#23);
#23 = CARTESIAN_POINT('',(17.75,-12.5,-5.6));
#24 = VERTEX_POINT('',#25);
#25 = CARTESIAN_POINT('',(13.75,-16.5,-5.6));
#26 = LINE('',#27,#28);
#27 = CARTESIAN_POINT('',(14.5,-15.75,-5.6));
#28 = VECTOR('',#29,1.);
#29 = DIRECTION('',(-0.707106781187,-0.707106781187,0.));
#30 = ORIENTED_EDGE('',*,*,#31,.T.);
#31 = EDGE_CURVE('',#24,#32,#34,.T.);
#32 = VERTEX_POINT('',#33);
#33 = CARTESIAN_POINT('',(1.,-16.5,-5.6));
#34 = LINE('',#35,#36);
#35 = CARTESIAN_POINT('',(-12.75,-16.5,-5.6));
#36 = VECTOR('',#37,1.);
#37 = DIRECTION('',(-1.,0.,-1.224646799147E-16));
#38 = ORIENTED_EDGE('',*,*,#39,.F.);
#39 = EDGE_CURVE('',#40,#32,#42,.T.);
#40 = VERTEX_POINT('',#41);
#41 = CARTESIAN_POINT('',(1.,-13.4,-5.6));
#42 = LINE('',#43,#44);
#43 = CARTESIAN_POINT('',(1.,-17.49352293324,-5.6));
#44 = VECTOR('',#45,1.);
#45 = DIRECTION('',(0.,-1.,0.));
#46 = ORIENTED_EDGE('',*,*,#47,.T.);
#47 = EDGE_CURVE('',#40,#48,#50,.T.);
#48 = VERTEX_POINT('',#49);
#49 = CARTESIAN_POINT('',(2.6,-13.4,-5.6));
#50 = LINE('',#51,#52);
#51 = CARTESIAN_POINT('',(-12.75,-13.4,-5.6));
#52 = VECTOR('',#53,1.);
#53 = DIRECTION('',(1.,0.,0.));
#54 = ORIENTED_EDGE('',*,*,#55,.T.);
#55 = EDGE_CURVE('',#48,#56,#58,.T.);
#56 = VERTEX_POINT('',#57);
#57 = CARTESIAN_POINT('',(2.6,-12.8,-5.6));
#58 = LINE('',#59,#60);
#59 = CARTESIAN_POINT('',(2.6,-16.5,-5.6));
#60 = VECTOR('',#61,1.);
#61 = DIRECTION('',(0.,1.,0.));
#62 = ORIENTED_EDGE('',*,*,#63,.T.);
#63 = EDGE_CURVE('',#56,#64,#66,.T.);
#64 = VERTEX_POINT('',#65);
#65 = CARTESIAN_POINT('',(3.4,-12.8,-5.6));
#66 = LINE('',#67,#68);
#67 = CARTESIAN_POINT('',(2.6,-12.8,-5.6));
#68 = VECTOR('',#69,1.);
#69 = DIRECTION('',(1.,0.,0.));
#70 = ORIENTED_EDGE('',*,*,#71,.F.);
#71 = EDGE_CURVE('',#72,#64,#74,.T.);
#72 = VERTEX_POINT('',#73);
#73 = CARTESIAN_POINT('',(3.4,-13.4,-5.6));
#74 = LINE('',#75,#76);
#75 = CARTESIAN_POINT('',(3.4,-16.5,-5.6));
#76 = VECTOR('',#77,1.);
#77 = DIRECTION('',(0.,1.,0.));
#78 = ORIENTED_EDGE('',*,*,#79,.T.);
#79 = EDGE_CURVE('',#72,#80,#82,.T.);
#80 = VERTEX_POINT('',#81);
#81 = CARTESIAN_POINT('',(4.6,-13.4,-5.6));
#82 = LINE('',#83,#84);
#83 = CARTESIAN_POINT('',(-12.75,-13.4,-5.6));
#84 = VECTOR('',#85,1.);
#85 = DIRECTION('',(1.,0.,0.));
#86 = ORIENTED_EDGE('',*,*,#87,.T.);
#87 = EDGE_CURVE('',#80,#88,#90,.T.);
#88 = VERTEX_POINT('',#89);
#89 = CARTESIAN_POINT('',(4.6,-12.8,-5.6));
#90 = LINE('',#91,#92);
#91 = CARTESIAN_POINT('',(4.6,-16.5,-5.6));
#92 = VECTOR('',#93,1.);
#93 = DIRECTION('',(0.,1.,0.));
#94 = ORIENTED_EDGE('',*,*,#95,.T.);
#95 = EDGE_CURVE('',#88,#96,#98,.T.);
#96 = VERTEX_POINT('',#97);
#97 = CARTESIAN_POINT('',(5.4,-12.8,-5.6));
#98 = LINE('',#99,#100);
#99 = CARTESIAN_POINT('',(4.6,-12.8,-5.6));
#100 = VECTOR('',#101,1.);
#101 = DIRECTION('',(1.,0.,0.));
#102 = ORIENTED_EDGE('',*,*,#103,.F.);
#103 = EDGE_CURVE('',#104,#96,#106,.T.);
#104 = VERTEX_POINT('',#105);
#105 = CARTESIAN_POINT('',(5.4,-13.4,-5.6));
#106 = LINE('',#107,#108);
#107 = CARTESIAN_POINT('',(5.4,-16.5,-5.6));
#108 = VECTOR('',#109,1.);
#109 = DIRECTION('',(0.,1.,0.));
#110 = ORIENTED_EDGE('',*,*,#111,.T.);
#111 = EDGE_CURVE('',#104,#112,#114,.T.);
#112 = VERTEX_POINT('',#113);
#113 = CARTESIAN_POINT('',(6.6,-13.4,-5.6));
#114 = LINE('',#115,#116);
#115 = CARTESIAN_POINT('',(-12.75,-13.4,-5.6));
#116 = VECTOR('',#117,1.);
#117 = DIRECTION('',(1.,0.,0.));
#118 = ORIENTED_EDGE('',*,*,#119,.T.);
#119 = EDGE_CURVE('',#112,#120,#122,.T.);
#120 = VERTEX_POINT('',#121);
#121 = CARTESIAN_POINT('',(6.6,-12.8,-5.6));
#122 = LINE('',#123,#124);
#123 = CARTESIAN_POINT('',(6.6,-16.5,-5.6));
#124 = VECTOR('',#125,1.);
#125 = DIRECTION('',(0.,1.,0.));
#126 = ORIENTED_EDGE('',*,*,#127,.T.);
#127 = EDGE_CURVE('',#120,#128,#130,.T.);
#128 = VERTEX_POINT('',#129);
#129 = CARTESIAN_POINT('',(7.4,-12.8,-5.6));
#130 = LINE('',#131,#132);
#131 = CARTESIAN_POINT('',(6.6,-12.8,-5.6));
#132 = VECTOR('',#133,1.);
#133 = DIRECTION('',(1.,0.,0.));
#134 = ORIENTED_EDGE('',*,*,#135,.F.);
#135 = EDGE_CURVE('',#136,#128,#138,.T.);
#136 = VERTEX_POINT('',#137);
#137 = CARTESIAN_POINT('',(7.4,-13.4,-5.6));
#138 = LINE('',#139,#140);
#139 = CARTESIAN_POINT('',(7.4,-16.5,-5.6));
#140 = VECTOR('',#141,1.);
#141 = DIRECTION('',(0.,1.,0.));
#142 = ORIENTED_EDGE('',*,*,#143,.T.);
#143 = EDGE_CURVE('',#136,#144,#146,.T.);
#144 = VERTEX_POINT('',#145);
#145 = CARTESIAN_POINT('',(8.6,-13.4,-5.6));
#146 = LINE('',#147,#148);
#147 = CARTESIAN_POINT('',(-12.75,-13.4,-5.6));
#148 = VECTOR('',#149,1.);
#149 = DIRECTION('',(1.,0.,0.));
#150 = ORIENTED_EDGE('',*,*,#151,.T.);
#151 = EDGE_CURVE('',#144,#152,#154,.T.);
#152 = VERTEX_POINT('',#153);
#153 = CARTESIAN_POINT('',(8.6,-12.8,-5.6));
#154 = LINE('',#155,#156);
#155 = CARTESIAN_POINT('',(8.6,-16.5,-5.6));
#156 = VECTOR('',#157,1.);
#157 = DIRECTION('',(0.,1.,0.));
#158 = ORIENTED_EDGE('',*,*,#159,.T.);
#159 = EDGE_CURVE('',#152,#160,#162,.T.);
#160 = VERTEX_POINT('',#161);
#161 = CARTESIAN_POINT('',(9.4,-12.8,-5.6));
#162 = LINE('',#163,#164);
#163 = CARTESIAN_POINT('',(8.6,-12.8,-5.6));
#164 = VECTOR('',#165,1.);
#165 = DIRECTION('',(1.,0.,0.));
#166 = ORIENTED_EDGE('',*,*,#167,.F.);
#167 = EDGE_CURVE('',#168,#160,#170,.T.);
#168 = VERTEX_POINT('',#169);
#169 = CARTESIAN_POINT('',(9.4,-13.4,-5.6));
#170 = LINE('',#171,#172);
#171 = CARTESIAN_POINT('',(9.4,-16.5,-5.6));
#172 = VECTOR('',#173,1.);
#173 = DIRECTION('',(0.,1.,0.));
#174 = ORIENTED_EDGE('',*,*,#175,.T.);
#175 = EDGE_CURVE('',#168,#176,#178,.T.);
#176 = VERTEX_POINT('',#177);
#177 = CARTESIAN_POINT('',(10.6,-13.4,-5.6));
#178 = LINE('',#179,#180);
#179 = CARTESIAN_POINT('',(-12.75,-13.4,-5.6));
#180 = VECTOR('',#181,1.);
#181 = DIRECTION('',(1.,0.,0.));
#182 = ORIENTED_EDGE('',*,*,#183,.T.);
#183 = EDGE_CURVE('',#176,#184,#186,.T.);
#184 = VERTEX_POINT('',#185);
#185 = CARTESIAN_POINT('',(10.6,-12.8,-5.6));
#186 = LINE('',#187,#188);
#187 = CARTESIAN_POINT('',(10.6,-16.5,-5.6));
#188 = VECTOR('',#189,1.);
#189 = DIRECTION('',(0.,1.,0.));
#190 = ORIENTED_EDGE('',*,*,#191,.T.);
#191 = EDGE_CURVE('',#184,#192,#194,.T.);
#192 = VERTEX_POINT('',#193);
#193 = CARTESIAN_POINT('',(11.4,-12.8,-5.6));
#194 = LINE('',#195,#196);
#195 = CARTESIAN_POINT('',(10.6,-12.8,-5.6));
#196 = VECTOR('',#197,1.);
#197 = DIRECTION('',(1.,0.,0.));
#198 = ORIENTED_EDGE('',*,*,#199,.F.);
#199 = EDGE_CURVE('',#200,#192,#202,.T.);
#200 = VERTEX_POINT('',#201);
#201 = CARTESIAN_POINT('',(11.4,-13.4,-5.6));
#202 = LINE('',#203,#204);
#203 = CARTESIAN_POINT('',(11.4,-16.5,-5.6));
#204 = VECTOR('',#205,1.);
#205 = DIRECTION('',(0.,1.,0.));
#206 = ORIENTED_EDGE('',*,*,#207,.T.);
#207 = EDGE_CURVE('',#200,#208,#210,.T.);
#208 = VERTEX_POINT('',#209);
#209 = CARTESIAN_POINT('',(12.6,-13.4,-5.6));
#210 = LINE('',#211,#212);
#211 = CARTESIAN_POINT('',(-12.75,-13.4,-5.6));
#212 = VECTOR('',#213,1.);
#213 = DIRECTION('',(1.,0.,0.));
#214 = ORIENTED_EDGE('',*,*,#215,.T.);
#215 = EDGE_CURVE('',#208,#216,#218,.T.);
#216 = VERTEX_POINT('',#217);
#217 = CARTESIAN_POINT('',(12.6,-12.8,-5.6));
#218 = LINE('',#219,#220);
#219 = CARTESIAN_POINT('',(12.6,-16.5,-5.6));
#220 = VECTOR('',#221,1.);
#221 = DIRECTION('',(0.,1.,0.));
#222 = ORIENTED_EDGE('',*,*,#223,.T.);
#223 = EDGE_CURVE('',#216,#224,#226,.T.);
#224 = VERTEX_POINT('',#225);
#225 = CARTESIAN_POINT('',(13.05,-12.8,-5.6));
#226 = LINE('',#227,#228);
#227 = CARTESIAN_POINT('',(12.6,-12.8,-5.6));
#228 = VECTOR('',#229,1.);
#229 = DIRECTION('',(1.,0.,0.));
#230 = ORIENTED_EDGE('',*,*,#231,.T.);
#231 = EDGE_CURVE('',#224,#232,#234,.T.);
#232 = VERTEX_POINT('',#233);
#233 = CARTESIAN_POINT('',(14.864213562373,-10.98578643762,-5.6));
#234 = LINE('',#235,#236);
#235 = CARTESIAN_POINT('',(12.575,-13.275,-5.6));
#236 = VECTOR('',#237,1.);
#237 = DIRECTION('',(0.707106781187,0.707106781187,0.));
#238 = ORIENTED_EDGE('',*,*,#239,.T.);
#239 = EDGE_CURVE('',#232,#240,#242,.T.);
#240 = VERTEX_POINT('',#241);
#241 = CARTESIAN_POINT('',(16.278427124746,-10.4,-5.6));
#242 = CIRCLE('',#243,2.);
#243 = AXIS2_PLACEMENT_3D('',#244,#245,#246);
#244 = CARTESIAN_POINT('',(16.278427124746,-12.4,-5.6));
#245 = DIRECTION('',(-0.,-0.,-1.));
#246 = DIRECTION('',(0.,-1.,0.));
#247 = ORIENTED_EDGE('',*,*,#248,.T.);
#248 = EDGE_CURVE('',#240,#249,#251,.T.);
#249 = VERTEX_POINT('',#250);
#250 = CARTESIAN_POINT('',(17.75,-10.4,-5.6));
#251 = LINE('',#252,#253);
#252 = CARTESIAN_POINT('',(12.75,-10.4,-5.6));
#253 = VECTOR('',#254,1.);
#254 = DIRECTION('',(1.,0.,0.));
#255 = ORIENTED_EDGE('',*,*,#256,.F.);
#256 = EDGE_CURVE('',#22,#249,#257,.T.);
#257 = LINE('',#258,#259);
#258 = CARTESIAN_POINT('',(17.75,-16.5,-5.6));
#259 = VECTOR('',#260,1.);
#260 = DIRECTION('',(0.,1.,0.));
#261 = PLANE('',#262);
#262 = AXIS2_PLACEMENT_3D('',#263,#264,#265);
#263 = CARTESIAN_POINT('',(2.203330970475E-15,-13.98704586648,-5.6));
#264 = DIRECTION('',(-0.,-0.,-1.));
#265 = DIRECTION('',(-1.,0.,0.));
#266 = ADVANCED_FACE('',(#267),#292,.F.);
#267 = FACE_BOUND('',#268,.T.);
#268 = EDGE_LOOP('',(#269,#270,#278,#286));
#269 = ORIENTED_EDGE('',*,*,#21,.F.);
#270 = ORIENTED_EDGE('',*,*,#271,.T.);
#271 = EDGE_CURVE('',#22,#272,#274,.T.);
#272 = VERTEX_POINT('',#273);
#273 = CARTESIAN_POINT('',(17.75,-12.5,9.6));
#274 = LINE('',#275,#276);
#275 = CARTESIAN_POINT('',(17.75,-12.5,-5.6));
#276 = VECTOR('',#277,1.);
#277 = DIRECTION('',(0.,0.,1.));
#278 = ORIENTED_EDGE('',*,*,#279,.T.);
#279 = EDGE_CURVE('',#272,#280,#282,.T.);
#280 = VERTEX_POINT('',#281);
#281 = CARTESIAN_POINT('',(13.75,-16.5,9.6));
#282 = LINE('',#283,#284);
#283 = CARTESIAN_POINT('',(14.5,-15.75,9.6));
#284 = VECTOR('',#285,1.);
#285 = DIRECTION('',(-0.707106781187,-0.707106781187,0.));
#286 = ORIENTED_EDGE('',*,*,#287,.F.);
#287 = EDGE_CURVE('',#24,#280,#288,.T.);
#288 = LINE('',#289,#290);
#289 = CARTESIAN_POINT('',(13.75,-16.5,-5.6));
#290 = VECTOR('',#291,1.);
#291 = DIRECTION('',(0.,0.,1.));
#292 = PLANE('',#293);
#293 = AXIS2_PLACEMENT_3D('',#294,#295,#296);
#294 = CARTESIAN_POINT('',(15.75,-14.5,-5.6));
#295 = DIRECTION('',(-0.707106781187,0.707106781187,0.));
#296 = DIRECTION('',(-0.,-0.,-1.));
#297 = ADVANCED_FACE('',(#298),#316,.T.);
#298 = FACE_BOUND('',#299,.T.);
#299 = EDGE_LOOP('',(#300,#308,#309,#310));
#300 = ORIENTED_EDGE('',*,*,#301,.F.);
#301 = EDGE_CURVE('',#272,#302,#304,.T.);
#302 = VERTEX_POINT('',#303);
#303 = CARTESIAN_POINT('',(17.75,-10.4,9.6));
#304 = LINE('',#305,#306);
#305 = CARTESIAN_POINT('',(17.75,-16.5,9.6));
#306 = VECTOR('',#307,1.);
#307 = DIRECTION('',(0.,1.,0.));
#308 = ORIENTED_EDGE('',*,*,#271,.F.);
#309 = ORIENTED_EDGE('',*,*,#256,.T.);
#310 = ORIENTED_EDGE('',*,*,#311,.T.);
#311 = EDGE_CURVE('',#249,#302,#312,.T.);
#312 = LINE('',#313,#314);
#313 = CARTESIAN_POINT('',(17.75,-10.4,-5.6));
#314 = VECTOR('',#315,1.);
#315 = DIRECTION('',(0.,0.,1.));
#316 = PLANE('',#317);
#317 = AXIS2_PLACEMENT_3D('',#318,#319,#320);
#318 = CARTESIAN_POINT('',(17.75,-16.5,-5.6));
#319 = DIRECTION('',(1.,0.,0.));
#320 = DIRECTION('',(0.,0.,1.));
#321 = ADVANCED_FACE('',(#322),#340,.T.);
#322 = FACE_BOUND('',#323,.T.);
#323 = EDGE_LOOP('',(#324,#325,#333,#339));
#324 = ORIENTED_EDGE('',*,*,#248,.F.);
#325 = ORIENTED_EDGE('',*,*,#326,.T.);
#326 = EDGE_CURVE('',#240,#327,#329,.T.);
#327 = VERTEX_POINT('',#328);
#328 = CARTESIAN_POINT('',(16.278427124746,-10.4,9.6));
#329 = LINE('',#330,#331);
#330 = CARTESIAN_POINT('',(16.278427124746,-10.4,-5.6));
#331 = VECTOR('',#332,1.);
#332 = DIRECTION('',(0.,0.,1.));
#333 = ORIENTED_EDGE('',*,*,#334,.T.);
#334 = EDGE_CURVE('',#327,#302,#335,.T.);
#335 = LINE('',#336,#337);
#336 = CARTESIAN_POINT('',(12.75,-10.4,9.6));
#337 = VECTOR('',#338,1.);
#338 = DIRECTION('',(1.,0.,0.));
#339 = ORIENTED_EDGE('',*,*,#311,.F.);
#340 = PLANE('',#341);
#341 = AXIS2_PLACEMENT_3D('',#342,#343,#344);
#342 = CARTESIAN_POINT('',(12.75,-10.4,-5.6));
#343 = DIRECTION('',(0.,1.,0.));
#344 = DIRECTION('',(0.,0.,1.));
#345 = ADVANCED_FACE('',(#346),#365,.T.);
#346 = FACE_BOUND('',#347,.F.);
#347 = EDGE_LOOP('',(#348,#349,#350,#359));
#348 = ORIENTED_EDGE('',*,*,#239,.T.);
#349 = ORIENTED_EDGE('',*,*,#326,.T.);
#350 = ORIENTED_EDGE('',*,*,#351,.F.);
#351 = EDGE_CURVE('',#352,#327,#354,.T.);
#352 = VERTEX_POINT('',#353);
#353 = CARTESIAN_POINT('',(14.864213562373,-10.98578643762,9.6));
#354 = CIRCLE('',#355,2.);
#355 = AXIS2_PLACEMENT_3D('',#356,#357,#358);
#356 = CARTESIAN_POINT('',(16.278427124746,-12.4,9.6));
#357 = DIRECTION('',(-0.,-0.,-1.));
#358 = DIRECTION('',(0.,-1.,0.));
#359 = ORIENTED_EDGE('',*,*,#360,.F.);
#360 = EDGE_CURVE('',#232,#352,#361,.T.);
#361 = LINE('',#362,#363);
#362 = CARTESIAN_POINT('',(14.864213562373,-10.98578643762,-5.6));
#363 = VECTOR('',#364,1.);
#364 = DIRECTION('',(0.,0.,1.));
#365 = CYLINDRICAL_SURFACE('',#366,2.);
#366 = AXIS2_PLACEMENT_3D('',#367,#368,#369);
#367 = CARTESIAN_POINT('',(16.278427124746,-12.4,-5.6));
#368 = DIRECTION('',(0.,0.,1.));
#369 = DIRECTION('',(-0.707106781187,0.707106781187,0.));
#370 = ADVANCED_FACE('',(#371),#421,.F.);
#371 = FACE_BOUND('',#372,.T.);
#372 = EDGE_LOOP('',(#373,#374,#382,#390,#398,#406,#414,#420));
#373 = ORIENTED_EDGE('',*,*,#231,.F.);
#374 = ORIENTED_EDGE('',*,*,#375,.T.);
#375 = EDGE_CURVE('',#224,#376,#378,.T.);
#376 = VERTEX_POINT('',#377);
#377 = CARTESIAN_POINT('',(13.05,-12.8,0.5));
#378 = LINE('',#379,#380);
#379 = CARTESIAN_POINT('',(13.05,-12.8,-5.6));
#380 = VECTOR('',#381,1.);
#381 = DIRECTION('',(0.,0.,1.));
#382 = ORIENTED_EDGE('',*,*,#383,.T.);
#383 = EDGE_CURVE('',#376,#384,#386,.T.);
#384 = VERTEX_POINT('',#385);
#385 = CARTESIAN_POINT('',(13.75,-12.1,0.5));
#386 = LINE('',#387,#388);
#387 = CARTESIAN_POINT('',(5.95,-19.9,0.5));
#388 = VECTOR('',#389,1.);
#389 = DIRECTION('',(0.707106781187,0.707106781187,0.));
#390 = ORIENTED_EDGE('',*,*,#391,.F.);
#391 = EDGE_CURVE('',#392,#384,#394,.T.);
#392 = VERTEX_POINT('',#393);
#393 = CARTESIAN_POINT('',(13.75,-12.1,3.5));
#394 = LINE('',#395,#396);
#395 = CARTESIAN_POINT('',(13.75,-12.1,-2.55));
#396 = VECTOR('',#397,1.);
#397 = DIRECTION('',(0.,0.,-1.));
#398 = ORIENTED_EDGE('',*,*,#399,.F.);
#399 = EDGE_CURVE('',#400,#392,#402,.T.);
#400 = VERTEX_POINT('',#401);
#401 = CARTESIAN_POINT('',(13.05,-12.8,3.5));
#402 = LINE('',#403,#404);
#403 = CARTESIAN_POINT('',(5.95,-19.9,3.5));
#404 = VECTOR('',#405,1.);
#405 = DIRECTION('',(0.707106781187,0.707106781187,0.));
#406 = ORIENTED_EDGE('',*,*,#407,.T.);
#407 = EDGE_CURVE('',#400,#408,#410,.T.);
#408 = VERTEX_POINT('',#409);
#409 = CARTESIAN_POINT('',(13.05,-12.8,9.6));
#410 = LINE('',#411,#412);
#411 = CARTESIAN_POINT('',(13.05,-12.8,-5.6));
#412 = VECTOR('',#413,1.);
#413 = DIRECTION('',(0.,0.,1.));
#414 = ORIENTED_EDGE('',*,*,#415,.T.);
#415 = EDGE_CURVE('',#408,#352,#416,.T.);
#416 = LINE('',#417,#418);
#417 = CARTESIAN_POINT('',(12.575,-13.275,9.6));
#418 = VECTOR('',#419,1.);
#419 = DIRECTION('',(0.707106781187,0.707106781187,0.));
#420 = ORIENTED_EDGE('',*,*,#360,.F.);
#421 = PLANE('',#422);
#422 = AXIS2_PLACEMENT_3D('',#423,#424,#425);
#423 = CARTESIAN_POINT('',(14.1,-11.75,-5.6));
#424 = DIRECTION('',(0.707106781187,-0.707106781187,0.));
#425 = DIRECTION('',(-0.,-0.,-1.));
#426 = ADVANCED_FACE('',(#427),#445,.T.);
#427 = FACE_BOUND('',#428,.T.);
#428 = EDGE_LOOP('',(#429,#430,#438,#444));
#429 = ORIENTED_EDGE('',*,*,#223,.F.);
#430 = ORIENTED_EDGE('',*,*,#431,.T.);
#431 = EDGE_CURVE('',#216,#432,#434,.T.);
#432 = VERTEX_POINT('',#433);
#433 = CARTESIAN_POINT('',(12.6,-12.8,0.5));
#434 = LINE('',#435,#436);
#435 = CARTESIAN_POINT('',(12.6,-12.8,-5.6));
#436 = VECTOR('',#437,1.);
#437 = DIRECTION('',(0.,0.,1.));
#438 = ORIENTED_EDGE('',*,*,#439,.T.);
#439 = EDGE_CURVE('',#432,#376,#440,.T.);
#440 = LINE('',#441,#442);
#441 = CARTESIAN_POINT('',(-0.575,-12.8,0.5));
#442 = VECTOR('',#443,1.);
#443 = DIRECTION('',(1.,0.,0.));
#444 = ORIENTED_EDGE('',*,*,#375,.F.);
#445 = PLANE('',#446);
#446 = AXIS2_PLACEMENT_3D('',#447,#448,#449);
#447 = CARTESIAN_POINT('',(12.6,-12.8,-5.6));
#448 = DIRECTION('',(0.,1.,0.));
#449 = DIRECTION('',(0.,0.,1.));
#450 = ADVANCED_FACE('',(#451),#469,.F.);
#451 = FACE_BOUND('',#452,.F.);
#452 = EDGE_LOOP('',(#453,#461,#462,#463));
#453 = ORIENTED_EDGE('',*,*,#454,.F.);
#454 = EDGE_CURVE('',#208,#455,#457,.T.);
#455 = VERTEX_POINT('',#456);
#456 = CARTESIAN_POINT('',(12.6,-13.4,0.5));
#457 = LINE('',#458,#459);
#458 = CARTESIAN_POINT('',(12.6,-13.4,-5.6));
#459 = VECTOR('',#460,1.);
#460 = DIRECTION('',(0.,0.,1.));
#461 = ORIENTED_EDGE('',*,*,#215,.T.);
#462 = ORIENTED_EDGE('',*,*,#431,.T.);
#463 = ORIENTED_EDGE('',*,*,#464,.T.);
#464 = EDGE_CURVE('',#432,#455,#465,.T.);
#465 = LINE('',#466,#467);
#466 = CARTESIAN_POINT('',(12.6,-16.5,0.5));
#467 = VECTOR('',#468,1.);
#468 = DIRECTION('',(0.,-1.,0.));
#469 = PLANE('',#470);
#470 = AXIS2_PLACEMENT_3D('',#471,#472,#473);
#471 = CARTESIAN_POINT('',(12.6,-16.5,-5.6));
#472 = DIRECTION('',(1.,0.,0.));
#473 = DIRECTION('',(0.,0.,1.));
#474 = ADVANCED_FACE('',(#475),#493,.T.);
#475 = FACE_BOUND('',#476,.T.);
#476 = EDGE_LOOP('',(#477,#478,#486,#492));
#477 = ORIENTED_EDGE('',*,*,#207,.F.);
#478 = ORIENTED_EDGE('',*,*,#479,.T.);
#479 = EDGE_CURVE('',#200,#480,#482,.T.);
#480 = VERTEX_POINT('',#481);
#481 = CARTESIAN_POINT('',(11.4,-13.4,0.5));
#482 = LINE('',#483,#484);
#483 = CARTESIAN_POINT('',(11.4,-13.4,-5.6));
#484 = VECTOR('',#485,1.);
#485 = DIRECTION('',(0.,0.,1.));
#486 = ORIENTED_EDGE('',*,*,#487,.T.);
#487 = EDGE_CURVE('',#480,#455,#488,.T.);
#488 = LINE('',#489,#490);
#489 = CARTESIAN_POINT('',(-13.25,-13.4,0.5));
#490 = VECTOR('',#491,1.);
#491 = DIRECTION('',(1.,0.,0.));
#492 = ORIENTED_EDGE('',*,*,#454,.F.);
#493 = PLANE('',#494);
#494 = AXIS2_PLACEMENT_3D('',#495,#496,#497);
#495 = CARTESIAN_POINT('',(-12.75,-13.4,-5.6));
#496 = DIRECTION('',(0.,1.,0.));
#497 = DIRECTION('',(0.,0.,1.));
#498 = ADVANCED_FACE('',(#499),#517,.T.);
#499 = FACE_BOUND('',#500,.T.);
#500 = EDGE_LOOP('',(#501,#502,#503,#511));
#501 = ORIENTED_EDGE('',*,*,#479,.F.);
#502 = ORIENTED_EDGE('',*,*,#199,.T.);
#503 = ORIENTED_EDGE('',*,*,#504,.T.);
#504 = EDGE_CURVE('',#192,#505,#507,.T.);
#505 = VERTEX_POINT('',#506);
#506 = CARTESIAN_POINT('',(11.4,-12.8,0.5));
#507 = LINE('',#508,#509);
#508 = CARTESIAN_POINT('',(11.4,-12.8,-5.6));
#509 = VECTOR('',#510,1.);
#510 = DIRECTION('',(0.,0.,1.));
#511 = ORIENTED_EDGE('',*,*,#512,.T.);
#512 = EDGE_CURVE('',#505,#480,#513,.T.);
#513 = LINE('',#514,#515);
#514 = CARTESIAN_POINT('',(11.4,-16.5,0.5));
#515 = VECTOR('',#516,1.);
#516 = DIRECTION('',(0.,-1.,0.));
#517 = PLANE('',#518);
#518 = AXIS2_PLACEMENT_3D('',#519,#520,#521);
#519 = CARTESIAN_POINT('',(11.4,-16.5,-5.6));
#520 = DIRECTION('',(1.,0.,0.));
#521 = DIRECTION('',(0.,0.,1.));
#522 = ADVANCED_FACE('',(#523),#541,.T.);
#523 = FACE_BOUND('',#524,.T.);
#524 = EDGE_LOOP('',(#525,#526,#527,#535));
#525 = ORIENTED_EDGE('',*,*,#504,.F.);
#526 = ORIENTED_EDGE('',*,*,#191,.F.);
#527 = ORIENTED_EDGE('',*,*,#528,.T.);
#528 = EDGE_CURVE('',#184,#529,#531,.T.);
#529 = VERTEX_POINT('',#530);
#530 = CARTESIAN_POINT('',(10.6,-12.8,0.5));
#531 = LINE('',#532,#533);
#532 = CARTESIAN_POINT('',(10.6,-12.8,-5.6));
#533 = VECTOR('',#534,1.);
#534 = DIRECTION('',(0.,0.,1.));
#535 = ORIENTED_EDGE('',*,*,#536,.T.);
#536 = EDGE_CURVE('',#529,#505,#537,.T.);
#537 = LINE('',#538,#539);
#538 = CARTESIAN_POINT('',(-1.575,-12.8,0.5));
#539 = VECTOR('',#540,1.);
#540 = DIRECTION('',(1.,0.,0.));
#541 = PLANE('',#542);
#542 = AXIS2_PLACEMENT_3D('',#543,#544,#545);
#543 = CARTESIAN_POINT('',(10.6,-12.8,-5.6));
#544 = DIRECTION('',(0.,1.,0.));
#545 = DIRECTION('',(0.,0.,1.));
#546 = ADVANCED_FACE('',(#547),#565,.F.);
#547 = FACE_BOUND('',#548,.F.);
#548 = EDGE_LOOP('',(#549,#557,#558,#559));
#549 = ORIENTED_EDGE('',*,*,#550,.F.);
#550 = EDGE_CURVE('',#176,#551,#553,.T.);
#551 = VERTEX_POINT('',#552);
#552 = CARTESIAN_POINT('',(10.6,-13.4,0.5));
#553 = LINE('',#554,#555);
#554 = CARTESIAN_POINT('',(10.6,-13.4,-5.6));
#555 = VECTOR('',#556,1.);
#556 = DIRECTION('',(0.,0.,1.));
#557 = ORIENTED_EDGE('',*,*,#183,.T.);
#558 = ORIENTED_EDGE('',*,*,#528,.T.);
#559 = ORIENTED_EDGE('',*,*,#560,.T.);
#560 = EDGE_CURVE('',#529,#551,#561,.T.);
#561 = LINE('',#562,#563);
#562 = CARTESIAN_POINT('',(10.6,-16.5,0.5));
#563 = VECTOR('',#564,1.);
#564 = DIRECTION('',(0.,-1.,0.));
#565 = PLANE('',#566);
#566 = AXIS2_PLACEMENT_3D('',#567,#568,#569);
#567 = CARTESIAN_POINT('',(10.6,-16.5,-5.6));
#568 = DIRECTION('',(1.,0.,0.));
#569 = DIRECTION('',(0.,0.,1.));
#570 = ADVANCED_FACE('',(#571),#589,.T.);
#571 = FACE_BOUND('',#572,.T.);
#572 = EDGE_LOOP('',(#573,#574,#582,#588));
#573 = ORIENTED_EDGE('',*,*,#175,.F.);
#574 = ORIENTED_EDGE('',*,*,#575,.T.);
#575 = EDGE_CURVE('',#168,#576,#578,.T.);
#576 = VERTEX_POINT('',#577);
#577 = CARTESIAN_POINT('',(9.4,-13.4,0.5));
#578 = LINE('',#579,#580);
#579 = CARTESIAN_POINT('',(9.4,-13.4,-5.6));
#580 = VECTOR('',#581,1.);
#581 = DIRECTION('',(0.,0.,1.));
#582 = ORIENTED_EDGE('',*,*,#583,.T.);
#583 = EDGE_CURVE('',#576,#551,#584,.T.);
#584 = LINE('',#585,#586);
#585 = CARTESIAN_POINT('',(-13.25,-13.4,0.5));
#586 = VECTOR('',#587,1.);
#587 = DIRECTION('',(1.,0.,0.));
#588 = ORIENTED_EDGE('',*,*,#550,.F.);
#589 = PLANE('',#590);
#590 = AXIS2_PLACEMENT_3D('',#591,#592,#593);
#591 = CARTESIAN_POINT('',(-12.75,-13.4,-5.6));
#592 = DIRECTION('',(0.,1.,0.));
#593 = DIRECTION('',(0.,0.,1.));
#594 = ADVANCED_FACE('',(#595),#613,.T.);
#595 = FACE_BOUND('',#596,.T.);
#596 = EDGE_LOOP('',(#597,#598,#599,#607));
#597 = ORIENTED_EDGE('',*,*,#575,.F.);
#598 = ORIENTED_EDGE('',*,*,#167,.T.);
#599 = ORIENTED_EDGE('',*,*,#600,.T.);
#600 = EDGE_CURVE('',#160,#601,#603,.T.);
#601 = VERTEX_POINT('',#602);
#602 = CARTESIAN_POINT('',(9.4,-12.8,0.5));
#603 = LINE('',#604,#605);
#604 = CARTESIAN_POINT('',(9.4,-12.8,-5.6));
#605 = VECTOR('',#606,1.);
#606 = DIRECTION('',(0.,0.,1.));
#607 = ORIENTED_EDGE('',*,*,#608,.T.);
#608 = EDGE_CURVE('',#601,#576,#609,.T.);
#609 = LINE('',#610,#611);
#610 = CARTESIAN_POINT('',(9.4,-16.5,0.5));
#611 = VECTOR('',#612,1.);
#612 = DIRECTION('',(0.,-1.,0.));
#613 = PLANE('',#614);
#614 = AXIS2_PLACEMENT_3D('',#615,#616,#617);
#615 = CARTESIAN_POINT('',(9.4,-16.5,-5.6));
#616 = DIRECTION('',(1.,0.,0.));
#617 = DIRECTION('',(0.,0.,1.));
#618 = ADVANCED_FACE('',(#619),#637,.T.);
#619 = FACE_BOUND('',#620,.T.);
#620 = EDGE_LOOP('',(#621,#622,#623,#631));
#621 = ORIENTED_EDGE('',*,*,#600,.F.);
#622 = ORIENTED_EDGE('',*,*,#159,.F.);
#623 = ORIENTED_EDGE('',*,*,#624,.T.);
#624 = EDGE_CURVE('',#152,#625,#627,.T.);
#625 = VERTEX_POINT('',#626);
#626 = CARTESIAN_POINT('',(8.6,-12.8,0.5));
#627 = LINE('',#628,#629);
#628 = CARTESIAN_POINT('',(8.6,-12.8,-5.6));
#629 = VECTOR('',#630,1.);
#630 = DIRECTION('',(0.,0.,1.));
#631 = ORIENTED_EDGE('',*,*,#632,.T.);
#632 = EDGE_CURVE('',#625,#601,#633,.T.);
#633 = LINE('',#634,#635);
#634 = CARTESIAN_POINT('',(-2.575,-12.8,0.5));
#635 = VECTOR('',#636,1.);
#636 = DIRECTION('',(1.,0.,0.));
#637 = PLANE('',#638);
#638 = AXIS2_PLACEMENT_3D('',#639,#640,#641);
#639 = CARTESIAN_POINT('',(8.6,-12.8,-5.6));
#640 = DIRECTION('',(0.,1.,0.));
#641 = DIRECTION('',(0.,0.,1.));
#642 = ADVANCED_FACE('',(#643),#661,.F.);
#643 = FACE_BOUND('',#644,.F.);
#644 = EDGE_LOOP('',(#645,#653,#654,#655));
#645 = ORIENTED_EDGE('',*,*,#646,.F.);
#646 = EDGE_CURVE('',#144,#647,#649,.T.);
#647 = VERTEX_POINT('',#648);
#648 = CARTESIAN_POINT('',(8.6,-13.4,0.5));
#649 = LINE('',#650,#651);
#650 = CARTESIAN_POINT('',(8.6,-13.4,-5.6));
#651 = VECTOR('',#652,1.);
#652 = DIRECTION('',(0.,0.,1.));
#653 = ORIENTED_EDGE('',*,*,#151,.T.);
#654 = ORIENTED_EDGE('',*,*,#624,.T.);
#655 = ORIENTED_EDGE('',*,*,#656,.T.);
#656 = EDGE_CURVE('',#625,#647,#657,.T.);
#657 = LINE('',#658,#659);
#658 = CARTESIAN_POINT('',(8.6,-16.5,0.5));
#659 = VECTOR('',#660,1.);
#660 = DIRECTION('',(0.,-1.,0.));
#661 = PLANE('',#662);
#662 = AXIS2_PLACEMENT_3D('',#663,#664,#665);
#663 = CARTESIAN_POINT('',(8.6,-16.5,-5.6));
#664 = DIRECTION('',(1.,0.,0.));
#665 = DIRECTION('',(0.,0.,1.));
#666 = ADVANCED_FACE('',(#667),#685,.T.);
#667 = FACE_BOUND('',#668,.T.);
#668 = EDGE_LOOP('',(#669,#670,#678,#684));
#669 = ORIENTED_EDGE('',*,*,#143,.F.);
#670 = ORIENTED_EDGE('',*,*,#671,.T.);
#671 = EDGE_CURVE('',#136,#672,#674,.T.);
#672 = VERTEX_POINT('',#673);
#673 = CARTESIAN_POINT('',(7.4,-13.4,0.5));
#674 = LINE('',#675,#676);
#675 = CARTESIAN_POINT('',(7.4,-13.4,-5.6));
#676 = VECTOR('',#677,1.);
#677 = DIRECTION('',(0.,0.,1.));
#678 = ORIENTED_EDGE('',*,*,#679,.T.);
#679 = EDGE_CURVE('',#672,#647,#680,.T.);
#680 = LINE('',#681,#682);
#681 = CARTESIAN_POINT('',(-13.25,-13.4,0.5));
#682 = VECTOR('',#683,1.);
#683 = DIRECTION('',(1.,0.,0.));
#684 = ORIENTED_EDGE('',*,*,#646,.F.);
#685 = PLANE('',#686);
#686 = AXIS2_PLACEMENT_3D('',#687,#688,#689);
#687 = CARTESIAN_POINT('',(-12.75,-13.4,-5.6));
#688 = DIRECTION('',(0.,1.,0.));
#689 = DIRECTION('',(0.,0.,1.));
#690 = ADVANCED_FACE('',(#691),#709,.T.);
#691 = FACE_BOUND('',#692,.T.);
#692 = EDGE_LOOP('',(#693,#694,#695,#703));
#693 = ORIENTED_EDGE('',*,*,#671,.F.);
#694 = ORIENTED_EDGE('',*,*,#135,.T.);
#695 = ORIENTED_EDGE('',*,*,#696,.T.);
#696 = EDGE_CURVE('',#128,#697,#699,.T.);
#697 = VERTEX_POINT('',#698);
#698 = CARTESIAN_POINT('',(7.4,-12.8,0.5));
#699 = LINE('',#700,#701);
#700 = CARTESIAN_POINT('',(7.4,-12.8,-5.6));
#701 = VECTOR('',#702,1.);
#702 = DIRECTION('',(0.,0.,1.));
#703 = ORIENTED_EDGE('',*,*,#704,.T.);
#704 = EDGE_CURVE('',#697,#672,#705,.T.);
#705 = LINE('',#706,#707);
#706 = CARTESIAN_POINT('',(7.4,-16.5,0.5));
#707 = VECTOR('',#708,1.);
#708 = DIRECTION('',(0.,-1.,0.));
#709 = PLANE('',#710);
#710 = AXIS2_PLACEMENT_3D('',#711,#712,#713);
#711 = CARTESIAN_POINT('',(7.4,-16.5,-5.6));
#712 = DIRECTION('',(1.,0.,0.));
#713 = DIRECTION('',(0.,0.,1.));
#714 = ADVANCED_FACE('',(#715),#742,.T.);
#715 = FACE_BOUND('',#716,.T.);
#716 = EDGE_LOOP('',(#717,#718,#719,#727,#736));
#717 = ORIENTED_EDGE('',*,*,#696,.F.);
#718 = ORIENTED_EDGE('',*,*,#127,.F.);
#719 = ORIENTED_EDGE('',*,*,#720,.T.);
#720 = EDGE_CURVE('',#120,#721,#723,.T.);
#721 = VERTEX_POINT('',#722);
#722 = CARTESIAN_POINT('',(6.6,-12.8,0.407046767793));
#723 = LINE('',#724,#725);
#724 = CARTESIAN_POINT('',(6.6,-12.8,-5.6));
#725 = VECTOR('',#726,1.);
#726 = DIRECTION('',(0.,0.,1.));
#727 = ORIENTED_EDGE('',*,*,#728,.T.);
#728 = EDGE_CURVE('',#721,#729,#731,.T.);
#729 = VERTEX_POINT('',#730);
#730 = CARTESIAN_POINT('',(7.306776436283,-12.8,0.5));
#731 = CIRCLE('',#732,1.6);
#732 = AXIS2_PLACEMENT_3D('',#733,#734,#735);
#733 = CARTESIAN_POINT('',(6.75,-12.8,2.));
#734 = DIRECTION('',(0.,-1.,2.22044604925E-16));
#735 = DIRECTION('',(1.,0.,0.));
#736 = ORIENTED_EDGE('',*,*,#737,.T.);
#737 = EDGE_CURVE('',#729,#697,#738,.T.);
#738 = LINE('',#739,#740);
#739 = CARTESIAN_POINT('',(-3.575,-12.8,0.5));
#740 = VECTOR('',#741,1.);
#741 = DIRECTION('',(1.,0.,0.));
#742 = PLANE('',#743);
#743 = AXIS2_PLACEMENT_3D('',#744,#745,#746);
#744 = CARTESIAN_POINT('',(6.6,-12.8,-5.6));
#745 = DIRECTION('',(0.,1.,0.));
#746 = DIRECTION('',(0.,0.,1.));
#747 = ADVANCED_FACE('',(#748),#766,.F.);
#748 = FACE_BOUND('',#749,.F.);
#749 = EDGE_LOOP('',(#750,#758,#759,#760));
#750 = ORIENTED_EDGE('',*,*,#751,.F.);
#751 = EDGE_CURVE('',#112,#752,#754,.T.);
#752 = VERTEX_POINT('',#753);
#753 = CARTESIAN_POINT('',(6.6,-13.4,0.407046767793));
#754 = LINE('',#755,#756);
#755 = CARTESIAN_POINT('',(6.6,-13.4,-5.6));
#756 = VECTOR('',#757,1.);
#757 = DIRECTION('',(0.,0.,1.));
#758 = ORIENTED_EDGE('',*,*,#119,.T.);
#759 = ORIENTED_EDGE('',*,*,#720,.T.);
#760 = ORIENTED_EDGE('',*,*,#761,.T.);
#761 = EDGE_CURVE('',#721,#752,#762,.T.);
#762 = LINE('',#763,#764);
#763 = CARTESIAN_POINT('',(6.6,-20.,0.407046767793));
#764 = VECTOR('',#765,1.);
#765 = DIRECTION('',(0.,-1.,2.22044604925E-16));
#766 = PLANE('',#767);
#767 = AXIS2_PLACEMENT_3D('',#768,#769,#770);
#768 = CARTESIAN_POINT('',(6.6,-16.5,-5.6));
#769 = DIRECTION('',(1.,0.,0.));
#770 = DIRECTION('',(0.,0.,1.));
#771 = ADVANCED_FACE('',(#772),#799,.T.);
#772 = FACE_BOUND('',#773,.T.);
#773 = EDGE_LOOP('',(#774,#775,#783,#791,#798));
#774 = ORIENTED_EDGE('',*,*,#111,.F.);
#775 = ORIENTED_EDGE('',*,*,#776,.T.);
#776 = EDGE_CURVE('',#104,#777,#779,.T.);
#777 = VERTEX_POINT('',#778);
#778 = CARTESIAN_POINT('',(5.4,-13.4,0.5));
#779 = LINE('',#780,#781);
#780 = CARTESIAN_POINT('',(5.4,-13.4,-5.6));
#781 = VECTOR('',#782,1.);
#782 = DIRECTION('',(0.,0.,1.));
#783 = ORIENTED_EDGE('',*,*,#784,.T.);
#784 = EDGE_CURVE('',#777,#785,#787,.T.);
#785 = VERTEX_POINT('',#786);
#786 = CARTESIAN_POINT('',(6.193223563717,-13.4,0.5));
#787 = LINE('',#788,#789);
#788 = CARTESIAN_POINT('',(-13.25,-13.4,0.5));
#789 = VECTOR('',#790,1.);
#790 = DIRECTION('',(1.,0.,0.));
#791 = ORIENTED_EDGE('',*,*,#792,.T.);
#792 = EDGE_CURVE('',#785,#752,#793,.T.);
#793 = CIRCLE('',#794,1.6);
#794 = AXIS2_PLACEMENT_3D('',#795,#796,#797);
#795 = CARTESIAN_POINT('',(6.75,-13.4,2.));
#796 = DIRECTION('',(0.,-1.,2.22044604925E-16));
#797 = DIRECTION('',(1.,0.,0.));
#798 = ORIENTED_EDGE('',*,*,#751,.F.);
#799 = PLANE('',#800);
#800 = AXIS2_PLACEMENT_3D('',#801,#802,#803);
#801 = CARTESIAN_POINT('',(-12.75,-13.4,-5.6));
#802 = DIRECTION('',(0.,1.,0.));
#803 = DIRECTION('',(0.,0.,1.));
#804 = ADVANCED_FACE('',(#805),#823,.T.);
#805 = FACE_BOUND('',#806,.T.);
#806 = EDGE_LOOP('',(#807,#808,#809,#817));
#807 = ORIENTED_EDGE('',*,*,#776,.F.);
#808 = ORIENTED_EDGE('',*,*,#103,.T.);
#809 = ORIENTED_EDGE('',*,*,#810,.T.);
#810 = EDGE_CURVE('',#96,#811,#813,.T.);
#811 = VERTEX_POINT('',#812);
#812 = CARTESIAN_POINT('',(5.4,-12.8,0.5));
#813 = LINE('',#814,#815);
#814 = CARTESIAN_POINT('',(5.4,-12.8,-5.6));
#815 = VECTOR('',#816,1.);
#816 = DIRECTION('',(0.,0.,1.));
#817 = ORIENTED_EDGE('',*,*,#818,.T.);
#818 = EDGE_CURVE('',#811,#777,#819,.T.);
#819 = LINE('',#820,#821);
#820 = CARTESIAN_POINT('',(5.4,-16.5,0.5));
#821 = VECTOR('',#822,1.);
#822 = DIRECTION('',(0.,-1.,0.));
#823 = PLANE('',#824);
#824 = AXIS2_PLACEMENT_3D('',#825,#826,#827);
#825 = CARTESIAN_POINT('',(5.4,-16.5,-5.6));
#826 = DIRECTION('',(1.,0.,0.));
#827 = DIRECTION('',(0.,0.,1.));
#828 = ADVANCED_FACE('',(#829),#847,.T.);
#829 = FACE_BOUND('',#830,.T.);
#830 = EDGE_LOOP('',(#831,#832,#833,#841));
#831 = ORIENTED_EDGE('',*,*,#810,.F.);
#832 = ORIENTED_EDGE('',*,*,#95,.F.);
#833 = ORIENTED_EDGE('',*,*,#834,.T.);
#834 = EDGE_CURVE('',#88,#835,#837,.T.);
#835 = VERTEX_POINT('',#836);
#836 = CARTESIAN_POINT('',(4.6,-12.8,0.5));
#837 = LINE('',#838,#839);
#838 = CARTESIAN_POINT('',(4.6,-12.8,-5.6));
#839 = VECTOR('',#840,1.);
#840 = DIRECTION('',(0.,0.,1.));
#841 = ORIENTED_EDGE('',*,*,#842,.T.);
#842 = EDGE_CURVE('',#835,#811,#843,.T.);
#843 = LINE('',#844,#845);
#844 = CARTESIAN_POINT('',(-4.575,-12.8,0.5));
#845 = VECTOR('',#846,1.);
#846 = DIRECTION('',(1.,0.,0.));
#847 = PLANE('',#848);
#848 = AXIS2_PLACEMENT_3D('',#849,#850,#851);
#849 = CARTESIAN_POINT('',(4.6,-12.8,-5.6));
#850 = DIRECTION('',(0.,1.,0.));
#851 = DIRECTION('',(0.,0.,1.));
#852 = ADVANCED_FACE('',(#853),#871,.F.);
#853 = FACE_BOUND('',#854,.F.);
#854 = EDGE_LOOP('',(#855,#863,#864,#865));
#855 = ORIENTED_EDGE('',*,*,#856,.F.);
#856 = EDGE_CURVE('',#80,#857,#859,.T.);
#857 = VERTEX_POINT('',#858);
#858 = CARTESIAN_POINT('',(4.6,-13.4,0.5));
#859 = LINE('',#860,#861);
#860 = CARTESIAN_POINT('',(4.6,-13.4,-5.6));
#861 = VECTOR('',#862,1.);
#862 = DIRECTION('',(0.,0.,1.));
#863 = ORIENTED_EDGE('',*,*,#87,.T.);
#864 = ORIENTED_EDGE('',*,*,#834,.T.);
#865 = ORIENTED_EDGE('',*,*,#866,.T.);
#866 = EDGE_CURVE('',#835,#857,#867,.T.);
#867 = LINE('',#868,#869);
#868 = CARTESIAN_POINT('',(4.6,-16.5,0.5));
#869 = VECTOR('',#870,1.);
#870 = DIRECTION('',(0.,-1.,0.));
#871 = PLANE('',#872);
#872 = AXIS2_PLACEMENT_3D('',#873,#874,#875);
#873 = CARTESIAN_POINT('',(4.6,-16.5,-5.6));
#874 = DIRECTION('',(1.,0.,0.));
#875 = DIRECTION('',(0.,0.,1.));
#876 = ADVANCED_FACE('',(#877),#895,.T.);
#877 = FACE_BOUND('',#878,.T.);
#878 = EDGE_LOOP('',(#879,#880,#888,#894));
#879 = ORIENTED_EDGE('',*,*,#79,.F.);
#880 = ORIENTED_EDGE('',*,*,#881,.T.);
#881 = EDGE_CURVE('',#72,#882,#884,.T.);
#882 = VERTEX_POINT('',#883);
#883 = CARTESIAN_POINT('',(3.4,-13.4,0.5));
#884 = LINE('',#885,#886);
#885 = CARTESIAN_POINT('',(3.4,-13.4,-5.6));
#886 = VECTOR('',#887,1.);
#887 = DIRECTION('',(0.,0.,1.));
#888 = ORIENTED_EDGE('',*,*,#889,.T.);
#889 = EDGE_CURVE('',#882,#857,#890,.T.);
#890 = LINE('',#891,#892);
#891 = CARTESIAN_POINT('',(-13.25,-13.4,0.5));
#892 = VECTOR('',#893,1.);
#893 = DIRECTION('',(1.,0.,0.));
#894 = ORIENTED_EDGE('',*,*,#856,.F.);
#895 = PLANE('',#896);
#896 = AXIS2_PLACEMENT_3D('',#897,#898,#899);
#897 = CARTESIAN_POINT('',(-12.75,-13.4,-5.6));
#898 = DIRECTION('',(0.,1.,0.));
#899 = DIRECTION('',(0.,0.,1.));
#900 = ADVANCED_FACE('',(#901),#919,.T.);
#901 = FACE_BOUND('',#902,.T.);
#902 = EDGE_LOOP('',(#903,#904,#905,#913));
#903 = ORIENTED_EDGE('',*,*,#881,.F.);
#904 = ORIENTED_EDGE('',*,*,#71,.T.);
#905 = ORIENTED_EDGE('',*,*,#906,.T.);
#906 = EDGE_CURVE('',#64,#907,#909,.T.);
#907 = VERTEX_POINT('',#908);
#908 = CARTESIAN_POINT('',(3.4,-12.8,0.5));
#909 = LINE('',#910,#911);
#910 = CARTESIAN_POINT('',(3.4,-12.8,-5.6));
#911 = VECTOR('',#912,1.);
#912 = DIRECTION('',(0.,0.,1.));
#913 = ORIENTED_EDGE('',*,*,#914,.T.);
#914 = EDGE_CURVE('',#907,#882,#915,.T.);
#915 = LINE('',#916,#917);
#916 = CARTESIAN_POINT('',(3.4,-16.5,0.5));
#917 = VECTOR('',#918,1.);
#918 = DIRECTION('',(0.,-1.,0.));
#919 = PLANE('',#920);
#920 = AXIS2_PLACEMENT_3D('',#921,#922,#923);
#921 = CARTESIAN_POINT('',(3.4,-16.5,-5.6));
#922 = DIRECTION('',(1.,0.,0.));
#923 = DIRECTION('',(0.,0.,1.));
#924 = ADVANCED_FACE('',(#925),#943,.T.);
#925 = FACE_BOUND('',#926,.T.);
#926 = EDGE_LOOP('',(#927,#928,#929,#937));
#927 = ORIENTED_EDGE('',*,*,#906,.F.);
#928 = ORIENTED_EDGE('',*,*,#63,.F.);
#929 = ORIENTED_EDGE('',*,*,#930,.T.);
#930 = EDGE_CURVE('',#56,#931,#933,.T.);
#931 = VERTEX_POINT('',#932);
#932 = CARTESIAN_POINT('',(2.6,-12.8,0.5));
#933 = LINE('',#934,#935);
#934 = CARTESIAN_POINT('',(2.6,-12.8,-5.6));
#935 = VECTOR('',#936,1.);
#936 = DIRECTION('',(0.,0.,1.));
#937 = ORIENTED_EDGE('',*,*,#938,.T.);
#938 = EDGE_CURVE('',#931,#907,#939,.T.);
#939 = LINE('',#940,#941);
#940 = CARTESIAN_POINT('',(-5.575,-12.8,0.5));
#941 = VECTOR('',#942,1.);
#942 = DIRECTION('',(1.,0.,0.));
#943 = PLANE('',#944);
#944 = AXIS2_PLACEMENT_3D('',#945,#946,#947);
#945 = CARTESIAN_POINT('',(2.6,-12.8,-5.6));
#946 = DIRECTION('',(0.,1.,0.));
#947 = DIRECTION('',(0.,0.,1.));
#948 = ADVANCED_FACE('',(#949),#967,.F.);
#949 = FACE_BOUND('',#950,.F.);
#950 = EDGE_LOOP('',(#951,#959,#960,#961));
#951 = ORIENTED_EDGE('',*,*,#952,.F.);
#952 = EDGE_CURVE('',#48,#953,#955,.T.);
#953 = VERTEX_POINT('',#954);
#954 = CARTESIAN_POINT('',(2.6,-13.4,0.5));
#955 = LINE('',#956,#957);
#956 = CARTESIAN_POINT('',(2.6,-13.4,-5.6));
#957 = VECTOR('',#958,1.);
#958 = DIRECTION('',(0.,0.,1.));
#959 = ORIENTED_EDGE('',*,*,#55,.T.);
#960 = ORIENTED_EDGE('',*,*,#930,.T.);
#961 = ORIENTED_EDGE('',*,*,#962,.T.);
#962 = EDGE_CURVE('',#931,#953,#963,.T.);
#963 = LINE('',#964,#965);
#964 = CARTESIAN_POINT('',(2.6,-16.5,0.5));
#965 = VECTOR('',#966,1.);
#966 = DIRECTION('',(0.,-1.,0.));
#967 = PLANE('',#968);
#968 = AXIS2_PLACEMENT_3D('',#969,#970,#971);
#969 = CARTESIAN_POINT('',(2.6,-16.5,-5.6));
#970 = DIRECTION('',(1.,0.,0.));
#971 = DIRECTION('',(0.,0.,1.));
#972 = ADVANCED_FACE('',(#973),#991,.T.);
#973 = FACE_BOUND('',#974,.T.);
#974 = EDGE_LOOP('',(#975,#976,#984,#990));
#975 = ORIENTED_EDGE('',*,*,#47,.F.);
#976 = ORIENTED_EDGE('',*,*,#977,.F.);
#977 = EDGE_CURVE('',#978,#40,#980,.T.);
#978 = VERTEX_POINT('',#979);
#979 = CARTESIAN_POINT('',(1.,-13.4,0.5));
#980 = LINE('',#981,#982);
#981 = CARTESIAN_POINT('',(1.,-13.4,-6.3));
#982 = VECTOR('',#983,1.);
#983 = DIRECTION('',(0.,0.,-1.));
#984 = ORIENTED_EDGE('',*,*,#985,.T.);
#985 = EDGE_CURVE('',#978,#953,#986,.T.);
#986 = LINE('',#987,#988);
#987 = CARTESIAN_POINT('',(-13.25,-13.4,0.5));
#988 = VECTOR('',#989,1.);
#989 = DIRECTION('',(1.,0.,0.));
#990 = ORIENTED_EDGE('',*,*,#952,.F.);
#991 = PLANE('',#992);
#992 = AXIS2_PLACEMENT_3D('',#993,#994,#995);
#993 = CARTESIAN_POINT('',(-12.75,-13.4,-5.6));
#994 = DIRECTION('',(0.,1.,0.));
#995 = DIRECTION('',(0.,0.,1.));
#996 = ADVANCED_FACE('',(#997),#1047,.F.);
#997 = FACE_BOUND('',#998,.F.);
#998 = EDGE_LOOP('',(#999,#1000,#1001,#1009,#1017,#1025,#1033,#1041));
#999 = ORIENTED_EDGE('',*,*,#39,.F.);
#1000 = ORIENTED_EDGE('',*,*,#977,.F.);
#1001 = ORIENTED_EDGE('',*,*,#1002,.T.);
#1002 = EDGE_CURVE('',#978,#1003,#1005,.T.);
#1003 = VERTEX_POINT('',#1004);
#1004 = CARTESIAN_POINT('',(1.,-12.05,0.5));
#1005 = LINE('',#1006,#1007);
#1006 = CARTESIAN_POINT('',(1.,-18.75,0.5));
#1007 = VECTOR('',#1008,1.);
#1008 = DIRECTION('',(0.,1.,0.));
#1009 = ORIENTED_EDGE('',*,*,#1010,.F.);
#1010 = EDGE_CURVE('',#1011,#1003,#1013,.T.);
#1011 = VERTEX_POINT('',#1012);
#1012 = CARTESIAN_POINT('',(1.,-12.05,3.5));
#1013 = LINE('',#1014,#1015);
#1014 = CARTESIAN_POINT('',(1.,-12.05,-3.25));
#1015 = VECTOR('',#1016,1.);
#1016 = DIRECTION('',(0.,0.,-1.));
#1017 = ORIENTED_EDGE('',*,*,#1018,.F.);
#1018 = EDGE_CURVE('',#1019,#1011,#1021,.T.);
#1019 = VERTEX_POINT('',#1020);
#1020 = CARTESIAN_POINT('',(1.,-13.4,3.5));
#1021 = LINE('',#1022,#1023);
#1022 = CARTESIAN_POINT('',(1.,-18.75,3.5));
#1023 = VECTOR('',#1024,1.);
#1024 = DIRECTION('',(0.,1.,0.));
#1025 = ORIENTED_EDGE('',*,*,#1026,.F.);
#1026 = EDGE_CURVE('',#1027,#1019,#1029,.T.);
#1027 = VERTEX_POINT('',#1028);
#1028 = CARTESIAN_POINT('',(1.,-13.4,9.6));
#1029 = LINE('',#1030,#1031);
#1030 = CARTESIAN_POINT('',(1.,-13.4,-6.3));
#1031 = VECTOR('',#1032,1.);
#1032 = DIRECTION('',(0.,0.,-1.));
#1033 = ORIENTED_EDGE('',*,*,#1034,.F.);
#1034 = EDGE_CURVE('',#1035,#1027,#1037,.T.);
#1035 = VERTEX_POINT('',#1036);
#1036 = CARTESIAN_POINT('',(1.,-16.5,9.6));
#1037 = LINE('',#1038,#1039);
#1038 = CARTESIAN_POINT('',(1.,-17.49352293324,9.6));
#1039 = VECTOR('',#1040,1.);
#1040 = DIRECTION('',(0.,1.,0.));
#1041 = ORIENTED_EDGE('',*,*,#1042,.F.);
#1042 = EDGE_CURVE('',#32,#1035,#1043,.T.);
#1043 = LINE('',#1044,#1045);
#1044 = CARTESIAN_POINT('',(1.,-16.5,-2.5));
#1045 = VECTOR('',#1046,1.);
#1046 = DIRECTION('',(0.,0.,1.));
#1047 = PLANE('',#1048);
#1048 = AXIS2_PLACEMENT_3D('',#1049,#1050,#1051);
#1049 = CARTESIAN_POINT('',(1.,-21.,-7.));
#1050 = DIRECTION('',(1.,0.,0.));
#1051 = DIRECTION('',(0.,0.,1.));
#1052 = ADVANCED_FACE('',(#1053,#1064),#1075,.T.);
#1053 = FACE_BOUND('',#1054,.T.);
#1054 = EDGE_LOOP('',(#1055,#1056,#1057,#1063));
#1055 = ORIENTED_EDGE('',*,*,#31,.F.);
#1056 = ORIENTED_EDGE('',*,*,#287,.T.);
#1057 = ORIENTED_EDGE('',*,*,#1058,.F.);
#1058 = EDGE_CURVE('',#1035,#280,#1059,.T.);
#1059 = LINE('',#1060,#1061);
#1060 = CARTESIAN_POINT('',(12.75,-16.5,9.6));
#1061 = VECTOR('',#1062,1.);
#1062 = DIRECTION('',(1.,0.,0.));
#1063 = ORIENTED_EDGE('',*,*,#1042,.F.);
#1064 = FACE_BOUND('',#1065,.T.);
#1065 = EDGE_LOOP('',(#1066));
#1066 = ORIENTED_EDGE('',*,*,#1067,.T.);
#1067 = EDGE_CURVE('',#1068,#1068,#1070,.T.);
#1068 = VERTEX_POINT('',#1069);
#1069 = CARTESIAN_POINT('',(10.5,-16.5,2.));
#1070 = CIRCLE('',#1071,3.75);
#1071 = AXIS2_PLACEMENT_3D('',#1072,#1073,#1074);
#1072 = CARTESIAN_POINT('',(6.75,-16.5,2.));
#1073 = DIRECTION('',(0.,1.,-2.22044604925E-16));
#1074 = DIRECTION('',(1.,0.,0.));
#1075 = PLANE('',#1076);
#1076 = AXIS2_PLACEMENT_3D('',#1077,#1078,#1079);
#1077 = CARTESIAN_POINT('',(3.452871608202E-15,-16.5,2.));
#1078 = DIRECTION('',(-0.,-1.,-0.));
#1079 = DIRECTION('',(0.,0.,-1.));
#1080 = ADVANCED_FACE('',(#1081),#1272,.T.);
#1081 = FACE_BOUND('',#1082,.T.);
#1082 = EDGE_LOOP('',(#1083,#1084,#1085,#1086,#1087,#1088,#1089,#1090,
    #1098,#1106,#1114,#1122,#1130,#1138,#1146,#1154,#1162,#1170,#1178,
    #1186,#1194,#1202,#1210,#1218,#1226,#1234,#1242,#1250,#1258,#1266));
#1083 = ORIENTED_EDGE('',*,*,#1034,.F.);
#1084 = ORIENTED_EDGE('',*,*,#1058,.T.);
#1085 = ORIENTED_EDGE('',*,*,#279,.F.);
#1086 = ORIENTED_EDGE('',*,*,#301,.T.);
#1087 = ORIENTED_EDGE('',*,*,#334,.F.);
#1088 = ORIENTED_EDGE('',*,*,#351,.F.);
#1089 = ORIENTED_EDGE('',*,*,#415,.F.);
#1090 = ORIENTED_EDGE('',*,*,#1091,.F.);
#1091 = EDGE_CURVE('',#1092,#408,#1094,.T.);
#1092 = VERTEX_POINT('',#1093);
#1093 = CARTESIAN_POINT('',(12.6,-12.8,9.6));
#1094 = LINE('',#1095,#1096);
#1095 = CARTESIAN_POINT('',(12.6,-12.8,9.6));
#1096 = VECTOR('',#1097,1.);
#1097 = DIRECTION('',(1.,0.,0.));
#1098 = ORIENTED_EDGE('',*,*,#1099,.F.);
#1099 = EDGE_CURVE('',#1100,#1092,#1102,.T.);
#1100 = VERTEX_POINT('',#1101);
#1101 = CARTESIAN_POINT('',(12.6,-13.4,9.6));
#1102 = LINE('',#1103,#1104);
#1103 = CARTESIAN_POINT('',(12.6,-16.5,9.6));
#1104 = VECTOR('',#1105,1.);
#1105 = DIRECTION('',(0.,1.,0.));
#1106 = ORIENTED_EDGE('',*,*,#1107,.F.);
#1107 = EDGE_CURVE('',#1108,#1100,#1110,.T.);
#1108 = VERTEX_POINT('',#1109);
#1109 = CARTESIAN_POINT('',(11.4,-13.4,9.6));
#1110 = LINE('',#1111,#1112);
#1111 = CARTESIAN_POINT('',(-12.75,-13.4,9.6));
#1112 = VECTOR('',#1113,1.);
#1113 = DIRECTION('',(1.,0.,0.));
#1114 = ORIENTED_EDGE('',*,*,#1115,.T.);
#1115 = EDGE_CURVE('',#1108,#1116,#1118,.T.);
#1116 = VERTEX_POINT('',#1117);
#1117 = CARTESIAN_POINT('',(11.4,-12.8,9.6));
#1118 = LINE('',#1119,#1120);
#1119 = CARTESIAN_POINT('',(11.4,-16.5,9.6));
#1120 = VECTOR('',#1121,1.);
#1121 = DIRECTION('',(0.,1.,0.));
#1122 = ORIENTED_EDGE('',*,*,#1123,.F.);
#1123 = EDGE_CURVE('',#1124,#1116,#1126,.T.);
#1124 = VERTEX_POINT('',#1125);
#1125 = CARTESIAN_POINT('',(10.6,-12.8,9.6));
#1126 = LINE('',#1127,#1128);
#1127 = CARTESIAN_POINT('',(10.6,-12.8,9.6));
#1128 = VECTOR('',#1129,1.);
#1129 = DIRECTION('',(1.,0.,0.));
#1130 = ORIENTED_EDGE('',*,*,#1131,.F.);
#1131 = EDGE_CURVE('',#1132,#1124,#1134,.T.);
#1132 = VERTEX_POINT('',#1133);
#1133 = CARTESIAN_POINT('',(10.6,-13.4,9.6));
#1134 = LINE('',#1135,#1136);
#1135 = CARTESIAN_POINT('',(10.6,-16.5,9.6));
#1136 = VECTOR('',#1137,1.);
#1137 = DIRECTION('',(0.,1.,0.));
#1138 = ORIENTED_EDGE('',*,*,#1139,.F.);
#1139 = EDGE_CURVE('',#1140,#1132,#1142,.T.);
#1140 = VERTEX_POINT('',#1141);
#1141 = CARTESIAN_POINT('',(9.4,-13.4,9.6));
#1142 = LINE('',#1143,#1144);
#1143 = CARTESIAN_POINT('',(-12.75,-13.4,9.6));
#1144 = VECTOR('',#1145,1.);
#1145 = DIRECTION('',(1.,0.,0.));
#1146 = ORIENTED_EDGE('',*,*,#1147,.T.);
#1147 = EDGE_CURVE('',#1140,#1148,#1150,.T.);
#1148 = VERTEX_POINT('',#1149);
#1149 = CARTESIAN_POINT('',(9.4,-12.8,9.6));
#1150 = LINE('',#1151,#1152);
#1151 = CARTESIAN_POINT('',(9.4,-16.5,9.6));
#1152 = VECTOR('',#1153,1.);
#1153 = DIRECTION('',(0.,1.,0.));
#1154 = ORIENTED_EDGE('',*,*,#1155,.F.);
#1155 = EDGE_CURVE('',#1156,#1148,#1158,.T.);
#1156 = VERTEX_POINT('',#1157);
#1157 = CARTESIAN_POINT('',(8.6,-12.8,9.6));
#1158 = LINE('',#1159,#1160);
#1159 = CARTESIAN_POINT('',(8.6,-12.8,9.6));
#1160 = VECTOR('',#1161,1.);
#1161 = DIRECTION('',(1.,0.,0.));
#1162 = ORIENTED_EDGE('',*,*,#1163,.F.);
#1163 = EDGE_CURVE('',#1164,#1156,#1166,.T.);
#1164 = VERTEX_POINT('',#1165);
#1165 = CARTESIAN_POINT('',(8.6,-13.4,9.6));
#1166 = LINE('',#1167,#1168);
#1167 = CARTESIAN_POINT('',(8.6,-16.5,9.6));
#1168 = VECTOR('',#1169,1.);
#1169 = DIRECTION('',(0.,1.,0.));
#1170 = ORIENTED_EDGE('',*,*,#1171,.F.);
#1171 = EDGE_CURVE('',#1172,#1164,#1174,.T.);
#1172 = VERTEX_POINT('',#1173);
#1173 = CARTESIAN_POINT('',(7.4,-13.4,9.6));
#1174 = LINE('',#1175,#1176);
#1175 = CARTESIAN_POINT('',(-12.75,-13.4,9.6));
#1176 = VECTOR('',#1177,1.);
#1177 = DIRECTION('',(1.,0.,0.));
#1178 = ORIENTED_EDGE('',*,*,#1179,.T.);
#1179 = EDGE_CURVE('',#1172,#1180,#1182,.T.);
#1180 = VERTEX_POINT('',#1181);
#1181 = CARTESIAN_POINT('',(7.4,-12.8,9.6));
#1182 = LINE('',#1183,#1184);
#1183 = CARTESIAN_POINT('',(7.4,-16.5,9.6));
#1184 = VECTOR('',#1185,1.);
#1185 = DIRECTION('',(0.,1.,0.));
#1186 = ORIENTED_EDGE('',*,*,#1187,.F.);
#1187 = EDGE_CURVE('',#1188,#1180,#1190,.T.);
#1188 = VERTEX_POINT('',#1189);
#1189 = CARTESIAN_POINT('',(6.6,-12.8,9.6));
#1190 = LINE('',#1191,#1192);
#1191 = CARTESIAN_POINT('',(6.6,-12.8,9.6));
#1192 = VECTOR('',#1193,1.);
#1193 = DIRECTION('',(1.,0.,0.));
#1194 = ORIENTED_EDGE('',*,*,#1195,.F.);
#1195 = EDGE_CURVE('',#1196,#1188,#1198,.T.);
#1196 = VERTEX_POINT('',#1197);
#1197 = CARTESIAN_POINT('',(6.6,-13.4,9.6));
#1198 = LINE('',#1199,#1200);
#1199 = CARTESIAN_POINT('',(6.6,-16.5,9.6));
#1200 = VECTOR('',#1201,1.);
#1201 = DIRECTION('',(0.,1.,0.));
#1202 = ORIENTED_EDGE('',*,*,#1203,.F.);
#1203 = EDGE_CURVE('',#1204,#1196,#1206,.T.);
#1204 = VERTEX_POINT('',#1205);
#1205 = CARTESIAN_POINT('',(5.4,-13.4,9.6));
#1206 = LINE('',#1207,#1208);
#1207 = CARTESIAN_POINT('',(-12.75,-13.4,9.6));
#1208 = VECTOR('',#1209,1.);
#1209 = DIRECTION('',(1.,0.,0.));
#1210 = ORIENTED_EDGE('',*,*,#1211,.T.);
#1211 = EDGE_CURVE('',#1204,#1212,#1214,.T.);
#1212 = VERTEX_POINT('',#1213);
#1213 = CARTESIAN_POINT('',(5.4,-12.8,9.6));
#1214 = LINE('',#1215,#1216);
#1215 = CARTESIAN_POINT('',(5.4,-16.5,9.6));
#1216 = VECTOR('',#1217,1.);
#1217 = DIRECTION('',(0.,1.,0.));
#1218 = ORIENTED_EDGE('',*,*,#1219,.F.);
#1219 = EDGE_CURVE('',#1220,#1212,#1222,.T.);
#1220 = VERTEX_POINT('',#1221);
#1221 = CARTESIAN_POINT('',(4.6,-12.8,9.6));
#1222 = LINE('',#1223,#1224);
#1223 = CARTESIAN_POINT('',(4.6,-12.8,9.6));
#1224 = VECTOR('',#1225,1.);
#1225 = DIRECTION('',(1.,0.,0.));
#1226 = ORIENTED_EDGE('',*,*,#1227,.F.);
#1227 = EDGE_CURVE('',#1228,#1220,#1230,.T.);
#1228 = VERTEX_POINT('',#1229);
#1229 = CARTESIAN_POINT('',(4.6,-13.4,9.6));
#1230 = LINE('',#1231,#1232);
#1231 = CARTESIAN_POINT('',(4.6,-16.5,9.6));
#1232 = VECTOR('',#1233,1.);
#1233 = DIRECTION('',(0.,1.,0.));
#1234 = ORIENTED_EDGE('',*,*,#1235,.F.);
#1235 = EDGE_CURVE('',#1236,#1228,#1238,.T.);
#1236 = VERTEX_POINT('',#1237);
#1237 = CARTESIAN_POINT('',(3.4,-13.4,9.6));
#1238 = LINE('',#1239,#1240);
#1239 = CARTESIAN_POINT('',(-12.75,-13.4,9.6));
#1240 = VECTOR('',#1241,1.);
#1241 = DIRECTION('',(1.,0.,0.));
#1242 = ORIENTED_EDGE('',*,*,#1243,.T.);
#1243 = EDGE_CURVE('',#1236,#1244,#1246,.T.);
#1244 = VERTEX_POINT('',#1245);
#1245 = CARTESIAN_POINT('',(3.4,-12.8,9.6));
#1246 = LINE('',#1247,#1248);
#1247 = CARTESIAN_POINT('',(3.4,-16.5,9.6));
#1248 = VECTOR('',#1249,1.);
#1249 = DIRECTION('',(0.,1.,0.));
#1250 = ORIENTED_EDGE('',*,*,#1251,.F.);
#1251 = EDGE_CURVE('',#1252,#1244,#1254,.T.);
#1252 = VERTEX_POINT('',#1253);
#1253 = CARTESIAN_POINT('',(2.6,-12.8,9.6));
#1254 = LINE('',#1255,#1256);
#1255 = CARTESIAN_POINT('',(2.6,-12.8,9.6));
#1256 = VECTOR('',#1257,1.);
#1257 = DIRECTION('',(1.,0.,0.));
#1258 = ORIENTED_EDGE('',*,*,#1259,.F.);
#1259 = EDGE_CURVE('',#1260,#1252,#1262,.T.);
#1260 = VERTEX_POINT('',#1261);
#1261 = CARTESIAN_POINT('',(2.6,-13.4,9.6));
#1262 = LINE('',#1263,#1264);
#1263 = CARTESIAN_POINT('',(2.6,-16.5,9.6));
#1264 = VECTOR('',#1265,1.);
#1265 = DIRECTION('',(0.,1.,0.));
#1266 = ORIENTED_EDGE('',*,*,#1267,.F.);
#1267 = EDGE_CURVE('',#1027,#1260,#1268,.T.);
#1268 = LINE('',#1269,#1270);
#1269 = CARTESIAN_POINT('',(-12.75,-13.4,9.6));
#1270 = VECTOR('',#1271,1.);
#1271 = DIRECTION('',(1.,0.,0.));
#1272 = PLANE('',#1273);
#1273 = AXIS2_PLACEMENT_3D('',#1274,#1275,#1276);
#1274 = CARTESIAN_POINT('',(3.096059898168E-15,-13.98704586648,9.6));
#1275 = DIRECTION('',(0.,0.,1.));
#1276 = DIRECTION('',(1.,0.,0.));
#1277 = ADVANCED_FACE('',(#1278),#1296,.T.);
#1278 = FACE_BOUND('',#1279,.T.);
#1279 = EDGE_LOOP('',(#1280,#1288,#1294,#1295));
#1280 = ORIENTED_EDGE('',*,*,#1281,.F.);
#1281 = EDGE_CURVE('',#1282,#400,#1284,.T.);
#1282 = VERTEX_POINT('',#1283);
#1283 = CARTESIAN_POINT('',(12.6,-12.8,3.5));
#1284 = LINE('',#1285,#1286);
#1285 = CARTESIAN_POINT('',(-0.575,-12.8,3.5));
#1286 = VECTOR('',#1287,1.);
#1287 = DIRECTION('',(1.,0.,0.));
#1288 = ORIENTED_EDGE('',*,*,#1289,.T.);
#1289 = EDGE_CURVE('',#1282,#1092,#1290,.T.);
#1290 = LINE('',#1291,#1292);
#1291 = CARTESIAN_POINT('',(12.6,-12.8,-5.6));
#1292 = VECTOR('',#1293,1.);
#1293 = DIRECTION('',(0.,0.,1.));
#1294 = ORIENTED_EDGE('',*,*,#1091,.T.);
#1295 = ORIENTED_EDGE('',*,*,#407,.F.);
#1296 = PLANE('',#1297);
#1297 = AXIS2_PLACEMENT_3D('',#1298,#1299,#1300);
#1298 = CARTESIAN_POINT('',(12.6,-12.8,-5.6));
#1299 = DIRECTION('',(0.,1.,0.));
#1300 = DIRECTION('',(0.,0.,1.));
#1301 = ADVANCED_FACE('',(#1302),#1424,.T.);
#1302 = FACE_BOUND('',#1303,.T.);
#1303 = EDGE_LOOP('',(#1304,#1314,#1322,#1330,#1338,#1346,#1354,#1362,
    #1370,#1378,#1386,#1394,#1402,#1410,#1416,#1417,#1418));
#1304 = ORIENTED_EDGE('',*,*,#1305,.F.);
#1305 = EDGE_CURVE('',#1306,#1308,#1310,.T.);
#1306 = VERTEX_POINT('',#1307);
#1307 = CARTESIAN_POINT('',(7.306776436283,-12.05,3.5));
#1308 = VERTEX_POINT('',#1309);
#1309 = CARTESIAN_POINT('',(13.75,-12.05,3.5));
#1310 = LINE('',#1311,#1312);
#1311 = CARTESIAN_POINT('',(-13.75,-12.05,3.5));
#1312 = VECTOR('',#1313,1.);
#1313 = DIRECTION('',(1.,0.,0.));
#1314 = ORIENTED_EDGE('',*,*,#1315,.T.);
#1315 = EDGE_CURVE('',#1306,#1316,#1318,.T.);
#1316 = VERTEX_POINT('',#1317);
#1317 = CARTESIAN_POINT('',(7.306776436283,-12.8,3.5));
#1318 = LINE('',#1319,#1320);
#1319 = CARTESIAN_POINT('',(7.306776436283,-20.,3.5));
#1320 = VECTOR('',#1321,1.);
#1321 = DIRECTION('',(0.,-1.,2.22044604925E-16));
#1322 = ORIENTED_EDGE('',*,*,#1323,.T.);
#1323 = EDGE_CURVE('',#1316,#1324,#1326,.T.);
#1324 = VERTEX_POINT('',#1325);
#1325 = CARTESIAN_POINT('',(7.4,-12.8,3.5));
#1326 = LINE('',#1327,#1328);
#1327 = CARTESIAN_POINT('',(-3.575,-12.8,3.5));
#1328 = VECTOR('',#1329,1.);
#1329 = DIRECTION('',(1.,0.,0.));
#1330 = ORIENTED_EDGE('',*,*,#1331,.T.);
#1331 = EDGE_CURVE('',#1324,#1332,#1334,.T.);
#1332 = VERTEX_POINT('',#1333);
#1333 = CARTESIAN_POINT('',(7.4,-13.4,3.5));
#1334 = LINE('',#1335,#1336);
#1335 = CARTESIAN_POINT('',(7.4,-16.5,3.5));
#1336 = VECTOR('',#1337,1.);
#1337 = DIRECTION('',(0.,-1.,0.));
#1338 = ORIENTED_EDGE('',*,*,#1339,.T.);
#1339 = EDGE_CURVE('',#1332,#1340,#1342,.T.);
#1340 = VERTEX_POINT('',#1341);
#1341 = CARTESIAN_POINT('',(8.6,-13.4,3.5));
#1342 = LINE('',#1343,#1344);
#1343 = CARTESIAN_POINT('',(-13.25,-13.4,3.5));
#1344 = VECTOR('',#1345,1.);
#1345 = DIRECTION('',(1.,0.,0.));
#1346 = ORIENTED_EDGE('',*,*,#1347,.F.);
#1347 = EDGE_CURVE('',#1348,#1340,#1350,.T.);
#1348 = VERTEX_POINT('',#1349);
#1349 = CARTESIAN_POINT('',(8.6,-12.8,3.5));
#1350 = LINE('',#1351,#1352);
#1351 = CARTESIAN_POINT('',(8.6,-16.5,3.5));
#1352 = VECTOR('',#1353,1.);
#1353 = DIRECTION('',(0.,-1.,0.));
#1354 = ORIENTED_EDGE('',*,*,#1355,.T.);
#1355 = EDGE_CURVE('',#1348,#1356,#1358,.T.);
#1356 = VERTEX_POINT('',#1357);
#1357 = CARTESIAN_POINT('',(9.4,-12.8,3.5));
#1358 = LINE('',#1359,#1360);
#1359 = CARTESIAN_POINT('',(-2.575,-12.8,3.5));
#1360 = VECTOR('',#1361,1.);
#1361 = DIRECTION('',(1.,0.,0.));
#1362 = ORIENTED_EDGE('',*,*,#1363,.T.);
#1363 = EDGE_CURVE('',#1356,#1364,#1366,.T.);
#1364 = VERTEX_POINT('',#1365);
#1365 = CARTESIAN_POINT('',(9.4,-13.4,3.5));
#1366 = LINE('',#1367,#1368);
#1367 = CARTESIAN_POINT('',(9.4,-16.5,3.5));
#1368 = VECTOR('',#1369,1.);
#1369 = DIRECTION('',(0.,-1.,0.));
#1370 = ORIENTED_EDGE('',*,*,#1371,.T.);
#1371 = EDGE_CURVE('',#1364,#1372,#1374,.T.);
#1372 = VERTEX_POINT('',#1373);
#1373 = CARTESIAN_POINT('',(10.6,-13.4,3.5));
#1374 = LINE('',#1375,#1376);
#1375 = CARTESIAN_POINT('',(-13.25,-13.4,3.5));
#1376 = VECTOR('',#1377,1.);
#1377 = DIRECTION('',(1.,0.,0.));
#1378 = ORIENTED_EDGE('',*,*,#1379,.F.);
#1379 = EDGE_CURVE('',#1380,#1372,#1382,.T.);
#1380 = VERTEX_POINT('',#1381);
#1381 = CARTESIAN_POINT('',(10.6,-12.8,3.5));
#1382 = LINE('',#1383,#1384);
#1383 = CARTESIAN_POINT('',(10.6,-16.5,3.5));
#1384 = VECTOR('',#1385,1.);
#1385 = DIRECTION('',(0.,-1.,0.));
#1386 = ORIENTED_EDGE('',*,*,#1387,.T.);
#1387 = EDGE_CURVE('',#1380,#1388,#1390,.T.);
#1388 = VERTEX_POINT('',#1389);
#1389 = CARTESIAN_POINT('',(11.4,-12.8,3.5));
#1390 = LINE('',#1391,#1392);
#1391 = CARTESIAN_POINT('',(-1.575,-12.8,3.5));
#1392 = VECTOR('',#1393,1.);
#1393 = DIRECTION('',(1.,0.,0.));
#1394 = ORIENTED_EDGE('',*,*,#1395,.T.);
#1395 = EDGE_CURVE('',#1388,#1396,#1398,.T.);
#1396 = VERTEX_POINT('',#1397);
#1397 = CARTESIAN_POINT('',(11.4,-13.4,3.5));
#1398 = LINE('',#1399,#1400);
#1399 = CARTESIAN_POINT('',(11.4,-16.5,3.5));
#1400 = VECTOR('',#1401,1.);
#1401 = DIRECTION('',(0.,-1.,0.));
#1402 = ORIENTED_EDGE('',*,*,#1403,.T.);
#1403 = EDGE_CURVE('',#1396,#1404,#1406,.T.);
#1404 = VERTEX_POINT('',#1405);
#1405 = CARTESIAN_POINT('',(12.6,-13.4,3.5));
#1406 = LINE('',#1407,#1408);
#1407 = CARTESIAN_POINT('',(-13.25,-13.4,3.5));
#1408 = VECTOR('',#1409,1.);
#1409 = DIRECTION('',(1.,0.,0.));
#1410 = ORIENTED_EDGE('',*,*,#1411,.F.);
#1411 = EDGE_CURVE('',#1282,#1404,#1412,.T.);
#1412 = LINE('',#1413,#1414);
#1413 = CARTESIAN_POINT('',(12.6,-16.5,3.5));
#1414 = VECTOR('',#1415,1.);
#1415 = DIRECTION('',(0.,-1.,0.));
#1416 = ORIENTED_EDGE('',*,*,#1281,.T.);
#1417 = ORIENTED_EDGE('',*,*,#399,.T.);
#1418 = ORIENTED_EDGE('',*,*,#1419,.T.);
#1419 = EDGE_CURVE('',#392,#1308,#1420,.T.);
#1420 = LINE('',#1421,#1422);
#1421 = CARTESIAN_POINT('',(13.75,-16.5,3.5));
#1422 = VECTOR('',#1423,1.);
#1423 = DIRECTION('',(0.,1.,0.));
#1424 = PLANE('',#1425);
#1425 = AXIS2_PLACEMENT_3D('',#1426,#1427,#1428);
#1426 = CARTESIAN_POINT('',(-13.75,-16.5,3.5));
#1427 = DIRECTION('',(0.,0.,1.));
#1428 = DIRECTION('',(1.,0.,0.));
#1429 = ADVANCED_FACE('',(#1430),#1448,.T.);
#1430 = FACE_BOUND('',#1431,.T.);
#1431 = EDGE_LOOP('',(#1432,#1433,#1441,#1447));
#1432 = ORIENTED_EDGE('',*,*,#391,.T.);
#1433 = ORIENTED_EDGE('',*,*,#1434,.T.);
#1434 = EDGE_CURVE('',#384,#1435,#1437,.T.);
#1435 = VERTEX_POINT('',#1436);
#1436 = CARTESIAN_POINT('',(13.75,-12.05,0.5));
#1437 = LINE('',#1438,#1439);
#1438 = CARTESIAN_POINT('',(13.75,-16.5,0.5));
#1439 = VECTOR('',#1440,1.);
#1440 = DIRECTION('',(0.,1.,0.));
#1441 = ORIENTED_EDGE('',*,*,#1442,.T.);
#1442 = EDGE_CURVE('',#1435,#1308,#1443,.T.);
#1443 = LINE('',#1444,#1445);
#1444 = CARTESIAN_POINT('',(13.75,-12.05,0.5));
#1445 = VECTOR('',#1446,1.);
#1446 = DIRECTION('',(0.,0.,1.));
#1447 = ORIENTED_EDGE('',*,*,#1419,.F.);
#1448 = PLANE('',#1449);
#1449 = AXIS2_PLACEMENT_3D('',#1450,#1451,#1452);
#1450 = CARTESIAN_POINT('',(13.75,-16.5,0.5));
#1451 = DIRECTION('',(1.,0.,0.));
#1452 = DIRECTION('',(0.,0.,1.));
#1453 = ADVANCED_FACE('',(#1454),#1485,.F.);
#1454 = FACE_BOUND('',#1455,.F.);
#1455 = EDGE_LOOP('',(#1456,#1464,#1470,#1471,#1472,#1473,#1474,#1475,
    #1476,#1477,#1478,#1479,#1480,#1481,#1482,#1483,#1484));
#1456 = ORIENTED_EDGE('',*,*,#1457,.F.);
#1457 = EDGE_CURVE('',#1458,#1435,#1460,.T.);
#1458 = VERTEX_POINT('',#1459);
#1459 = CARTESIAN_POINT('',(7.306776436283,-12.05,0.5));
#1460 = LINE('',#1461,#1462);
#1461 = CARTESIAN_POINT('',(-13.75,-12.05,0.5));
#1462 = VECTOR('',#1463,1.);
#1463 = DIRECTION('',(1.,0.,0.));
#1464 = ORIENTED_EDGE('',*,*,#1465,.T.);
#1465 = EDGE_CURVE('',#1458,#729,#1466,.T.);
#1466 = LINE('',#1467,#1468);
#1467 = CARTESIAN_POINT('',(7.306776436283,-20.,0.5));
#1468 = VECTOR('',#1469,1.);
#1469 = DIRECTION('',(0.,-1.,2.22044604925E-16));
#1470 = ORIENTED_EDGE('',*,*,#737,.T.);
#1471 = ORIENTED_EDGE('',*,*,#704,.T.);
#1472 = ORIENTED_EDGE('',*,*,#679,.T.);
#1473 = ORIENTED_EDGE('',*,*,#656,.F.);
#1474 = ORIENTED_EDGE('',*,*,#632,.T.);
#1475 = ORIENTED_EDGE('',*,*,#608,.T.);
#1476 = ORIENTED_EDGE('',*,*,#583,.T.);
#1477 = ORIENTED_EDGE('',*,*,#560,.F.);
#1478 = ORIENTED_EDGE('',*,*,#536,.T.);
#1479 = ORIENTED_EDGE('',*,*,#512,.T.);
#1480 = ORIENTED_EDGE('',*,*,#487,.T.);
#1481 = ORIENTED_EDGE('',*,*,#464,.F.);
#1482 = ORIENTED_EDGE('',*,*,#439,.T.);
#1483 = ORIENTED_EDGE('',*,*,#383,.T.);
#1484 = ORIENTED_EDGE('',*,*,#1434,.T.);
#1485 = PLANE('',#1486);
#1486 = AXIS2_PLACEMENT_3D('',#1487,#1488,#1489);
#1487 = CARTESIAN_POINT('',(-13.75,-16.5,0.5));
#1488 = DIRECTION('',(0.,0.,1.));
#1489 = DIRECTION('',(1.,0.,0.));
#1490 = ADVANCED_FACE('',(#1491),#1579,.F.);
#1491 = FACE_BOUND('',#1492,.T.);
#1492 = EDGE_LOOP('',(#1493,#1503,#1510,#1511,#1518,#1519,#1520,#1521,
    #1522,#1530,#1539,#1547,#1556,#1564,#1571,#1572));
#1493 = ORIENTED_EDGE('',*,*,#1494,.F.);
#1494 = EDGE_CURVE('',#1495,#1497,#1499,.T.);
#1495 = VERTEX_POINT('',#1496);
#1496 = CARTESIAN_POINT('',(8.35,-14.35,2.));
#1497 = VERTEX_POINT('',#1498);
#1498 = CARTESIAN_POINT('',(8.35,-12.05,2.));
#1499 = LINE('',#1500,#1501);
#1500 = CARTESIAN_POINT('',(8.35,-20.,2.));
#1501 = VECTOR('',#1502,1.);
#1502 = DIRECTION('',(0.,1.,-2.22044604925E-16));
#1503 = ORIENTED_EDGE('',*,*,#1504,.T.);
#1504 = EDGE_CURVE('',#1495,#1495,#1505,.T.);
#1505 = CIRCLE('',#1506,1.6);
#1506 = AXIS2_PLACEMENT_3D('',#1507,#1508,#1509);
#1507 = CARTESIAN_POINT('',(6.75,-14.35,2.));
#1508 = DIRECTION('',(0.,-1.,2.22044604925E-16));
#1509 = DIRECTION('',(0.,-2.22044604925E-16,-1.));
#1510 = ORIENTED_EDGE('',*,*,#1494,.T.);
#1511 = ORIENTED_EDGE('',*,*,#1512,.F.);
#1512 = EDGE_CURVE('',#1458,#1497,#1513,.T.);
#1513 = CIRCLE('',#1514,1.6);
#1514 = AXIS2_PLACEMENT_3D('',#1515,#1516,#1517);
#1515 = CARTESIAN_POINT('',(6.75,-12.05,2.));
#1516 = DIRECTION('',(0.,-1.,2.22044604925E-16));
#1517 = DIRECTION('',(1.,0.,0.));
#1518 = ORIENTED_EDGE('',*,*,#1465,.T.);
#1519 = ORIENTED_EDGE('',*,*,#728,.F.);
#1520 = ORIENTED_EDGE('',*,*,#761,.T.);
#1521 = ORIENTED_EDGE('',*,*,#792,.F.);
#1522 = ORIENTED_EDGE('',*,*,#1523,.F.);
#1523 = EDGE_CURVE('',#1524,#785,#1526,.T.);
#1524 = VERTEX_POINT('',#1525);
#1525 = CARTESIAN_POINT('',(6.193223563717,-12.05,0.5));
#1526 = LINE('',#1527,#1528);
#1527 = CARTESIAN_POINT('',(6.193223563717,-20.,0.5));
#1528 = VECTOR('',#1529,1.);
#1529 = DIRECTION('',(0.,-1.,2.22044604925E-16));
#1530 = ORIENTED_EDGE('',*,*,#1531,.F.);
#1531 = EDGE_CURVE('',#1532,#1524,#1534,.T.);
#1532 = VERTEX_POINT('',#1533);
#1533 = CARTESIAN_POINT('',(6.193223563717,-12.05,3.5));
#1534 = CIRCLE('',#1535,1.6);
#1535 = AXIS2_PLACEMENT_3D('',#1536,#1537,#1538);
#1536 = CARTESIAN_POINT('',(6.75,-12.05,2.));
#1537 = DIRECTION('',(0.,-1.,2.22044604925E-16));
#1538 = DIRECTION('',(1.,0.,0.));
#1539 = ORIENTED_EDGE('',*,*,#1540,.T.);
#1540 = EDGE_CURVE('',#1532,#1541,#1543,.T.);
#1541 = VERTEX_POINT('',#1542);
#1542 = CARTESIAN_POINT('',(6.193223563717,-13.4,3.5));
#1543 = LINE('',#1544,#1545);
#1544 = CARTESIAN_POINT('',(6.193223563717,-20.,3.5));
#1545 = VECTOR('',#1546,1.);
#1546 = DIRECTION('',(0.,-1.,2.22044604925E-16));
#1547 = ORIENTED_EDGE('',*,*,#1548,.F.);
#1548 = EDGE_CURVE('',#1549,#1541,#1551,.T.);
#1549 = VERTEX_POINT('',#1550);
#1550 = CARTESIAN_POINT('',(6.6,-13.4,3.592953232207));
#1551 = CIRCLE('',#1552,1.6);
#1552 = AXIS2_PLACEMENT_3D('',#1553,#1554,#1555);
#1553 = CARTESIAN_POINT('',(6.75,-13.4,2.));
#1554 = DIRECTION('',(0.,-1.,2.22044604925E-16));
#1555 = DIRECTION('',(1.,0.,0.));
#1556 = ORIENTED_EDGE('',*,*,#1557,.F.);
#1557 = EDGE_CURVE('',#1558,#1549,#1560,.T.);
#1558 = VERTEX_POINT('',#1559);
#1559 = CARTESIAN_POINT('',(6.6,-12.8,3.592953232207));
#1560 = LINE('',#1561,#1562);
#1561 = CARTESIAN_POINT('',(6.6,-20.,3.592953232207));
#1562 = VECTOR('',#1563,1.);
#1563 = DIRECTION('',(0.,-1.,2.22044604925E-16));
#1564 = ORIENTED_EDGE('',*,*,#1565,.F.);
#1565 = EDGE_CURVE('',#1316,#1558,#1566,.T.);
#1566 = CIRCLE('',#1567,1.6);
#1567 = AXIS2_PLACEMENT_3D('',#1568,#1569,#1570);
#1568 = CARTESIAN_POINT('',(6.75,-12.8,2.));
#1569 = DIRECTION('',(0.,-1.,2.22044604925E-16));
#1570 = DIRECTION('',(1.,0.,0.));
#1571 = ORIENTED_EDGE('',*,*,#1315,.F.);
#1572 = ORIENTED_EDGE('',*,*,#1573,.F.);
#1573 = EDGE_CURVE('',#1497,#1306,#1574,.T.);
#1574 = CIRCLE('',#1575,1.6);
#1575 = AXIS2_PLACEMENT_3D('',#1576,#1577,#1578);
#1576 = CARTESIAN_POINT('',(6.75,-12.05,2.));
#1577 = DIRECTION('',(0.,-1.,2.22044604925E-16));
#1578 = DIRECTION('',(1.,0.,0.));
#1579 = CYLINDRICAL_SURFACE('',#1580,1.6);
#1580 = AXIS2_PLACEMENT_3D('',#1581,#1582,#1583);
#1581 = CARTESIAN_POINT('',(6.75,-20.,2.));
#1582 = DIRECTION('',(-0.,-1.,2.22044604925E-16));
#1583 = DIRECTION('',(1.,0.,0.));
#1584 = ADVANCED_FACE('',(#1585),#1604,.F.);
#1585 = FACE_BOUND('',#1586,.F.);
#1586 = EDGE_LOOP('',(#1587,#1593,#1594,#1595,#1596,#1597,#1598,#1599,
    #1600,#1601,#1602,#1603));
#1587 = ORIENTED_EDGE('',*,*,#1588,.F.);
#1588 = EDGE_CURVE('',#1003,#1524,#1589,.T.);
#1589 = LINE('',#1590,#1591);
#1590 = CARTESIAN_POINT('',(-13.75,-12.05,0.5));
#1591 = VECTOR('',#1592,1.);
#1592 = DIRECTION('',(1.,0.,0.));
#1593 = ORIENTED_EDGE('',*,*,#1002,.F.);
#1594 = ORIENTED_EDGE('',*,*,#985,.T.);
#1595 = ORIENTED_EDGE('',*,*,#962,.F.);
#1596 = ORIENTED_EDGE('',*,*,#938,.T.);
#1597 = ORIENTED_EDGE('',*,*,#914,.T.);
#1598 = ORIENTED_EDGE('',*,*,#889,.T.);
#1599 = ORIENTED_EDGE('',*,*,#866,.F.);
#1600 = ORIENTED_EDGE('',*,*,#842,.T.);
#1601 = ORIENTED_EDGE('',*,*,#818,.T.);
#1602 = ORIENTED_EDGE('',*,*,#784,.T.);
#1603 = ORIENTED_EDGE('',*,*,#1523,.F.);
#1604 = PLANE('',#1605);
#1605 = AXIS2_PLACEMENT_3D('',#1606,#1607,#1608);
#1606 = CARTESIAN_POINT('',(-13.75,-16.5,0.5));
#1607 = DIRECTION('',(0.,0.,1.));
#1608 = DIRECTION('',(1.,0.,0.));
#1609 = ADVANCED_FACE('',(#1610),#1628,.T.);
#1610 = FACE_BOUND('',#1611,.T.);
#1611 = EDGE_LOOP('',(#1612,#1620,#1621,#1622));
#1612 = ORIENTED_EDGE('',*,*,#1613,.F.);
#1613 = EDGE_CURVE('',#1019,#1614,#1616,.T.);
#1614 = VERTEX_POINT('',#1615);
#1615 = CARTESIAN_POINT('',(2.6,-13.4,3.5));
#1616 = LINE('',#1617,#1618);
#1617 = CARTESIAN_POINT('',(-13.25,-13.4,3.5));
#1618 = VECTOR('',#1619,1.);
#1619 = DIRECTION('',(1.,0.,0.));
#1620 = ORIENTED_EDGE('',*,*,#1026,.F.);
#1621 = ORIENTED_EDGE('',*,*,#1267,.T.);
#1622 = ORIENTED_EDGE('',*,*,#1623,.F.);
#1623 = EDGE_CURVE('',#1614,#1260,#1624,.T.);
#1624 = LINE('',#1625,#1626);
#1625 = CARTESIAN_POINT('',(2.6,-13.4,-5.6));
#1626 = VECTOR('',#1627,1.);
#1627 = DIRECTION('',(0.,0.,1.));
#1628 = PLANE('',#1629);
#1629 = AXIS2_PLACEMENT_3D('',#1630,#1631,#1632);
#1630 = CARTESIAN_POINT('',(-12.75,-13.4,-5.6));
#1631 = DIRECTION('',(0.,1.,0.));
#1632 = DIRECTION('',(0.,0.,1.));
#1633 = ADVANCED_FACE('',(#1634),#1707,.T.);
#1634 = FACE_BOUND('',#1635,.T.);
#1635 = EDGE_LOOP('',(#1636,#1642,#1643,#1644,#1652,#1660,#1668,#1676,
    #1684,#1692,#1700,#1706));
#1636 = ORIENTED_EDGE('',*,*,#1637,.F.);
#1637 = EDGE_CURVE('',#1011,#1532,#1638,.T.);
#1638 = LINE('',#1639,#1640);
#1639 = CARTESIAN_POINT('',(-13.75,-12.05,3.5));
#1640 = VECTOR('',#1641,1.);
#1641 = DIRECTION('',(1.,0.,0.));
#1642 = ORIENTED_EDGE('',*,*,#1018,.F.);
#1643 = ORIENTED_EDGE('',*,*,#1613,.T.);
#1644 = ORIENTED_EDGE('',*,*,#1645,.F.);
#1645 = EDGE_CURVE('',#1646,#1614,#1648,.T.);
#1646 = VERTEX_POINT('',#1647);
#1647 = CARTESIAN_POINT('',(2.6,-12.8,3.5));
#1648 = LINE('',#1649,#1650);
#1649 = CARTESIAN_POINT('',(2.6,-16.5,3.5));
#1650 = VECTOR('',#1651,1.);
#1651 = DIRECTION('',(0.,-1.,0.));
#1652 = ORIENTED_EDGE('',*,*,#1653,.T.);
#1653 = EDGE_CURVE('',#1646,#1654,#1656,.T.);
#1654 = VERTEX_POINT('',#1655);
#1655 = CARTESIAN_POINT('',(3.4,-12.8,3.5));
#1656 = LINE('',#1657,#1658);
#1657 = CARTESIAN_POINT('',(-5.575,-12.8,3.5));
#1658 = VECTOR('',#1659,1.);
#1659 = DIRECTION('',(1.,0.,0.));
#1660 = ORIENTED_EDGE('',*,*,#1661,.T.);
#1661 = EDGE_CURVE('',#1654,#1662,#1664,.T.);
#1662 = VERTEX_POINT('',#1663);
#1663 = CARTESIAN_POINT('',(3.4,-13.4,3.5));
#1664 = LINE('',#1665,#1666);
#1665 = CARTESIAN_POINT('',(3.4,-16.5,3.5));
#1666 = VECTOR('',#1667,1.);
#1667 = DIRECTION('',(0.,-1.,0.));
#1668 = ORIENTED_EDGE('',*,*,#1669,.T.);
#1669 = EDGE_CURVE('',#1662,#1670,#1672,.T.);
#1670 = VERTEX_POINT('',#1671);
#1671 = CARTESIAN_POINT('',(4.6,-13.4,3.5));
#1672 = LINE('',#1673,#1674);
#1673 = CARTESIAN_POINT('',(-13.25,-13.4,3.5));
#1674 = VECTOR('',#1675,1.);
#1675 = DIRECTION('',(1.,0.,0.));
#1676 = ORIENTED_EDGE('',*,*,#1677,.F.);
#1677 = EDGE_CURVE('',#1678,#1670,#1680,.T.);
#1678 = VERTEX_POINT('',#1679);
#1679 = CARTESIAN_POINT('',(4.6,-12.8,3.5));
#1680 = LINE('',#1681,#1682);
#1681 = CARTESIAN_POINT('',(4.6,-16.5,3.5));
#1682 = VECTOR('',#1683,1.);
#1683 = DIRECTION('',(0.,-1.,0.));
#1684 = ORIENTED_EDGE('',*,*,#1685,.T.);
#1685 = EDGE_CURVE('',#1678,#1686,#1688,.T.);
#1686 = VERTEX_POINT('',#1687);
#1687 = CARTESIAN_POINT('',(5.4,-12.8,3.5));
#1688 = LINE('',#1689,#1690);
#1689 = CARTESIAN_POINT('',(-4.575,-12.8,3.5));
#1690 = VECTOR('',#1691,1.);
#1691 = DIRECTION('',(1.,0.,0.));
#1692 = ORIENTED_EDGE('',*,*,#1693,.T.);
#1693 = EDGE_CURVE('',#1686,#1694,#1696,.T.);
#1694 = VERTEX_POINT('',#1695);
#1695 = CARTESIAN_POINT('',(5.4,-13.4,3.5));
#1696 = LINE('',#1697,#1698);
#1697 = CARTESIAN_POINT('',(5.4,-16.5,3.5));
#1698 = VECTOR('',#1699,1.);
#1699 = DIRECTION('',(0.,-1.,0.));
#1700 = ORIENTED_EDGE('',*,*,#1701,.T.);
#1701 = EDGE_CURVE('',#1694,#1541,#1702,.T.);
#1702 = LINE('',#1703,#1704);
#1703 = CARTESIAN_POINT('',(-13.25,-13.4,3.5));
#1704 = VECTOR('',#1705,1.);
#1705 = DIRECTION('',(1.,0.,0.));
#1706 = ORIENTED_EDGE('',*,*,#1540,.F.);
#1707 = PLANE('',#1708);
#1708 = AXIS2_PLACEMENT_3D('',#1709,#1710,#1711);
#1709 = CARTESIAN_POINT('',(-13.75,-16.5,3.5));
#1710 = DIRECTION('',(0.,0.,1.));
#1711 = DIRECTION('',(1.,0.,0.));
#1712 = ADVANCED_FACE('',(#1713),#1719,.T.);
#1713 = FACE_BOUND('',#1714,.T.);
#1714 = EDGE_LOOP('',(#1715,#1716,#1717,#1718));
#1715 = ORIENTED_EDGE('',*,*,#1588,.F.);
#1716 = ORIENTED_EDGE('',*,*,#1010,.F.);
#1717 = ORIENTED_EDGE('',*,*,#1637,.T.);
#1718 = ORIENTED_EDGE('',*,*,#1531,.T.);
#1719 = PLANE('',#1720);
#1720 = AXIS2_PLACEMENT_3D('',#1721,#1722,#1723);
#1721 = CARTESIAN_POINT('',(-13.75,-12.05,0.5));
#1722 = DIRECTION('',(0.,1.,0.));
#1723 = DIRECTION('',(0.,0.,1.));
#1724 = ADVANCED_FACE('',(#1725),#1736,.F.);
#1725 = FACE_BOUND('',#1726,.F.);
#1726 = EDGE_LOOP('',(#1727,#1728,#1734,#1735));
#1727 = ORIENTED_EDGE('',*,*,#1067,.T.);
#1728 = ORIENTED_EDGE('',*,*,#1729,.T.);
#1729 = EDGE_CURVE('',#1068,#1495,#1730,.T.);
#1730 = LINE('',#1731,#1732);
#1731 = CARTESIAN_POINT('',(10.9,-16.9,2.));
#1732 = VECTOR('',#1733,1.);
#1733 = DIRECTION('',(-0.707106781187,0.707106781187,-1.570092458684E-16
    ));
#1734 = ORIENTED_EDGE('',*,*,#1504,.T.);
#1735 = ORIENTED_EDGE('',*,*,#1729,.F.);
#1736 = CONICAL_SURFACE('',#1737,4.15,0.785398163397);
#1737 = AXIS2_PLACEMENT_3D('',#1738,#1739,#1740);
#1738 = CARTESIAN_POINT('',(6.75,-16.9,2.));
#1739 = DIRECTION('',(0.,-1.,2.22044604925E-16));
#1740 = DIRECTION('',(1.,0.,0.));
#1741 = ADVANCED_FACE('',(#1742),#1753,.F.);
#1742 = FACE_BOUND('',#1743,.F.);
#1743 = EDGE_LOOP('',(#1744,#1745,#1746,#1752));
#1744 = ORIENTED_EDGE('',*,*,#1623,.F.);
#1745 = ORIENTED_EDGE('',*,*,#1645,.F.);
#1746 = ORIENTED_EDGE('',*,*,#1747,.T.);
#1747 = EDGE_CURVE('',#1646,#1252,#1748,.T.);
#1748 = LINE('',#1749,#1750);
#1749 = CARTESIAN_POINT('',(2.6,-12.8,-5.6));
#1750 = VECTOR('',#1751,1.);
#1751 = DIRECTION('',(0.,0.,1.));
#1752 = ORIENTED_EDGE('',*,*,#1259,.F.);
#1753 = PLANE('',#1754);
#1754 = AXIS2_PLACEMENT_3D('',#1755,#1756,#1757);
#1755 = CARTESIAN_POINT('',(2.6,-16.5,-5.6));
#1756 = DIRECTION('',(1.,0.,0.));
#1757 = DIRECTION('',(0.,0.,1.));
#1758 = ADVANCED_FACE('',(#1759),#1770,.T.);
#1759 = FACE_BOUND('',#1760,.T.);
#1760 = EDGE_LOOP('',(#1761,#1767,#1768,#1769));
#1761 = ORIENTED_EDGE('',*,*,#1762,.F.);
#1762 = EDGE_CURVE('',#1654,#1244,#1763,.T.);
#1763 = LINE('',#1764,#1765);
#1764 = CARTESIAN_POINT('',(3.4,-12.8,-5.6));
#1765 = VECTOR('',#1766,1.);
#1766 = DIRECTION('',(0.,0.,1.));
#1767 = ORIENTED_EDGE('',*,*,#1653,.F.);
#1768 = ORIENTED_EDGE('',*,*,#1747,.T.);
#1769 = ORIENTED_EDGE('',*,*,#1251,.T.);
#1770 = PLANE('',#1771);
#1771 = AXIS2_PLACEMENT_3D('',#1772,#1773,#1774);
#1772 = CARTESIAN_POINT('',(2.6,-12.8,-5.6));
#1773 = DIRECTION('',(0.,1.,0.));
#1774 = DIRECTION('',(0.,0.,1.));
#1775 = ADVANCED_FACE('',(#1776),#1787,.T.);
#1776 = FACE_BOUND('',#1777,.T.);
#1777 = EDGE_LOOP('',(#1778,#1784,#1785,#1786));
#1778 = ORIENTED_EDGE('',*,*,#1779,.F.);
#1779 = EDGE_CURVE('',#1662,#1236,#1780,.T.);
#1780 = LINE('',#1781,#1782);
#1781 = CARTESIAN_POINT('',(3.4,-13.4,-5.6));
#1782 = VECTOR('',#1783,1.);
#1783 = DIRECTION('',(0.,0.,1.));
#1784 = ORIENTED_EDGE('',*,*,#1661,.F.);
#1785 = ORIENTED_EDGE('',*,*,#1762,.T.);
#1786 = ORIENTED_EDGE('',*,*,#1243,.F.);
#1787 = PLANE('',#1788);
#1788 = AXIS2_PLACEMENT_3D('',#1789,#1790,#1791);
#1789 = CARTESIAN_POINT('',(3.4,-16.5,-5.6));
#1790 = DIRECTION('',(1.,0.,0.));
#1791 = DIRECTION('',(0.,0.,1.));
#1792 = ADVANCED_FACE('',(#1793),#1804,.T.);
#1793 = FACE_BOUND('',#1794,.T.);
#1794 = EDGE_LOOP('',(#1795,#1796,#1797,#1798));
#1795 = ORIENTED_EDGE('',*,*,#1669,.F.);
#1796 = ORIENTED_EDGE('',*,*,#1779,.T.);
#1797 = ORIENTED_EDGE('',*,*,#1235,.T.);
#1798 = ORIENTED_EDGE('',*,*,#1799,.F.);
#1799 = EDGE_CURVE('',#1670,#1228,#1800,.T.);
#1800 = LINE('',#1801,#1802);
#1801 = CARTESIAN_POINT('',(4.6,-13.4,-5.6));
#1802 = VECTOR('',#1803,1.);
#1803 = DIRECTION('',(0.,0.,1.));
#1804 = PLANE('',#1805);
#1805 = AXIS2_PLACEMENT_3D('',#1806,#1807,#1808);
#1806 = CARTESIAN_POINT('',(-12.75,-13.4,-5.6));
#1807 = DIRECTION('',(0.,1.,0.));
#1808 = DIRECTION('',(0.,0.,1.));
#1809 = ADVANCED_FACE('',(#1810),#1821,.F.);
#1810 = FACE_BOUND('',#1811,.F.);
#1811 = EDGE_LOOP('',(#1812,#1813,#1814,#1820));
#1812 = ORIENTED_EDGE('',*,*,#1799,.F.);
#1813 = ORIENTED_EDGE('',*,*,#1677,.F.);
#1814 = ORIENTED_EDGE('',*,*,#1815,.T.);
#1815 = EDGE_CURVE('',#1678,#1220,#1816,.T.);
#1816 = LINE('',#1817,#1818);
#1817 = CARTESIAN_POINT('',(4.6,-12.8,-5.6));
#1818 = VECTOR('',#1819,1.);
#1819 = DIRECTION('',(0.,0.,1.));
#1820 = ORIENTED_EDGE('',*,*,#1227,.F.);
#1821 = PLANE('',#1822);
#1822 = AXIS2_PLACEMENT_3D('',#1823,#1824,#1825);
#1823 = CARTESIAN_POINT('',(4.6,-16.5,-5.6));
#1824 = DIRECTION('',(1.,0.,0.));
#1825 = DIRECTION('',(0.,0.,1.));
#1826 = ADVANCED_FACE('',(#1827),#1838,.T.);
#1827 = FACE_BOUND('',#1828,.T.);
#1828 = EDGE_LOOP('',(#1829,#1835,#1836,#1837));
#1829 = ORIENTED_EDGE('',*,*,#1830,.F.);
#1830 = EDGE_CURVE('',#1686,#1212,#1831,.T.);
#1831 = LINE('',#1832,#1833);
#1832 = CARTESIAN_POINT('',(5.4,-12.8,-5.6));
#1833 = VECTOR('',#1834,1.);
#1834 = DIRECTION('',(0.,0.,1.));
#1835 = ORIENTED_EDGE('',*,*,#1685,.F.);
#1836 = ORIENTED_EDGE('',*,*,#1815,.T.);
#1837 = ORIENTED_EDGE('',*,*,#1219,.T.);
#1838 = PLANE('',#1839);
#1839 = AXIS2_PLACEMENT_3D('',#1840,#1841,#1842);
#1840 = CARTESIAN_POINT('',(4.6,-12.8,-5.6));
#1841 = DIRECTION('',(0.,1.,0.));
#1842 = DIRECTION('',(0.,0.,1.));
#1843 = ADVANCED_FACE('',(#1844),#1855,.T.);
#1844 = FACE_BOUND('',#1845,.T.);
#1845 = EDGE_LOOP('',(#1846,#1852,#1853,#1854));
#1846 = ORIENTED_EDGE('',*,*,#1847,.F.);
#1847 = EDGE_CURVE('',#1694,#1204,#1848,.T.);
#1848 = LINE('',#1849,#1850);
#1849 = CARTESIAN_POINT('',(5.4,-13.4,-5.6));
#1850 = VECTOR('',#1851,1.);
#1851 = DIRECTION('',(0.,0.,1.));
#1852 = ORIENTED_EDGE('',*,*,#1693,.F.);
#1853 = ORIENTED_EDGE('',*,*,#1830,.T.);
#1854 = ORIENTED_EDGE('',*,*,#1211,.F.);
#1855 = PLANE('',#1856);
#1856 = AXIS2_PLACEMENT_3D('',#1857,#1858,#1859);
#1857 = CARTESIAN_POINT('',(5.4,-16.5,-5.6));
#1858 = DIRECTION('',(1.,0.,0.));
#1859 = DIRECTION('',(0.,0.,1.));
#1860 = ADVANCED_FACE('',(#1861),#1873,.T.);
#1861 = FACE_BOUND('',#1862,.T.);
#1862 = EDGE_LOOP('',(#1863,#1864,#1865,#1866,#1872));
#1863 = ORIENTED_EDGE('',*,*,#1701,.F.);
#1864 = ORIENTED_EDGE('',*,*,#1847,.T.);
#1865 = ORIENTED_EDGE('',*,*,#1203,.T.);
#1866 = ORIENTED_EDGE('',*,*,#1867,.F.);
#1867 = EDGE_CURVE('',#1549,#1196,#1868,.T.);
#1868 = LINE('',#1869,#1870);
#1869 = CARTESIAN_POINT('',(6.6,-13.4,-5.6));
#1870 = VECTOR('',#1871,1.);
#1871 = DIRECTION('',(0.,0.,1.));
#1872 = ORIENTED_EDGE('',*,*,#1548,.T.);
#1873 = PLANE('',#1874);
#1874 = AXIS2_PLACEMENT_3D('',#1875,#1876,#1877);
#1875 = CARTESIAN_POINT('',(-12.75,-13.4,-5.6));
#1876 = DIRECTION('',(0.,1.,0.));
#1877 = DIRECTION('',(0.,0.,1.));
#1878 = ADVANCED_FACE('',(#1879),#1890,.F.);
#1879 = FACE_BOUND('',#1880,.F.);
#1880 = EDGE_LOOP('',(#1881,#1882,#1883,#1889));
#1881 = ORIENTED_EDGE('',*,*,#1867,.F.);
#1882 = ORIENTED_EDGE('',*,*,#1557,.F.);
#1883 = ORIENTED_EDGE('',*,*,#1884,.T.);
#1884 = EDGE_CURVE('',#1558,#1188,#1885,.T.);
#1885 = LINE('',#1886,#1887);
#1886 = CARTESIAN_POINT('',(6.6,-12.8,-5.6));
#1887 = VECTOR('',#1888,1.);
#1888 = DIRECTION('',(0.,0.,1.));
#1889 = ORIENTED_EDGE('',*,*,#1195,.F.);
#1890 = PLANE('',#1891);
#1891 = AXIS2_PLACEMENT_3D('',#1892,#1893,#1894);
#1892 = CARTESIAN_POINT('',(6.6,-16.5,-5.6));
#1893 = DIRECTION('',(1.,0.,0.));
#1894 = DIRECTION('',(0.,0.,1.));
#1895 = ADVANCED_FACE('',(#1896),#1908,.T.);
#1896 = FACE_BOUND('',#1897,.T.);
#1897 = EDGE_LOOP('',(#1898,#1904,#1905,#1906,#1907));
#1898 = ORIENTED_EDGE('',*,*,#1899,.F.);
#1899 = EDGE_CURVE('',#1324,#1180,#1900,.T.);
#1900 = LINE('',#1901,#1902);
#1901 = CARTESIAN_POINT('',(7.4,-12.8,-5.6));
#1902 = VECTOR('',#1903,1.);
#1903 = DIRECTION('',(0.,0.,1.));
#1904 = ORIENTED_EDGE('',*,*,#1323,.F.);
#1905 = ORIENTED_EDGE('',*,*,#1565,.T.);
#1906 = ORIENTED_EDGE('',*,*,#1884,.T.);
#1907 = ORIENTED_EDGE('',*,*,#1187,.T.);
#1908 = PLANE('',#1909);
#1909 = AXIS2_PLACEMENT_3D('',#1910,#1911,#1912);
#1910 = CARTESIAN_POINT('',(6.6,-12.8,-5.6));
#1911 = DIRECTION('',(0.,1.,0.));
#1912 = DIRECTION('',(0.,0.,1.));
#1913 = ADVANCED_FACE('',(#1914),#1925,.T.);
#1914 = FACE_BOUND('',#1915,.T.);
#1915 = EDGE_LOOP('',(#1916,#1922,#1923,#1924));
#1916 = ORIENTED_EDGE('',*,*,#1917,.F.);
#1917 = EDGE_CURVE('',#1332,#1172,#1918,.T.);
#1918 = LINE('',#1919,#1920);
#1919 = CARTESIAN_POINT('',(7.4,-13.4,-5.6));
#1920 = VECTOR('',#1921,1.);
#1921 = DIRECTION('',(0.,0.,1.));
#1922 = ORIENTED_EDGE('',*,*,#1331,.F.);
#1923 = ORIENTED_EDGE('',*,*,#1899,.T.);
#1924 = ORIENTED_EDGE('',*,*,#1179,.F.);
#1925 = PLANE('',#1926);
#1926 = AXIS2_PLACEMENT_3D('',#1927,#1928,#1929);
#1927 = CARTESIAN_POINT('',(7.4,-16.5,-5.6));
#1928 = DIRECTION('',(1.,0.,0.));
#1929 = DIRECTION('',(0.,0.,1.));
#1930 = ADVANCED_FACE('',(#1931),#1942,.T.);
#1931 = FACE_BOUND('',#1932,.T.);
#1932 = EDGE_LOOP('',(#1933,#1934,#1935,#1936));
#1933 = ORIENTED_EDGE('',*,*,#1339,.F.);
#1934 = ORIENTED_EDGE('',*,*,#1917,.T.);
#1935 = ORIENTED_EDGE('',*,*,#1171,.T.);
#1936 = ORIENTED_EDGE('',*,*,#1937,.F.);
#1937 = EDGE_CURVE('',#1340,#1164,#1938,.T.);
#1938 = LINE('',#1939,#1940);
#1939 = CARTESIAN_POINT('',(8.6,-13.4,-5.6));
#1940 = VECTOR('',#1941,1.);
#1941 = DIRECTION('',(0.,0.,1.));
#1942 = PLANE('',#1943);
#1943 = AXIS2_PLACEMENT_3D('',#1944,#1945,#1946);
#1944 = CARTESIAN_POINT('',(-12.75,-13.4,-5.6));
#1945 = DIRECTION('',(0.,1.,0.));
#1946 = DIRECTION('',(0.,0.,1.));
#1947 = ADVANCED_FACE('',(#1948),#1959,.F.);
#1948 = FACE_BOUND('',#1949,.F.);
#1949 = EDGE_LOOP('',(#1950,#1951,#1952,#1958));
#1950 = ORIENTED_EDGE('',*,*,#1937,.F.);
#1951 = ORIENTED_EDGE('',*,*,#1347,.F.);
#1952 = ORIENTED_EDGE('',*,*,#1953,.T.);
#1953 = EDGE_CURVE('',#1348,#1156,#1954,.T.);
#1954 = LINE('',#1955,#1956);
#1955 = CARTESIAN_POINT('',(8.6,-12.8,-5.6));
#1956 = VECTOR('',#1957,1.);
#1957 = DIRECTION('',(0.,0.,1.));
#1958 = ORIENTED_EDGE('',*,*,#1163,.F.);
#1959 = PLANE('',#1960);
#1960 = AXIS2_PLACEMENT_3D('',#1961,#1962,#1963);
#1961 = CARTESIAN_POINT('',(8.6,-16.5,-5.6));
#1962 = DIRECTION('',(1.,0.,0.));
#1963 = DIRECTION('',(0.,0.,1.));
#1964 = ADVANCED_FACE('',(#1965),#1976,.T.);
#1965 = FACE_BOUND('',#1966,.T.);
#1966 = EDGE_LOOP('',(#1967,#1973,#1974,#1975));
#1967 = ORIENTED_EDGE('',*,*,#1968,.F.);
#1968 = EDGE_CURVE('',#1356,#1148,#1969,.T.);
#1969 = LINE('',#1970,#1971);
#1970 = CARTESIAN_POINT('',(9.4,-12.8,-5.6));
#1971 = VECTOR('',#1972,1.);
#1972 = DIRECTION('',(0.,0.,1.));
#1973 = ORIENTED_EDGE('',*,*,#1355,.F.);
#1974 = ORIENTED_EDGE('',*,*,#1953,.T.);
#1975 = ORIENTED_EDGE('',*,*,#1155,.T.);
#1976 = PLANE('',#1977);
#1977 = AXIS2_PLACEMENT_3D('',#1978,#1979,#1980);
#1978 = CARTESIAN_POINT('',(8.6,-12.8,-5.6));
#1979 = DIRECTION('',(0.,1.,0.));
#1980 = DIRECTION('',(0.,0.,1.));
#1981 = ADVANCED_FACE('',(#1982),#1993,.T.);
#1982 = FACE_BOUND('',#1983,.T.);
#1983 = EDGE_LOOP('',(#1984,#1990,#1991,#1992));
#1984 = ORIENTED_EDGE('',*,*,#1985,.F.);
#1985 = EDGE_CURVE('',#1364,#1140,#1986,.T.);
#1986 = LINE('',#1987,#1988);
#1987 = CARTESIAN_POINT('',(9.4,-13.4,-5.6));
#1988 = VECTOR('',#1989,1.);
#1989 = DIRECTION('',(0.,0.,1.));
#1990 = ORIENTED_EDGE('',*,*,#1363,.F.);
#1991 = ORIENTED_EDGE('',*,*,#1968,.T.);
#1992 = ORIENTED_EDGE('',*,*,#1147,.F.);
#1993 = PLANE('',#1994);
#1994 = AXIS2_PLACEMENT_3D('',#1995,#1996,#1997);
#1995 = CARTESIAN_POINT('',(9.4,-16.5,-5.6));
#1996 = DIRECTION('',(1.,0.,0.));
#1997 = DIRECTION('',(0.,0.,1.));
#1998 = ADVANCED_FACE('',(#1999),#2010,.T.);
#1999 = FACE_BOUND('',#2000,.T.);
#2000 = EDGE_LOOP('',(#2001,#2002,#2003,#2004));
#2001 = ORIENTED_EDGE('',*,*,#1371,.F.);
#2002 = ORIENTED_EDGE('',*,*,#1985,.T.);
#2003 = ORIENTED_EDGE('',*,*,#1139,.T.);
#2004 = ORIENTED_EDGE('',*,*,#2005,.F.);
#2005 = EDGE_CURVE('',#1372,#1132,#2006,.T.);
#2006 = LINE('',#2007,#2008);
#2007 = CARTESIAN_POINT('',(10.6,-13.4,-5.6));
#2008 = VECTOR('',#2009,1.);
#2009 = DIRECTION('',(0.,0.,1.));
#2010 = PLANE('',#2011);
#2011 = AXIS2_PLACEMENT_3D('',#2012,#2013,#2014);
#2012 = CARTESIAN_POINT('',(-12.75,-13.4,-5.6));
#2013 = DIRECTION('',(0.,1.,0.));
#2014 = DIRECTION('',(0.,0.,1.));
#2015 = ADVANCED_FACE('',(#2016),#2027,.F.);
#2016 = FACE_BOUND('',#2017,.F.);
#2017 = EDGE_LOOP('',(#2018,#2019,#2020,#2026));
#2018 = ORIENTED_EDGE('',*,*,#2005,.F.);
#2019 = ORIENTED_EDGE('',*,*,#1379,.F.);
#2020 = ORIENTED_EDGE('',*,*,#2021,.T.);
#2021 = EDGE_CURVE('',#1380,#1124,#2022,.T.);
#2022 = LINE('',#2023,#2024);
#2023 = CARTESIAN_POINT('',(10.6,-12.8,-5.6));
#2024 = VECTOR('',#2025,1.);
#2025 = DIRECTION('',(0.,0.,1.));
#2026 = ORIENTED_EDGE('',*,*,#1131,.F.);
#2027 = PLANE('',#2028);
#2028 = AXIS2_PLACEMENT_3D('',#2029,#2030,#2031);
#2029 = CARTESIAN_POINT('',(10.6,-16.5,-5.6));
#2030 = DIRECTION('',(1.,0.,0.));
#2031 = DIRECTION('',(0.,0.,1.));
#2032 = ADVANCED_FACE('',(#2033),#2044,.T.);
#2033 = FACE_BOUND('',#2034,.T.);
#2034 = EDGE_LOOP('',(#2035,#2041,#2042,#2043));
#2035 = ORIENTED_EDGE('',*,*,#2036,.F.);
#2036 = EDGE_CURVE('',#1388,#1116,#2037,.T.);
#2037 = LINE('',#2038,#2039);
#2038 = CARTESIAN_POINT('',(11.4,-12.8,-5.6));
#2039 = VECTOR('',#2040,1.);
#2040 = DIRECTION('',(0.,0.,1.));
#2041 = ORIENTED_EDGE('',*,*,#1387,.F.);
#2042 = ORIENTED_EDGE('',*,*,#2021,.T.);
#2043 = ORIENTED_EDGE('',*,*,#1123,.T.);
#2044 = PLANE('',#2045);
#2045 = AXIS2_PLACEMENT_3D('',#2046,#2047,#2048);
#2046 = CARTESIAN_POINT('',(10.6,-12.8,-5.6));
#2047 = DIRECTION('',(0.,1.,0.));
#2048 = DIRECTION('',(0.,0.,1.));
#2049 = ADVANCED_FACE('',(#2050),#2061,.T.);
#2050 = FACE_BOUND('',#2051,.T.);
#2051 = EDGE_LOOP('',(#2052,#2058,#2059,#2060));
#2052 = ORIENTED_EDGE('',*,*,#2053,.F.);
#2053 = EDGE_CURVE('',#1396,#1108,#2054,.T.);
#2054 = LINE('',#2055,#2056);
#2055 = CARTESIAN_POINT('',(11.4,-13.4,-5.6));
#2056 = VECTOR('',#2057,1.);
#2057 = DIRECTION('',(0.,0.,1.));
#2058 = ORIENTED_EDGE('',*,*,#1395,.F.);
#2059 = ORIENTED_EDGE('',*,*,#2036,.T.);
#2060 = ORIENTED_EDGE('',*,*,#1115,.F.);
#2061 = PLANE('',#2062);
#2062 = AXIS2_PLACEMENT_3D('',#2063,#2064,#2065);
#2063 = CARTESIAN_POINT('',(11.4,-16.5,-5.6));
#2064 = DIRECTION('',(1.,0.,0.));
#2065 = DIRECTION('',(0.,0.,1.));
#2066 = ADVANCED_FACE('',(#2067),#2078,.T.);
#2067 = FACE_BOUND('',#2068,.T.);
#2068 = EDGE_LOOP('',(#2069,#2070,#2071,#2072));
#2069 = ORIENTED_EDGE('',*,*,#1403,.F.);
#2070 = ORIENTED_EDGE('',*,*,#2053,.T.);
#2071 = ORIENTED_EDGE('',*,*,#1107,.T.);
#2072 = ORIENTED_EDGE('',*,*,#2073,.F.);
#2073 = EDGE_CURVE('',#1404,#1100,#2074,.T.);
#2074 = LINE('',#2075,#2076);
#2075 = CARTESIAN_POINT('',(12.6,-13.4,-5.6));
#2076 = VECTOR('',#2077,1.);
#2077 = DIRECTION('',(0.,0.,1.));
#2078 = PLANE('',#2079);
#2079 = AXIS2_PLACEMENT_3D('',#2080,#2081,#2082);
#2080 = CARTESIAN_POINT('',(-12.75,-13.4,-5.6));
#2081 = DIRECTION('',(0.,1.,0.));
#2082 = DIRECTION('',(0.,0.,1.));
#2083 = ADVANCED_FACE('',(#2084),#2090,.F.);
#2084 = FACE_BOUND('',#2085,.F.);
#2085 = EDGE_LOOP('',(#2086,#2087,#2088,#2089));
#2086 = ORIENTED_EDGE('',*,*,#2073,.F.);
#2087 = ORIENTED_EDGE('',*,*,#1411,.F.);
#2088 = ORIENTED_EDGE('',*,*,#1289,.T.);
#2089 = ORIENTED_EDGE('',*,*,#1099,.F.);
#2090 = PLANE('',#2091);
#2091 = AXIS2_PLACEMENT_3D('',#2092,#2093,#2094);
#2092 = CARTESIAN_POINT('',(12.6,-16.5,-5.6));
#2093 = DIRECTION('',(1.,0.,0.));
#2094 = DIRECTION('',(0.,0.,1.));
#2095 = ADVANCED_FACE('',(#2096),#2103,.T.);
#2096 = FACE_BOUND('',#2097,.T.);
#2097 = EDGE_LOOP('',(#2098,#2099,#2100,#2101,#2102));
#2098 = ORIENTED_EDGE('',*,*,#1457,.F.);
#2099 = ORIENTED_EDGE('',*,*,#1512,.T.);
#2100 = ORIENTED_EDGE('',*,*,#1573,.T.);
#2101 = ORIENTED_EDGE('',*,*,#1305,.T.);
#2102 = ORIENTED_EDGE('',*,*,#1442,.F.);
#2103 = PLANE('',#2104);
#2104 = AXIS2_PLACEMENT_3D('',#2105,#2106,#2107);
#2105 = CARTESIAN_POINT('',(-13.75,-12.05,0.5));
#2106 = DIRECTION('',(0.,1.,0.));
#2107 = DIRECTION('',(0.,0.,1.));
#2108 = ( GEOMETRIC_REPRESENTATION_CONTEXT(3) 
GLOBAL_UNCERTAINTY_ASSIGNED_CONTEXT((#2112)) 
GLOBAL_UNIT_ASSIGNED_CONTEXT((#2109,#2110,#2111)) REPRESENTATION_CONTEXT
('Context #1','3D Context with UNIT and UNCERTAINTY') );
#2109 = ( LENGTH_UNIT() NAMED_UNIT(*) SI_UNIT(.MILLI.,.METRE.) );
#2110 = ( NAMED_UNIT(*) PLANE_ANGLE_UNIT() SI_UNIT($,.RADIAN.) );
#2111 = ( NAMED_UNIT(*) SI_UNIT($,.STERADIAN.) SOLID_ANGLE_UNIT() );
#2112 = UNCERTAINTY_MEASURE_WITH_UNIT(LENGTH_MEASURE(1.E-05),#2109,
  'distance_accuracy_value','confusion accuracy');
#2113 = PRODUCT_RELATED_PRODUCT_CATEGORY('part',$,(#7));
#2114 = MECHANICAL_DESIGN_GEOMETRIC_PRESENTATION_REPRESENTATION('',(
    #2115,#2128,#2137,#2146,#2155,#2164,#2173,#2182,#2191,#2200,#2209,
    #2218,#2227,#2236,#2245,#2254,#2263,#2272,#2281,#2290,#2299,#2308,
    #2317,#2326,#2335,#2344,#2353,#2362,#2371,#2380,#2389,#2398,#2408,
    #2417,#2426,#2435,#2444,#2453,#2462,#2471,#2480,#2489,#2498,#2507,
    #2516,#2525,#2534,#2543,#2552,#2561,#2570,#2579,#2588,#2597,#2606,
    #2615,#2624,#2633,#2642,#2651,#2660,#2669,#2678,#2687,#2696),#2108);
#2115 = STYLED_ITEM('color',(#2116),#15);
#2116 = PRESENTATION_STYLE_ASSIGNMENT((#2117,#2125));
#2117 = SURFACE_STYLE_USAGE(.BOTH.,#2118);
#2118 = SURFACE_SIDE_STYLE('',(#2119,#2123));
#2119 = SURFACE_STYLE_FILL_AREA(#2120);
#2120 = FILL_AREA_STYLE('',(#2121));
#2121 = FILL_AREA_STYLE_COLOUR('',#2122);
#2122 = COLOUR_RGB('',0.800000010877,0.788235302081,0.435294116471);
#2123 = SURFACE_STYLE_RENDERING_WITH_PROPERTIES(.NORMAL_SHADING.,#2122,(
    #2124));
#2124 = SURFACE_STYLE_TRANSPARENT(0.300000011921);
#2125 = CURVE_STYLE('',#2126,POSITIVE_LENGTH_MEASURE(0.1),#2127);
#2126 = DRAUGHTING_PRE_DEFINED_CURVE_FONT('continuous');
#2127 = COLOUR_RGB('',9.803921802644E-02,9.803921802644E-02,
  9.803921802644E-02);
#2128 = OVER_RIDING_STYLED_ITEM('overriding color',(#2129),#17,#2115);
#2129 = PRESENTATION_STYLE_ASSIGNMENT((#2130));
#2130 = SURFACE_STYLE_USAGE(.BOTH.,#2131);
#2131 = SURFACE_SIDE_STYLE('',(#2132,#2135));
#2132 = SURFACE_STYLE_FILL_AREA(#2133);
#2133 = FILL_AREA_STYLE('',(#2134));
#2134 = FILL_AREA_STYLE_COLOUR('',#2122);
#2135 = SURFACE_STYLE_RENDERING_WITH_PROPERTIES(.NORMAL_SHADING.,#2122,(
    #2136));
#2136 = SURFACE_STYLE_TRANSPARENT(1.);
#2137 = OVER_RIDING_STYLED_ITEM('overriding color',(#2138),#266,#2115);
#2138 = PRESENTATION_STYLE_ASSIGNMENT((#2139));
#2139 = SURFACE_STYLE_USAGE(.BOTH.,#2140);
#2140 = SURFACE_SIDE_STYLE('',(#2141,#2144));
#2141 = SURFACE_STYLE_FILL_AREA(#2142);
#2142 = FILL_AREA_STYLE('',(#2143));
#2143 = FILL_AREA_STYLE_COLOUR('',#2122);
#2144 = SURFACE_STYLE_RENDERING_WITH_PROPERTIES(.NORMAL_SHADING.,#2122,(
    #2145));
#2145 = SURFACE_STYLE_TRANSPARENT(1.);
#2146 = OVER_RIDING_STYLED_ITEM('overriding color',(#2147),#297,#2115);
#2147 = PRESENTATION_STYLE_ASSIGNMENT((#2148));
#2148 = SURFACE_STYLE_USAGE(.BOTH.,#2149);
#2149 = SURFACE_SIDE_STYLE('',(#2150,#2153));
#2150 = SURFACE_STYLE_FILL_AREA(#2151);
#2151 = FILL_AREA_STYLE('',(#2152));
#2152 = FILL_AREA_STYLE_COLOUR('',#2122);
#2153 = SURFACE_STYLE_RENDERING_WITH_PROPERTIES(.NORMAL_SHADING.,#2122,(
    #2154));
#2154 = SURFACE_STYLE_TRANSPARENT(1.);
#2155 = OVER_RIDING_STYLED_ITEM('overriding color',(#2156),#321,#2115);
#2156 = PRESENTATION_STYLE_ASSIGNMENT((#2157));
#2157 = SURFACE_STYLE_USAGE(.BOTH.,#2158);
#2158 = SURFACE_SIDE_STYLE('',(#2159,#2162));
#2159 = SURFACE_STYLE_FILL_AREA(#2160);
#2160 = FILL_AREA_STYLE('',(#2161));
#2161 = FILL_AREA_STYLE_COLOUR('',#2122);
#2162 = SURFACE_STYLE_RENDERING_WITH_PROPERTIES(.NORMAL_SHADING.,#2122,(
    #2163));
#2163 = SURFACE_STYLE_TRANSPARENT(1.);
#2164 = OVER_RIDING_STYLED_ITEM('overriding color',(#2165),#345,#2115);
#2165 = PRESENTATION_STYLE_ASSIGNMENT((#2166));
#2166 = SURFACE_STYLE_USAGE(.BOTH.,#2167);
#2167 = SURFACE_SIDE_STYLE('',(#2168,#2171));
#2168 = SURFACE_STYLE_FILL_AREA(#2169);
#2169 = FILL_AREA_STYLE('',(#2170));
#2170 = FILL_AREA_STYLE_COLOUR('',#2122);
#2171 = SURFACE_STYLE_RENDERING_WITH_PROPERTIES(.NORMAL_SHADING.,#2122,(
    #2172));
#2172 = SURFACE_STYLE_TRANSPARENT(1.);
#2173 = OVER_RIDING_STYLED_ITEM('overriding color',(#2174),#370,#2115);
#2174 = PRESENTATION_STYLE_ASSIGNMENT((#2175));
#2175 = SURFACE_STYLE_USAGE(.BOTH.,#2176);
#2176 = SURFACE_SIDE_STYLE('',(#2177,#2180));
#2177 = SURFACE_STYLE_FILL_AREA(#2178);
#2178 = FILL_AREA_STYLE('',(#2179));
#2179 = FILL_AREA_STYLE_COLOUR('',#2122);
#2180 = SURFACE_STYLE_RENDERING_WITH_PROPERTIES(.NORMAL_SHADING.,#2122,(
    #2181));
#2181 = SURFACE_STYLE_TRANSPARENT(1.);
#2182 = OVER_RIDING_STYLED_ITEM('overriding color',(#2183),#426,#2115);
#2183 = PRESENTATION_STYLE_ASSIGNMENT((#2184));
#2184 = SURFACE_STYLE_USAGE(.BOTH.,#2185);
#2185 = SURFACE_SIDE_STYLE('',(#2186,#2189));
#2186 = SURFACE_STYLE_FILL_AREA(#2187);
#2187 = FILL_AREA_STYLE('',(#2188));
#2188 = FILL_AREA_STYLE_COLOUR('',#2122);
#2189 = SURFACE_STYLE_RENDERING_WITH_PROPERTIES(.NORMAL_SHADING.,#2122,(
    #2190));
#2190 = SURFACE_STYLE_TRANSPARENT(1.);
#2191 = OVER_RIDING_STYLED_ITEM('overriding color',(#2192),#450,#2115);
#2192 = PRESENTATION_STYLE_ASSIGNMENT((#2193));
#2193 = SURFACE_STYLE_USAGE(.BOTH.,#2194);
#2194 = SURFACE_SIDE_STYLE('',(#2195,#2198));
#2195 = SURFACE_STYLE_FILL_AREA(#2196);
#2196 = FILL_AREA_STYLE('',(#2197));
#2197 = FILL_AREA_STYLE_COLOUR('',#2122);
#2198 = SURFACE_STYLE_RENDERING_WITH_PROPERTIES(.NORMAL_SHADING.,#2122,(
    #2199));
#2199 = SURFACE_STYLE_TRANSPARENT(1.);
#2200 = OVER_RIDING_STYLED_ITEM('overriding color',(#2201),#474,#2115);
#2201 = PRESENTATION_STYLE_ASSIGNMENT((#2202));
#2202 = SURFACE_STYLE_USAGE(.BOTH.,#2203);
#2203 = SURFACE_SIDE_STYLE('',(#2204,#2207));
#2204 = SURFACE_STYLE_FILL_AREA(#2205);
#2205 = FILL_AREA_STYLE('',(#2206));
#2206 = FILL_AREA_STYLE_COLOUR('',#2122);
#2207 = SURFACE_STYLE_RENDERING_WITH_PROPERTIES(.NORMAL_SHADING.,#2122,(
    #2208));
#2208 = SURFACE_STYLE_TRANSPARENT(1.);
#2209 = OVER_RIDING_STYLED_ITEM('overriding color',(#2210),#498,#2115);
#2210 = PRESENTATION_STYLE_ASSIGNMENT((#2211));
#2211 = SURFACE_STYLE_USAGE(.BOTH.,#2212);
#2212 = SURFACE_SIDE_STYLE('',(#2213,#2216));
#2213 = SURFACE_STYLE_FILL_AREA(#2214);
#2214 = FILL_AREA_STYLE('',(#2215));
#2215 = FILL_AREA_STYLE_COLOUR('',#2122);
#2216 = SURFACE_STYLE_RENDERING_WITH_PROPERTIES(.NORMAL_SHADING.,#2122,(
    #2217));
#2217 = SURFACE_STYLE_TRANSPARENT(1.);
#2218 = OVER_RIDING_STYLED_ITEM('overriding color',(#2219),#522,#2115);
#2219 = PRESENTATION_STYLE_ASSIGNMENT((#2220));
#2220 = SURFACE_STYLE_USAGE(.BOTH.,#2221);
#2221 = SURFACE_SIDE_STYLE('',(#2222,#2225));
#2222 = SURFACE_STYLE_FILL_AREA(#2223);
#2223 = FILL_AREA_STYLE('',(#2224));
#2224 = FILL_AREA_STYLE_COLOUR('',#2122);
#2225 = SURFACE_STYLE_RENDERING_WITH_PROPERTIES(.NORMAL_SHADING.,#2122,(
    #2226));
#2226 = SURFACE_STYLE_TRANSPARENT(1.);
#2227 = OVER_RIDING_STYLED_ITEM('overriding color',(#2228),#546,#2115);
#2228 = PRESENTATION_STYLE_ASSIGNMENT((#2229));
#2229 = SURFACE_STYLE_USAGE(.BOTH.,#2230);
#2230 = SURFACE_SIDE_STYLE('',(#2231,#2234));
#2231 = SURFACE_STYLE_FILL_AREA(#2232);
#2232 = FILL_AREA_STYLE('',(#2233));
#2233 = FILL_AREA_STYLE_COLOUR('',#2122);
#2234 = SURFACE_STYLE_RENDERING_WITH_PROPERTIES(.NORMAL_SHADING.,#2122,(
    #2235));
#2235 = SURFACE_STYLE_TRANSPARENT(1.);
#2236 = OVER_RIDING_STYLED_ITEM('overriding color',(#2237),#570,#2115);
#2237 = PRESENTATION_STYLE_ASSIGNMENT((#2238));
#2238 = SURFACE_STYLE_USAGE(.BOTH.,#2239);
#2239 = SURFACE_SIDE_STYLE('',(#2240,#2243));
#2240 = SURFACE_STYLE_FILL_AREA(#2241);
#2241 = FILL_AREA_STYLE('',(#2242));
#2242 = FILL_AREA_STYLE_COLOUR('',#2122);
#2243 = SURFACE_STYLE_RENDERING_WITH_PROPERTIES(.NORMAL_SHADING.,#2122,(
    #2244));
#2244 = SURFACE_STYLE_TRANSPARENT(1.);
#2245 = OVER_RIDING_STYLED_ITEM('overriding color',(#2246),#594,#2115);
#2246 = PRESENTATION_STYLE_ASSIGNMENT((#2247));
#2247 = SURFACE_STYLE_USAGE(.BOTH.,#2248);
#2248 = SURFACE_SIDE_STYLE('',(#2249,#2252));
#2249 = SURFACE_STYLE_FILL_AREA(#2250);
#2250 = FILL_AREA_STYLE('',(#2251));
#2251 = FILL_AREA_STYLE_COLOUR('',#2122);
#2252 = SURFACE_STYLE_RENDERING_WITH_PROPERTIES(.NORMAL_SHADING.,#2122,(
    #2253));
#2253 = SURFACE_STYLE_TRANSPARENT(1.);
#2254 = OVER_RIDING_STYLED_ITEM('overriding color',(#2255),#618,#2115);
#2255 = PRESENTATION_STYLE_ASSIGNMENT((#2256));
#2256 = SURFACE_STYLE_USAGE(.BOTH.,#2257);
#2257 = SURFACE_SIDE_STYLE('',(#2258,#2261));
#2258 = SURFACE_STYLE_FILL_AREA(#2259);
#2259 = FILL_AREA_STYLE('',(#2260));
#2260 = FILL_AREA_STYLE_COLOUR('',#2122);
#2261 = SURFACE_STYLE_RENDERING_WITH_PROPERTIES(.NORMAL_SHADING.,#2122,(
    #2262));
#2262 = SURFACE_STYLE_TRANSPARENT(1.);
#2263 = OVER_RIDING_STYLED_ITEM('overriding color',(#2264),#642,#2115);
#2264 = PRESENTATION_STYLE_ASSIGNMENT((#2265));
#2265 = SURFACE_STYLE_USAGE(.BOTH.,#2266);
#2266 = SURFACE_SIDE_STYLE('',(#2267,#2270));
#2267 = SURFACE_STYLE_FILL_AREA(#2268);
#2268 = FILL_AREA_STYLE('',(#2269));
#2269 = FILL_AREA_STYLE_COLOUR('',#2122);
#2270 = SURFACE_STYLE_RENDERING_WITH_PROPERTIES(.NORMAL_SHADING.,#2122,(
    #2271));
#2271 = SURFACE_STYLE_TRANSPARENT(1.);
#2272 = OVER_RIDING_STYLED_ITEM('overriding color',(#2273),#666,#2115);
#2273 = PRESENTATION_STYLE_ASSIGNMENT((#2274));
#2274 = SURFACE_STYLE_USAGE(.BOTH.,#2275);
#2275 = SURFACE_SIDE_STYLE('',(#2276,#2279));
#2276 = SURFACE_STYLE_FILL_AREA(#2277);
#2277 = FILL_AREA_STYLE('',(#2278));
#2278 = FILL_AREA_STYLE_COLOUR('',#2122);
#2279 = SURFACE_STYLE_RENDERING_WITH_PROPERTIES(.NORMAL_SHADING.,#2122,(
    #2280));
#2280 = SURFACE_STYLE_TRANSPARENT(1.);
#2281 = OVER_RIDING_STYLED_ITEM('overriding color',(#2282),#690,#2115);
#2282 = PRESENTATION_STYLE_ASSIGNMENT((#2283));
#2283 = SURFACE_STYLE_USAGE(.BOTH.,#2284);
#2284 = SURFACE_SIDE_STYLE('',(#2285,#2288));
#2285 = SURFACE_STYLE_FILL_AREA(#2286);
#2286 = FILL_AREA_STYLE('',(#2287));
#2287 = FILL_AREA_STYLE_COLOUR('',#2122);
#2288 = SURFACE_STYLE_RENDERING_WITH_PROPERTIES(.NORMAL_SHADING.,#2122,(
    #2289));
#2289 = SURFACE_STYLE_TRANSPARENT(1.);
#2290 = OVER_RIDING_STYLED_ITEM('overriding color',(#2291),#714,#2115);
#2291 = PRESENTATION_STYLE_ASSIGNMENT((#2292));
#2292 = SURFACE_STYLE_USAGE(.BOTH.,#2293);
#2293 = SURFACE_SIDE_STYLE('',(#2294,#2297));
#2294 = SURFACE_STYLE_FILL_AREA(#2295);
#2295 = FILL_AREA_STYLE('',(#2296));
#2296 = FILL_AREA_STYLE_COLOUR('',#2122);
#2297 = SURFACE_STYLE_RENDERING_WITH_PROPERTIES(.NORMAL_SHADING.,#2122,(
    #2298));
#2298 = SURFACE_STYLE_TRANSPARENT(1.);
#2299 = OVER_RIDING_STYLED_ITEM('overriding color',(#2300),#747,#2115);
#2300 = PRESENTATION_STYLE_ASSIGNMENT((#2301));
#2301 = SURFACE_STYLE_USAGE(.BOTH.,#2302);
#2302 = SURFACE_SIDE_STYLE('',(#2303,#2306));
#2303 = SURFACE_STYLE_FILL_AREA(#2304);
#2304 = FILL_AREA_STYLE('',(#2305));
#2305 = FILL_AREA_STYLE_COLOUR('',#2122);
#2306 = SURFACE_STYLE_RENDERING_WITH_PROPERTIES(.NORMAL_SHADING.,#2122,(
    #2307));
#2307 = SURFACE_STYLE_TRANSPARENT(1.);
#2308 = OVER_RIDING_STYLED_ITEM('overriding color',(#2309),#771,#2115);
#2309 = PRESENTATION_STYLE_ASSIGNMENT((#2310));
#2310 = SURFACE_STYLE_USAGE(.BOTH.,#2311);
#2311 = SURFACE_SIDE_STYLE('',(#2312,#2315));
#2312 = SURFACE_STYLE_FILL_AREA(#2313);
#2313 = FILL_AREA_STYLE('',(#2314));
#2314 = FILL_AREA_STYLE_COLOUR('',#2122);
#2315 = SURFACE_STYLE_RENDERING_WITH_PROPERTIES(.NORMAL_SHADING.,#2122,(
    #2316));
#2316 = SURFACE_STYLE_TRANSPARENT(1.);
#2317 = OVER_RIDING_STYLED_ITEM('overriding color',(#2318),#804,#2115);
#2318 = PRESENTATION_STYLE_ASSIGNMENT((#2319));
#2319 = SURFACE_STYLE_USAGE(.BOTH.,#2320);
#2320 = SURFACE_SIDE_STYLE('',(#2321,#2324));
#2321 = SURFACE_STYLE_FILL_AREA(#2322);
#2322 = FILL_AREA_STYLE('',(#2323));
#2323 = FILL_AREA_STYLE_COLOUR('',#2122);
#2324 = SURFACE_STYLE_RENDERING_WITH_PROPERTIES(.NORMAL_SHADING.,#2122,(
    #2325));
#2325 = SURFACE_STYLE_TRANSPARENT(1.);
#2326 = OVER_RIDING_STYLED_ITEM('overriding color',(#2327),#828,#2115);
#2327 = PRESENTATION_STYLE_ASSIGNMENT((#2328));
#2328 = SURFACE_STYLE_USAGE(.BOTH.,#2329);
#2329 = SURFACE_SIDE_STYLE('',(#2330,#2333));
#2330 = SURFACE_STYLE_FILL_AREA(#2331);
#2331 = FILL_AREA_STYLE('',(#2332));
#2332 = FILL_AREA_STYLE_COLOUR('',#2122);
#2333 = SURFACE_STYLE_RENDERING_WITH_PROPERTIES(.NORMAL_SHADING.,#2122,(
    #2334));
#2334 = SURFACE_STYLE_TRANSPARENT(1.);
#2335 = OVER_RIDING_STYLED_ITEM('overriding color',(#2336),#852,#2115);
#2336 = PRESENTATION_STYLE_ASSIGNMENT((#2337));
#2337 = SURFACE_STYLE_USAGE(.BOTH.,#2338);
#2338 = SURFACE_SIDE_STYLE('',(#2339,#2342));
#2339 = SURFACE_STYLE_FILL_AREA(#2340);
#2340 = FILL_AREA_STYLE('',(#2341));
#2341 = FILL_AREA_STYLE_COLOUR('',#2122);
#2342 = SURFACE_STYLE_RENDERING_WITH_PROPERTIES(.NORMAL_SHADING.,#2122,(
    #2343));
#2343 = SURFACE_STYLE_TRANSPARENT(1.);
#2344 = OVER_RIDING_STYLED_ITEM('overriding color',(#2345),#876,#2115);
#2345 = PRESENTATION_STYLE_ASSIGNMENT((#2346));
#2346 = SURFACE_STYLE_USAGE(.BOTH.,#2347);
#2347 = SURFACE_SIDE_STYLE('',(#2348,#2351));
#2348 = SURFACE_STYLE_FILL_AREA(#2349);
#2349 = FILL_AREA_STYLE('',(#2350));
#2350 = FILL_AREA_STYLE_COLOUR('',#2122);
#2351 = SURFACE_STYLE_RENDERING_WITH_PROPERTIES(.NORMAL_SHADING.,#2122,(
    #2352));
#2352 = SURFACE_STYLE_TRANSPARENT(1.);
#2353 = OVER_RIDING_STYLED_ITEM('overriding color',(#2354),#900,#2115);
#2354 = PRESENTATION_STYLE_ASSIGNMENT((#2355));
#2355 = SURFACE_STYLE_USAGE(.BOTH.,#2356);
#2356 = SURFACE_SIDE_STYLE('',(#2357,#2360));
#2357 = SURFACE_STYLE_FILL_AREA(#2358);
#2358 = FILL_AREA_STYLE('',(#2359));
#2359 = FILL_AREA_STYLE_COLOUR('',#2122);
#2360 = SURFACE_STYLE_RENDERING_WITH_PROPERTIES(.NORMAL_SHADING.,#2122,(
    #2361));
#2361 = SURFACE_STYLE_TRANSPARENT(1.);
#2362 = OVER_RIDING_STYLED_ITEM('overriding color',(#2363),#924,#2115);
#2363 = PRESENTATION_STYLE_ASSIGNMENT((#2364));
#2364 = SURFACE_STYLE_USAGE(.BOTH.,#2365);
#2365 = SURFACE_SIDE_STYLE('',(#2366,#2369));
#2366 = SURFACE_STYLE_FILL_AREA(#2367);
#2367 = FILL_AREA_STYLE('',(#2368));
#2368 = FILL_AREA_STYLE_COLOUR('',#2122);
#2369 = SURFACE_STYLE_RENDERING_WITH_PROPERTIES(.NORMAL_SHADING.,#2122,(
    #2370));
#2370 = SURFACE_STYLE_TRANSPARENT(1.);
#2371 = OVER_RIDING_STYLED_ITEM('overriding color',(#2372),#948,#2115);
#2372 = PRESENTATION_STYLE_ASSIGNMENT((#2373));
#2373 = SURFACE_STYLE_USAGE(.BOTH.,#2374);
#2374 = SURFACE_SIDE_STYLE('',(#2375,#2378));
#2375 = SURFACE_STYLE_FILL_AREA(#2376);
#2376 = FILL_AREA_STYLE('',(#2377));
#2377 = FILL_AREA_STYLE_COLOUR('',#2122);
#2378 = SURFACE_STYLE_RENDERING_WITH_PROPERTIES(.NORMAL_SHADING.,#2122,(
    #2379));
#2379 = SURFACE_STYLE_TRANSPARENT(1.);
#2380 = OVER_RIDING_STYLED_ITEM('overriding color',(#2381),#972,#2115);
#2381 = PRESENTATION_STYLE_ASSIGNMENT((#2382));
#2382 = SURFACE_STYLE_USAGE(.BOTH.,#2383);
#2383 = SURFACE_SIDE_STYLE('',(#2384,#2387));
#2384 = SURFACE_STYLE_FILL_AREA(#2385);
#2385 = FILL_AREA_STYLE('',(#2386));
#2386 = FILL_AREA_STYLE_COLOUR('',#2122);
#2387 = SURFACE_STYLE_RENDERING_WITH_PROPERTIES(.NORMAL_SHADING.,#2122,(
    #2388));
#2388 = SURFACE_STYLE_TRANSPARENT(1.);
#2389 = OVER_RIDING_STYLED_ITEM('overriding color',(#2390),#996,#2115);
#2390 = PRESENTATION_STYLE_ASSIGNMENT((#2391));
#2391 = SURFACE_STYLE_USAGE(.BOTH.,#2392);
#2392 = SURFACE_SIDE_STYLE('',(#2393,#2396));
#2393 = SURFACE_STYLE_FILL_AREA(#2394);
#2394 = FILL_AREA_STYLE('',(#2395));
#2395 = FILL_AREA_STYLE_COLOUR('',#2122);
#2396 = SURFACE_STYLE_RENDERING_WITH_PROPERTIES(.NORMAL_SHADING.,#2122,(
    #2397));
#2397 = SURFACE_STYLE_TRANSPARENT(1.);
#2398 = OVER_RIDING_STYLED_ITEM('overriding color',(#2399),#1052,#2115);
#2399 = PRESENTATION_STYLE_ASSIGNMENT((#2400));
#2400 = SURFACE_STYLE_USAGE(.BOTH.,#2401);
#2401 = SURFACE_SIDE_STYLE('',(#2402,#2406));
#2402 = SURFACE_STYLE_FILL_AREA(#2403);
#2403 = FILL_AREA_STYLE('',(#2404));
#2404 = FILL_AREA_STYLE_COLOUR('',#2405);
#2405 = COLOUR_RGB('',0.800000010877,0.800000010877,0.800000010877);
#2406 = SURFACE_STYLE_RENDERING_WITH_PROPERTIES(.NORMAL_SHADING.,#2405,(
    #2407));
#2407 = SURFACE_STYLE_TRANSPARENT(1.);
#2408 = OVER_RIDING_STYLED_ITEM('overriding color',(#2409),#1080,#2115);
#2409 = PRESENTATION_STYLE_ASSIGNMENT((#2410));
#2410 = SURFACE_STYLE_USAGE(.BOTH.,#2411);
#2411 = SURFACE_SIDE_STYLE('',(#2412,#2415));
#2412 = SURFACE_STYLE_FILL_AREA(#2413);
#2413 = FILL_AREA_STYLE('',(#2414));
#2414 = FILL_AREA_STYLE_COLOUR('',#2122);
#2415 = SURFACE_STYLE_RENDERING_WITH_PROPERTIES(.NORMAL_SHADING.,#2122,(
    #2416));
#2416 = SURFACE_STYLE_TRANSPARENT(1.);
#2417 = OVER_RIDING_STYLED_ITEM('overriding color',(#2418),#1277,#2115);
#2418 = PRESENTATION_STYLE_ASSIGNMENT((#2419));
#2419 = SURFACE_STYLE_USAGE(.BOTH.,#2420);
#2420 = SURFACE_SIDE_STYLE('',(#2421,#2424));
#2421 = SURFACE_STYLE_FILL_AREA(#2422);
#2422 = FILL_AREA_STYLE('',(#2423));
#2423 = FILL_AREA_STYLE_COLOUR('',#2122);
#2424 = SURFACE_STYLE_RENDERING_WITH_PROPERTIES(.NORMAL_SHADING.,#2122,(
    #2425));
#2425 = SURFACE_STYLE_TRANSPARENT(1.);
#2426 = OVER_RIDING_STYLED_ITEM('overriding color',(#2427),#1301,#2115);
#2427 = PRESENTATION_STYLE_ASSIGNMENT((#2428));
#2428 = SURFACE_STYLE_USAGE(.BOTH.,#2429);
#2429 = SURFACE_SIDE_STYLE('',(#2430,#2433));
#2430 = SURFACE_STYLE_FILL_AREA(#2431);
#2431 = FILL_AREA_STYLE('',(#2432));
#2432 = FILL_AREA_STYLE_COLOUR('',#2122);
#2433 = SURFACE_STYLE_RENDERING_WITH_PROPERTIES(.NORMAL_SHADING.,#2122,(
    #2434));
#2434 = SURFACE_STYLE_TRANSPARENT(1.);
#2435 = OVER_RIDING_STYLED_ITEM('overriding color',(#2436),#1429,#2115);
#2436 = PRESENTATION_STYLE_ASSIGNMENT((#2437));
#2437 = SURFACE_STYLE_USAGE(.BOTH.,#2438);
#2438 = SURFACE_SIDE_STYLE('',(#2439,#2442));
#2439 = SURFACE_STYLE_FILL_AREA(#2440);
#2440 = FILL_AREA_STYLE('',(#2441));
#2441 = FILL_AREA_STYLE_COLOUR('',#2122);
#2442 = SURFACE_STYLE_RENDERING_WITH_PROPERTIES(.NORMAL_SHADING.,#2122,(
    #2443));
#2443 = SURFACE_STYLE_TRANSPARENT(1.);
#2444 = OVER_RIDING_STYLED_ITEM('overriding color',(#2445),#1453,#2115);
#2445 = PRESENTATION_STYLE_ASSIGNMENT((#2446));
#2446 = SURFACE_STYLE_USAGE(.BOTH.,#2447);
#2447 = SURFACE_SIDE_STYLE('',(#2448,#2451));
#2448 = SURFACE_STYLE_FILL_AREA(#2449);
#2449 = FILL_AREA_STYLE('',(#2450));
#2450 = FILL_AREA_STYLE_COLOUR('',#2122);
#2451 = SURFACE_STYLE_RENDERING_WITH_PROPERTIES(.NORMAL_SHADING.,#2122,(
    #2452));
#2452 = SURFACE_STYLE_TRANSPARENT(1.);
#2453 = OVER_RIDING_STYLED_ITEM('overriding color',(#2454),#1490,#2115);
#2454 = PRESENTATION_STYLE_ASSIGNMENT((#2455));
#2455 = SURFACE_STYLE_USAGE(.BOTH.,#2456);
#2456 = SURFACE_SIDE_STYLE('',(#2457,#2460));
#2457 = SURFACE_STYLE_FILL_AREA(#2458);
#2458 = FILL_AREA_STYLE('',(#2459));
#2459 = FILL_AREA_STYLE_COLOUR('',#2122);
#2460 = SURFACE_STYLE_RENDERING_WITH_PROPERTIES(.NORMAL_SHADING.,#2122,(
    #2461));
#2461 = SURFACE_STYLE_TRANSPARENT(1.);
#2462 = OVER_RIDING_STYLED_ITEM('overriding color',(#2463),#1584,#2115);
#2463 = PRESENTATION_STYLE_ASSIGNMENT((#2464));
#2464 = SURFACE_STYLE_USAGE(.BOTH.,#2465);
#2465 = SURFACE_SIDE_STYLE('',(#2466,#2469));
#2466 = SURFACE_STYLE_FILL_AREA(#2467);
#2467 = FILL_AREA_STYLE('',(#2468));
#2468 = FILL_AREA_STYLE_COLOUR('',#2122);
#2469 = SURFACE_STYLE_RENDERING_WITH_PROPERTIES(.NORMAL_SHADING.,#2122,(
    #2470));
#2470 = SURFACE_STYLE_TRANSPARENT(1.);
#2471 = OVER_RIDING_STYLED_ITEM('overriding color',(#2472),#1609,#2115);
#2472 = PRESENTATION_STYLE_ASSIGNMENT((#2473));
#2473 = SURFACE_STYLE_USAGE(.BOTH.,#2474);
#2474 = SURFACE_SIDE_STYLE('',(#2475,#2478));
#2475 = SURFACE_STYLE_FILL_AREA(#2476);
#2476 = FILL_AREA_STYLE('',(#2477));
#2477 = FILL_AREA_STYLE_COLOUR('',#2122);
#2478 = SURFACE_STYLE_RENDERING_WITH_PROPERTIES(.NORMAL_SHADING.,#2122,(
    #2479));
#2479 = SURFACE_STYLE_TRANSPARENT(1.);
#2480 = OVER_RIDING_STYLED_ITEM('overriding color',(#2481),#1633,#2115);
#2481 = PRESENTATION_STYLE_ASSIGNMENT((#2482));
#2482 = SURFACE_STYLE_USAGE(.BOTH.,#2483);
#2483 = SURFACE_SIDE_STYLE('',(#2484,#2487));
#2484 = SURFACE_STYLE_FILL_AREA(#2485);
#2485 = FILL_AREA_STYLE('',(#2486));
#2486 = FILL_AREA_STYLE_COLOUR('',#2122);
#2487 = SURFACE_STYLE_RENDERING_WITH_PROPERTIES(.NORMAL_SHADING.,#2122,(
    #2488));
#2488 = SURFACE_STYLE_TRANSPARENT(1.);
#2489 = OVER_RIDING_STYLED_ITEM('overriding color',(#2490),#1712,#2115);
#2490 = PRESENTATION_STYLE_ASSIGNMENT((#2491));
#2491 = SURFACE_STYLE_USAGE(.BOTH.,#2492);
#2492 = SURFACE_SIDE_STYLE('',(#2493,#2496));
#2493 = SURFACE_STYLE_FILL_AREA(#2494);
#2494 = FILL_AREA_STYLE('',(#2495));
#2495 = FILL_AREA_STYLE_COLOUR('',#2122);
#2496 = SURFACE_STYLE_RENDERING_WITH_PROPERTIES(.NORMAL_SHADING.,#2122,(
    #2497));
#2497 = SURFACE_STYLE_TRANSPARENT(1.);
#2498 = OVER_RIDING_STYLED_ITEM('overriding color',(#2499),#1724,#2115);
#2499 = PRESENTATION_STYLE_ASSIGNMENT((#2500));
#2500 = SURFACE_STYLE_USAGE(.BOTH.,#2501);
#2501 = SURFACE_SIDE_STYLE('',(#2502,#2505));
#2502 = SURFACE_STYLE_FILL_AREA(#2503);
#2503 = FILL_AREA_STYLE('',(#2504));
#2504 = FILL_AREA_STYLE_COLOUR('',#2122);
#2505 = SURFACE_STYLE_RENDERING_WITH_PROPERTIES(.NORMAL_SHADING.,#2122,(
    #2506));
#2506 = SURFACE_STYLE_TRANSPARENT(1.);
#2507 = OVER_RIDING_STYLED_ITEM('overriding color',(#2508),#1741,#2115);
#2508 = PRESENTATION_STYLE_ASSIGNMENT((#2509));
#2509 = SURFACE_STYLE_USAGE(.BOTH.,#2510);
#2510 = SURFACE_SIDE_STYLE('',(#2511,#2514));
#2511 = SURFACE_STYLE_FILL_AREA(#2512);
#2512 = FILL_AREA_STYLE('',(#2513));
#2513 = FILL_AREA_STYLE_COLOUR('',#2122);
#2514 = SURFACE_STYLE_RENDERING_WITH_PROPERTIES(.NORMAL_SHADING.,#2122,(
    #2515));
#2515 = SURFACE_STYLE_TRANSPARENT(1.);
#2516 = OVER_RIDING_STYLED_ITEM('overriding color',(#2517),#1758,#2115);
#2517 = PRESENTATION_STYLE_ASSIGNMENT((#2518));
#2518 = SURFACE_STYLE_USAGE(.BOTH.,#2519);
#2519 = SURFACE_SIDE_STYLE('',(#2520,#2523));
#2520 = SURFACE_STYLE_FILL_AREA(#2521);
#2521 = FILL_AREA_STYLE('',(#2522));
#2522 = FILL_AREA_STYLE_COLOUR('',#2122);
#2523 = SURFACE_STYLE_RENDERING_WITH_PROPERTIES(.NORMAL_SHADING.,#2122,(
    #2524));
#2524 = SURFACE_STYLE_TRANSPARENT(1.);
#2525 = OVER_RIDING_STYLED_ITEM('overriding color',(#2526),#1775,#2115);
#2526 = PRESENTATION_STYLE_ASSIGNMENT((#2527));
#2527 = SURFACE_STYLE_USAGE(.BOTH.,#2528);
#2528 = SURFACE_SIDE_STYLE('',(#2529,#2532));
#2529 = SURFACE_STYLE_FILL_AREA(#2530);
#2530 = FILL_AREA_STYLE('',(#2531));
#2531 = FILL_AREA_STYLE_COLOUR('',#2122);
#2532 = SURFACE_STYLE_RENDERING_WITH_PROPERTIES(.NORMAL_SHADING.,#2122,(
    #2533));
#2533 = SURFACE_STYLE_TRANSPARENT(1.);
#2534 = OVER_RIDING_STYLED_ITEM('overriding color',(#2535),#1792,#2115);
#2535 = PRESENTATION_STYLE_ASSIGNMENT((#2536));
#2536 = SURFACE_STYLE_USAGE(.BOTH.,#2537);
#2537 = SURFACE_SIDE_STYLE('',(#2538,#2541));
#2538 = SURFACE_STYLE_FILL_AREA(#2539);
#2539 = FILL_AREA_STYLE('',(#2540));
#2540 = FILL_AREA_STYLE_COLOUR('',#2122);
#2541 = SURFACE_STYLE_RENDERING_WITH_PROPERTIES(.NORMAL_SHADING.,#2122,(
    #2542));
#2542 = SURFACE_STYLE_TRANSPARENT(1.);
#2543 = OVER_RIDING_STYLED_ITEM('overriding color',(#2544),#1809,#2115);
#2544 = PRESENTATION_STYLE_ASSIGNMENT((#2545));
#2545 = SURFACE_STYLE_USAGE(.BOTH.,#2546);
#2546 = SURFACE_SIDE_STYLE('',(#2547,#2550));
#2547 = SURFACE_STYLE_FILL_AREA(#2548);
#2548 = FILL_AREA_STYLE('',(#2549));
#2549 = FILL_AREA_STYLE_COLOUR('',#2122);
#2550 = SURFACE_STYLE_RENDERING_WITH_PROPERTIES(.NORMAL_SHADING.,#2122,(
    #2551));
#2551 = SURFACE_STYLE_TRANSPARENT(1.);
#2552 = OVER_RIDING_STYLED_ITEM('overriding color',(#2553),#1826,#2115);
#2553 = PRESENTATION_STYLE_ASSIGNMENT((#2554));
#2554 = SURFACE_STYLE_USAGE(.BOTH.,#2555);
#2555 = SURFACE_SIDE_STYLE('',(#2556,#2559));
#2556 = SURFACE_STYLE_FILL_AREA(#2557);
#2557 = FILL_AREA_STYLE('',(#2558));
#2558 = FILL_AREA_STYLE_COLOUR('',#2122);
#2559 = SURFACE_STYLE_RENDERING_WITH_PROPERTIES(.NORMAL_SHADING.,#2122,(
    #2560));
#2560 = SURFACE_STYLE_TRANSPARENT(1.);
#2561 = OVER_RIDING_STYLED_ITEM('overriding color',(#2562),#1843,#2115);
#2562 = PRESENTATION_STYLE_ASSIGNMENT((#2563));
#2563 = SURFACE_STYLE_USAGE(.BOTH.,#2564);
#2564 = SURFACE_SIDE_STYLE('',(#2565,#2568));
#2565 = SURFACE_STYLE_FILL_AREA(#2566);
#2566 = FILL_AREA_STYLE('',(#2567));
#2567 = FILL_AREA_STYLE_COLOUR('',#2122);
#2568 = SURFACE_STYLE_RENDERING_WITH_PROPERTIES(.NORMAL_SHADING.,#2122,(
    #2569));
#2569 = SURFACE_STYLE_TRANSPARENT(1.);
#2570 = OVER_RIDING_STYLED_ITEM('overriding color',(#2571),#1860,#2115);
#2571 = PRESENTATION_STYLE_ASSIGNMENT((#2572));
#2572 = SURFACE_STYLE_USAGE(.BOTH.,#2573);
#2573 = SURFACE_SIDE_STYLE('',(#2574,#2577));
#2574 = SURFACE_STYLE_FILL_AREA(#2575);
#2575 = FILL_AREA_STYLE('',(#2576));
#2576 = FILL_AREA_STYLE_COLOUR('',#2122);
#2577 = SURFACE_STYLE_RENDERING_WITH_PROPERTIES(.NORMAL_SHADING.,#2122,(
    #2578));
#2578 = SURFACE_STYLE_TRANSPARENT(1.);
#2579 = OVER_RIDING_STYLED_ITEM('overriding color',(#2580),#1878,#2115);
#2580 = PRESENTATION_STYLE_ASSIGNMENT((#2581));
#2581 = SURFACE_STYLE_USAGE(.BOTH.,#2582);
#2582 = SURFACE_SIDE_STYLE('',(#2583,#2586));
#2583 = SURFACE_STYLE_FILL_AREA(#2584);
#2584 = FILL_AREA_STYLE('',(#2585));
#2585 = FILL_AREA_STYLE_COLOUR('',#2122);
#2586 = SURFACE_STYLE_RENDERING_WITH_PROPERTIES(.NORMAL_SHADING.,#2122,(
    #2587));
#2587 = SURFACE_STYLE_TRANSPARENT(1.);
#2588 = OVER_RIDING_STYLED_ITEM('overriding color',(#2589),#1895,#2115);
#2589 = PRESENTATION_STYLE_ASSIGNMENT((#2590));
#2590 = SURFACE_STYLE_USAGE(.BOTH.,#2591);
#2591 = SURFACE_SIDE_STYLE('',(#2592,#2595));
#2592 = SURFACE_STYLE_FILL_AREA(#2593);
#2593 = FILL_AREA_STYLE('',(#2594));
#2594 = FILL_AREA_STYLE_COLOUR('',#2122);
#2595 = SURFACE_STYLE_RENDERING_WITH_PROPERTIES(.NORMAL_SHADING.,#2122,(
    #2596));
#2596 = SURFACE_STYLE_TRANSPARENT(1.);
#2597 = OVER_RIDING_STYLED_ITEM('overriding color',(#2598),#1913,#2115);
#2598 = PRESENTATION_STYLE_ASSIGNMENT((#2599));
#2599 = SURFACE_STYLE_USAGE(.BOTH.,#2600);
#2600 = SURFACE_SIDE_STYLE('',(#2601,#2604));
#2601 = SURFACE_STYLE_FILL_AREA(#2602);
#2602 = FILL_AREA_STYLE('',(#2603));
#2603 = FILL_AREA_STYLE_COLOUR('',#2122);
#2604 = SURFACE_STYLE_RENDERING_WITH_PROPERTIES(.NORMAL_SHADING.,#2122,(
    #2605));
#2605 = SURFACE_STYLE_TRANSPARENT(1.);
#2606 = OVER_RIDING_STYLED_ITEM('overriding color',(#2607),#1930,#2115);
#2607 = PRESENTATION_STYLE_ASSIGNMENT((#2608));
#2608 = SURFACE_STYLE_USAGE(.BOTH.,#2609);
#2609 = SURFACE_SIDE_STYLE('',(#2610,#2613));
#2610 = SURFACE_STYLE_FILL_AREA(#2611);
#2611 = FILL_AREA_STYLE('',(#2612));
#2612 = FILL_AREA_STYLE_COLOUR('',#2122);
#2613 = SURFACE_STYLE_RENDERING_WITH_PROPERTIES(.NORMAL_SHADING.,#2122,(
    #2614));
#2614 = SURFACE_STYLE_TRANSPARENT(1.);
#2615 = OVER_RIDING_STYLED_ITEM('overriding color',(#2616),#1947,#2115);
#2616 = PRESENTATION_STYLE_ASSIGNMENT((#2617));
#2617 = SURFACE_STYLE_USAGE(.BOTH.,#2618);
#2618 = SURFACE_SIDE_STYLE('',(#2619,#2622));
#2619 = SURFACE_STYLE_FILL_AREA(#2620);
#2620 = FILL_AREA_STYLE('',(#2621));
#2621 = FILL_AREA_STYLE_COLOUR('',#2122);
#2622 = SURFACE_STYLE_RENDERING_WITH_PROPERTIES(.NORMAL_SHADING.,#2122,(
    #2623));
#2623 = SURFACE_STYLE_TRANSPARENT(1.);
#2624 = OVER_RIDING_STYLED_ITEM('overriding color',(#2625),#1964,#2115);
#2625 = PRESENTATION_STYLE_ASSIGNMENT((#2626));
#2626 = SURFACE_STYLE_USAGE(.BOTH.,#2627);
#2627 = SURFACE_SIDE_STYLE('',(#2628,#2631));
#2628 = SURFACE_STYLE_FILL_AREA(#2629);
#2629 = FILL_AREA_STYLE('',(#2630));
#2630 = FILL_AREA_STYLE_COLOUR('',#2122);
#2631 = SURFACE_STYLE_RENDERING_WITH_PROPERTIES(.NORMAL_SHADING.,#2122,(
    #2632));
#2632 = SURFACE_STYLE_TRANSPARENT(1.);
#2633 = OVER_RIDING_STYLED_ITEM('overriding color',(#2634),#1981,#2115);
#2634 = PRESENTATION_STYLE_ASSIGNMENT((#2635));
#2635 = SURFACE_STYLE_USAGE(.BOTH.,#2636);
#2636 = SURFACE_SIDE_STYLE('',(#2637,#2640));
#2637 = SURFACE_STYLE_FILL_AREA(#2638);
#2638 = FILL_AREA_STYLE('',(#2639));
#2639 = FILL_AREA_STYLE_COLOUR('',#2122);
#2640 = SURFACE_STYLE_RENDERING_WITH_PROPERTIES(.NORMAL_SHADING.,#2122,(
    #2641));
#2641 = SURFACE_STYLE_TRANSPARENT(1.);
#2642 = OVER_RIDING_STYLED_ITEM('overriding color',(#2643),#1998,#2115);
#2643 = PRESENTATION_STYLE_ASSIGNMENT((#2644));
#2644 = SURFACE_STYLE_USAGE(.BOTH.,#2645);
#2645 = SURFACE_SIDE_STYLE('',(#2646,#2649));
#2646 = SURFACE_STYLE_FILL_AREA(#2647);
#2647 = FILL_AREA_STYLE('',(#2648));
#2648 = FILL_AREA_STYLE_COLOUR('',#2122);
#2649 = SURFACE_STYLE_RENDERING_WITH_PROPERTIES(.NORMAL_SHADING.,#2122,(
    #2650));
#2650 = SURFACE_STYLE_TRANSPARENT(1.);
#2651 = OVER_RIDING_STYLED_ITEM('overriding color',(#2652),#2015,#2115);
#2652 = PRESENTATION_STYLE_ASSIGNMENT((#2653));
#2653 = SURFACE_STYLE_USAGE(.BOTH.,#2654);
#2654 = SURFACE_SIDE_STYLE('',(#2655,#2658));
#2655 = SURFACE_STYLE_FILL_AREA(#2656);
#2656 = FILL_AREA_STYLE('',(#2657));
#2657 = FILL_AREA_STYLE_COLOUR('',#2122);
#2658 = SURFACE_STYLE_RENDERING_WITH_PROPERTIES(.NORMAL_SHADING.,#2122,(
    #2659));
#2659 = SURFACE_STYLE_TRANSPARENT(1.);
#2660 = OVER_RIDING_STYLED_ITEM('overriding color',(#2661),#2032,#2115);
#2661 = PRESENTATION_STYLE_ASSIGNMENT((#2662));
#2662 = SURFACE_STYLE_USAGE(.BOTH.,#2663);
#2663 = SURFACE_SIDE_STYLE('',(#2664,#2667));
#2664 = SURFACE_STYLE_FILL_AREA(#2665);
#2665 = FILL_AREA_STYLE('',(#2666));
#2666 = FILL_AREA_STYLE_COLOUR('',#2122);
#2667 = SURFACE_STYLE_RENDERING_WITH_PROPERTIES(.NORMAL_SHADING.,#2122,(
    #2668));
#2668 = SURFACE_STYLE_TRANSPARENT(1.);
#2669 = OVER_RIDING_STYLED_ITEM('overriding color',(#2670),#2049,#2115);
#2670 = PRESENTATION_STYLE_ASSIGNMENT((#2671));
#2671 = SURFACE_STYLE_USAGE(.BOTH.,#2672);
#2672 = SURFACE_SIDE_STYLE('',(#2673,#2676));
#2673 = SURFACE_STYLE_FILL_AREA(#2674);
#2674 = FILL_AREA_STYLE('',(#2675));
#2675 = FILL_AREA_STYLE_COLOUR('',#2122);
#2676 = SURFACE_STYLE_RENDERING_WITH_PROPERTIES(.NORMAL_SHADING.,#2122,(
    #2677));
#2677 = SURFACE_STYLE_TRANSPARENT(1.);
#2678 = OVER_RIDING_STYLED_ITEM('overriding color',(#2679),#2066,#2115);
#2679 = PRESENTATION_STYLE_ASSIGNMENT((#2680));
#2680 = SURFACE_STYLE_USAGE(.BOTH.,#2681);
#2681 = SURFACE_SIDE_STYLE('',(#2682,#2685));
#2682 = SURFACE_STYLE_FILL_AREA(#2683);
#2683 = FILL_AREA_STYLE('',(#2684));
#2684 = FILL_AREA_STYLE_COLOUR('',#2122);
#2685 = SURFACE_STYLE_RENDERING_WITH_PROPERTIES(.NORMAL_SHADING.,#2122,(
    #2686));
#2686 = SURFACE_STYLE_TRANSPARENT(1.);
#2687 = OVER_RIDING_STYLED_ITEM('overriding color',(#2688),#2083,#2115);
#2688 = PRESENTATION_STYLE_ASSIGNMENT((#2689));
#2689 = SURFACE_STYLE_USAGE(.BOTH.,#2690);
#2690 = SURFACE_SIDE_STYLE('',(#2691,#2694));
#2691 = SURFACE_STYLE_FILL_AREA(#2692);
#2692 = FILL_AREA_STYLE('',(#2693));
#2693 = FILL_AREA_STYLE_COLOUR('',#2122);
#2694 = SURFACE_STYLE_RENDERING_WITH_PROPERTIES(.NORMAL_SHADING.,#2122,(
    #2695));
#2695 = SURFACE_STYLE_TRANSPARENT(1.);
#2696 = OVER_RIDING_STYLED_ITEM('overriding color',(#2697),#2095,#2115);
#2697 = PRESENTATION_STYLE_ASSIGNMENT((#2698));
#2698 = SURFACE_STYLE_USAGE(.BOTH.,#2699);
#2699 = SURFACE_SIDE_STYLE('',(#2700,#2703));
#2700 = SURFACE_STYLE_FILL_AREA(#2701);
#2701 = FILL_AREA_STYLE('',(#2702));
#2702 = FILL_AREA_STYLE_COLOUR('',#2122);
#2703 = SURFACE_STYLE_RENDERING_WITH_PROPERTIES(.NORMAL_SHADING.,#2122,(
    #2704));
#2704 = SURFACE_STYLE_TRANSPARENT(1.);
ENDSEC;
END-ISO-10303-21;
