ISO-10303-21;
HEADER;
FILE_DESCRIPTION(('FreeCAD Model'),'2;1');
FILE_NAME('Open CASCADE Shape Model','2025-11-30T09:34:29',(''),(''),
  'Open CASCADE STEP processor 7.8','FreeCAD','Unknown');
FILE_SCHEMA(('AUTOMOTIVE_DESIGN { 1 0 10303 214 1 1 1 1 }'));
ENDSEC;
DATA;
#1 = APPLICATION_PROTOCOL_DEFINITION('international standard',
  'automotive_design',2000,#2);
#2 = APPLICATION_CONTEXT(
  'core data for automotive mechanical design processes');
#3 = SHAPE_DEFINITION_REPRESENTATION(#4,#10);
#4 = PRODUCT_DEFINITION_SHAPE('','',#5);
#5 = PRODUCT_DEFINITION('design','',#6,#9);
#6 = PRODUCT_DEFINITION_FORMATION('','',#7);
#7 = PRODUCT('Width sacrificial layer','Width sacrificial layer','',(#8)
  );
#8 = PRODUCT_CONTEXT('',#2,'mechanical');
#9 = PRODUCT_DEFINITION_CONTEXT('part definition',#2,'design');
#10 = ADVANCED_BREP_SHAPE_REPRESENTATION('',(#11,#15),#9777);
#11 = AXIS2_PLACEMENT_3D('',#12,#13,#14);
#12 = CARTESIAN_POINT('',(0.,0.,0.));
#13 = DIRECTION('',(0.,0.,1.));
#14 = DIRECTION('',(1.,0.,-0.));
#15 = MANIFOLD_SOLID_BREP('',#16);
#16 = CLOSED_SHELL('',(#17,#57,#90,#112,#150,#181,#205,#223,#254,#294,
    #327,#349,#387,#418,#442,#460,#491,#531,#562,#593,#624,#685,#761,
    #792,#823,#866,#970,#1019,#1137,#1168,#1199,#1230,#1327,#1362,#1387,
    #1412,#1510,#1549,#1573,#1604,#1635,#1667,#1685,#1720,#1730,#1748,
    #1758,#1769,#1785,#1858,#1929,#1952,#1983,#2006,#2035,#2092,#2116,
    #2252,#2276,#2309,#2340,#2362,#2380,#2403,#2420,#2451,#2463,#2499,
    #2535,#2552,#2584,#2694,#2710,#2873,#2889,#2921,#2970,#2987,#3009,
    #3040,#3064,#3090,#3107,#3124,#3155,#3179,#3203,#3227,#3244,#3269,
    #3286,#3317,#3342,#3402,#3443,#3459,#3484,#3501,#3523,#3560,#3582,
    #3607,#3631,#3653,#3677,#3742,#3846,#3895,#3926,#3966,#4018,#4066,
    #4118,#4150,#4174,#4191,#4213,#4230,#4247,#4259,#4291,#4315,#4332,
    #4357,#4382,#4470,#4481,#4492,#4587,#4619,#4643,#4660,#4692,#4716,
    #4733,#4765,#4782,#4807,#4839,#4856,#4887,#4911,#4929,#4960,#4984,
    #5002,#5024,#5053,#5082,#5106,#5137,#5159,#5183,#5207,#5224,#5325,
    #5349,#5373,#5390,#5491,#5515,#5539,#5556,#5586,#5604,#5634,#5651,
    #5689,#5717,#5728,#5836,#5863,#5887,#5904,#5927,#5939,#5963,#5975,
    #5987,#5998,#6009,#6026,#6038,#6055,#6067,#6084,#6096,#6128,#6152,
    #6169,#6181,#6212,#6236,#6254,#6276,#6293,#6305,#6321,#6337,#6361,
    #6372,#6396,#6407,#6424,#6462,#6500,#6511,#6801,#6825,#7127,#7138,
    #7155,#7167,#7189,#7206,#7223,#7240,#7257,#7274,#7291,#7303,#7315,
    #7337,#7354,#7371,#7388,#7405,#7422,#7439,#7451,#7463,#7495,#7519,
    #7536,#7568,#7592,#7609,#7631,#7648,#7660,#7682,#7699,#7711,#7742,
    #7767,#7791,#7816,#7840,#7865,#7889,#7907,#7954,#7978,#8018,#8043,
    #8074,#8099,#8123,#8148,#8172,#8197,#8221,#8239,#8286,#8310,#8350,
    #8367,#8399,#8423,#8448,#8472,#8497,#8521,#8546,#8563,#8610,#8634,
    #8674,#8691,#8723,#8747,#8772,#8796,#8821,#8845,#8870,#8887,#8934,
    #8958,#8998,#9015,#9046,#9071,#9095,#9120,#9144,#9169,#9193,#9211,
    #9241,#9258,#9270,#9292,#9319,#9336,#9348,#9375,#9392,#9404,#9436,
    #9460,#9485,#9509,#9534,#9558,#9583,#9600,#9635,#9659,#9677,#9689,
    #9733,#9749,#9763));
#17 = ADVANCED_FACE('',(#18),#52,.F.);
#18 = FACE_BOUND('',#19,.F.);
#19 = EDGE_LOOP('',(#20,#30,#38,#46));
#20 = ORIENTED_EDGE('',*,*,#21,.F.);
#21 = EDGE_CURVE('',#22,#24,#26,.T.);
#22 = VERTEX_POINT('',#23);
#23 = CARTESIAN_POINT('',(17.,-20.5,16.94828261405));
#24 = VERTEX_POINT('',#25);
#25 = CARTESIAN_POINT('',(17.,-19.44368898373,16.386632083933));
#26 = LINE('',#27,#28);
#27 = CARTESIAN_POINT('',(17.,-20.5,16.94828261405));
#28 = VECTOR('',#29,1.);
#29 = DIRECTION('',(-2.084872553647E-16,0.882947592859,-0.469471562786)
  );
#30 = ORIENTED_EDGE('',*,*,#31,.T.);
#31 = EDGE_CURVE('',#22,#32,#34,.T.);
#32 = VERTEX_POINT('',#33);
#33 = CARTESIAN_POINT('',(18.5,-20.5,16.94828261405));
#34 = LINE('',#35,#36);
#35 = CARTESIAN_POINT('',(17.,-20.5,16.94828261405));
#36 = VECTOR('',#37,1.);
#37 = DIRECTION('',(1.,0.,-4.440892098501E-16));
#38 = ORIENTED_EDGE('',*,*,#39,.F.);
#39 = EDGE_CURVE('',#40,#32,#42,.T.);
#40 = VERTEX_POINT('',#41);
#41 = CARTESIAN_POINT('',(18.5,-19.44368898373,16.386632083933));
#42 = LINE('',#43,#44);
#43 = CARTESIAN_POINT('',(18.5,-10.54581941526,11.655550912685));
#44 = VECTOR('',#45,1.);
#45 = DIRECTION('',(0.,-0.882947592859,0.469471562786));
#46 = ORIENTED_EDGE('',*,*,#47,.F.);
#47 = EDGE_CURVE('',#24,#40,#48,.T.);
#48 = LINE('',#49,#50);
#49 = CARTESIAN_POINT('',(17.,-19.44368898373,16.386632083933));
#50 = VECTOR('',#51,1.);
#51 = DIRECTION('',(1.,0.,-4.440892098501E-16));
#52 = PLANE('',#53);
#53 = AXIS2_PLACEMENT_3D('',#54,#55,#56);
#54 = CARTESIAN_POINT('',(17.,-20.5,16.94828261405));
#55 = DIRECTION('',(3.921074988517E-16,0.469471562786,0.882947592859));
#56 = DIRECTION('',(-2.084872553647E-16,0.882947592859,-0.469471562786)
  );
#57 = ADVANCED_FACE('',(#58),#85,.F.);
#58 = FACE_BOUND('',#59,.T.);
#59 = EDGE_LOOP('',(#60,#69,#77,#84));
#60 = ORIENTED_EDGE('',*,*,#61,.F.);
#61 = EDGE_CURVE('',#62,#24,#64,.T.);
#62 = VERTEX_POINT('',#63);
#63 = CARTESIAN_POINT('',(17.,-21.55631101626,16.386632083933));
#64 = CIRCLE('',#65,2.25);
#65 = AXIS2_PLACEMENT_3D('',#66,#67,#68);
#66 = CARTESIAN_POINT('',(17.,-20.5,14.4));
#67 = DIRECTION('',(1.,0.,-4.440892098501E-16));
#68 = DIRECTION('',(-6.162975822039E-33,1.,-1.387778780781E-17));
#69 = ORIENTED_EDGE('',*,*,#70,.T.);
#70 = EDGE_CURVE('',#62,#71,#73,.T.);
#71 = VERTEX_POINT('',#72);
#72 = CARTESIAN_POINT('',(18.5,-21.55631101626,16.386632083933));
#73 = LINE('',#74,#75);
#74 = CARTESIAN_POINT('',(17.,-21.55631101626,16.386632083933));
#75 = VECTOR('',#76,1.);
#76 = DIRECTION('',(1.,0.,-4.440892098501E-16));
#77 = ORIENTED_EDGE('',*,*,#78,.F.);
#78 = EDGE_CURVE('',#40,#71,#79,.T.);
#79 = CIRCLE('',#80,2.25);
#80 = AXIS2_PLACEMENT_3D('',#81,#82,#83);
#81 = CARTESIAN_POINT('',(18.5,-20.5,14.4));
#82 = DIRECTION('',(-1.,0.,4.440892098501E-16));
#83 = DIRECTION('',(-6.162975822039E-33,1.,-1.387778780781E-17));
#84 = ORIENTED_EDGE('',*,*,#47,.F.);
#85 = CYLINDRICAL_SURFACE('',#86,2.25);
#86 = AXIS2_PLACEMENT_3D('',#87,#88,#89);
#87 = CARTESIAN_POINT('',(17.,-20.5,14.4));
#88 = DIRECTION('',(-1.,-0.,4.440892098501E-16));
#89 = DIRECTION('',(-6.162975822039E-33,1.,-1.387778780781E-17));
#90 = ADVANCED_FACE('',(#91),#107,.F.);
#91 = FACE_BOUND('',#92,.F.);
#92 = EDGE_LOOP('',(#93,#99,#100,#106));
#93 = ORIENTED_EDGE('',*,*,#94,.F.);
#94 = EDGE_CURVE('',#62,#22,#95,.T.);
#95 = LINE('',#96,#97);
#96 = CARTESIAN_POINT('',(17.,-21.55631101626,16.386632083933));
#97 = VECTOR('',#98,1.);
#98 = DIRECTION('',(2.084872553647E-16,0.882947592859,0.469471562786));
#99 = ORIENTED_EDGE('',*,*,#70,.T.);
#100 = ORIENTED_EDGE('',*,*,#101,.F.);
#101 = EDGE_CURVE('',#32,#71,#102,.T.);
#102 = LINE('',#103,#104);
#103 = CARTESIAN_POINT('',(18.5,-12.34998089639,21.281724639659));
#104 = VECTOR('',#105,1.);
#105 = DIRECTION('',(0.,-0.882947592859,-0.469471562786));
#106 = ORIENTED_EDGE('',*,*,#31,.F.);
#107 = PLANE('',#108);
#108 = AXIS2_PLACEMENT_3D('',#109,#110,#111);
#109 = CARTESIAN_POINT('',(17.,-21.55631101626,16.386632083933));
#110 = DIRECTION('',(3.921074988517E-16,-0.469471562786,0.882947592859)
  );
#111 = DIRECTION('',(2.084872553647E-16,0.882947592859,0.469471562786));
#112 = ADVANCED_FACE('',(#113,#140),#145,.T.);
#113 = FACE_BOUND('',#114,.T.);
#114 = EDGE_LOOP('',(#115,#125,#134));
#115 = ORIENTED_EDGE('',*,*,#116,.T.);
#116 = EDGE_CURVE('',#117,#119,#121,.T.);
#117 = VERTEX_POINT('',#118);
#118 = CARTESIAN_POINT('',(17.,-20.5,16.933057691858));
#119 = VERTEX_POINT('',#120);
#120 = CARTESIAN_POINT('',(17.,-19.32569490271,16.140978902366));
#121 = LINE('',#122,#123);
#122 = CARTESIAN_POINT('',(17.,-19.94080709653,16.55587731591));
#123 = VECTOR('',#124,1.);
#124 = DIRECTION('',(-2.483315346558E-16,0.829037572555,-0.55919290347)
  );
#125 = ORIENTED_EDGE('',*,*,#126,.T.);
#126 = EDGE_CURVE('',#119,#127,#129,.T.);
#127 = VERTEX_POINT('',#128);
#128 = CARTESIAN_POINT('',(17.,-21.67430509728,16.140978902366));
#129 = CIRCLE('',#130,2.1);
#130 = AXIS2_PLACEMENT_3D('',#131,#132,#133);
#131 = CARTESIAN_POINT('',(17.,-20.5,14.4));
#132 = DIRECTION('',(-1.,0.,4.440892098501E-16));
#133 = DIRECTION('',(3.681666405319E-16,0.559192903471,0.829037572555));
#134 = ORIENTED_EDGE('',*,*,#135,.T.);
#135 = EDGE_CURVE('',#127,#117,#136,.T.);
#136 = LINE('',#137,#138);
#137 = CARTESIAN_POINT('',(17.,-21.67430509728,16.140978902366));
#138 = VECTOR('',#139,1.);
#139 = DIRECTION('',(2.48331534656E-16,0.829037572555,0.559192903471));
#140 = FACE_BOUND('',#141,.T.);
#141 = EDGE_LOOP('',(#142,#143,#144));
#142 = ORIENTED_EDGE('',*,*,#61,.T.);
#143 = ORIENTED_EDGE('',*,*,#21,.F.);
#144 = ORIENTED_EDGE('',*,*,#94,.F.);
#145 = PLANE('',#146);
#146 = AXIS2_PLACEMENT_3D('',#147,#148,#149);
#147 = CARTESIAN_POINT('',(17.,-20.5,14.587967208153));
#148 = DIRECTION('',(1.,0.,-4.440892098501E-16));
#149 = DIRECTION('',(-6.162975822039E-33,1.,-1.387778780781E-17));
#150 = ADVANCED_FACE('',(#151),#176,.F.);
#151 = FACE_BOUND('',#152,.T.);
#152 = EDGE_LOOP('',(#153,#161,#169,#175));
#153 = ORIENTED_EDGE('',*,*,#154,.F.);
#154 = EDGE_CURVE('',#155,#117,#157,.T.);
#155 = VERTEX_POINT('',#156);
#156 = CARTESIAN_POINT('',(16.,-20.5,15.726839743354));
#157 = LINE('',#158,#159);
#158 = CARTESIAN_POINT('',(16.305410480086,-20.5,16.095231346095));
#159 = VECTOR('',#160,1.);
#160 = DIRECTION('',(0.638230619643,-2.333093162513E-13,0.769845228698)
  );
#161 = ORIENTED_EDGE('',*,*,#162,.T.);
#162 = EDGE_CURVE('',#155,#163,#165,.T.);
#163 = VERTEX_POINT('',#164);
#164 = CARTESIAN_POINT('',(16.,-19.88488780618,15.311941329811));
#165 = LINE('',#166,#167);
#166 = CARTESIAN_POINT('',(16.,-20.5,15.726839743354));
#167 = VECTOR('',#168,1.);
#168 = DIRECTION('',(-2.483315346558E-16,0.829037572555,-0.55919290347)
  );
#169 = ORIENTED_EDGE('',*,*,#170,.T.);
#170 = EDGE_CURVE('',#163,#119,#171,.T.);
#171 = LINE('',#172,#173);
#172 = CARTESIAN_POINT('',(16.5,-19.60529135444,15.726460116088));
#173 = VECTOR('',#174,1.);
#174 = DIRECTION('',(0.707106781187,0.395409094035,0.586218089412));
#175 = ORIENTED_EDGE('',*,*,#116,.F.);
#176 = PLANE('',#177);
#177 = AXIS2_PLACEMENT_3D('',#178,#179,#180);
#178 = CARTESIAN_POINT('',(16.5,-20.22040354826,16.141358529632));
#179 = DIRECTION('',(-0.707106781187,0.395409094035,0.586218089412));
#180 = DIRECTION('',(3.593538371183E-16,-0.829037572555,0.55919290347));
#181 = ADVANCED_FACE('',(#182),#200,.F.);
#182 = FACE_BOUND('',#183,.T.);
#183 = EDGE_LOOP('',(#184,#192,#198,#199));
#184 = ORIENTED_EDGE('',*,*,#185,.F.);
#185 = EDGE_CURVE('',#186,#127,#188,.T.);
#186 = VERTEX_POINT('',#187);
#187 = CARTESIAN_POINT('',(16.,-21.11511219381,15.311941329811));
#188 = LINE('',#189,#190);
#189 = CARTESIAN_POINT('',(16.,-21.11511219381,15.311941329811));
#190 = VECTOR('',#191,1.);
#191 = DIRECTION('',(0.707106781187,-0.395409094036,0.586218089412));
#192 = ORIENTED_EDGE('',*,*,#193,.T.);
#193 = EDGE_CURVE('',#186,#155,#194,.T.);
#194 = LINE('',#195,#196);
#195 = CARTESIAN_POINT('',(16.,-21.11511219381,15.311941329811));
#196 = VECTOR('',#197,1.);
#197 = DIRECTION('',(2.48331534656E-16,0.829037572555,0.559192903471));
#198 = ORIENTED_EDGE('',*,*,#154,.T.);
#199 = ORIENTED_EDGE('',*,*,#135,.F.);
#200 = PLANE('',#201);
#201 = AXIS2_PLACEMENT_3D('',#202,#203,#204);
#202 = CARTESIAN_POINT('',(16.5,-21.39470864555,15.726460116088));
#203 = DIRECTION('',(-0.707106781187,-0.395409094035,0.586218089412));
#204 = DIRECTION('',(-2.205759590404E-16,-0.829037572555,-0.559192903471
    ));
#205 = ADVANCED_FACE('',(#206),#218,.F.);
#206 = FACE_BOUND('',#207,.T.);
#207 = EDGE_LOOP('',(#208,#209,#216,#217));
#208 = ORIENTED_EDGE('',*,*,#170,.F.);
#209 = ORIENTED_EDGE('',*,*,#210,.T.);
#210 = EDGE_CURVE('',#163,#186,#211,.T.);
#211 = CIRCLE('',#212,1.1);
#212 = AXIS2_PLACEMENT_3D('',#213,#214,#215);
#213 = CARTESIAN_POINT('',(16.,-20.5,14.4));
#214 = DIRECTION('',(-1.,0.,4.440892098501E-16));
#215 = DIRECTION('',(3.681666405319E-16,0.559192903471,0.829037572555));
#216 = ORIENTED_EDGE('',*,*,#185,.T.);
#217 = ORIENTED_EDGE('',*,*,#126,.F.);
#218 = CONICAL_SURFACE('',#219,1.1,0.785398163397);
#219 = AXIS2_PLACEMENT_3D('',#220,#221,#222);
#220 = CARTESIAN_POINT('',(16.,-20.5,14.4));
#221 = DIRECTION('',(1.,0.,-4.440892098501E-16));
#222 = DIRECTION('',(3.681666405319E-16,0.559192903471,0.829037572555));
#223 = ADVANCED_FACE('',(#224),#249,.F.);
#224 = FACE_BOUND('',#225,.F.);
#225 = EDGE_LOOP('',(#226,#234,#242,#248));
#226 = ORIENTED_EDGE('',*,*,#227,.F.);
#227 = EDGE_CURVE('',#228,#163,#230,.T.);
#228 = VERTEX_POINT('',#229);
#229 = CARTESIAN_POINT('',(14.5,-19.88488780618,15.311941329811));
#230 = LINE('',#231,#232);
#231 = CARTESIAN_POINT('',(14.5,-19.88488780618,15.311941329811));
#232 = VECTOR('',#233,1.);
#233 = DIRECTION('',(1.,0.,-4.440892098501E-16));
#234 = ORIENTED_EDGE('',*,*,#235,.F.);
#235 = EDGE_CURVE('',#236,#228,#238,.T.);
#236 = VERTEX_POINT('',#237);
#237 = CARTESIAN_POINT('',(14.5,-20.5,15.726839743354));
#238 = LINE('',#239,#240);
#239 = CARTESIAN_POINT('',(14.5,-20.5,15.726839743354));
#240 = VECTOR('',#241,1.);
#241 = DIRECTION('',(-2.483315346558E-16,0.829037572555,-0.55919290347)
  );
#242 = ORIENTED_EDGE('',*,*,#243,.T.);
#243 = EDGE_CURVE('',#236,#155,#244,.T.);
#244 = LINE('',#245,#246);
#245 = CARTESIAN_POINT('',(14.5,-20.5,15.726839743354));
#246 = VECTOR('',#247,1.);
#247 = DIRECTION('',(1.,0.,-4.440892098501E-16));
#248 = ORIENTED_EDGE('',*,*,#162,.T.);
#249 = PLANE('',#250);
#250 = AXIS2_PLACEMENT_3D('',#251,#252,#253);
#251 = CARTESIAN_POINT('',(14.5,-20.5,15.726839743354));
#252 = DIRECTION('',(3.681666405322E-16,0.55919290347,0.829037572555));
#253 = DIRECTION('',(-2.483315346558E-16,0.829037572555,-0.55919290347)
  );
#254 = ADVANCED_FACE('',(#255),#289,.F.);
#255 = FACE_BOUND('',#256,.F.);
#256 = EDGE_LOOP('',(#257,#267,#275,#283));
#257 = ORIENTED_EDGE('',*,*,#258,.F.);
#258 = EDGE_CURVE('',#259,#261,#263,.T.);
#259 = VERTEX_POINT('',#260);
#260 = CARTESIAN_POINT('',(17.,-8.5,16.94828261405));
#261 = VERTEX_POINT('',#262);
#262 = CARTESIAN_POINT('',(17.,-7.443688983732,16.386632083933));
#263 = LINE('',#264,#265);
#264 = CARTESIAN_POINT('',(17.,-8.5,16.94828261405));
#265 = VECTOR('',#266,1.);
#266 = DIRECTION('',(-2.084872553647E-16,0.882947592859,-0.469471562786)
  );
#267 = ORIENTED_EDGE('',*,*,#268,.T.);
#268 = EDGE_CURVE('',#259,#269,#271,.T.);
#269 = VERTEX_POINT('',#270);
#270 = CARTESIAN_POINT('',(18.5,-8.5,16.94828261405));
#271 = LINE('',#272,#273);
#272 = CARTESIAN_POINT('',(17.,-8.5,16.94828261405));
#273 = VECTOR('',#274,1.);
#274 = DIRECTION('',(1.,0.,-4.440892098501E-16));
#275 = ORIENTED_EDGE('',*,*,#276,.F.);
#276 = EDGE_CURVE('',#277,#269,#279,.T.);
#277 = VERTEX_POINT('',#278);
#278 = CARTESIAN_POINT('',(18.5,-7.443688983732,16.386632083933));
#279 = LINE('',#280,#281);
#280 = CARTESIAN_POINT('',(18.5,-3.223398125677,14.14266363035));
#281 = VECTOR('',#282,1.);
#282 = DIRECTION('',(0.,-0.882947592859,0.469471562786));
#283 = ORIENTED_EDGE('',*,*,#284,.F.);
#284 = EDGE_CURVE('',#261,#277,#285,.T.);
#285 = LINE('',#286,#287);
#286 = CARTESIAN_POINT('',(17.,-7.443688983732,16.386632083933));
#287 = VECTOR('',#288,1.);
#288 = DIRECTION('',(1.,0.,-4.440892098501E-16));
#289 = PLANE('',#290);
#290 = AXIS2_PLACEMENT_3D('',#291,#292,#293);
#291 = CARTESIAN_POINT('',(17.,-8.5,16.94828261405));
#292 = DIRECTION('',(3.921074988517E-16,0.469471562786,0.882947592859));
#293 = DIRECTION('',(-2.084872553647E-16,0.882947592859,-0.469471562786)
  );
#294 = ADVANCED_FACE('',(#295),#322,.F.);
#295 = FACE_BOUND('',#296,.T.);
#296 = EDGE_LOOP('',(#297,#306,#314,#321));
#297 = ORIENTED_EDGE('',*,*,#298,.F.);
#298 = EDGE_CURVE('',#299,#261,#301,.T.);
#299 = VERTEX_POINT('',#300);
#300 = CARTESIAN_POINT('',(17.,-9.556311016268,16.386632083933));
#301 = CIRCLE('',#302,2.25);
#302 = AXIS2_PLACEMENT_3D('',#303,#304,#305);
#303 = CARTESIAN_POINT('',(17.,-8.5,14.4));
#304 = DIRECTION('',(1.,0.,-4.440892098501E-16));
#305 = DIRECTION('',(-6.162975822039E-33,1.,-1.387778780781E-17));
#306 = ORIENTED_EDGE('',*,*,#307,.T.);
#307 = EDGE_CURVE('',#299,#308,#310,.T.);
#308 = VERTEX_POINT('',#309);
#309 = CARTESIAN_POINT('',(18.5,-9.556311016268,16.386632083933));
#310 = LINE('',#311,#312);
#311 = CARTESIAN_POINT('',(17.,-9.556311016268,16.386632083933));
#312 = VECTOR('',#313,1.);
#313 = DIRECTION('',(1.,0.,-4.440892098501E-16));
#314 = ORIENTED_EDGE('',*,*,#315,.F.);
#315 = EDGE_CURVE('',#277,#308,#316,.T.);
#316 = CIRCLE('',#317,2.25);
#317 = AXIS2_PLACEMENT_3D('',#318,#319,#320);
#318 = CARTESIAN_POINT('',(18.5,-8.5,14.4));
#319 = DIRECTION('',(-1.,0.,4.440892098501E-16));
#320 = DIRECTION('',(-6.162975822039E-33,1.,-1.387778780781E-17));
#321 = ORIENTED_EDGE('',*,*,#284,.F.);
#322 = CYLINDRICAL_SURFACE('',#323,2.25);
#323 = AXIS2_PLACEMENT_3D('',#324,#325,#326);
#324 = CARTESIAN_POINT('',(17.,-8.5,14.4));
#325 = DIRECTION('',(-1.,-0.,4.440892098501E-16));
#326 = DIRECTION('',(-6.162975822039E-33,1.,-1.387778780781E-17));
#327 = ADVANCED_FACE('',(#328),#344,.F.);
#328 = FACE_BOUND('',#329,.F.);
#329 = EDGE_LOOP('',(#330,#336,#337,#343));
#330 = ORIENTED_EDGE('',*,*,#331,.F.);
#331 = EDGE_CURVE('',#299,#259,#332,.T.);
#332 = LINE('',#333,#334);
#333 = CARTESIAN_POINT('',(17.,-9.556311016268,16.386632083933));
#334 = VECTOR('',#335,1.);
#335 = DIRECTION('',(2.084872553647E-16,0.882947592859,0.469471562786));
#336 = ORIENTED_EDGE('',*,*,#307,.T.);
#337 = ORIENTED_EDGE('',*,*,#338,.F.);
#338 = EDGE_CURVE('',#269,#308,#339,.T.);
#339 = LINE('',#340,#341);
#340 = CARTESIAN_POINT('',(18.5,-5.027559606806,18.794611921994));
#341 = VECTOR('',#342,1.);
#342 = DIRECTION('',(0.,-0.882947592859,-0.469471562786));
#343 = ORIENTED_EDGE('',*,*,#268,.F.);
#344 = PLANE('',#345);
#345 = AXIS2_PLACEMENT_3D('',#346,#347,#348);
#346 = CARTESIAN_POINT('',(17.,-9.556311016268,16.386632083933));
#347 = DIRECTION('',(3.921074988517E-16,-0.469471562786,0.882947592859)
  );
#348 = DIRECTION('',(2.084872553647E-16,0.882947592859,0.469471562786));
#349 = ADVANCED_FACE('',(#350,#377),#382,.T.);
#350 = FACE_BOUND('',#351,.T.);
#351 = EDGE_LOOP('',(#352,#362,#371));
#352 = ORIENTED_EDGE('',*,*,#353,.T.);
#353 = EDGE_CURVE('',#354,#356,#358,.T.);
#354 = VERTEX_POINT('',#355);
#355 = CARTESIAN_POINT('',(17.,-8.5,16.933057691858));
#356 = VERTEX_POINT('',#357);
#357 = CARTESIAN_POINT('',(17.,-7.325694902712,16.140978902366));
#358 = LINE('',#359,#360);
#359 = CARTESIAN_POINT('',(17.,-7.94080709653,16.55587731591));
#360 = VECTOR('',#361,1.);
#361 = DIRECTION('',(-2.483315346558E-16,0.829037572555,-0.55919290347)
  );
#362 = ORIENTED_EDGE('',*,*,#363,.T.);
#363 = EDGE_CURVE('',#356,#364,#366,.T.);
#364 = VERTEX_POINT('',#365);
#365 = CARTESIAN_POINT('',(17.,-9.674305097289,16.140978902366));
#366 = CIRCLE('',#367,2.1);
#367 = AXIS2_PLACEMENT_3D('',#368,#369,#370);
#368 = CARTESIAN_POINT('',(17.,-8.5,14.4));
#369 = DIRECTION('',(-1.,0.,4.440892098501E-16));
#370 = DIRECTION('',(3.681666405319E-16,0.559192903471,0.829037572555));
#371 = ORIENTED_EDGE('',*,*,#372,.T.);
#372 = EDGE_CURVE('',#364,#354,#373,.T.);
#373 = LINE('',#374,#375);
#374 = CARTESIAN_POINT('',(17.,-9.674305097288,16.140978902366));
#375 = VECTOR('',#376,1.);
#376 = DIRECTION('',(2.48331534656E-16,0.829037572555,0.559192903471));
#377 = FACE_BOUND('',#378,.T.);
#378 = EDGE_LOOP('',(#379,#380,#381));
#379 = ORIENTED_EDGE('',*,*,#298,.T.);
#380 = ORIENTED_EDGE('',*,*,#258,.F.);
#381 = ORIENTED_EDGE('',*,*,#331,.F.);
#382 = PLANE('',#383);
#383 = AXIS2_PLACEMENT_3D('',#384,#385,#386);
#384 = CARTESIAN_POINT('',(17.,-8.5,14.587967208153));
#385 = DIRECTION('',(1.,0.,-4.440892098501E-16));
#386 = DIRECTION('',(-6.162975822039E-33,1.,-1.387778780781E-17));
#387 = ADVANCED_FACE('',(#388),#413,.F.);
#388 = FACE_BOUND('',#389,.T.);
#389 = EDGE_LOOP('',(#390,#398,#406,#412));
#390 = ORIENTED_EDGE('',*,*,#391,.F.);
#391 = EDGE_CURVE('',#392,#354,#394,.T.);
#392 = VERTEX_POINT('',#393);
#393 = CARTESIAN_POINT('',(16.,-8.5,15.726839743354));
#394 = LINE('',#395,#396);
#395 = CARTESIAN_POINT('',(16.305410480086,-8.5,16.095231346095));
#396 = VECTOR('',#397,1.);
#397 = DIRECTION('',(0.638230619643,-2.333093162513E-13,0.769845228698)
  );
#398 = ORIENTED_EDGE('',*,*,#399,.T.);
#399 = EDGE_CURVE('',#392,#400,#402,.T.);
#400 = VERTEX_POINT('',#401);
#401 = CARTESIAN_POINT('',(16.,-7.884887806182,15.311941329811));
#402 = LINE('',#403,#404);
#403 = CARTESIAN_POINT('',(16.,-8.5,15.726839743354));
#404 = VECTOR('',#405,1.);
#405 = DIRECTION('',(-2.483315346558E-16,0.829037572555,-0.55919290347)
  );
#406 = ORIENTED_EDGE('',*,*,#407,.T.);
#407 = EDGE_CURVE('',#400,#356,#408,.T.);
#408 = LINE('',#409,#410);
#409 = CARTESIAN_POINT('',(16.5,-7.605291354447,15.726460116088));
#410 = VECTOR('',#411,1.);
#411 = DIRECTION('',(0.707106781187,0.395409094035,0.586218089412));
#412 = ORIENTED_EDGE('',*,*,#353,.F.);
#413 = PLANE('',#414);
#414 = AXIS2_PLACEMENT_3D('',#415,#416,#417);
#415 = CARTESIAN_POINT('',(16.5,-8.220403548265,16.141358529632));
#416 = DIRECTION('',(-0.707106781187,0.395409094035,0.586218089412));
#417 = DIRECTION('',(3.593538371183E-16,-0.829037572555,0.55919290347));
#418 = ADVANCED_FACE('',(#419),#437,.F.);
#419 = FACE_BOUND('',#420,.T.);
#420 = EDGE_LOOP('',(#421,#429,#435,#436));
#421 = ORIENTED_EDGE('',*,*,#422,.F.);
#422 = EDGE_CURVE('',#423,#364,#425,.T.);
#423 = VERTEX_POINT('',#424);
#424 = CARTESIAN_POINT('',(16.,-9.115112193818,15.311941329811));
#425 = LINE('',#426,#427);
#426 = CARTESIAN_POINT('',(16.,-9.115112193818,15.311941329811));
#427 = VECTOR('',#428,1.);
#428 = DIRECTION('',(0.707106781187,-0.395409094036,0.586218089412));
#429 = ORIENTED_EDGE('',*,*,#430,.T.);
#430 = EDGE_CURVE('',#423,#392,#431,.T.);
#431 = LINE('',#432,#433);
#432 = CARTESIAN_POINT('',(16.,-9.115112193818,15.311941329811));
#433 = VECTOR('',#434,1.);
#434 = DIRECTION('',(2.48331534656E-16,0.829037572555,0.559192903471));
#435 = ORIENTED_EDGE('',*,*,#391,.T.);
#436 = ORIENTED_EDGE('',*,*,#372,.F.);
#437 = PLANE('',#438);
#438 = AXIS2_PLACEMENT_3D('',#439,#440,#441);
#439 = CARTESIAN_POINT('',(16.5,-9.394708645553,15.726460116088));
#440 = DIRECTION('',(-0.707106781187,-0.395409094035,0.586218089412));
#441 = DIRECTION('',(-2.205759590404E-16,-0.829037572555,-0.559192903471
    ));
#442 = ADVANCED_FACE('',(#443),#455,.F.);
#443 = FACE_BOUND('',#444,.T.);
#444 = EDGE_LOOP('',(#445,#446,#453,#454));
#445 = ORIENTED_EDGE('',*,*,#407,.F.);
#446 = ORIENTED_EDGE('',*,*,#447,.T.);
#447 = EDGE_CURVE('',#400,#423,#448,.T.);
#448 = CIRCLE('',#449,1.1);
#449 = AXIS2_PLACEMENT_3D('',#450,#451,#452);
#450 = CARTESIAN_POINT('',(16.,-8.5,14.4));
#451 = DIRECTION('',(-1.,0.,4.440892098501E-16));
#452 = DIRECTION('',(3.681666405319E-16,0.559192903471,0.829037572555));
#453 = ORIENTED_EDGE('',*,*,#422,.T.);
#454 = ORIENTED_EDGE('',*,*,#363,.F.);
#455 = CONICAL_SURFACE('',#456,1.1,0.785398163397);
#456 = AXIS2_PLACEMENT_3D('',#457,#458,#459);
#457 = CARTESIAN_POINT('',(16.,-8.5,14.4));
#458 = DIRECTION('',(1.,0.,-4.440892098501E-16));
#459 = DIRECTION('',(3.681666405319E-16,0.559192903471,0.829037572555));
#460 = ADVANCED_FACE('',(#461),#486,.F.);
#461 = FACE_BOUND('',#462,.F.);
#462 = EDGE_LOOP('',(#463,#471,#479,#485));
#463 = ORIENTED_EDGE('',*,*,#464,.F.);
#464 = EDGE_CURVE('',#465,#400,#467,.T.);
#465 = VERTEX_POINT('',#466);
#466 = CARTESIAN_POINT('',(14.5,-7.884887806182,15.311941329811));
#467 = LINE('',#468,#469);
#468 = CARTESIAN_POINT('',(14.5,-7.884887806182,15.311941329811));
#469 = VECTOR('',#470,1.);
#470 = DIRECTION('',(1.,0.,-4.440892098501E-16));
#471 = ORIENTED_EDGE('',*,*,#472,.F.);
#472 = EDGE_CURVE('',#473,#465,#475,.T.);
#473 = VERTEX_POINT('',#474);
#474 = CARTESIAN_POINT('',(14.5,-8.5,15.726839743354));
#475 = LINE('',#476,#477);
#476 = CARTESIAN_POINT('',(14.5,-8.5,15.726839743354));
#477 = VECTOR('',#478,1.);
#478 = DIRECTION('',(-2.483315346558E-16,0.829037572555,-0.55919290347)
  );
#479 = ORIENTED_EDGE('',*,*,#480,.T.);
#480 = EDGE_CURVE('',#473,#392,#481,.T.);
#481 = LINE('',#482,#483);
#482 = CARTESIAN_POINT('',(14.5,-8.5,15.726839743354));
#483 = VECTOR('',#484,1.);
#484 = DIRECTION('',(1.,0.,-4.440892098501E-16));
#485 = ORIENTED_EDGE('',*,*,#399,.T.);
#486 = PLANE('',#487);
#487 = AXIS2_PLACEMENT_3D('',#488,#489,#490);
#488 = CARTESIAN_POINT('',(14.5,-8.5,15.726839743354));
#489 = DIRECTION('',(3.681666405322E-16,0.55919290347,0.829037572555));
#490 = DIRECTION('',(-2.483315346558E-16,0.829037572555,-0.55919290347)
  );
#491 = ADVANCED_FACE('',(#492),#526,.T.);
#492 = FACE_BOUND('',#493,.F.);
#493 = EDGE_LOOP('',(#494,#504,#512,#520));
#494 = ORIENTED_EDGE('',*,*,#495,.T.);
#495 = EDGE_CURVE('',#496,#498,#500,.T.);
#496 = VERTEX_POINT('',#497);
#497 = CARTESIAN_POINT('',(16.5,-23.5,35.24));
#498 = VERTEX_POINT('',#499);
#499 = CARTESIAN_POINT('',(16.5,28.8,35.24));
#500 = LINE('',#501,#502);
#501 = CARTESIAN_POINT('',(16.5,-24.,35.24));
#502 = VECTOR('',#503,1.);
#503 = DIRECTION('',(0.,1.,0.));
#504 = ORIENTED_EDGE('',*,*,#505,.F.);
#505 = EDGE_CURVE('',#506,#498,#508,.T.);
#506 = VERTEX_POINT('',#507);
#507 = CARTESIAN_POINT('',(18.5,28.8,33.24));
#508 = LINE('',#509,#510);
#509 = CARTESIAN_POINT('',(18.,28.8,33.74));
#510 = VECTOR('',#511,1.);
#511 = DIRECTION('',(-0.707106781187,2.499851492299E-15,0.707106781187)
  );
#512 = ORIENTED_EDGE('',*,*,#513,.F.);
#513 = EDGE_CURVE('',#514,#506,#516,.T.);
#514 = VERTEX_POINT('',#515);
#515 = CARTESIAN_POINT('',(18.5,-23.5,33.24));
#516 = LINE('',#517,#518);
#517 = CARTESIAN_POINT('',(18.5,-24.,33.24));
#518 = VECTOR('',#519,1.);
#519 = DIRECTION('',(0.,1.,0.));
#520 = ORIENTED_EDGE('',*,*,#521,.F.);
#521 = EDGE_CURVE('',#496,#514,#522,.T.);
#522 = LINE('',#523,#524);
#523 = CARTESIAN_POINT('',(17.125,-23.5,34.615));
#524 = VECTOR('',#525,1.);
#525 = DIRECTION('',(0.707106781187,0.,-0.707106781187));
#526 = PLANE('',#527);
#527 = AXIS2_PLACEMENT_3D('',#528,#529,#530);
#528 = CARTESIAN_POINT('',(17.5,-24.,34.24));
#529 = DIRECTION('',(0.707106781187,0.,0.707106781187));
#530 = DIRECTION('',(0.,-1.,0.));
#531 = ADVANCED_FACE('',(#532),#557,.T.);
#532 = FACE_BOUND('',#533,.T.);
#533 = EDGE_LOOP('',(#534,#542,#550,#556));
#534 = ORIENTED_EDGE('',*,*,#535,.F.);
#535 = EDGE_CURVE('',#536,#496,#538,.T.);
#536 = VERTEX_POINT('',#537);
#537 = CARTESIAN_POINT('',(16.5,-24.,34.74));
#538 = LINE('',#539,#540);
#539 = CARTESIAN_POINT('',(16.5,-23.875,34.865));
#540 = VECTOR('',#541,1.);
#541 = DIRECTION('',(0.,0.707106781187,0.707106781187));
#542 = ORIENTED_EDGE('',*,*,#543,.T.);
#543 = EDGE_CURVE('',#536,#544,#546,.T.);
#544 = VERTEX_POINT('',#545);
#545 = CARTESIAN_POINT('',(18.,-24.,33.24));
#546 = LINE('',#547,#548);
#547 = CARTESIAN_POINT('',(20.999869252471,-24.,30.240130747529));
#548 = VECTOR('',#549,1.);
#549 = DIRECTION('',(0.707106781187,0.,-0.707106781187));
#550 = ORIENTED_EDGE('',*,*,#551,.T.);
#551 = EDGE_CURVE('',#544,#514,#552,.T.);
#552 = LINE('',#553,#554);
#553 = CARTESIAN_POINT('',(17.75,-24.25,33.24));
#554 = VECTOR('',#555,1.);
#555 = DIRECTION('',(0.707106781187,0.707106781187,0.));
#556 = ORIENTED_EDGE('',*,*,#521,.F.);
#557 = PLANE('',#558);
#558 = AXIS2_PLACEMENT_3D('',#559,#560,#561);
#559 = CARTESIAN_POINT('',(16.5,-24.,34.74));
#560 = DIRECTION('',(0.57735026919,-0.57735026919,0.57735026919));
#561 = DIRECTION('',(0.707106781187,0.,-0.707106781187));
#562 = ADVANCED_FACE('',(#563),#588,.T.);
#563 = FACE_BOUND('',#564,.F.);
#564 = EDGE_LOOP('',(#565,#575,#581,#582));
#565 = ORIENTED_EDGE('',*,*,#566,.T.);
#566 = EDGE_CURVE('',#567,#569,#571,.T.);
#567 = VERTEX_POINT('',#568);
#568 = CARTESIAN_POINT('',(18.5,-23.5,7.5));
#569 = VERTEX_POINT('',#570);
#570 = CARTESIAN_POINT('',(18.,-24.,7.));
#571 = LINE('',#572,#573);
#572 = CARTESIAN_POINT('',(15.375,-26.625,4.375));
#573 = VECTOR('',#574,1.);
#574 = DIRECTION('',(-0.57735026919,-0.57735026919,-0.57735026919));
#575 = ORIENTED_EDGE('',*,*,#576,.T.);
#576 = EDGE_CURVE('',#569,#544,#577,.T.);
#577 = LINE('',#578,#579);
#578 = CARTESIAN_POINT('',(18.,-24.,-7.5));
#579 = VECTOR('',#580,1.);
#580 = DIRECTION('',(0.,0.,1.));
#581 = ORIENTED_EDGE('',*,*,#551,.T.);
#582 = ORIENTED_EDGE('',*,*,#583,.F.);
#583 = EDGE_CURVE('',#567,#514,#584,.T.);
#584 = LINE('',#585,#586);
#585 = CARTESIAN_POINT('',(18.5,-23.5,-7.5));
#586 = VECTOR('',#587,1.);
#587 = DIRECTION('',(0.,0.,1.));
#588 = PLANE('',#589);
#589 = AXIS2_PLACEMENT_3D('',#590,#591,#592);
#590 = CARTESIAN_POINT('',(18.25,-23.75,-7.5));
#591 = DIRECTION('',(0.707106781187,-0.707106781187,0.));
#592 = DIRECTION('',(-0.,-0.,-1.));
#593 = ADVANCED_FACE('',(#594),#619,.F.);
#594 = FACE_BOUND('',#595,.T.);
#595 = EDGE_LOOP('',(#596,#597,#605,#613));
#596 = ORIENTED_EDGE('',*,*,#566,.T.);
#597 = ORIENTED_EDGE('',*,*,#598,.T.);
#598 = EDGE_CURVE('',#569,#599,#601,.T.);
#599 = VERTEX_POINT('',#600);
#600 = CARTESIAN_POINT('',(27.75,-24.,7.));
#601 = LINE('',#602,#603);
#602 = CARTESIAN_POINT('',(15.75,-24.,7.));
#603 = VECTOR('',#604,1.);
#604 = DIRECTION('',(1.,0.,0.));
#605 = ORIENTED_EDGE('',*,*,#606,.T.);
#606 = EDGE_CURVE('',#599,#607,#609,.T.);
#607 = VERTEX_POINT('',#608);
#608 = CARTESIAN_POINT('',(27.75,-23.5,7.5));
#609 = LINE('',#610,#611);
#610 = CARTESIAN_POINT('',(27.75,-23.875,7.125));
#611 = VECTOR('',#612,1.);
#612 = DIRECTION('',(-2.5E-15,0.707106781187,0.707106781187));
#613 = ORIENTED_EDGE('',*,*,#614,.F.);
#614 = EDGE_CURVE('',#567,#607,#615,.T.);
#615 = LINE('',#616,#617);
#616 = CARTESIAN_POINT('',(15.75,-23.5,7.5));
#617 = VECTOR('',#618,1.);
#618 = DIRECTION('',(1.,0.,0.));
#619 = PLANE('',#620);
#620 = AXIS2_PLACEMENT_3D('',#621,#622,#623);
#621 = CARTESIAN_POINT('',(15.75,-23.75,7.25));
#622 = DIRECTION('',(0.,0.707106781187,-0.707106781187));
#623 = DIRECTION('',(-1.,-0.,-0.));
#624 = ADVANCED_FACE('',(#625,#669),#680,.F.);
#625 = FACE_BOUND('',#626,.F.);
#626 = EDGE_LOOP('',(#627,#637,#646,#655,#663));
#627 = ORIENTED_EDGE('',*,*,#628,.T.);
#628 = EDGE_CURVE('',#629,#631,#633,.T.);
#629 = VERTEX_POINT('',#630);
#630 = CARTESIAN_POINT('',(-6.5,18.325,12.03));
#631 = VERTEX_POINT('',#632);
#632 = CARTESIAN_POINT('',(-1.,18.325,12.03));
#633 = LINE('',#634,#635);
#634 = CARTESIAN_POINT('',(-11.,18.325,12.03));
#635 = VECTOR('',#636,1.);
#636 = DIRECTION('',(1.,0.,0.));
#637 = ORIENTED_EDGE('',*,*,#638,.T.);
#638 = EDGE_CURVE('',#631,#639,#641,.T.);
#639 = VERTEX_POINT('',#640);
#640 = CARTESIAN_POINT('',(6.9,18.325,4.13));
#641 = CIRCLE('',#642,7.9);
#642 = AXIS2_PLACEMENT_3D('',#643,#644,#645);
#643 = CARTESIAN_POINT('',(-1.,18.325,4.13));
#644 = DIRECTION('',(0.,1.,-2.22044604925E-16));
#645 = DIRECTION('',(1.,0.,0.));
#646 = ORIENTED_EDGE('',*,*,#647,.T.);
#647 = EDGE_CURVE('',#639,#648,#650,.T.);
#648 = VERTEX_POINT('',#649);
#649 = CARTESIAN_POINT('',(-1.,18.325,-3.77));
#650 = CIRCLE('',#651,7.9);
#651 = AXIS2_PLACEMENT_3D('',#652,#653,#654);
#652 = CARTESIAN_POINT('',(-1.,18.325,4.13));
#653 = DIRECTION('',(0.,1.,-2.22044604925E-16));
#654 = DIRECTION('',(1.,0.,0.));
#655 = ORIENTED_EDGE('',*,*,#656,.F.);
#656 = EDGE_CURVE('',#657,#648,#659,.T.);
#657 = VERTEX_POINT('',#658);
#658 = CARTESIAN_POINT('',(-6.5,18.325,-3.77));
#659 = LINE('',#660,#661);
#660 = CARTESIAN_POINT('',(-11.,18.325,-3.77));
#661 = VECTOR('',#662,1.);
#662 = DIRECTION('',(1.,0.,0.));
#663 = ORIENTED_EDGE('',*,*,#664,.T.);
#664 = EDGE_CURVE('',#657,#629,#665,.T.);
#665 = LINE('',#666,#667);
#666 = CARTESIAN_POINT('',(-6.5,18.325,-1.685));
#667 = VECTOR('',#668,1.);
#668 = DIRECTION('',(0.,0.,1.));
#669 = FACE_BOUND('',#670,.F.);
#670 = EDGE_LOOP('',(#671));
#671 = ORIENTED_EDGE('',*,*,#672,.T.);
#672 = EDGE_CURVE('',#673,#673,#675,.T.);
#673 = VERTEX_POINT('',#674);
#674 = CARTESIAN_POINT('',(2.6,18.325,4.13));
#675 = CIRCLE('',#676,3.6);
#676 = AXIS2_PLACEMENT_3D('',#677,#678,#679);
#677 = CARTESIAN_POINT('',(-1.,18.325,4.13));
#678 = DIRECTION('',(0.,-1.,2.22044604925E-16));
#679 = DIRECTION('',(1.,0.,0.));
#680 = PLANE('',#681);
#681 = AXIS2_PLACEMENT_3D('',#682,#683,#684);
#682 = CARTESIAN_POINT('',(-3.27779492804,18.325,4.13));
#683 = DIRECTION('',(0.,1.,0.));
#684 = DIRECTION('',(0.,0.,1.));
#685 = ADVANCED_FACE('',(#686),#756,.F.);
#686 = FACE_BOUND('',#687,.T.);
#687 = EDGE_LOOP('',(#688,#698,#707,#715,#724,#730,#731,#732,#740,#749)
  );
#688 = ORIENTED_EDGE('',*,*,#689,.T.);
#689 = EDGE_CURVE('',#690,#692,#694,.T.);
#690 = VERTEX_POINT('',#691);
#691 = CARTESIAN_POINT('',(-1.,9.675,12.03));
#692 = VERTEX_POINT('',#693);
#693 = CARTESIAN_POINT('',(-1.,10.25,12.03));
#694 = LINE('',#695,#696);
#695 = CARTESIAN_POINT('',(-1.,9.675,12.03));
#696 = VECTOR('',#697,1.);
#697 = DIRECTION('',(0.,1.,0.));
#698 = ORIENTED_EDGE('',*,*,#699,.F.);
#699 = EDGE_CURVE('',#700,#692,#702,.T.);
#700 = VERTEX_POINT('',#701);
#701 = CARTESIAN_POINT('',(6.145145204963,10.25,7.5));
#702 = CIRCLE('',#703,7.9);
#703 = AXIS2_PLACEMENT_3D('',#704,#705,#706);
#704 = CARTESIAN_POINT('',(-1.,10.25,4.13));
#705 = DIRECTION('',(0.,-1.,2.22044604925E-16));
#706 = DIRECTION('',(1.,0.,0.));
#707 = ORIENTED_EDGE('',*,*,#708,.F.);
#708 = EDGE_CURVE('',#709,#700,#711,.T.);
#709 = VERTEX_POINT('',#710);
#710 = CARTESIAN_POINT('',(6.145145204963,17.75,7.5));
#711 = LINE('',#712,#713);
#712 = CARTESIAN_POINT('',(6.145145204963,9.675,7.5));
#713 = VECTOR('',#714,1.);
#714 = DIRECTION('',(0.,-1.,2.22044604925E-16));
#715 = ORIENTED_EDGE('',*,*,#716,.T.);
#716 = EDGE_CURVE('',#709,#717,#719,.T.);
#717 = VERTEX_POINT('',#718);
#718 = CARTESIAN_POINT('',(-1.,17.75,12.03));
#719 = CIRCLE('',#720,7.9);
#720 = AXIS2_PLACEMENT_3D('',#721,#722,#723);
#721 = CARTESIAN_POINT('',(-1.,17.75,4.13));
#722 = DIRECTION('',(0.,-1.,2.22044604925E-16));
#723 = DIRECTION('',(1.,0.,0.));
#724 = ORIENTED_EDGE('',*,*,#725,.T.);
#725 = EDGE_CURVE('',#717,#631,#726,.T.);
#726 = LINE('',#727,#728);
#727 = CARTESIAN_POINT('',(-1.,9.675,12.03));
#728 = VECTOR('',#729,1.);
#729 = DIRECTION('',(0.,1.,0.));
#730 = ORIENTED_EDGE('',*,*,#638,.T.);
#731 = ORIENTED_EDGE('',*,*,#647,.T.);
#732 = ORIENTED_EDGE('',*,*,#733,.F.);
#733 = EDGE_CURVE('',#734,#648,#736,.T.);
#734 = VERTEX_POINT('',#735);
#735 = CARTESIAN_POINT('',(-1.,9.675,-3.77));
#736 = LINE('',#737,#738);
#737 = CARTESIAN_POINT('',(-1.,9.675,-3.77));
#738 = VECTOR('',#739,1.);
#739 = DIRECTION('',(0.,1.,0.));
#740 = ORIENTED_EDGE('',*,*,#741,.F.);
#741 = EDGE_CURVE('',#742,#734,#744,.T.);
#742 = VERTEX_POINT('',#743);
#743 = CARTESIAN_POINT('',(6.9,9.675,4.13));
#744 = CIRCLE('',#745,7.9);
#745 = AXIS2_PLACEMENT_3D('',#746,#747,#748);
#746 = CARTESIAN_POINT('',(-1.,9.675,4.13));
#747 = DIRECTION('',(0.,1.,-2.22044604925E-16));
#748 = DIRECTION('',(1.,0.,0.));
#749 = ORIENTED_EDGE('',*,*,#750,.F.);
#750 = EDGE_CURVE('',#690,#742,#751,.T.);
#751 = CIRCLE('',#752,7.9);
#752 = AXIS2_PLACEMENT_3D('',#753,#754,#755);
#753 = CARTESIAN_POINT('',(-1.,9.675,4.13));
#754 = DIRECTION('',(0.,1.,-2.22044604925E-16));
#755 = DIRECTION('',(1.,0.,0.));
#756 = CYLINDRICAL_SURFACE('',#757,7.9);
#757 = AXIS2_PLACEMENT_3D('',#758,#759,#760);
#758 = CARTESIAN_POINT('',(-1.,9.675,4.13));
#759 = DIRECTION('',(0.,-1.,2.22044604925E-16));
#760 = DIRECTION('',(1.,0.,0.));
#761 = ADVANCED_FACE('',(#762),#787,.F.);
#762 = FACE_BOUND('',#763,.F.);
#763 = EDGE_LOOP('',(#764,#772,#773,#781));
#764 = ORIENTED_EDGE('',*,*,#765,.F.);
#765 = EDGE_CURVE('',#709,#766,#768,.T.);
#766 = VERTEX_POINT('',#767);
#767 = CARTESIAN_POINT('',(18.5,17.75,7.5));
#768 = LINE('',#769,#770);
#769 = CARTESIAN_POINT('',(-1.,17.75,7.5));
#770 = VECTOR('',#771,1.);
#771 = DIRECTION('',(1.,0.,0.));
#772 = ORIENTED_EDGE('',*,*,#716,.T.);
#773 = ORIENTED_EDGE('',*,*,#774,.T.);
#774 = EDGE_CURVE('',#717,#775,#777,.T.);
#775 = VERTEX_POINT('',#776);
#776 = CARTESIAN_POINT('',(18.5,17.75,12.03));
#777 = LINE('',#778,#779);
#778 = CARTESIAN_POINT('',(-1.,17.75,12.03));
#779 = VECTOR('',#780,1.);
#780 = DIRECTION('',(1.,0.,0.));
#781 = ORIENTED_EDGE('',*,*,#782,.F.);
#782 = EDGE_CURVE('',#766,#775,#783,.T.);
#783 = LINE('',#784,#785);
#784 = CARTESIAN_POINT('',(18.5,17.75,10.685));
#785 = VECTOR('',#786,1.);
#786 = DIRECTION('',(0.,0.,1.));
#787 = PLANE('',#788);
#788 = AXIS2_PLACEMENT_3D('',#789,#790,#791);
#789 = CARTESIAN_POINT('',(-1.,17.75,7.5));
#790 = DIRECTION('',(0.,1.,0.));
#791 = DIRECTION('',(0.,0.,1.));
#792 = ADVANCED_FACE('',(#793),#818,.T.);
#793 = FACE_BOUND('',#794,.T.);
#794 = EDGE_LOOP('',(#795,#803,#804,#812));
#795 = ORIENTED_EDGE('',*,*,#796,.F.);
#796 = EDGE_CURVE('',#700,#797,#799,.T.);
#797 = VERTEX_POINT('',#798);
#798 = CARTESIAN_POINT('',(18.5,10.25,7.5));
#799 = LINE('',#800,#801);
#800 = CARTESIAN_POINT('',(-1.,10.25,7.5));
#801 = VECTOR('',#802,1.);
#802 = DIRECTION('',(1.,0.,0.));
#803 = ORIENTED_EDGE('',*,*,#699,.T.);
#804 = ORIENTED_EDGE('',*,*,#805,.T.);
#805 = EDGE_CURVE('',#692,#806,#808,.T.);
#806 = VERTEX_POINT('',#807);
#807 = CARTESIAN_POINT('',(18.5,10.25,12.03));
#808 = LINE('',#809,#810);
#809 = CARTESIAN_POINT('',(-1.,10.25,12.03));
#810 = VECTOR('',#811,1.);
#811 = DIRECTION('',(1.,0.,0.));
#812 = ORIENTED_EDGE('',*,*,#813,.F.);
#813 = EDGE_CURVE('',#797,#806,#814,.T.);
#814 = LINE('',#815,#816);
#815 = CARTESIAN_POINT('',(18.5,10.25,10.685));
#816 = VECTOR('',#817,1.);
#817 = DIRECTION('',(0.,0.,1.));
#818 = PLANE('',#819);
#819 = AXIS2_PLACEMENT_3D('',#820,#821,#822);
#820 = CARTESIAN_POINT('',(-1.,10.25,7.5));
#821 = DIRECTION('',(0.,1.,0.));
#822 = DIRECTION('',(0.,0.,1.));
#823 = ADVANCED_FACE('',(#824,#850),#861,.F.);
#824 = FACE_BOUND('',#825,.F.);
#825 = EDGE_LOOP('',(#826,#827,#835,#843,#849));
#826 = ORIENTED_EDGE('',*,*,#750,.F.);
#827 = ORIENTED_EDGE('',*,*,#828,.F.);
#828 = EDGE_CURVE('',#829,#690,#831,.T.);
#829 = VERTEX_POINT('',#830);
#830 = CARTESIAN_POINT('',(-6.5,9.675,12.03));
#831 = LINE('',#832,#833);
#832 = CARTESIAN_POINT('',(-11.,9.675,12.03));
#833 = VECTOR('',#834,1.);
#834 = DIRECTION('',(1.,0.,0.));
#835 = ORIENTED_EDGE('',*,*,#836,.T.);
#836 = EDGE_CURVE('',#829,#837,#839,.T.);
#837 = VERTEX_POINT('',#838);
#838 = CARTESIAN_POINT('',(-6.5,9.675,-3.77));
#839 = LINE('',#840,#841);
#840 = CARTESIAN_POINT('',(-6.5,9.675,-1.685));
#841 = VECTOR('',#842,1.);
#842 = DIRECTION('',(0.,0.,-1.));
#843 = ORIENTED_EDGE('',*,*,#844,.T.);
#844 = EDGE_CURVE('',#837,#734,#845,.T.);
#845 = LINE('',#846,#847);
#846 = CARTESIAN_POINT('',(-11.,9.675,-3.77));
#847 = VECTOR('',#848,1.);
#848 = DIRECTION('',(1.,0.,0.));
#849 = ORIENTED_EDGE('',*,*,#741,.F.);
#850 = FACE_BOUND('',#851,.F.);
#851 = EDGE_LOOP('',(#852));
#852 = ORIENTED_EDGE('',*,*,#853,.F.);
#853 = EDGE_CURVE('',#854,#854,#856,.T.);
#854 = VERTEX_POINT('',#855);
#855 = CARTESIAN_POINT('',(2.6,9.675,4.13));
#856 = CIRCLE('',#857,3.6);
#857 = AXIS2_PLACEMENT_3D('',#858,#859,#860);
#858 = CARTESIAN_POINT('',(-1.,9.675,4.13));
#859 = DIRECTION('',(0.,-1.,2.22044604925E-16));
#860 = DIRECTION('',(1.,0.,0.));
#861 = PLANE('',#862);
#862 = AXIS2_PLACEMENT_3D('',#863,#864,#865);
#863 = CARTESIAN_POINT('',(-3.27779492804,9.675,4.13));
#864 = DIRECTION('',(-0.,-1.,-0.));
#865 = DIRECTION('',(0.,0.,-1.));
#866 = ADVANCED_FACE('',(#867),#965,.T.);
#867 = FACE_BOUND('',#868,.T.);
#868 = EDGE_LOOP('',(#869,#877,#878,#879,#880,#888,#896,#904,#912,#918,
    #919,#927,#935,#943,#951,#959));
#869 = ORIENTED_EDGE('',*,*,#870,.F.);
#870 = EDGE_CURVE('',#766,#871,#873,.T.);
#871 = VERTEX_POINT('',#872);
#872 = CARTESIAN_POINT('',(18.5,22.8,7.5));
#873 = LINE('',#874,#875);
#874 = CARTESIAN_POINT('',(18.5,-10.3,7.5));
#875 = VECTOR('',#876,1.);
#876 = DIRECTION('',(0.,1.,0.));
#877 = ORIENTED_EDGE('',*,*,#765,.F.);
#878 = ORIENTED_EDGE('',*,*,#708,.T.);
#879 = ORIENTED_EDGE('',*,*,#796,.T.);
#880 = ORIENTED_EDGE('',*,*,#881,.F.);
#881 = EDGE_CURVE('',#882,#797,#884,.T.);
#882 = VERTEX_POINT('',#883);
#883 = CARTESIAN_POINT('',(18.5,9.325,7.5));
#884 = LINE('',#885,#886);
#885 = CARTESIAN_POINT('',(18.5,-10.3,7.5));
#886 = VECTOR('',#887,1.);
#887 = DIRECTION('',(0.,1.,0.));
#888 = ORIENTED_EDGE('',*,*,#889,.F.);
#889 = EDGE_CURVE('',#890,#882,#892,.T.);
#890 = VERTEX_POINT('',#891);
#891 = CARTESIAN_POINT('',(10.27,9.325,7.5));
#892 = LINE('',#893,#894);
#893 = CARTESIAN_POINT('',(10.27,9.325,7.5));
#894 = VECTOR('',#895,1.);
#895 = DIRECTION('',(1.,0.,0.));
#896 = ORIENTED_EDGE('',*,*,#897,.F.);
#897 = EDGE_CURVE('',#898,#890,#900,.T.);
#898 = VERTEX_POINT('',#899);
#899 = CARTESIAN_POINT('',(10.27,0.675,7.5));
#900 = LINE('',#901,#902);
#901 = CARTESIAN_POINT('',(10.27,0.675,7.5));
#902 = VECTOR('',#903,1.);
#903 = DIRECTION('',(0.,1.,0.));
#904 = ORIENTED_EDGE('',*,*,#905,.T.);
#905 = EDGE_CURVE('',#898,#906,#908,.T.);
#906 = VERTEX_POINT('',#907);
#907 = CARTESIAN_POINT('',(18.5,0.675,7.5));
#908 = LINE('',#909,#910);
#909 = CARTESIAN_POINT('',(10.27,0.675,7.5));
#910 = VECTOR('',#911,1.);
#911 = DIRECTION('',(1.,0.,0.));
#912 = ORIENTED_EDGE('',*,*,#913,.F.);
#913 = EDGE_CURVE('',#567,#906,#914,.T.);
#914 = LINE('',#915,#916);
#915 = CARTESIAN_POINT('',(18.5,-10.3,7.5));
#916 = VECTOR('',#917,1.);
#917 = DIRECTION('',(0.,1.,0.));
#918 = ORIENTED_EDGE('',*,*,#614,.T.);
#919 = ORIENTED_EDGE('',*,*,#920,.T.);
#920 = EDGE_CURVE('',#607,#921,#923,.T.);
#921 = VERTEX_POINT('',#922);
#922 = CARTESIAN_POINT('',(27.75,4.8,7.5));
#923 = LINE('',#924,#925);
#924 = CARTESIAN_POINT('',(27.75,-24.,7.5));
#925 = VECTOR('',#926,1.);
#926 = DIRECTION('',(0.,1.,0.));
#927 = ORIENTED_EDGE('',*,*,#928,.T.);
#928 = EDGE_CURVE('',#921,#929,#931,.T.);
#929 = VERTEX_POINT('',#930);
#930 = CARTESIAN_POINT('',(72.,4.8,7.5));
#931 = LINE('',#932,#933);
#932 = CARTESIAN_POINT('',(19.,4.8,7.5));
#933 = VECTOR('',#934,1.);
#934 = DIRECTION('',(1.,0.,0.));
#935 = ORIENTED_EDGE('',*,*,#936,.T.);
#936 = EDGE_CURVE('',#929,#937,#939,.T.);
#937 = VERTEX_POINT('',#938);
#938 = CARTESIAN_POINT('',(72.,15.2,7.5));
#939 = LINE('',#940,#941);
#940 = CARTESIAN_POINT('',(72.,3.8,7.5));
#941 = VECTOR('',#942,1.);
#942 = DIRECTION('',(0.,1.,0.));
#943 = ORIENTED_EDGE('',*,*,#944,.F.);
#944 = EDGE_CURVE('',#945,#937,#947,.T.);
#945 = VERTEX_POINT('',#946);
#946 = CARTESIAN_POINT('',(27.75,15.2,7.5));
#947 = LINE('',#948,#949);
#948 = CARTESIAN_POINT('',(19.,15.2,7.5));
#949 = VECTOR('',#950,1.);
#950 = DIRECTION('',(1.,0.,0.));
#951 = ORIENTED_EDGE('',*,*,#952,.T.);
#952 = EDGE_CURVE('',#945,#953,#955,.T.);
#953 = VERTEX_POINT('',#954);
#954 = CARTESIAN_POINT('',(27.75,22.8,7.5));
#955 = LINE('',#956,#957);
#956 = CARTESIAN_POINT('',(27.75,-24.,7.5));
#957 = VECTOR('',#958,1.);
#958 = DIRECTION('',(0.,1.,0.));
#959 = ORIENTED_EDGE('',*,*,#960,.F.);
#960 = EDGE_CURVE('',#871,#953,#961,.T.);
#961 = LINE('',#962,#963);
#962 = CARTESIAN_POINT('',(15.75,22.8,7.5));
#963 = VECTOR('',#964,1.);
#964 = DIRECTION('',(1.,0.,0.));
#965 = PLANE('',#966);
#966 = AXIS2_PLACEMENT_3D('',#967,#968,#969);
#967 = CARTESIAN_POINT('',(32.482235380698,5.292820830455,7.5));
#968 = DIRECTION('',(0.,0.,1.));
#969 = DIRECTION('',(1.,0.,0.));
#970 = ADVANCED_FACE('',(#971),#1014,.F.);
#971 = FACE_BOUND('',#972,.F.);
#972 = EDGE_LOOP('',(#973,#974,#983,#991,#1000,#1008));
#973 = ORIENTED_EDGE('',*,*,#889,.F.);
#974 = ORIENTED_EDGE('',*,*,#975,.T.);
#975 = EDGE_CURVE('',#890,#976,#978,.T.);
#976 = VERTEX_POINT('',#977);
#977 = CARTESIAN_POINT('',(3.124854795037,9.325,12.03));
#978 = CIRCLE('',#979,7.9);
#979 = AXIS2_PLACEMENT_3D('',#980,#981,#982);
#980 = CARTESIAN_POINT('',(10.27,9.325,15.4));
#981 = DIRECTION('',(0.,1.,-2.22044604925E-16));
#982 = DIRECTION('',(1.,0.,0.));
#983 = ORIENTED_EDGE('',*,*,#984,.T.);
#984 = EDGE_CURVE('',#976,#985,#987,.T.);
#985 = VERTEX_POINT('',#986);
#986 = CARTESIAN_POINT('',(9.00386414631,9.325,12.03));
#987 = LINE('',#988,#989);
#988 = CARTESIAN_POINT('',(8.622824423381,9.325,12.03));
#989 = VECTOR('',#990,1.);
#990 = DIRECTION('',(1.,0.,0.));
#991 = ORIENTED_EDGE('',*,*,#992,.T.);
#992 = EDGE_CURVE('',#985,#993,#995,.T.);
#993 = VERTEX_POINT('',#994);
#994 = CARTESIAN_POINT('',(11.53613585369,9.325,12.03));
#995 = CIRCLE('',#996,3.6);
#996 = AXIS2_PLACEMENT_3D('',#997,#998,#999);
#997 = CARTESIAN_POINT('',(10.27,9.325,15.4));
#998 = DIRECTION('',(0.,-1.,2.22044604925E-16));
#999 = DIRECTION('',(1.,0.,0.));
#1000 = ORIENTED_EDGE('',*,*,#1001,.T.);
#1001 = EDGE_CURVE('',#993,#1002,#1004,.T.);
#1002 = VERTEX_POINT('',#1003);
#1003 = CARTESIAN_POINT('',(18.5,9.325,12.03));
#1004 = LINE('',#1005,#1006);
#1005 = CARTESIAN_POINT('',(8.622824423381,9.325,12.03));
#1006 = VECTOR('',#1007,1.);
#1007 = DIRECTION('',(1.,0.,0.));
#1008 = ORIENTED_EDGE('',*,*,#1009,.F.);
#1009 = EDGE_CURVE('',#882,#1002,#1010,.T.);
#1010 = LINE('',#1011,#1012);
#1011 = CARTESIAN_POINT('',(18.5,9.325,14.635));
#1012 = VECTOR('',#1013,1.);
#1013 = DIRECTION('',(0.,0.,1.));
#1014 = PLANE('',#1015);
#1015 = AXIS2_PLACEMENT_3D('',#1016,#1017,#1018);
#1016 = CARTESIAN_POINT('',(23.245648846762,9.325,15.4));
#1017 = DIRECTION('',(0.,1.,0.));
#1018 = DIRECTION('',(0.,0.,1.));
#1019 = ADVANCED_FACE('',(#1020),#1132,.F.);
#1020 = FACE_BOUND('',#1021,.F.);
#1021 = EDGE_LOOP('',(#1022,#1032,#1040,#1048,#1056,#1064,#1072,#1080,
    #1088,#1096,#1102,#1103,#1111,#1119,#1125,#1126));
#1022 = ORIENTED_EDGE('',*,*,#1023,.F.);
#1023 = EDGE_CURVE('',#1024,#1026,#1028,.T.);
#1024 = VERTEX_POINT('',#1025);
#1025 = CARTESIAN_POINT('',(-6.,5.534415568635,12.03));
#1026 = VERTEX_POINT('',#1027);
#1027 = CARTESIAN_POINT('',(3.124854795202,5.534415566199,12.03));
#1028 = LINE('',#1029,#1030);
#1029 = CARTESIAN_POINT('',(10.27,5.534415568635,12.03));
#1030 = VECTOR('',#1031,1.);
#1031 = DIRECTION('',(1.,-0.,2.22044604925E-16));
#1032 = ORIENTED_EDGE('',*,*,#1033,.F.);
#1033 = EDGE_CURVE('',#1034,#1024,#1036,.T.);
#1034 = VERTEX_POINT('',#1035);
#1035 = CARTESIAN_POINT('',(-6.,4.465584431365,12.03));
#1036 = LINE('',#1037,#1038);
#1037 = CARTESIAN_POINT('',(-6.,-1.,12.03));
#1038 = VECTOR('',#1039,1.);
#1039 = DIRECTION('',(0.,1.,0.));
#1040 = ORIENTED_EDGE('',*,*,#1041,.T.);
#1041 = EDGE_CURVE('',#1034,#1042,#1044,.T.);
#1042 = VERTEX_POINT('',#1043);
#1043 = CARTESIAN_POINT('',(3.124854806717,4.465584408701,12.03));
#1044 = LINE('',#1045,#1046);
#1045 = CARTESIAN_POINT('',(10.27,4.465584431365,12.03));
#1046 = VECTOR('',#1047,1.);
#1047 = DIRECTION('',(1.,-0.,2.22044604925E-16));
#1048 = ORIENTED_EDGE('',*,*,#1049,.T.);
#1049 = EDGE_CURVE('',#1042,#1050,#1052,.T.);
#1050 = VERTEX_POINT('',#1051);
#1051 = CARTESIAN_POINT('',(3.124854795037,0.675,12.03));
#1052 = LINE('',#1053,#1054);
#1053 = CARTESIAN_POINT('',(3.124854795037,0.675,12.03));
#1054 = VECTOR('',#1055,1.);
#1055 = DIRECTION('',(-0.,-1.,2.22044604925E-16));
#1056 = ORIENTED_EDGE('',*,*,#1057,.F.);
#1057 = EDGE_CURVE('',#1058,#1050,#1060,.T.);
#1058 = VERTEX_POINT('',#1059);
#1059 = CARTESIAN_POINT('',(9.00386414631,0.675,12.03));
#1060 = LINE('',#1061,#1062);
#1061 = CARTESIAN_POINT('',(8.622824423381,0.675,12.03));
#1062 = VECTOR('',#1063,1.);
#1063 = DIRECTION('',(-1.,0.,0.));
#1064 = ORIENTED_EDGE('',*,*,#1065,.F.);
#1065 = EDGE_CURVE('',#1066,#1058,#1068,.T.);
#1066 = VERTEX_POINT('',#1067);
#1067 = CARTESIAN_POINT('',(9.00386414631,0.96,12.03));
#1068 = LINE('',#1069,#1070);
#1069 = CARTESIAN_POINT('',(9.00386414631,-4.E-02,12.03));
#1070 = VECTOR('',#1071,1.);
#1071 = DIRECTION('',(-0.,-1.,2.22044604925E-16));
#1072 = ORIENTED_EDGE('',*,*,#1073,.T.);
#1073 = EDGE_CURVE('',#1066,#1074,#1076,.T.);
#1074 = VERTEX_POINT('',#1075);
#1075 = CARTESIAN_POINT('',(11.53613585369,0.96,12.03));
#1076 = LINE('',#1077,#1078);
#1077 = CARTESIAN_POINT('',(2.135,0.96,12.03));
#1078 = VECTOR('',#1079,1.);
#1079 = DIRECTION('',(1.,-0.,0.));
#1080 = ORIENTED_EDGE('',*,*,#1081,.T.);
#1081 = EDGE_CURVE('',#1074,#1082,#1084,.T.);
#1082 = VERTEX_POINT('',#1083);
#1083 = CARTESIAN_POINT('',(11.53613585369,0.675,12.03));
#1084 = LINE('',#1085,#1086);
#1085 = CARTESIAN_POINT('',(11.53613585369,-4.E-02,12.03));
#1086 = VECTOR('',#1087,1.);
#1087 = DIRECTION('',(-0.,-1.,2.22044604925E-16));
#1088 = ORIENTED_EDGE('',*,*,#1089,.F.);
#1089 = EDGE_CURVE('',#1090,#1082,#1092,.T.);
#1090 = VERTEX_POINT('',#1091);
#1091 = CARTESIAN_POINT('',(18.5,0.675,12.03));
#1092 = LINE('',#1093,#1094);
#1093 = CARTESIAN_POINT('',(8.622824423381,0.675,12.03));
#1094 = VECTOR('',#1095,1.);
#1095 = DIRECTION('',(-1.,0.,0.));
#1096 = ORIENTED_EDGE('',*,*,#1097,.T.);
#1097 = EDGE_CURVE('',#1090,#1002,#1098,.T.);
#1098 = LINE('',#1099,#1100);
#1099 = CARTESIAN_POINT('',(18.5,-1.,12.03));
#1100 = VECTOR('',#1101,1.);
#1101 = DIRECTION('',(0.,1.,0.));
#1102 = ORIENTED_EDGE('',*,*,#1001,.F.);
#1103 = ORIENTED_EDGE('',*,*,#1104,.T.);
#1104 = EDGE_CURVE('',#993,#1105,#1107,.T.);
#1105 = VERTEX_POINT('',#1106);
#1106 = CARTESIAN_POINT('',(11.53613585369,9.04,12.03));
#1107 = LINE('',#1108,#1109);
#1108 = CARTESIAN_POINT('',(11.53613585369,9.04,12.03));
#1109 = VECTOR('',#1110,1.);
#1110 = DIRECTION('',(-0.,-1.,2.22044604925E-16));
#1111 = ORIENTED_EDGE('',*,*,#1112,.F.);
#1112 = EDGE_CURVE('',#1113,#1105,#1115,.T.);
#1113 = VERTEX_POINT('',#1114);
#1114 = CARTESIAN_POINT('',(9.00386414631,9.04,12.03));
#1115 = LINE('',#1116,#1117);
#1116 = CARTESIAN_POINT('',(2.135,9.04,12.03));
#1117 = VECTOR('',#1118,1.);
#1118 = DIRECTION('',(1.,-0.,0.));
#1119 = ORIENTED_EDGE('',*,*,#1120,.F.);
#1120 = EDGE_CURVE('',#985,#1113,#1121,.T.);
#1121 = LINE('',#1122,#1123);
#1122 = CARTESIAN_POINT('',(9.00386414631,9.04,12.03));
#1123 = VECTOR('',#1124,1.);
#1124 = DIRECTION('',(-0.,-1.,2.22044604925E-16));
#1125 = ORIENTED_EDGE('',*,*,#984,.F.);
#1126 = ORIENTED_EDGE('',*,*,#1127,.T.);
#1127 = EDGE_CURVE('',#976,#1026,#1128,.T.);
#1128 = LINE('',#1129,#1130);
#1129 = CARTESIAN_POINT('',(3.124854795037,0.675,12.03));
#1130 = VECTOR('',#1131,1.);
#1131 = DIRECTION('',(-0.,-1.,2.22044604925E-16));
#1132 = PLANE('',#1133);
#1133 = AXIS2_PLACEMENT_3D('',#1134,#1135,#1136);
#1134 = CARTESIAN_POINT('',(-6.,-1.,12.03));
#1135 = DIRECTION('',(0.,0.,1.));
#1136 = DIRECTION('',(1.,0.,0.));
#1137 = ADVANCED_FACE('',(#1138),#1163,.T.);
#1138 = FACE_BOUND('',#1139,.F.);
#1139 = EDGE_LOOP('',(#1140,#1148,#1156,#1162));
#1140 = ORIENTED_EDGE('',*,*,#1141,.F.);
#1141 = EDGE_CURVE('',#1142,#871,#1144,.T.);
#1142 = VERTEX_POINT('',#1143);
#1143 = CARTESIAN_POINT('',(18.5,24.8,5.5));
#1144 = LINE('',#1145,#1146);
#1145 = CARTESIAN_POINT('',(18.5,16.8575,13.4425));
#1146 = VECTOR('',#1147,1.);
#1147 = DIRECTION('',(0.,-0.707106781187,0.707106781187));
#1148 = ORIENTED_EDGE('',*,*,#1149,.T.);
#1149 = EDGE_CURVE('',#1142,#1150,#1152,.T.);
#1150 = VERTEX_POINT('',#1151);
#1151 = CARTESIAN_POINT('',(27.75,24.8,5.5));
#1152 = LINE('',#1153,#1154);
#1153 = CARTESIAN_POINT('',(15.75,24.8,5.5));
#1154 = VECTOR('',#1155,1.);
#1155 = DIRECTION('',(1.,0.,0.));
#1156 = ORIENTED_EDGE('',*,*,#1157,.T.);
#1157 = EDGE_CURVE('',#1150,#953,#1158,.T.);
#1158 = LINE('',#1159,#1160);
#1159 = CARTESIAN_POINT('',(27.75,24.3,6.));
#1160 = VECTOR('',#1161,1.);
#1161 = DIRECTION('',(1.92E-15,-0.707106781187,0.707106781187));
#1162 = ORIENTED_EDGE('',*,*,#960,.F.);
#1163 = PLANE('',#1164);
#1164 = AXIS2_PLACEMENT_3D('',#1165,#1166,#1167);
#1165 = CARTESIAN_POINT('',(15.75,23.8,6.5));
#1166 = DIRECTION('',(0.,0.707106781187,0.707106781187));
#1167 = DIRECTION('',(-1.,0.,0.));
#1168 = ADVANCED_FACE('',(#1169),#1194,.F.);
#1169 = FACE_BOUND('',#1170,.F.);
#1170 = EDGE_LOOP('',(#1171,#1178,#1179,#1185,#1186,#1193));
#1171 = ORIENTED_EDGE('',*,*,#1172,.F.);
#1172 = EDGE_CURVE('',#898,#1050,#1173,.T.);
#1173 = CIRCLE('',#1174,7.9);
#1174 = AXIS2_PLACEMENT_3D('',#1175,#1176,#1177);
#1175 = CARTESIAN_POINT('',(10.27,0.675,15.4));
#1176 = DIRECTION('',(0.,1.,-2.22044604925E-16));
#1177 = DIRECTION('',(1.,0.,0.));
#1178 = ORIENTED_EDGE('',*,*,#905,.T.);
#1179 = ORIENTED_EDGE('',*,*,#1180,.F.);
#1180 = EDGE_CURVE('',#1090,#906,#1181,.T.);
#1181 = LINE('',#1182,#1183);
#1182 = CARTESIAN_POINT('',(18.5,0.675,14.635));
#1183 = VECTOR('',#1184,1.);
#1184 = DIRECTION('',(0.,0.,-1.));
#1185 = ORIENTED_EDGE('',*,*,#1089,.T.);
#1186 = ORIENTED_EDGE('',*,*,#1187,.F.);
#1187 = EDGE_CURVE('',#1058,#1082,#1188,.T.);
#1188 = CIRCLE('',#1189,3.6);
#1189 = AXIS2_PLACEMENT_3D('',#1190,#1191,#1192);
#1190 = CARTESIAN_POINT('',(10.27,0.675,15.4));
#1191 = DIRECTION('',(0.,-1.,2.22044604925E-16));
#1192 = DIRECTION('',(1.,0.,0.));
#1193 = ORIENTED_EDGE('',*,*,#1057,.T.);
#1194 = PLANE('',#1195);
#1195 = AXIS2_PLACEMENT_3D('',#1196,#1197,#1198);
#1196 = CARTESIAN_POINT('',(23.245648846762,0.675,15.4));
#1197 = DIRECTION('',(-0.,-1.,-0.));
#1198 = DIRECTION('',(0.,0.,-1.));
#1199 = ADVANCED_FACE('',(#1200),#1225,.T.);
#1200 = FACE_BOUND('',#1201,.T.);
#1201 = EDGE_LOOP('',(#1202,#1212,#1218,#1219));
#1202 = ORIENTED_EDGE('',*,*,#1203,.F.);
#1203 = EDGE_CURVE('',#1204,#1206,#1208,.T.);
#1204 = VERTEX_POINT('',#1205);
#1205 = CARTESIAN_POINT('',(18.5,24.8,-5.5));
#1206 = VERTEX_POINT('',#1207);
#1207 = CARTESIAN_POINT('',(27.75,24.8,-5.5));
#1208 = LINE('',#1209,#1210);
#1209 = CARTESIAN_POINT('',(15.75,24.8,-5.5));
#1210 = VECTOR('',#1211,1.);
#1211 = DIRECTION('',(1.,0.,0.));
#1212 = ORIENTED_EDGE('',*,*,#1213,.F.);
#1213 = EDGE_CURVE('',#1142,#1204,#1214,.T.);
#1214 = LINE('',#1215,#1216);
#1215 = CARTESIAN_POINT('',(18.5,24.8,3.185));
#1216 = VECTOR('',#1217,1.);
#1217 = DIRECTION('',(0.,0.,-1.));
#1218 = ORIENTED_EDGE('',*,*,#1149,.T.);
#1219 = ORIENTED_EDGE('',*,*,#1220,.F.);
#1220 = EDGE_CURVE('',#1206,#1150,#1221,.T.);
#1221 = LINE('',#1222,#1223);
#1222 = CARTESIAN_POINT('',(27.75,24.8,-7.5));
#1223 = VECTOR('',#1224,1.);
#1224 = DIRECTION('',(0.,0.,1.));
#1225 = PLANE('',#1226);
#1226 = AXIS2_PLACEMENT_3D('',#1227,#1228,#1229);
#1227 = CARTESIAN_POINT('',(15.75,24.8,-7.5));
#1228 = DIRECTION('',(0.,1.,0.));
#1229 = DIRECTION('',(0.,0.,1.));
#1230 = ADVANCED_FACE('',(#1231,#1311),#1322,.F.);
#1231 = FACE_BOUND('',#1232,.F.);
#1232 = EDGE_LOOP('',(#1233,#1243,#1251,#1259,#1267,#1273,#1274,#1280,
    #1281,#1289,#1297,#1305));
#1233 = ORIENTED_EDGE('',*,*,#1234,.F.);
#1234 = EDGE_CURVE('',#1235,#1237,#1239,.T.);
#1235 = VERTEX_POINT('',#1236);
#1236 = CARTESIAN_POINT('',(-6.5,-4.,12.833039305864));
#1237 = VERTEX_POINT('',#1238);
#1238 = CARTESIAN_POINT('',(-6.5,22.8,12.833039305864));
#1239 = LINE('',#1240,#1241);
#1240 = CARTESIAN_POINT('',(-6.5,-6.,12.833039305864));
#1241 = VECTOR('',#1242,1.);
#1242 = DIRECTION('',(0.,1.,0.));
#1243 = ORIENTED_EDGE('',*,*,#1244,.F.);
#1244 = EDGE_CURVE('',#1245,#1235,#1247,.T.);
#1245 = VERTEX_POINT('',#1246);
#1246 = CARTESIAN_POINT('',(-6.5,-4.,-5.5));
#1247 = LINE('',#1248,#1249);
#1248 = CARTESIAN_POINT('',(-6.5,-4.,-7.5));
#1249 = VECTOR('',#1250,1.);
#1250 = DIRECTION('',(0.,0.,1.));
#1251 = ORIENTED_EDGE('',*,*,#1252,.T.);
#1252 = EDGE_CURVE('',#1245,#1253,#1255,.T.);
#1253 = VERTEX_POINT('',#1254);
#1254 = CARTESIAN_POINT('',(-6.5,10.25,-5.5));
#1255 = LINE('',#1256,#1257);
#1256 = CARTESIAN_POINT('',(-6.5,-6.,-5.5));
#1257 = VECTOR('',#1258,1.);
#1258 = DIRECTION('',(0.,1.,0.));
#1259 = ORIENTED_EDGE('',*,*,#1260,.T.);
#1260 = EDGE_CURVE('',#1253,#1261,#1263,.T.);
#1261 = VERTEX_POINT('',#1262);
#1262 = CARTESIAN_POINT('',(-6.5,10.25,-3.77));
#1263 = LINE('',#1264,#1265);
#1264 = CARTESIAN_POINT('',(-6.5,10.25,-11.685));
#1265 = VECTOR('',#1266,1.);
#1266 = DIRECTION('',(0.,0.,1.));
#1267 = ORIENTED_EDGE('',*,*,#1268,.T.);
#1268 = EDGE_CURVE('',#1261,#837,#1269,.T.);
#1269 = LINE('',#1270,#1271);
#1270 = CARTESIAN_POINT('',(-6.5,1.8375,-3.77));
#1271 = VECTOR('',#1272,1.);
#1272 = DIRECTION('',(0.,-1.,0.));
#1273 = ORIENTED_EDGE('',*,*,#836,.F.);
#1274 = ORIENTED_EDGE('',*,*,#1275,.F.);
#1275 = EDGE_CURVE('',#629,#829,#1276,.T.);
#1276 = LINE('',#1277,#1278);
#1277 = CARTESIAN_POINT('',(-6.5,4.,12.03));
#1278 = VECTOR('',#1279,1.);
#1279 = DIRECTION('',(0.,-1.,0.));
#1280 = ORIENTED_EDGE('',*,*,#664,.F.);
#1281 = ORIENTED_EDGE('',*,*,#1282,.T.);
#1282 = EDGE_CURVE('',#657,#1283,#1285,.T.);
#1283 = VERTEX_POINT('',#1284);
#1284 = CARTESIAN_POINT('',(-6.5,17.75,-3.77));
#1285 = LINE('',#1286,#1287);
#1286 = CARTESIAN_POINT('',(-6.5,1.8375,-3.77));
#1287 = VECTOR('',#1288,1.);
#1288 = DIRECTION('',(0.,-1.,0.));
#1289 = ORIENTED_EDGE('',*,*,#1290,.F.);
#1290 = EDGE_CURVE('',#1291,#1283,#1293,.T.);
#1291 = VERTEX_POINT('',#1292);
#1292 = CARTESIAN_POINT('',(-6.5,17.75,-5.5));
#1293 = LINE('',#1294,#1295);
#1294 = CARTESIAN_POINT('',(-6.5,17.75,-11.685));
#1295 = VECTOR('',#1296,1.);
#1296 = DIRECTION('',(0.,0.,1.));
#1297 = ORIENTED_EDGE('',*,*,#1298,.T.);
#1298 = EDGE_CURVE('',#1291,#1299,#1301,.T.);
#1299 = VERTEX_POINT('',#1300);
#1300 = CARTESIAN_POINT('',(-6.5,22.8,-5.5));
#1301 = LINE('',#1302,#1303);
#1302 = CARTESIAN_POINT('',(-6.5,-6.,-5.5));
#1303 = VECTOR('',#1304,1.);
#1304 = DIRECTION('',(0.,1.,0.));
#1305 = ORIENTED_EDGE('',*,*,#1306,.F.);
#1306 = EDGE_CURVE('',#1237,#1299,#1307,.T.);
#1307 = LINE('',#1308,#1309);
#1308 = CARTESIAN_POINT('',(-6.5,22.8,12.833039305864));
#1309 = VECTOR('',#1310,1.);
#1310 = DIRECTION('',(0.,0.,-1.));
#1311 = FACE_BOUND('',#1312,.F.);
#1312 = EDGE_LOOP('',(#1313));
#1313 = ORIENTED_EDGE('',*,*,#1314,.F.);
#1314 = EDGE_CURVE('',#1315,#1315,#1317,.T.);
#1315 = VERTEX_POINT('',#1316);
#1316 = CARTESIAN_POINT('',(-6.5,5.,12.15));
#1317 = CIRCLE('',#1318,1.25);
#1318 = AXIS2_PLACEMENT_3D('',#1319,#1320,#1321);
#1319 = CARTESIAN_POINT('',(-6.5,5.,10.9));
#1320 = DIRECTION('',(1.,0.,2.22044604925E-16));
#1321 = DIRECTION('',(-2.22044604925E-16,0.,1.));
#1322 = PLANE('',#1323);
#1323 = AXIS2_PLACEMENT_3D('',#1324,#1325,#1326);
#1324 = CARTESIAN_POINT('',(-6.5,-6.,-7.5));
#1325 = DIRECTION('',(1.,0.,0.));
#1326 = DIRECTION('',(0.,0.,1.));
#1327 = ADVANCED_FACE('',(#1328),#1357,.T.);
#1328 = FACE_BOUND('',#1329,.T.);
#1329 = EDGE_LOOP('',(#1330,#1331,#1332,#1340,#1348,#1354,#1355,#1356));
#1330 = ORIENTED_EDGE('',*,*,#656,.F.);
#1331 = ORIENTED_EDGE('',*,*,#1282,.T.);
#1332 = ORIENTED_EDGE('',*,*,#1333,.T.);
#1333 = EDGE_CURVE('',#1283,#1334,#1336,.T.);
#1334 = VERTEX_POINT('',#1335);
#1335 = CARTESIAN_POINT('',(-4.37,17.75,-3.77));
#1336 = LINE('',#1337,#1338);
#1337 = CARTESIAN_POINT('',(-9.95,17.75,-3.77));
#1338 = VECTOR('',#1339,1.);
#1339 = DIRECTION('',(1.,0.,0.));
#1340 = ORIENTED_EDGE('',*,*,#1341,.T.);
#1341 = EDGE_CURVE('',#1334,#1342,#1344,.T.);
#1342 = VERTEX_POINT('',#1343);
#1343 = CARTESIAN_POINT('',(-4.37,10.25,-3.77));
#1344 = LINE('',#1345,#1346);
#1345 = CARTESIAN_POINT('',(-4.37,9.9625,-3.77));
#1346 = VECTOR('',#1347,1.);
#1347 = DIRECTION('',(0.,-1.,0.));
#1348 = ORIENTED_EDGE('',*,*,#1349,.F.);
#1349 = EDGE_CURVE('',#1261,#1342,#1350,.T.);
#1350 = LINE('',#1351,#1352);
#1351 = CARTESIAN_POINT('',(-9.95,10.25,-3.77));
#1352 = VECTOR('',#1353,1.);
#1353 = DIRECTION('',(1.,0.,0.));
#1354 = ORIENTED_EDGE('',*,*,#1268,.T.);
#1355 = ORIENTED_EDGE('',*,*,#844,.T.);
#1356 = ORIENTED_EDGE('',*,*,#733,.T.);
#1357 = PLANE('',#1358);
#1358 = AXIS2_PLACEMENT_3D('',#1359,#1360,#1361);
#1359 = CARTESIAN_POINT('',(-11.,9.675,-3.77));
#1360 = DIRECTION('',(0.,0.,1.));
#1361 = DIRECTION('',(1.,0.,0.));
#1362 = ADVANCED_FACE('',(#1363),#1382,.T.);
#1363 = FACE_BOUND('',#1364,.F.);
#1364 = EDGE_LOOP('',(#1365,#1374,#1380,#1381));
#1365 = ORIENTED_EDGE('',*,*,#1366,.F.);
#1366 = EDGE_CURVE('',#1367,#1367,#1369,.T.);
#1367 = VERTEX_POINT('',#1368);
#1368 = CARTESIAN_POINT('',(2.6,18.04,4.13));
#1369 = CIRCLE('',#1370,3.6);
#1370 = AXIS2_PLACEMENT_3D('',#1371,#1372,#1373);
#1371 = CARTESIAN_POINT('',(-1.,18.04,4.13));
#1372 = DIRECTION('',(0.,1.,-2.22044604925E-16));
#1373 = DIRECTION('',(1.,0.,0.));
#1374 = ORIENTED_EDGE('',*,*,#1375,.T.);
#1375 = EDGE_CURVE('',#1367,#673,#1376,.T.);
#1376 = LINE('',#1377,#1378);
#1377 = CARTESIAN_POINT('',(2.6,18.04,4.13));
#1378 = VECTOR('',#1379,1.);
#1379 = DIRECTION('',(0.,1.,-2.22044604925E-16));
#1380 = ORIENTED_EDGE('',*,*,#672,.F.);
#1381 = ORIENTED_EDGE('',*,*,#1375,.F.);
#1382 = CYLINDRICAL_SURFACE('',#1383,3.6);
#1383 = AXIS2_PLACEMENT_3D('',#1384,#1385,#1386);
#1384 = CARTESIAN_POINT('',(-1.,18.04,4.13));
#1385 = DIRECTION('',(-0.,-1.,2.22044604925E-16));
#1386 = DIRECTION('',(1.,0.,0.));
#1387 = ADVANCED_FACE('',(#1388),#1407,.T.);
#1388 = FACE_BOUND('',#1389,.F.);
#1389 = EDGE_LOOP('',(#1390,#1391,#1399,#1406));
#1390 = ORIENTED_EDGE('',*,*,#853,.T.);
#1391 = ORIENTED_EDGE('',*,*,#1392,.T.);
#1392 = EDGE_CURVE('',#854,#1393,#1395,.T.);
#1393 = VERTEX_POINT('',#1394);
#1394 = CARTESIAN_POINT('',(2.6,9.96,4.13));
#1395 = LINE('',#1396,#1397);
#1396 = CARTESIAN_POINT('',(2.6,8.96,4.13));
#1397 = VECTOR('',#1398,1.);
#1398 = DIRECTION('',(0.,1.,-2.22044604925E-16));
#1399 = ORIENTED_EDGE('',*,*,#1400,.T.);
#1400 = EDGE_CURVE('',#1393,#1393,#1401,.T.);
#1401 = CIRCLE('',#1402,3.6);
#1402 = AXIS2_PLACEMENT_3D('',#1403,#1404,#1405);
#1403 = CARTESIAN_POINT('',(-1.,9.96,4.13));
#1404 = DIRECTION('',(0.,1.,-2.22044604925E-16));
#1405 = DIRECTION('',(1.,0.,0.));
#1406 = ORIENTED_EDGE('',*,*,#1392,.F.);
#1407 = CYLINDRICAL_SURFACE('',#1408,3.6);
#1408 = AXIS2_PLACEMENT_3D('',#1409,#1410,#1411);
#1409 = CARTESIAN_POINT('',(-1.,8.96,4.13));
#1410 = DIRECTION('',(-0.,-1.,2.22044604925E-16));
#1411 = DIRECTION('',(1.,0.,0.));
#1412 = ADVANCED_FACE('',(#1413),#1505,.F.);
#1413 = FACE_BOUND('',#1414,.T.);
#1414 = EDGE_LOOP('',(#1415,#1416,#1417,#1418,#1419,#1504));
#1415 = ORIENTED_EDGE('',*,*,#1172,.F.);
#1416 = ORIENTED_EDGE('',*,*,#897,.T.);
#1417 = ORIENTED_EDGE('',*,*,#975,.T.);
#1418 = ORIENTED_EDGE('',*,*,#1127,.T.);
#1419 = ORIENTED_EDGE('',*,*,#1420,.T.);
#1420 = EDGE_CURVE('',#1026,#1042,#1421,.T.);
#1421 = B_SPLINE_CURVE_WITH_KNOTS('',6,(#1422,#1423,#1424,#1425,#1426,
    #1427,#1428,#1429,#1430,#1431,#1432,#1433,#1434,#1435,#1436,#1437,
    #1438,#1439,#1440,#1441,#1442,#1443,#1444,#1445,#1446,#1447,#1448,
    #1449,#1450,#1451,#1452,#1453,#1454,#1455,#1456,#1457,#1458,#1459,
    #1460,#1461,#1462,#1463,#1464,#1465,#1466,#1467,#1468,#1469,#1470,
    #1471,#1472,#1473,#1474,#1475,#1476,#1477,#1478,#1479,#1480,#1481,
    #1482,#1483,#1484,#1485,#1486,#1487,#1488,#1489,#1490,#1491,#1492,
    #1493,#1494,#1495,#1496,#1497,#1498,#1499,#1500,#1501,#1502,#1503),
  .UNSPECIFIED.,.T.,.F.,(7,5,5,5,5,5,5,5,5,5,5,5,5,5,5,5,7),(0.,
    9.489180828772E-02,0.174303388174,0.226984246625,0.282150604638,
    0.340461935532,0.404201292872,0.455229346871,0.500084201624,
    0.545165806445,0.595943968588,0.65939822184,0.718017231043,
    0.790113057849,0.825792028737,0.877080324994,1.),.UNSPECIFIED.);
#1422 = CARTESIAN_POINT('',(3.069479185503,5.,12.15));
#1423 = CARTESIAN_POINT('',(3.069479185503,5.124559249918,12.15));
#1424 = CARTESIAN_POINT('',(3.076201936198,5.249314220215,
    12.135105477168));
#1425 = CARTESIAN_POINT('',(3.089686624126,5.372339587973,
    12.105229400992));
#1426 = CARTESIAN_POINT('',(3.110160361788,5.491683349934,12.06048547102
    ));
#1427 = CARTESIAN_POINT('',(3.138043052419,5.605356031177,
    12.001198771674));
#1428 = CARTESIAN_POINT('',(3.203925508212,5.799937076021,
    11.866551919303));
#1429 = CARTESIAN_POINT('',(3.239569935519,5.883273971854,
    11.795316194941));
#1430 = CARTESIAN_POINT('',(3.280978380252,5.959390646122,
    11.714915325784));
#1431 = CARTESIAN_POINT('',(3.328143757751,6.026739428038,
    11.626565104955));
#1432 = CARTESIAN_POINT('',(3.380868056923,6.084185791194,11.53178123398
    ));
#1433 = CARTESIAN_POINT('',(3.477053594759,6.162112332659,
    11.366178903808));
#1434 = CARTESIAN_POINT('',(3.517575745393,6.188459140404,
    11.298175990877));
#1435 = CARTESIAN_POINT('',(3.560086591554,6.209891880796,
    11.228755271056));
#1436 = CARTESIAN_POINT('',(3.604357225624,6.226332695029,
    11.158479565806));
#1437 = CARTESIAN_POINT('',(3.650098712907,6.237808698494,
    11.087919002062));
#1438 = CARTESIAN_POINT('',(3.746028231196,6.251409667582,
    10.944035778269));
#1439 = CARTESIAN_POINT('',(3.796315921115,6.253066792188,
    10.870752518353));
#1440 = CARTESIAN_POINT('',(3.847551097008,6.249599935232,
    10.798228731376));
#1441 = CARTESIAN_POINT('',(3.89943131968,6.241219085524,10.726873128921
    ));
#1442 = CARTESIAN_POINT('',(3.951624689018,6.228168810454,
    10.657061407444));
#1443 = CARTESIAN_POINT('',(4.058893810192,6.192294865347,10.51734161606
    ));
#1444 = CARTESIAN_POINT('',(4.113995385718,6.16894642677,10.447614518244
    ));
#1445 = CARTESIAN_POINT('',(4.168780503852,6.14096130931,10.380203341336
    ));
#1446 = CARTESIAN_POINT('',(4.222931335832,6.108589562167,
    10.315331985173));
#1447 = CARTESIAN_POINT('',(4.276108717082,6.072055471909,
    10.253209113312));
#1448 = CARTESIAN_POINT('',(4.38462042434,5.987293721304,10.129354661847
    ));
#1449 = CARTESIAN_POINT('',(4.439724760827,5.938270718523,10.06816325934
    ));
#1450 = CARTESIAN_POINT('',(4.4928073989,5.884726188712,10.010713409474)
  );
#1451 = CARTESIAN_POINT('',(4.543351494909,5.826870975824,9.957276804266
    ));
#1452 = CARTESIAN_POINT('',(4.590780087692,5.764897080412,9.908156476301
    ));
#1453 = CARTESIAN_POINT('',(4.669421055281,5.646215261429,9.82810580903)
  );
#1454 = CARTESIAN_POINT('',(4.702008863225,5.590879522149,9.795473416756
    ));
#1455 = CARTESIAN_POINT('',(4.731807286225,5.533178180066,9.766066798376
    ));
#1456 = CARTESIAN_POINT('',(4.75842285934,5.47332423509,9.740118259794)
  );
#1457 = CARTESIAN_POINT('',(4.781488366485,5.411540473045,9.717839606682
    ));
#1458 = CARTESIAN_POINT('',(4.817532651967,5.292255239782,9.683257408034
    ));
#1459 = CARTESIAN_POINT('',(4.831390632834,5.235152033877,9.67007677213)
  );
#1460 = CARTESIAN_POINT('',(4.841975155485,5.177057880217,9.660072486811
    ));
#1461 = CARTESIAN_POINT('',(4.849100149616,5.118288825956,9.653360489503
    ));
#1462 = CARTESIAN_POINT('',(4.852666707687,5.059163626498,9.65));
#1463 = CARTESIAN_POINT('',(4.852666707687,4.940537289794,9.65));
#1464 = CARTESIAN_POINT('',(4.849064001029,4.881113961175,9.653394554492
    ));
#1465 = CARTESIAN_POINT('',(4.841866955315,4.822052223541,9.660174412779
    ));
#1466 = CARTESIAN_POINT('',(4.831176443851,4.763675342603,9.670279216165
    ));
#1467 = CARTESIAN_POINT('',(4.817182117137,4.706303805605,9.683590830437
    ));
#1468 = CARTESIAN_POINT('',(4.780984132054,4.587116339575,9.718326740581
    ));
#1469 = CARTESIAN_POINT('',(4.757970505289,4.525668505371,9.740559503864
    ));
#1470 = CARTESIAN_POINT('',(4.731446502965,4.466135066603,9.766423300293
    ));
#1471 = CARTESIAN_POINT('',(4.701774120352,4.408735028909,9.795709287054
    ));
#1472 = CARTESIAN_POINT('',(4.669340866232,4.353677813928,9.828188670586
    ));
#1473 = CARTESIAN_POINT('',(4.591078534798,4.235535756218,9.907851139773
    ));
#1474 = CARTESIAN_POINT('',(4.543884585104,4.173813893577,9.956723132271
    ));
#1475 = CARTESIAN_POINT('',(4.493599309853,4.116172982867,
    10.009874807803));
#1476 = CARTESIAN_POINT('',(4.440792269669,4.062802322421,
    10.067006983756));
#1477 = CARTESIAN_POINT('',(4.385973925746,4.013909677249,
    10.127851372179));
#1478 = CARTESIAN_POINT('',(4.277514384849,3.928911575019,
    10.251567427128));
#1479 = CARTESIAN_POINT('',(4.224076546217,3.892095871806,
    10.313960352528));
#1480 = CARTESIAN_POINT('',(4.169649737261,3.859483158151,
    10.379133958843));
#1481 = CARTESIAN_POINT('',(4.114578563031,3.831300855933,
    10.446876624877));
#1482 = CARTESIAN_POINT('',(4.059185754971,3.807802769563,
    10.516961353192));
#1483 = CARTESIAN_POINT('',(3.935620108782,3.766478787787,
    10.677907635951));
#1484 = CARTESIAN_POINT('',(3.867310268976,3.751157092638,
    10.770006473684));
#1485 = CARTESIAN_POINT('',(3.799704978935,3.743985345983,10.86459823508
    ));
#1486 = CARTESIAN_POINT('',(3.733589414989,3.745494518197,
    10.960742781992));
#1487 = CARTESIAN_POINT('',(3.669631994012,3.756074625007,
    11.057405808089));
#1488 = CARTESIAN_POINT('',(3.578076221938,3.785818097565,
    11.201031604492));
#1489 = CARTESIAN_POINT('',(3.548463041711,3.797935959503,
    11.248384960357));
#1490 = CARTESIAN_POINT('',(3.519642672442,3.812335344625,11.2953610388)
  );
#1491 = CARTESIAN_POINT('',(3.49169720572,3.829002547821,11.341777633878
    ));
#1492 = CARTESIAN_POINT('',(3.464695309286,3.847899967184,
    11.387456124036));
#1493 = CARTESIAN_POINT('',(3.401314987759,3.899248739199,
    11.496577819127));
#1494 = CARTESIAN_POINT('',(3.366027221383,3.933992992045,
    11.559007640243));
#1495 = CARTESIAN_POINT('',(3.332982886435,3.973011626876,
    11.619021245333));
#1496 = CARTESIAN_POINT('',(3.302280838093,4.016026442758,
    11.676158414952));
#1497 = CARTESIAN_POINT('',(3.273974680845,4.062670073178,
    11.730010469909));
#1498 = CARTESIAN_POINT('',(3.186025802487,4.231882725222,
    11.900621167613));
#1499 = CARTESIAN_POINT('',(3.13821235069,4.368773977441,11.999453920023
    ));
#1500 = CARTESIAN_POINT('',(3.103461781031,4.518588030658,12.07470728279
    ));
#1501 = CARTESIAN_POINT('',(3.080739522332,4.676818473098,
    12.125052920798));
#1502 = CARTESIAN_POINT('',(3.069479185503,4.838795035665,12.15));
#1503 = CARTESIAN_POINT('',(3.069479185503,5.,12.15));
#1504 = ORIENTED_EDGE('',*,*,#1049,.T.);
#1505 = CYLINDRICAL_SURFACE('',#1506,7.9);
#1506 = AXIS2_PLACEMENT_3D('',#1507,#1508,#1509);
#1507 = CARTESIAN_POINT('',(10.27,0.675,15.4));
#1508 = DIRECTION('',(-0.,-1.,2.22044604925E-16));
#1509 = DIRECTION('',(1.,0.,0.));
#1510 = ADVANCED_FACE('',(#1511),#1544,.T.);
#1511 = FACE_BOUND('',#1512,.T.);
#1512 = EDGE_LOOP('',(#1513,#1521,#1529,#1537,#1543));
#1513 = ORIENTED_EDGE('',*,*,#1514,.T.);
#1514 = EDGE_CURVE('',#607,#1515,#1517,.T.);
#1515 = VERTEX_POINT('',#1516);
#1516 = CARTESIAN_POINT('',(29.75,-23.5,5.5));
#1517 = LINE('',#1518,#1519);
#1518 = CARTESIAN_POINT('',(28.375,-23.5,6.875));
#1519 = VECTOR('',#1520,1.);
#1520 = DIRECTION('',(0.707106781187,1.92E-15,-0.707106781187));
#1521 = ORIENTED_EDGE('',*,*,#1522,.T.);
#1522 = EDGE_CURVE('',#1515,#1523,#1525,.T.);
#1523 = VERTEX_POINT('',#1524);
#1524 = CARTESIAN_POINT('',(29.75,3.8,5.5));
#1525 = LINE('',#1526,#1527);
#1526 = CARTESIAN_POINT('',(29.75,-24.,5.5));
#1527 = VECTOR('',#1528,1.);
#1528 = DIRECTION('',(0.,1.,0.));
#1529 = ORIENTED_EDGE('',*,*,#1530,.F.);
#1530 = EDGE_CURVE('',#1531,#1523,#1533,.T.);
#1531 = VERTEX_POINT('',#1532);
#1532 = CARTESIAN_POINT('',(28.75,3.8,6.5));
#1533 = LINE('',#1534,#1535);
#1534 = CARTESIAN_POINT('',(29.8125,3.8,5.4375));
#1535 = VECTOR('',#1536,1.);
#1536 = DIRECTION('',(0.707106781187,0.,-0.707106781187));
#1537 = ORIENTED_EDGE('',*,*,#1538,.T.);
#1538 = EDGE_CURVE('',#1531,#921,#1539,.T.);
#1539 = LINE('',#1540,#1541);
#1540 = CARTESIAN_POINT('',(31.591666666667,0.958333333333,
    3.658333333333));
#1541 = VECTOR('',#1542,1.);
#1542 = DIRECTION('',(-0.57735026919,0.57735026919,0.57735026919));
#1543 = ORIENTED_EDGE('',*,*,#920,.F.);
#1544 = PLANE('',#1545);
#1545 = AXIS2_PLACEMENT_3D('',#1546,#1547,#1548);
#1546 = CARTESIAN_POINT('',(28.75,-24.,6.5));
#1547 = DIRECTION('',(0.707106781187,0.,0.707106781187));
#1548 = DIRECTION('',(0.,1.,0.));
#1549 = ADVANCED_FACE('',(#1550),#1568,.F.);
#1550 = FACE_BOUND('',#1551,.T.);
#1551 = EDGE_LOOP('',(#1552,#1553,#1561,#1567));
#1552 = ORIENTED_EDGE('',*,*,#1538,.F.);
#1553 = ORIENTED_EDGE('',*,*,#1554,.T.);
#1554 = EDGE_CURVE('',#1531,#1555,#1557,.T.);
#1555 = VERTEX_POINT('',#1556);
#1556 = CARTESIAN_POINT('',(72.,3.8,6.5));
#1557 = LINE('',#1558,#1559);
#1558 = CARTESIAN_POINT('',(19.,3.8,6.5));
#1559 = VECTOR('',#1560,1.);
#1560 = DIRECTION('',(1.,0.,0.));
#1561 = ORIENTED_EDGE('',*,*,#1562,.F.);
#1562 = EDGE_CURVE('',#929,#1555,#1563,.T.);
#1563 = LINE('',#1564,#1565);
#1564 = CARTESIAN_POINT('',(72.,4.55,7.25));
#1565 = VECTOR('',#1566,1.);
#1566 = DIRECTION('',(-2.6E-15,-0.707106781187,-0.707106781187));
#1567 = ORIENTED_EDGE('',*,*,#928,.F.);
#1568 = PLANE('',#1569);
#1569 = AXIS2_PLACEMENT_3D('',#1570,#1571,#1572);
#1570 = CARTESIAN_POINT('',(19.,4.3,7.));
#1571 = DIRECTION('',(0.,0.707106781187,-0.707106781187));
#1572 = DIRECTION('',(-1.,-0.,-0.));
#1573 = ADVANCED_FACE('',(#1574),#1599,.T.);
#1574 = FACE_BOUND('',#1575,.F.);
#1575 = EDGE_LOOP('',(#1576,#1584,#1585,#1593));
#1576 = ORIENTED_EDGE('',*,*,#1577,.F.);
#1577 = EDGE_CURVE('',#929,#1578,#1580,.T.);
#1578 = VERTEX_POINT('',#1579);
#1579 = CARTESIAN_POINT('',(73.,4.8,6.5));
#1580 = LINE('',#1581,#1582);
#1581 = CARTESIAN_POINT('',(72.25,4.8,7.25));
#1582 = VECTOR('',#1583,1.);
#1583 = DIRECTION('',(0.707106781187,2.6E-15,-0.707106781187));
#1584 = ORIENTED_EDGE('',*,*,#936,.T.);
#1585 = ORIENTED_EDGE('',*,*,#1586,.F.);
#1586 = EDGE_CURVE('',#1587,#937,#1589,.T.);
#1587 = VERTEX_POINT('',#1588);
#1588 = CARTESIAN_POINT('',(73.,15.2,6.5));
#1589 = LINE('',#1590,#1591);
#1590 = CARTESIAN_POINT('',(72.75,15.2,6.75));
#1591 = VECTOR('',#1592,1.);
#1592 = DIRECTION('',(-0.707106781187,-6.7E-16,0.707106781187));
#1593 = ORIENTED_EDGE('',*,*,#1594,.F.);
#1594 = EDGE_CURVE('',#1578,#1587,#1595,.T.);
#1595 = LINE('',#1596,#1597);
#1596 = CARTESIAN_POINT('',(73.,3.8,6.5));
#1597 = VECTOR('',#1598,1.);
#1598 = DIRECTION('',(0.,1.,0.));
#1599 = PLANE('',#1600);
#1600 = AXIS2_PLACEMENT_3D('',#1601,#1602,#1603);
#1601 = CARTESIAN_POINT('',(72.5,3.8,7.));
#1602 = DIRECTION('',(0.707106781187,0.,0.707106781187));
#1603 = DIRECTION('',(0.,-1.,0.));
#1604 = ADVANCED_FACE('',(#1605),#1630,.T.);
#1605 = FACE_BOUND('',#1606,.T.);
#1606 = EDGE_LOOP('',(#1607,#1615,#1616,#1624));
#1607 = ORIENTED_EDGE('',*,*,#1608,.F.);
#1608 = EDGE_CURVE('',#945,#1609,#1611,.T.);
#1609 = VERTEX_POINT('',#1610);
#1610 = CARTESIAN_POINT('',(28.75,16.2,6.5));
#1611 = LINE('',#1612,#1613);
#1612 = CARTESIAN_POINT('',(20.258333333333,7.708333333333,
    14.991666666667));
#1613 = VECTOR('',#1614,1.);
#1614 = DIRECTION('',(0.57735026919,0.57735026919,-0.57735026919));
#1615 = ORIENTED_EDGE('',*,*,#944,.T.);
#1616 = ORIENTED_EDGE('',*,*,#1617,.T.);
#1617 = EDGE_CURVE('',#937,#1618,#1620,.T.);
#1618 = VERTEX_POINT('',#1619);
#1619 = CARTESIAN_POINT('',(72.,16.2,6.5));
#1620 = LINE('',#1621,#1622);
#1621 = CARTESIAN_POINT('',(72.,15.7,7.));
#1622 = VECTOR('',#1623,1.);
#1623 = DIRECTION('',(0.,0.707106781187,-0.707106781187));
#1624 = ORIENTED_EDGE('',*,*,#1625,.F.);
#1625 = EDGE_CURVE('',#1609,#1618,#1626,.T.);
#1626 = LINE('',#1627,#1628);
#1627 = CARTESIAN_POINT('',(19.,16.2,6.5));
#1628 = VECTOR('',#1629,1.);
#1629 = DIRECTION('',(1.,0.,0.));
#1630 = PLANE('',#1631);
#1631 = AXIS2_PLACEMENT_3D('',#1632,#1633,#1634);
#1632 = CARTESIAN_POINT('',(19.,15.7,7.));
#1633 = DIRECTION('',(0.,0.707106781187,0.707106781187));
#1634 = DIRECTION('',(1.,0.,0.));
#1635 = ADVANCED_FACE('',(#1636),#1662,.T.);
#1636 = FACE_BOUND('',#1637,.T.);
#1637 = EDGE_LOOP('',(#1638,#1646,#1654,#1660,#1661));
#1638 = ORIENTED_EDGE('',*,*,#1639,.T.);
#1639 = EDGE_CURVE('',#1609,#1640,#1642,.T.);
#1640 = VERTEX_POINT('',#1641);
#1641 = CARTESIAN_POINT('',(29.75,16.2,5.5));
#1642 = LINE('',#1643,#1644);
#1643 = CARTESIAN_POINT('',(29.8125,16.2,5.4375));
#1644 = VECTOR('',#1645,1.);
#1645 = DIRECTION('',(0.707106781187,0.,-0.707106781187));
#1646 = ORIENTED_EDGE('',*,*,#1647,.T.);
#1647 = EDGE_CURVE('',#1640,#1648,#1650,.T.);
#1648 = VERTEX_POINT('',#1649);
#1649 = CARTESIAN_POINT('',(29.75,22.8,5.5));
#1650 = LINE('',#1651,#1652);
#1651 = CARTESIAN_POINT('',(29.75,-24.,5.5));
#1652 = VECTOR('',#1653,1.);
#1653 = DIRECTION('',(0.,1.,0.));
#1654 = ORIENTED_EDGE('',*,*,#1655,.T.);
#1655 = EDGE_CURVE('',#1648,#953,#1656,.T.);
#1656 = LINE('',#1657,#1658);
#1657 = CARTESIAN_POINT('',(28.75,22.8,6.5));
#1658 = VECTOR('',#1659,1.);
#1659 = DIRECTION('',(-0.707106781187,1.92E-15,0.707106781187));
#1660 = ORIENTED_EDGE('',*,*,#952,.F.);
#1661 = ORIENTED_EDGE('',*,*,#1608,.T.);
#1662 = PLANE('',#1663);
#1663 = AXIS2_PLACEMENT_3D('',#1664,#1665,#1666);
#1664 = CARTESIAN_POINT('',(28.75,-24.,6.5));
#1665 = DIRECTION('',(0.707106781187,0.,0.707106781187));
#1666 = DIRECTION('',(0.,1.,0.));
#1667 = ADVANCED_FACE('',(#1668),#1680,.T.);
#1668 = FACE_BOUND('',#1669,.F.);
#1669 = EDGE_LOOP('',(#1670,#1677,#1678,#1679));
#1670 = ORIENTED_EDGE('',*,*,#1671,.F.);
#1671 = EDGE_CURVE('',#1105,#1113,#1672,.T.);
#1672 = CIRCLE('',#1673,3.6);
#1673 = AXIS2_PLACEMENT_3D('',#1674,#1675,#1676);
#1674 = CARTESIAN_POINT('',(10.27,9.04,15.4));
#1675 = DIRECTION('',(0.,1.,-2.22044604925E-16));
#1676 = DIRECTION('',(1.,0.,0.));
#1677 = ORIENTED_EDGE('',*,*,#1104,.F.);
#1678 = ORIENTED_EDGE('',*,*,#992,.F.);
#1679 = ORIENTED_EDGE('',*,*,#1120,.T.);
#1680 = CYLINDRICAL_SURFACE('',#1681,3.6);
#1681 = AXIS2_PLACEMENT_3D('',#1682,#1683,#1684);
#1682 = CARTESIAN_POINT('',(10.27,9.04,15.4));
#1683 = DIRECTION('',(-0.,-1.,2.22044604925E-16));
#1684 = DIRECTION('',(1.,0.,0.));
#1685 = ADVANCED_FACE('',(#1686),#1715,.F.);
#1686 = FACE_BOUND('',#1687,.T.);
#1687 = EDGE_LOOP('',(#1688,#1697,#1703,#1704,#1705,#1712,#1713,#1714));
#1688 = ORIENTED_EDGE('',*,*,#1689,.T.);
#1689 = EDGE_CURVE('',#1024,#1690,#1692,.T.);
#1690 = VERTEX_POINT('',#1691);
#1691 = CARTESIAN_POINT('',(-6.,5.,12.15));
#1692 = CIRCLE('',#1693,1.25);
#1693 = AXIS2_PLACEMENT_3D('',#1694,#1695,#1696);
#1694 = CARTESIAN_POINT('',(-6.,5.,10.9));
#1695 = DIRECTION('',(1.,0.,2.22044604925E-16));
#1696 = DIRECTION('',(-2.22044604925E-16,0.,1.));
#1697 = ORIENTED_EDGE('',*,*,#1698,.T.);
#1698 = EDGE_CURVE('',#1690,#1315,#1699,.T.);
#1699 = LINE('',#1700,#1701);
#1700 = CARTESIAN_POINT('',(10.27,5.,12.15));
#1701 = VECTOR('',#1702,1.);
#1702 = DIRECTION('',(-1.,0.,-2.22044604925E-16));
#1703 = ORIENTED_EDGE('',*,*,#1314,.F.);
#1704 = ORIENTED_EDGE('',*,*,#1698,.F.);
#1705 = ORIENTED_EDGE('',*,*,#1706,.T.);
#1706 = EDGE_CURVE('',#1690,#1034,#1707,.T.);
#1707 = CIRCLE('',#1708,1.25);
#1708 = AXIS2_PLACEMENT_3D('',#1709,#1710,#1711);
#1709 = CARTESIAN_POINT('',(-6.,5.,10.9));
#1710 = DIRECTION('',(1.,0.,2.22044604925E-16));
#1711 = DIRECTION('',(-2.22044604925E-16,0.,1.));
#1712 = ORIENTED_EDGE('',*,*,#1041,.T.);
#1713 = ORIENTED_EDGE('',*,*,#1420,.F.);
#1714 = ORIENTED_EDGE('',*,*,#1023,.F.);
#1715 = CYLINDRICAL_SURFACE('',#1716,1.25);
#1716 = AXIS2_PLACEMENT_3D('',#1717,#1718,#1719);
#1717 = CARTESIAN_POINT('',(10.27,5.,10.9));
#1718 = DIRECTION('',(1.,-0.,2.22044604925E-16));
#1719 = DIRECTION('',(-2.22044604925E-16,0.,1.));
#1720 = ADVANCED_FACE('',(#1721),#1725,.F.);
#1721 = FACE_BOUND('',#1722,.F.);
#1722 = EDGE_LOOP('',(#1723,#1724));
#1723 = ORIENTED_EDGE('',*,*,#1112,.T.);
#1724 = ORIENTED_EDGE('',*,*,#1671,.T.);
#1725 = PLANE('',#1726);
#1726 = AXIS2_PLACEMENT_3D('',#1727,#1728,#1729);
#1727 = CARTESIAN_POINT('',(10.27,9.04,15.4));
#1728 = DIRECTION('',(0.,1.,-2.22044604925E-16));
#1729 = DIRECTION('',(1.,0.,0.));
#1730 = ADVANCED_FACE('',(#1731),#1743,.T.);
#1731 = FACE_BOUND('',#1732,.F.);
#1732 = EDGE_LOOP('',(#1733,#1734,#1735,#1736));
#1733 = ORIENTED_EDGE('',*,*,#1065,.T.);
#1734 = ORIENTED_EDGE('',*,*,#1187,.T.);
#1735 = ORIENTED_EDGE('',*,*,#1081,.F.);
#1736 = ORIENTED_EDGE('',*,*,#1737,.T.);
#1737 = EDGE_CURVE('',#1074,#1066,#1738,.T.);
#1738 = CIRCLE('',#1739,3.6);
#1739 = AXIS2_PLACEMENT_3D('',#1740,#1741,#1742);
#1740 = CARTESIAN_POINT('',(10.27,0.96,15.4));
#1741 = DIRECTION('',(0.,1.,-2.22044604925E-16));
#1742 = DIRECTION('',(1.,0.,0.));
#1743 = CYLINDRICAL_SURFACE('',#1744,3.6);
#1744 = AXIS2_PLACEMENT_3D('',#1745,#1746,#1747);
#1745 = CARTESIAN_POINT('',(10.27,-4.E-02,15.4));
#1746 = DIRECTION('',(-0.,-1.,2.22044604925E-16));
#1747 = DIRECTION('',(1.,0.,0.));
#1748 = ADVANCED_FACE('',(#1749),#1753,.T.);
#1749 = FACE_BOUND('',#1750,.T.);
#1750 = EDGE_LOOP('',(#1751,#1752));
#1751 = ORIENTED_EDGE('',*,*,#1073,.T.);
#1752 = ORIENTED_EDGE('',*,*,#1737,.T.);
#1753 = PLANE('',#1754);
#1754 = AXIS2_PLACEMENT_3D('',#1755,#1756,#1757);
#1755 = CARTESIAN_POINT('',(10.27,0.96,15.4));
#1756 = DIRECTION('',(0.,1.,-2.22044604925E-16));
#1757 = DIRECTION('',(1.,0.,0.));
#1758 = ADVANCED_FACE('',(#1759),#1764,.F.);
#1759 = FACE_BOUND('',#1760,.F.);
#1760 = EDGE_LOOP('',(#1761,#1762,#1763));
#1761 = ORIENTED_EDGE('',*,*,#1706,.T.);
#1762 = ORIENTED_EDGE('',*,*,#1033,.T.);
#1763 = ORIENTED_EDGE('',*,*,#1689,.T.);
#1764 = PLANE('',#1765);
#1765 = AXIS2_PLACEMENT_3D('',#1766,#1767,#1768);
#1766 = CARTESIAN_POINT('',(-6.,-1.,12.03));
#1767 = DIRECTION('',(1.,0.,0.));
#1768 = DIRECTION('',(0.,0.,1.));
#1769 = ADVANCED_FACE('',(#1770),#1780,.T.);
#1770 = FACE_BOUND('',#1771,.T.);
#1771 = EDGE_LOOP('',(#1772,#1778,#1779));
#1772 = ORIENTED_EDGE('',*,*,#1773,.F.);
#1773 = EDGE_CURVE('',#1150,#1648,#1774,.T.);
#1774 = LINE('',#1775,#1776);
#1775 = CARTESIAN_POINT('',(28.25,24.3,5.5));
#1776 = VECTOR('',#1777,1.);
#1777 = DIRECTION('',(0.707106781187,-0.707106781187,0.));
#1778 = ORIENTED_EDGE('',*,*,#1157,.T.);
#1779 = ORIENTED_EDGE('',*,*,#1655,.F.);
#1780 = PLANE('',#1781);
#1781 = AXIS2_PLACEMENT_3D('',#1782,#1783,#1784);
#1782 = CARTESIAN_POINT('',(27.75,24.8,5.5));
#1783 = DIRECTION('',(0.57735026919,0.57735026919,0.57735026919));
#1784 = DIRECTION('',(-0.707106781187,1.387778780781E-16,0.707106781187)
  );
#1785 = ADVANCED_FACE('',(#1786),#1853,.T.);
#1786 = FACE_BOUND('',#1787,.T.);
#1787 = EDGE_LOOP('',(#1788,#1798,#1806,#1814,#1820,#1821,#1822,#1823,
    #1831,#1839,#1847));
#1788 = ORIENTED_EDGE('',*,*,#1789,.T.);
#1789 = EDGE_CURVE('',#1790,#1792,#1794,.T.);
#1790 = VERTEX_POINT('',#1791);
#1791 = CARTESIAN_POINT('',(15.,-24.,-7.));
#1792 = VERTEX_POINT('',#1793);
#1793 = CARTESIAN_POINT('',(27.75,-24.,-7.));
#1794 = LINE('',#1795,#1796);
#1795 = CARTESIAN_POINT('',(14.5,-24.,-7.));
#1796 = VECTOR('',#1797,1.);
#1797 = DIRECTION('',(1.,0.,0.));
#1798 = ORIENTED_EDGE('',*,*,#1799,.T.);
#1799 = EDGE_CURVE('',#1792,#1800,#1802,.T.);
#1800 = VERTEX_POINT('',#1801);
#1801 = CARTESIAN_POINT('',(29.25,-24.,-5.5));
#1802 = LINE('',#1803,#1804);
#1803 = CARTESIAN_POINT('',(24.625,-24.,-10.125));
#1804 = VECTOR('',#1805,1.);
#1805 = DIRECTION('',(0.707106781187,0.,0.707106781187));
#1806 = ORIENTED_EDGE('',*,*,#1807,.T.);
#1807 = EDGE_CURVE('',#1800,#1808,#1810,.T.);
#1808 = VERTEX_POINT('',#1809);
#1809 = CARTESIAN_POINT('',(29.25,-24.,5.5));
#1810 = LINE('',#1811,#1812);
#1811 = CARTESIAN_POINT('',(29.25,-24.,-7.5));
#1812 = VECTOR('',#1813,1.);
#1813 = DIRECTION('',(0.,0.,1.));
#1814 = ORIENTED_EDGE('',*,*,#1815,.F.);
#1815 = EDGE_CURVE('',#599,#1808,#1816,.T.);
#1816 = LINE('',#1817,#1818);
#1817 = CARTESIAN_POINT('',(28.375,-24.,6.375));
#1818 = VECTOR('',#1819,1.);
#1819 = DIRECTION('',(0.707106781187,0.,-0.707106781187));
#1820 = ORIENTED_EDGE('',*,*,#598,.F.);
#1821 = ORIENTED_EDGE('',*,*,#576,.T.);
#1822 = ORIENTED_EDGE('',*,*,#543,.F.);
#1823 = ORIENTED_EDGE('',*,*,#1824,.F.);
#1824 = EDGE_CURVE('',#1825,#536,#1827,.T.);
#1825 = VERTEX_POINT('',#1826);
#1826 = CARTESIAN_POINT('',(12.4,-24.,34.74));
#1827 = LINE('',#1828,#1829);
#1828 = CARTESIAN_POINT('',(7.5,-24.,34.74));
#1829 = VECTOR('',#1830,1.);
#1830 = DIRECTION('',(1.,0.,0.));
#1831 = ORIENTED_EDGE('',*,*,#1832,.F.);
#1832 = EDGE_CURVE('',#1833,#1825,#1835,.T.);
#1833 = VERTEX_POINT('',#1834);
#1834 = CARTESIAN_POINT('',(12.4,-24.,27.047106781187));
#1835 = LINE('',#1836,#1837);
#1836 = CARTESIAN_POINT('',(12.4,-24.,10.43351352339));
#1837 = VECTOR('',#1838,1.);
#1838 = DIRECTION('',(0.,0.,1.));
#1839 = ORIENTED_EDGE('',*,*,#1840,.T.);
#1840 = EDGE_CURVE('',#1833,#1841,#1843,.T.);
#1841 = VERTEX_POINT('',#1842);
#1842 = CARTESIAN_POINT('',(15.,-24.,24.447106781187));
#1843 = LINE('',#1844,#1845);
#1844 = CARTESIAN_POINT('',(7.853553390593,-24.,31.593553390593));
#1845 = VECTOR('',#1846,1.);
#1846 = DIRECTION('',(0.707106781187,0.,-0.707106781187));
#1847 = ORIENTED_EDGE('',*,*,#1848,.F.);
#1848 = EDGE_CURVE('',#1790,#1841,#1849,.T.);
#1849 = LINE('',#1850,#1851);
#1850 = CARTESIAN_POINT('',(15.,-24.,-7.5));
#1851 = VECTOR('',#1852,1.);
#1852 = DIRECTION('',(0.,0.,1.));
#1853 = PLANE('',#1854);
#1854 = AXIS2_PLACEMENT_3D('',#1855,#1856,#1857);
#1855 = CARTESIAN_POINT('',(18.140697593854,-24.,12.867027046779));
#1856 = DIRECTION('',(-0.,-1.,-0.));
#1857 = DIRECTION('',(0.,0.,-1.));
#1858 = ADVANCED_FACE('',(#1859),#1924,.T.);
#1859 = FACE_BOUND('',#1860,.T.);
#1860 = EDGE_LOOP('',(#1861,#1871,#1879,#1887,#1893,#1894,#1902,#1910,
    #1918));
#1861 = ORIENTED_EDGE('',*,*,#1862,.F.);
#1862 = EDGE_CURVE('',#1863,#1865,#1867,.T.);
#1863 = VERTEX_POINT('',#1864);
#1864 = CARTESIAN_POINT('',(8.,-10.25,35.24));
#1865 = VERTEX_POINT('',#1866);
#1866 = CARTESIAN_POINT('',(8.,22.8,35.24));
#1867 = LINE('',#1868,#1869);
#1868 = CARTESIAN_POINT('',(8.,-24.,35.24));
#1869 = VECTOR('',#1870,1.);
#1870 = DIRECTION('',(0.,1.,0.));
#1871 = ORIENTED_EDGE('',*,*,#1872,.F.);
#1872 = EDGE_CURVE('',#1873,#1863,#1875,.T.);
#1873 = VERTEX_POINT('',#1874);
#1874 = CARTESIAN_POINT('',(12.4,-10.25,35.24));
#1875 = LINE('',#1876,#1877);
#1876 = CARTESIAN_POINT('',(10.2,-10.25,35.24));
#1877 = VECTOR('',#1878,1.);
#1878 = DIRECTION('',(-1.,0.,0.));
#1879 = ORIENTED_EDGE('',*,*,#1880,.F.);
#1880 = EDGE_CURVE('',#1881,#1873,#1883,.T.);
#1881 = VERTEX_POINT('',#1882);
#1882 = CARTESIAN_POINT('',(12.4,-23.5,35.24));
#1883 = LINE('',#1884,#1885);
#1884 = CARTESIAN_POINT('',(12.4,-13.425,35.24));
#1885 = VECTOR('',#1886,1.);
#1886 = DIRECTION('',(0.,1.,0.));
#1887 = ORIENTED_EDGE('',*,*,#1888,.T.);
#1888 = EDGE_CURVE('',#1881,#496,#1889,.T.);
#1889 = LINE('',#1890,#1891);
#1890 = CARTESIAN_POINT('',(7.5,-23.5,35.24));
#1891 = VECTOR('',#1892,1.);
#1892 = DIRECTION('',(1.,0.,0.));
#1893 = ORIENTED_EDGE('',*,*,#495,.T.);
#1894 = ORIENTED_EDGE('',*,*,#1895,.F.);
#1895 = EDGE_CURVE('',#1896,#498,#1898,.T.);
#1896 = VERTEX_POINT('',#1897);
#1897 = CARTESIAN_POINT('',(11.5,28.8,35.24));
#1898 = LINE('',#1899,#1900);
#1899 = CARTESIAN_POINT('',(11.,28.8,35.24));
#1900 = VECTOR('',#1901,1.);
#1901 = DIRECTION('',(1.,0.,0.));
#1902 = ORIENTED_EDGE('',*,*,#1903,.F.);
#1903 = EDGE_CURVE('',#1904,#1896,#1906,.T.);
#1904 = VERTEX_POINT('',#1905);
#1905 = CARTESIAN_POINT('',(11.5,24.3,35.24));
#1906 = LINE('',#1907,#1908);
#1907 = CARTESIAN_POINT('',(11.5,24.8,35.24));
#1908 = VECTOR('',#1909,1.);
#1909 = DIRECTION('',(0.,1.,0.));
#1910 = ORIENTED_EDGE('',*,*,#1911,.F.);
#1911 = EDGE_CURVE('',#1912,#1904,#1914,.T.);
#1912 = VERTEX_POINT('',#1913);
#1913 = CARTESIAN_POINT('',(9.5,24.3,35.24));
#1914 = LINE('',#1915,#1916);
#1915 = CARTESIAN_POINT('',(7.5,24.3,35.24));
#1916 = VECTOR('',#1917,1.);
#1917 = DIRECTION('',(1.,0.,0.));
#1918 = ORIENTED_EDGE('',*,*,#1919,.F.);
#1919 = EDGE_CURVE('',#1865,#1912,#1920,.T.);
#1920 = LINE('',#1921,#1922);
#1921 = CARTESIAN_POINT('',(4.4,19.2,35.24));
#1922 = VECTOR('',#1923,1.);
#1923 = DIRECTION('',(0.707106781187,0.707106781187,0.));
#1924 = PLANE('',#1925);
#1925 = AXIS2_PLACEMENT_3D('',#1926,#1927,#1928);
#1926 = CARTESIAN_POINT('',(13.,3.4,35.24));
#1927 = DIRECTION('',(0.,0.,1.));
#1928 = DIRECTION('',(1.,0.,0.));
#1929 = ADVANCED_FACE('',(#1930),#1947,.T.);
#1930 = FACE_BOUND('',#1931,.T.);
#1931 = EDGE_LOOP('',(#1932,#1933,#1941));
#1932 = ORIENTED_EDGE('',*,*,#505,.F.);
#1933 = ORIENTED_EDGE('',*,*,#1934,.T.);
#1934 = EDGE_CURVE('',#506,#1935,#1937,.T.);
#1935 = VERTEX_POINT('',#1936);
#1936 = CARTESIAN_POINT('',(16.5,30.8,33.24));
#1937 = LINE('',#1938,#1939);
#1938 = CARTESIAN_POINT('',(18.,29.3,33.24));
#1939 = VECTOR('',#1940,1.);
#1940 = DIRECTION('',(-0.707106781187,0.707106781187,2.499851492299E-15)
  );
#1941 = ORIENTED_EDGE('',*,*,#1942,.F.);
#1942 = EDGE_CURVE('',#498,#1935,#1943,.T.);
#1943 = LINE('',#1944,#1945);
#1944 = CARTESIAN_POINT('',(16.5,29.8,34.24));
#1945 = VECTOR('',#1946,1.);
#1946 = DIRECTION('',(0.,0.707106781187,-0.707106781187));
#1947 = PLANE('',#1948);
#1948 = AXIS2_PLACEMENT_3D('',#1949,#1950,#1951);
#1949 = CARTESIAN_POINT('',(18.5,28.8,33.24));
#1950 = DIRECTION('',(0.57735026919,0.57735026919,0.57735026919));
#1951 = DIRECTION('',(0.,0.707106781187,-0.707106781187));
#1952 = ADVANCED_FACE('',(#1953),#1978,.T.);
#1953 = FACE_BOUND('',#1954,.F.);
#1954 = EDGE_LOOP('',(#1955,#1965,#1971,#1972));
#1955 = ORIENTED_EDGE('',*,*,#1956,.T.);
#1956 = EDGE_CURVE('',#1957,#1959,#1961,.T.);
#1957 = VERTEX_POINT('',#1958);
#1958 = CARTESIAN_POINT('',(16.5,30.8,-5.5));
#1959 = VERTEX_POINT('',#1960);
#1960 = CARTESIAN_POINT('',(18.5,28.8,-5.5));
#1961 = LINE('',#1962,#1963);
#1962 = CARTESIAN_POINT('',(17.,30.3,-5.5));
#1963 = VECTOR('',#1964,1.);
#1964 = DIRECTION('',(0.707106781187,-0.707106781187,9.614813431918E-16)
  );
#1965 = ORIENTED_EDGE('',*,*,#1966,.T.);
#1966 = EDGE_CURVE('',#1959,#506,#1967,.T.);
#1967 = LINE('',#1968,#1969);
#1968 = CARTESIAN_POINT('',(18.5,28.8,-7.5));
#1969 = VECTOR('',#1970,1.);
#1970 = DIRECTION('',(0.,0.,1.));
#1971 = ORIENTED_EDGE('',*,*,#1934,.T.);
#1972 = ORIENTED_EDGE('',*,*,#1973,.F.);
#1973 = EDGE_CURVE('',#1957,#1935,#1974,.T.);
#1974 = LINE('',#1975,#1976);
#1975 = CARTESIAN_POINT('',(16.5,30.8,-7.5));
#1976 = VECTOR('',#1977,1.);
#1977 = DIRECTION('',(0.,0.,1.));
#1978 = PLANE('',#1979);
#1979 = AXIS2_PLACEMENT_3D('',#1980,#1981,#1982);
#1980 = CARTESIAN_POINT('',(17.5,29.8,-7.5));
#1981 = DIRECTION('',(0.707106781187,0.707106781187,0.));
#1982 = DIRECTION('',(0.,0.,-1.));
#1983 = ADVANCED_FACE('',(#1984),#2001,.T.);
#1984 = FACE_BOUND('',#1985,.T.);
#1985 = EDGE_LOOP('',(#1986,#1994,#1995));
#1986 = ORIENTED_EDGE('',*,*,#1987,.F.);
#1987 = EDGE_CURVE('',#1957,#1988,#1990,.T.);
#1988 = VERTEX_POINT('',#1989);
#1989 = CARTESIAN_POINT('',(16.5,28.8,-7.5));
#1990 = LINE('',#1991,#1992);
#1991 = CARTESIAN_POINT('',(16.5,30.3,-6.));
#1992 = VECTOR('',#1993,1.);
#1993 = DIRECTION('',(1.15377761183E-15,-0.707106781187,-0.707106781187)
  );
#1994 = ORIENTED_EDGE('',*,*,#1956,.T.);
#1995 = ORIENTED_EDGE('',*,*,#1996,.F.);
#1996 = EDGE_CURVE('',#1988,#1959,#1997,.T.);
#1997 = LINE('',#1998,#1999);
#1998 = CARTESIAN_POINT('',(17.5,28.8,-6.5));
#1999 = VECTOR('',#2000,1.);
#2000 = DIRECTION('',(0.707106781187,-2.115258955022E-15,0.707106781187)
  );
#2001 = PLANE('',#2002);
#2002 = AXIS2_PLACEMENT_3D('',#2003,#2004,#2005);
#2003 = CARTESIAN_POINT('',(16.5,30.8,-5.5));
#2004 = DIRECTION('',(0.57735026919,0.57735026919,-0.57735026919));
#2005 = DIRECTION('',(0.707106781187,-2.525757381022E-15,0.707106781187)
  );
#2006 = ADVANCED_FACE('',(#2007),#2030,.T.);
#2007 = FACE_BOUND('',#2008,.T.);
#2008 = EDGE_LOOP('',(#2009,#2017,#2023,#2024));
#2009 = ORIENTED_EDGE('',*,*,#2010,.T.);
#2010 = EDGE_CURVE('',#1204,#2011,#2013,.T.);
#2011 = VERTEX_POINT('',#2012);
#2012 = CARTESIAN_POINT('',(16.5,22.8,-7.5));
#2013 = LINE('',#2014,#2015);
#2014 = CARTESIAN_POINT('',(9.241666666667,15.541666666667,
    -14.75833333333));
#2015 = VECTOR('',#2016,1.);
#2016 = DIRECTION('',(-0.57735026919,-0.57735026919,-0.57735026919));
#2017 = ORIENTED_EDGE('',*,*,#2018,.T.);
#2018 = EDGE_CURVE('',#2011,#1988,#2019,.T.);
#2019 = LINE('',#2020,#2021);
#2020 = CARTESIAN_POINT('',(16.5,-24.,-7.5));
#2021 = VECTOR('',#2022,1.);
#2022 = DIRECTION('',(0.,1.,0.));
#2023 = ORIENTED_EDGE('',*,*,#1996,.T.);
#2024 = ORIENTED_EDGE('',*,*,#2025,.F.);
#2025 = EDGE_CURVE('',#1204,#1959,#2026,.T.);
#2026 = LINE('',#2027,#2028);
#2027 = CARTESIAN_POINT('',(18.5,-24.,-5.5));
#2028 = VECTOR('',#2029,1.);
#2029 = DIRECTION('',(0.,1.,0.));
#2030 = PLANE('',#2031);
#2031 = AXIS2_PLACEMENT_3D('',#2032,#2033,#2034);
#2032 = CARTESIAN_POINT('',(17.5,-24.,-6.5));
#2033 = DIRECTION('',(0.707106781187,0.,-0.707106781187));
#2034 = DIRECTION('',(0.,1.,0.));
#2035 = ADVANCED_FACE('',(#2036),#2087,.T.);
#2036 = FACE_BOUND('',#2037,.T.);
#2037 = EDGE_LOOP('',(#2038,#2048,#2057,#2066,#2074,#2080,#2081));
#2038 = ORIENTED_EDGE('',*,*,#2039,.F.);
#2039 = EDGE_CURVE('',#2040,#2042,#2044,.T.);
#2040 = VERTEX_POINT('',#2041);
#2041 = CARTESIAN_POINT('',(7.5,30.8,9.404409953975));
#2042 = VERTEX_POINT('',#2043);
#2043 = CARTESIAN_POINT('',(7.5,30.8,-5.5));
#2044 = LINE('',#2045,#2046);
#2045 = CARTESIAN_POINT('',(7.5,30.8,-1.553868252177));
#2046 = VECTOR('',#2047,1.);
#2047 = DIRECTION('',(0.,0.,-1.));
#2048 = ORIENTED_EDGE('',*,*,#2049,.T.);
#2049 = EDGE_CURVE('',#2040,#2050,#2052,.T.);
#2050 = VERTEX_POINT('',#2051);
#2051 = CARTESIAN_POINT('',(10.385,30.8,12.402204976987));
#2052 = CIRCLE('',#2053,3.);
#2053 = AXIS2_PLACEMENT_3D('',#2054,#2055,#2056);
#2054 = CARTESIAN_POINT('',(10.5,30.8,9.404409953975));
#2055 = DIRECTION('',(0.,1.,0.));
#2056 = DIRECTION('',(0.,0.,-1.));
#2057 = ORIENTED_EDGE('',*,*,#2058,.T.);
#2058 = EDGE_CURVE('',#2050,#2059,#2061,.T.);
#2059 = VERTEX_POINT('',#2060);
#2060 = CARTESIAN_POINT('',(11.5,30.8,18.136256566918));
#2061 = CIRCLE('',#2062,3.);
#2062 = AXIS2_PLACEMENT_3D('',#2063,#2064,#2065);
#2063 = CARTESIAN_POINT('',(10.27,30.8,15.4));
#2064 = DIRECTION('',(-0.,-1.,-0.));
#2065 = DIRECTION('',(-1.,0.,0.));
#2066 = ORIENTED_EDGE('',*,*,#2067,.F.);
#2067 = EDGE_CURVE('',#2068,#2059,#2070,.T.);
#2068 = VERTEX_POINT('',#2069);
#2069 = CARTESIAN_POINT('',(11.5,30.8,33.24));
#2070 = LINE('',#2071,#2072);
#2071 = CARTESIAN_POINT('',(11.5,30.8,35.24));
#2072 = VECTOR('',#2073,1.);
#2073 = DIRECTION('',(0.,0.,-1.));
#2074 = ORIENTED_EDGE('',*,*,#2075,.T.);
#2075 = EDGE_CURVE('',#2068,#1935,#2076,.T.);
#2076 = LINE('',#2077,#2078);
#2077 = CARTESIAN_POINT('',(11.,30.8,33.24));
#2078 = VECTOR('',#2079,1.);
#2079 = DIRECTION('',(1.,0.,0.));
#2080 = ORIENTED_EDGE('',*,*,#1973,.F.);
#2081 = ORIENTED_EDGE('',*,*,#2082,.F.);
#2082 = EDGE_CURVE('',#2042,#1957,#2083,.T.);
#2083 = LINE('',#2084,#2085);
#2084 = CARTESIAN_POINT('',(7.5,30.8,-5.5));
#2085 = VECTOR('',#2086,1.);
#2086 = DIRECTION('',(1.,0.,0.));
#2087 = PLANE('',#2088);
#2088 = AXIS2_PLACEMENT_3D('',#2089,#2090,#2091);
#2089 = CARTESIAN_POINT('',(7.985969455702,30.8,11.892263495645));
#2090 = DIRECTION('',(0.,1.,0.));
#2091 = DIRECTION('',(0.,0.,1.));
#2092 = ADVANCED_FACE('',(#2093),#2111,.F.);
#2093 = FACE_BOUND('',#2094,.T.);
#2094 = EDGE_LOOP('',(#2095,#2096,#2097,#2105));
#2095 = ORIENTED_EDGE('',*,*,#2010,.F.);
#2096 = ORIENTED_EDGE('',*,*,#1203,.T.);
#2097 = ORIENTED_EDGE('',*,*,#2098,.F.);
#2098 = EDGE_CURVE('',#2099,#1206,#2101,.T.);
#2099 = VERTEX_POINT('',#2100);
#2100 = CARTESIAN_POINT('',(27.75,22.8,-7.5));
#2101 = LINE('',#2102,#2103);
#2102 = CARTESIAN_POINT('',(27.75,23.3,-7.));
#2103 = VECTOR('',#2104,1.);
#2104 = DIRECTION('',(-1.92E-15,0.707106781187,0.707106781187));
#2105 = ORIENTED_EDGE('',*,*,#2106,.F.);
#2106 = EDGE_CURVE('',#2011,#2099,#2107,.T.);
#2107 = LINE('',#2108,#2109);
#2108 = CARTESIAN_POINT('',(15.75,22.8,-7.5));
#2109 = VECTOR('',#2110,1.);
#2110 = DIRECTION('',(1.,0.,0.));
#2111 = PLANE('',#2112);
#2112 = AXIS2_PLACEMENT_3D('',#2113,#2114,#2115);
#2113 = CARTESIAN_POINT('',(15.75,23.8,-6.5));
#2114 = DIRECTION('',(0.,-0.707106781187,0.707106781187));
#2115 = DIRECTION('',(-1.,-0.,-0.));
#2116 = ADVANCED_FACE('',(#2117),#2247,.T.);
#2117 = FACE_BOUND('',#2118,.T.);
#2118 = EDGE_LOOP('',(#2119,#2127,#2135,#2143,#2151,#2159,#2167,#2175,
    #2183,#2191,#2199,#2207,#2215,#2223,#2231,#2239,#2245,#2246));
#2119 = ORIENTED_EDGE('',*,*,#2120,.F.);
#2120 = EDGE_CURVE('',#2121,#2099,#2123,.T.);
#2121 = VERTEX_POINT('',#2122);
#2122 = CARTESIAN_POINT('',(27.75,15.2,-7.5));
#2123 = LINE('',#2124,#2125);
#2124 = CARTESIAN_POINT('',(27.75,-24.,-7.5));
#2125 = VECTOR('',#2126,1.);
#2126 = DIRECTION('',(0.,1.,0.));
#2127 = ORIENTED_EDGE('',*,*,#2128,.T.);
#2128 = EDGE_CURVE('',#2121,#2129,#2131,.T.);
#2129 = VERTEX_POINT('',#2130);
#2130 = CARTESIAN_POINT('',(72.,15.2,-7.5));
#2131 = LINE('',#2132,#2133);
#2132 = CARTESIAN_POINT('',(19.,15.2,-7.5));
#2133 = VECTOR('',#2134,1.);
#2134 = DIRECTION('',(1.,0.,0.));
#2135 = ORIENTED_EDGE('',*,*,#2136,.F.);
#2136 = EDGE_CURVE('',#2137,#2129,#2139,.T.);
#2137 = VERTEX_POINT('',#2138);
#2138 = CARTESIAN_POINT('',(72.,4.8,-7.5));
#2139 = LINE('',#2140,#2141);
#2140 = CARTESIAN_POINT('',(72.,3.8,-7.5));
#2141 = VECTOR('',#2142,1.);
#2142 = DIRECTION('',(0.,1.,0.));
#2143 = ORIENTED_EDGE('',*,*,#2144,.F.);
#2144 = EDGE_CURVE('',#2145,#2137,#2147,.T.);
#2145 = VERTEX_POINT('',#2146);
#2146 = CARTESIAN_POINT('',(27.75,4.8,-7.5));
#2147 = LINE('',#2148,#2149);
#2148 = CARTESIAN_POINT('',(19.,4.8,-7.5));
#2149 = VECTOR('',#2150,1.);
#2150 = DIRECTION('',(1.,0.,0.));
#2151 = ORIENTED_EDGE('',*,*,#2152,.F.);
#2152 = EDGE_CURVE('',#2153,#2145,#2155,.T.);
#2153 = VERTEX_POINT('',#2154);
#2154 = CARTESIAN_POINT('',(27.75,-23.5,-7.5));
#2155 = LINE('',#2156,#2157);
#2156 = CARTESIAN_POINT('',(27.75,-24.,-7.5));
#2157 = VECTOR('',#2158,1.);
#2158 = DIRECTION('',(0.,1.,0.));
#2159 = ORIENTED_EDGE('',*,*,#2160,.F.);
#2160 = EDGE_CURVE('',#2161,#2153,#2163,.T.);
#2161 = VERTEX_POINT('',#2162);
#2162 = CARTESIAN_POINT('',(15.,-23.5,-7.5));
#2163 = LINE('',#2164,#2165);
#2164 = CARTESIAN_POINT('',(15.75,-23.5,-7.5));
#2165 = VECTOR('',#2166,1.);
#2166 = DIRECTION('',(1.,0.,0.));
#2167 = ORIENTED_EDGE('',*,*,#2168,.T.);
#2168 = EDGE_CURVE('',#2161,#2169,#2171,.T.);
#2169 = VERTEX_POINT('',#2170);
#2170 = CARTESIAN_POINT('',(15.,-4.,-7.5));
#2171 = LINE('',#2172,#2173);
#2172 = CARTESIAN_POINT('',(15.,-24.,-7.5));
#2173 = VECTOR('',#2174,1.);
#2174 = DIRECTION('',(0.,1.,0.));
#2175 = ORIENTED_EDGE('',*,*,#2176,.F.);
#2176 = EDGE_CURVE('',#2177,#2169,#2179,.T.);
#2177 = VERTEX_POINT('',#2178);
#2178 = CARTESIAN_POINT('',(-4.5,-4.,-7.5));
#2179 = LINE('',#2180,#2181);
#2180 = CARTESIAN_POINT('',(-6.5,-4.,-7.5));
#2181 = VECTOR('',#2182,1.);
#2182 = DIRECTION('',(1.,0.,0.));
#2183 = ORIENTED_EDGE('',*,*,#2184,.T.);
#2184 = EDGE_CURVE('',#2177,#2185,#2187,.T.);
#2185 = VERTEX_POINT('',#2186);
#2186 = CARTESIAN_POINT('',(-4.5,10.25,-7.5));
#2187 = LINE('',#2188,#2189);
#2188 = CARTESIAN_POINT('',(-4.5,-6.,-7.5));
#2189 = VECTOR('',#2190,1.);
#2190 = DIRECTION('',(0.,1.,0.));
#2191 = ORIENTED_EDGE('',*,*,#2192,.T.);
#2192 = EDGE_CURVE('',#2185,#2193,#2195,.T.);
#2193 = VERTEX_POINT('',#2194);
#2194 = CARTESIAN_POINT('',(-4.37,10.25,-7.5));
#2195 = LINE('',#2196,#2197);
#2196 = CARTESIAN_POINT('',(9.596341226708,10.25,-7.5));
#2197 = VECTOR('',#2198,1.);
#2198 = DIRECTION('',(1.,0.,0.));
#2199 = ORIENTED_EDGE('',*,*,#2200,.F.);
#2200 = EDGE_CURVE('',#2201,#2193,#2203,.T.);
#2201 = VERTEX_POINT('',#2202);
#2202 = CARTESIAN_POINT('',(-4.37,17.75,-7.5));
#2203 = LINE('',#2204,#2205);
#2204 = CARTESIAN_POINT('',(-4.37,8.156570263975,-7.5));
#2205 = VECTOR('',#2206,1.);
#2206 = DIRECTION('',(0.,-1.,0.));
#2207 = ORIENTED_EDGE('',*,*,#2208,.F.);
#2208 = EDGE_CURVE('',#2209,#2201,#2211,.T.);
#2209 = VERTEX_POINT('',#2210);
#2210 = CARTESIAN_POINT('',(-4.5,17.75,-7.5));
#2211 = LINE('',#2212,#2213);
#2212 = CARTESIAN_POINT('',(9.596341226708,17.75,-7.5));
#2213 = VECTOR('',#2214,1.);
#2214 = DIRECTION('',(1.,0.,0.));
#2215 = ORIENTED_EDGE('',*,*,#2216,.T.);
#2216 = EDGE_CURVE('',#2209,#2217,#2219,.T.);
#2217 = VERTEX_POINT('',#2218);
#2218 = CARTESIAN_POINT('',(-4.5,22.8,-7.5));
#2219 = LINE('',#2220,#2221);
#2220 = CARTESIAN_POINT('',(-4.5,-6.,-7.5));
#2221 = VECTOR('',#2222,1.);
#2222 = DIRECTION('',(0.,1.,0.));
#2223 = ORIENTED_EDGE('',*,*,#2224,.F.);
#2224 = EDGE_CURVE('',#2225,#2217,#2227,.T.);
#2225 = VERTEX_POINT('',#2226);
#2226 = CARTESIAN_POINT('',(9.5,22.8,-7.5));
#2227 = LINE('',#2228,#2229);
#2228 = CARTESIAN_POINT('',(7.5,22.8,-7.5));
#2229 = VECTOR('',#2230,1.);
#2230 = DIRECTION('',(-1.,0.,0.));
#2231 = ORIENTED_EDGE('',*,*,#2232,.F.);
#2232 = EDGE_CURVE('',#2233,#2225,#2235,.T.);
#2233 = VERTEX_POINT('',#2234);
#2234 = CARTESIAN_POINT('',(9.5,28.8,-7.5));
#2235 = LINE('',#2236,#2237);
#2236 = CARTESIAN_POINT('',(9.5,30.8,-7.5));
#2237 = VECTOR('',#2238,1.);
#2238 = DIRECTION('',(0.,-1.,0.));
#2239 = ORIENTED_EDGE('',*,*,#2240,.T.);
#2240 = EDGE_CURVE('',#2233,#1988,#2241,.T.);
#2241 = LINE('',#2242,#2243);
#2242 = CARTESIAN_POINT('',(7.5,28.8,-7.5));
#2243 = VECTOR('',#2244,1.);
#2244 = DIRECTION('',(1.,0.,0.));
#2245 = ORIENTED_EDGE('',*,*,#2018,.F.);
#2246 = ORIENTED_EDGE('',*,*,#2106,.T.);
#2247 = PLANE('',#2248);
#2248 = AXIS2_PLACEMENT_3D('',#2249,#2250,#2251);
#2249 = CARTESIAN_POINT('',(28.092682453416,6.06314052795,-7.5));
#2250 = DIRECTION('',(-0.,-0.,-1.));
#2251 = DIRECTION('',(-1.,0.,0.));
#2252 = ADVANCED_FACE('',(#2253),#2271,.T.);
#2253 = FACE_BOUND('',#2254,.F.);
#2254 = EDGE_LOOP('',(#2255,#2263,#2264,#2265));
#2255 = ORIENTED_EDGE('',*,*,#2256,.T.);
#2256 = EDGE_CURVE('',#2257,#1648,#2259,.T.);
#2257 = VERTEX_POINT('',#2258);
#2258 = CARTESIAN_POINT('',(29.75,22.8,-5.5));
#2259 = LINE('',#2260,#2261);
#2260 = CARTESIAN_POINT('',(29.75,22.8,-7.5));
#2261 = VECTOR('',#2262,1.);
#2262 = DIRECTION('',(0.,0.,1.));
#2263 = ORIENTED_EDGE('',*,*,#1773,.F.);
#2264 = ORIENTED_EDGE('',*,*,#1220,.F.);
#2265 = ORIENTED_EDGE('',*,*,#2266,.F.);
#2266 = EDGE_CURVE('',#2257,#1206,#2267,.T.);
#2267 = LINE('',#2268,#2269);
#2268 = CARTESIAN_POINT('',(28.75,23.8,-5.5));
#2269 = VECTOR('',#2270,1.);
#2270 = DIRECTION('',(-0.707106781187,0.707106781187,0.));
#2271 = PLANE('',#2272);
#2272 = AXIS2_PLACEMENT_3D('',#2273,#2274,#2275);
#2273 = CARTESIAN_POINT('',(28.75,23.8,-7.5));
#2274 = DIRECTION('',(0.707106781187,0.707106781187,0.));
#2275 = DIRECTION('',(0.,0.,-1.));
#2276 = ADVANCED_FACE('',(#2277),#2304,.T.);
#2277 = FACE_BOUND('',#2278,.F.);
#2278 = EDGE_LOOP('',(#2279,#2289,#2296,#2297));
#2279 = ORIENTED_EDGE('',*,*,#2280,.F.);
#2280 = EDGE_CURVE('',#2281,#2283,#2285,.T.);
#2281 = VERTEX_POINT('',#2282);
#2282 = CARTESIAN_POINT('',(-4.503170149134,-4.,16.29530869943));
#2283 = VERTEX_POINT('',#2284);
#2284 = CARTESIAN_POINT('',(-4.503170149134,22.8,16.29530869943));
#2285 = LINE('',#2286,#2287);
#2286 = CARTESIAN_POINT('',(-4.503170149134,-6.,16.29530869943));
#2287 = VECTOR('',#2288,1.);
#2288 = DIRECTION('',(0.,1.,0.));
#2289 = ORIENTED_EDGE('',*,*,#2290,.F.);
#2290 = EDGE_CURVE('',#1235,#2281,#2291,.T.);
#2291 = CIRCLE('',#2292,4.);
#2292 = AXIS2_PLACEMENT_3D('',#2293,#2294,#2295);
#2293 = CARTESIAN_POINT('',(-2.5,-4.,12.833039305864));
#2294 = DIRECTION('',(0.,1.,-0.));
#2295 = DIRECTION('',(-1.,-0.,-4.440892098501E-16));
#2296 = ORIENTED_EDGE('',*,*,#1234,.T.);
#2297 = ORIENTED_EDGE('',*,*,#2298,.F.);
#2298 = EDGE_CURVE('',#2283,#1237,#2299,.T.);
#2299 = CIRCLE('',#2300,4.);
#2300 = AXIS2_PLACEMENT_3D('',#2301,#2302,#2303);
#2301 = CARTESIAN_POINT('',(-2.5,22.8,12.833039305864));
#2302 = DIRECTION('',(0.,-1.,0.));
#2303 = DIRECTION('',(-0.500792537284,0.,0.865567348391));
#2304 = CYLINDRICAL_SURFACE('',#2305,4.);
#2305 = AXIS2_PLACEMENT_3D('',#2306,#2307,#2308);
#2306 = CARTESIAN_POINT('',(-2.5,-6.,12.833039305864));
#2307 = DIRECTION('',(0.,1.,0.));
#2308 = DIRECTION('',(-0.500792537284,0.,0.865567348391));
#2309 = ADVANCED_FACE('',(#2310),#2335,.T.);
#2310 = FACE_BOUND('',#2311,.F.);
#2311 = EDGE_LOOP('',(#2312,#2320,#2321,#2329));
#2312 = ORIENTED_EDGE('',*,*,#2313,.F.);
#2313 = EDGE_CURVE('',#1237,#2314,#2316,.T.);
#2314 = VERTEX_POINT('',#2315);
#2315 = CARTESIAN_POINT('',(-4.5,24.8,12.833039305864));
#2316 = LINE('',#2317,#2318);
#2317 = CARTESIAN_POINT('',(-6.5,22.8,12.833039305864));
#2318 = VECTOR('',#2319,1.);
#2319 = DIRECTION('',(0.707106781187,0.707106781187,1.110223024625E-16)
  );
#2320 = ORIENTED_EDGE('',*,*,#1306,.T.);
#2321 = ORIENTED_EDGE('',*,*,#2322,.T.);
#2322 = EDGE_CURVE('',#1299,#2323,#2325,.T.);
#2323 = VERTEX_POINT('',#2324);
#2324 = CARTESIAN_POINT('',(-4.5,24.8,-5.5));
#2325 = LINE('',#2326,#2327);
#2326 = CARTESIAN_POINT('',(-5.5,23.8,-5.5));
#2327 = VECTOR('',#2328,1.);
#2328 = DIRECTION('',(0.707106781187,0.707106781187,1.634518283426E-15)
  );
#2329 = ORIENTED_EDGE('',*,*,#2330,.F.);
#2330 = EDGE_CURVE('',#2314,#2323,#2331,.T.);
#2331 = LINE('',#2332,#2333);
#2332 = CARTESIAN_POINT('',(-4.5,24.8,12.833039305864));
#2333 = VECTOR('',#2334,1.);
#2334 = DIRECTION('',(0.,0.,-1.));
#2335 = PLANE('',#2336);
#2336 = AXIS2_PLACEMENT_3D('',#2337,#2338,#2339);
#2337 = CARTESIAN_POINT('',(-5.5,23.8,12.833039305864));
#2338 = DIRECTION('',(-0.707106781187,0.707106781187,0.));
#2339 = DIRECTION('',(0.,0.,1.));
#2340 = ADVANCED_FACE('',(#2341),#2357,.F.);
#2341 = FACE_BOUND('',#2342,.T.);
#2342 = EDGE_LOOP('',(#2343,#2344,#2350,#2351));
#2343 = ORIENTED_EDGE('',*,*,#2216,.F.);
#2344 = ORIENTED_EDGE('',*,*,#2345,.F.);
#2345 = EDGE_CURVE('',#1291,#2209,#2346,.T.);
#2346 = LINE('',#2347,#2348);
#2347 = CARTESIAN_POINT('',(-4.0075,17.75,-7.9925));
#2348 = VECTOR('',#2349,1.);
#2349 = DIRECTION('',(0.707106781187,0.,-0.707106781187));
#2350 = ORIENTED_EDGE('',*,*,#1298,.T.);
#2351 = ORIENTED_EDGE('',*,*,#2352,.F.);
#2352 = EDGE_CURVE('',#2217,#1299,#2353,.T.);
#2353 = LINE('',#2354,#2355);
#2354 = CARTESIAN_POINT('',(-5.,22.8,-7.));
#2355 = VECTOR('',#2356,1.);
#2356 = DIRECTION('',(-0.707106781187,-5.768888059151E-16,0.707106781187
    ));
#2357 = PLANE('',#2358);
#2358 = AXIS2_PLACEMENT_3D('',#2359,#2360,#2361);
#2359 = CARTESIAN_POINT('',(-5.5,-6.,-6.5));
#2360 = DIRECTION('',(0.707106781187,0.,0.707106781187));
#2361 = DIRECTION('',(0.,-1.,0.));
#2362 = ADVANCED_FACE('',(#2363),#2375,.F.);
#2363 = FACE_BOUND('',#2364,.F.);
#2364 = EDGE_LOOP('',(#2365,#2371,#2372,#2373,#2374));
#2365 = ORIENTED_EDGE('',*,*,#2366,.F.);
#2366 = EDGE_CURVE('',#2201,#1334,#2367,.T.);
#2367 = LINE('',#2368,#2369);
#2368 = CARTESIAN_POINT('',(-4.37,17.75,-15.87));
#2369 = VECTOR('',#2370,1.);
#2370 = DIRECTION('',(0.,0.,1.));
#2371 = ORIENTED_EDGE('',*,*,#2208,.F.);
#2372 = ORIENTED_EDGE('',*,*,#2345,.F.);
#2373 = ORIENTED_EDGE('',*,*,#1290,.T.);
#2374 = ORIENTED_EDGE('',*,*,#1333,.T.);
#2375 = PLANE('',#2376);
#2376 = AXIS2_PLACEMENT_3D('',#2377,#2378,#2379);
#2377 = CARTESIAN_POINT('',(-8.9,17.75,-15.87));
#2378 = DIRECTION('',(0.,1.,0.));
#2379 = DIRECTION('',(0.,0.,1.));
#2380 = ADVANCED_FACE('',(#2381),#2398,.T.);
#2381 = FACE_BOUND('',#2382,.T.);
#2382 = EDGE_LOOP('',(#2383,#2389,#2390,#2396,#2397));
#2383 = ORIENTED_EDGE('',*,*,#2384,.F.);
#2384 = EDGE_CURVE('',#2193,#1342,#2385,.T.);
#2385 = LINE('',#2386,#2387);
#2386 = CARTESIAN_POINT('',(-4.37,10.25,-15.87));
#2387 = VECTOR('',#2388,1.);
#2388 = DIRECTION('',(0.,0.,1.));
#2389 = ORIENTED_EDGE('',*,*,#2192,.F.);
#2390 = ORIENTED_EDGE('',*,*,#2391,.F.);
#2391 = EDGE_CURVE('',#1253,#2185,#2392,.T.);
#2392 = LINE('',#2393,#2394);
#2393 = CARTESIAN_POINT('',(-4.0075,10.25,-7.9925));
#2394 = VECTOR('',#2395,1.);
#2395 = DIRECTION('',(0.707106781187,0.,-0.707106781187));
#2396 = ORIENTED_EDGE('',*,*,#1260,.T.);
#2397 = ORIENTED_EDGE('',*,*,#1349,.T.);
#2398 = PLANE('',#2399);
#2399 = AXIS2_PLACEMENT_3D('',#2400,#2401,#2402);
#2400 = CARTESIAN_POINT('',(-8.9,10.25,-15.87));
#2401 = DIRECTION('',(0.,1.,0.));
#2402 = DIRECTION('',(0.,0.,1.));
#2403 = ADVANCED_FACE('',(#2404),#2415,.F.);
#2404 = FACE_BOUND('',#2405,.T.);
#2405 = EDGE_LOOP('',(#2406,#2407,#2413,#2414));
#2406 = ORIENTED_EDGE('',*,*,#2184,.F.);
#2407 = ORIENTED_EDGE('',*,*,#2408,.T.);
#2408 = EDGE_CURVE('',#2177,#1245,#2409,.T.);
#2409 = LINE('',#2410,#2411);
#2410 = CARTESIAN_POINT('',(-5.,-4.,-7.));
#2411 = VECTOR('',#2412,1.);
#2412 = DIRECTION('',(-0.707106781187,0.,0.707106781187));
#2413 = ORIENTED_EDGE('',*,*,#1252,.T.);
#2414 = ORIENTED_EDGE('',*,*,#2391,.T.);
#2415 = PLANE('',#2416);
#2416 = AXIS2_PLACEMENT_3D('',#2417,#2418,#2419);
#2417 = CARTESIAN_POINT('',(-5.5,-6.,-6.5));
#2418 = DIRECTION('',(0.707106781187,0.,0.707106781187));
#2419 = DIRECTION('',(0.,-1.,0.));
#2420 = ADVANCED_FACE('',(#2421),#2446,.F.);
#2421 = FACE_BOUND('',#2422,.T.);
#2422 = EDGE_LOOP('',(#2423,#2433,#2439,#2440));
#2423 = ORIENTED_EDGE('',*,*,#2424,.T.);
#2424 = EDGE_CURVE('',#2425,#2427,#2429,.T.);
#2425 = VERTEX_POINT('',#2426);
#2426 = CARTESIAN_POINT('',(-4.5,-6.,-5.5));
#2427 = VERTEX_POINT('',#2428);
#2428 = CARTESIAN_POINT('',(-4.5,-6.,12.833039305864));
#2429 = LINE('',#2430,#2431);
#2430 = CARTESIAN_POINT('',(-4.5,-6.,-7.5));
#2431 = VECTOR('',#2432,1.);
#2432 = DIRECTION('',(0.,0.,1.));
#2433 = ORIENTED_EDGE('',*,*,#2434,.T.);
#2434 = EDGE_CURVE('',#2427,#1235,#2435,.T.);
#2435 = LINE('',#2436,#2437);
#2436 = CARTESIAN_POINT('',(-5.5,-5.,12.833039305864));
#2437 = VECTOR('',#2438,1.);
#2438 = DIRECTION('',(-0.707106781187,0.707106781187,0.));
#2439 = ORIENTED_EDGE('',*,*,#1244,.F.);
#2440 = ORIENTED_EDGE('',*,*,#2441,.F.);
#2441 = EDGE_CURVE('',#2425,#1245,#2442,.T.);
#2442 = LINE('',#2443,#2444);
#2443 = CARTESIAN_POINT('',(-5.5,-5.,-5.5));
#2444 = VECTOR('',#2445,1.);
#2445 = DIRECTION('',(-0.707106781187,0.707106781187,0.));
#2446 = PLANE('',#2447);
#2447 = AXIS2_PLACEMENT_3D('',#2448,#2449,#2450);
#2448 = CARTESIAN_POINT('',(-5.5,-5.,-7.5));
#2449 = DIRECTION('',(0.707106781187,0.707106781187,0.));
#2450 = DIRECTION('',(0.,0.,-1.));
#2451 = ADVANCED_FACE('',(#2452),#2458,.F.);
#2452 = FACE_BOUND('',#2453,.F.);
#2453 = EDGE_LOOP('',(#2454,#2455,#2456,#2457));
#2454 = ORIENTED_EDGE('',*,*,#2384,.F.);
#2455 = ORIENTED_EDGE('',*,*,#2200,.F.);
#2456 = ORIENTED_EDGE('',*,*,#2366,.T.);
#2457 = ORIENTED_EDGE('',*,*,#1341,.T.);
#2458 = PLANE('',#2459);
#2459 = AXIS2_PLACEMENT_3D('',#2460,#2461,#2462);
#2460 = CARTESIAN_POINT('',(-4.37,10.25,-15.87));
#2461 = DIRECTION('',(1.,0.,0.));
#2462 = DIRECTION('',(0.,0.,1.));
#2463 = ADVANCED_FACE('',(#2464,#2467),#2494,.F.);
#2464 = FACE_BOUND('',#2465,.F.);
#2465 = EDGE_LOOP('',(#2466));
#2466 = ORIENTED_EDGE('',*,*,#1366,.T.);
#2467 = FACE_BOUND('',#2468,.F.);
#2468 = EDGE_LOOP('',(#2469,#2480,#2488));
#2469 = ORIENTED_EDGE('',*,*,#2470,.F.);
#2470 = EDGE_CURVE('',#2471,#2473,#2475,.T.);
#2471 = VERTEX_POINT('',#2472);
#2472 = CARTESIAN_POINT('',(-0.165377158833,18.04,5.465675751446));
#2473 = VERTEX_POINT('',#2474);
#2474 = CARTESIAN_POINT('',(-1.834622841167,18.04,5.465675751446));
#2475 = CIRCLE('',#2476,1.575);
#2476 = AXIS2_PLACEMENT_3D('',#2477,#2478,#2479);
#2477 = CARTESIAN_POINT('',(-1.,18.04,4.13));
#2478 = DIRECTION('',(-0.,1.,0.));
#2479 = DIRECTION('',(1.,0.,0.));
#2480 = ORIENTED_EDGE('',*,*,#2481,.T.);
#2481 = EDGE_CURVE('',#2471,#2482,#2484,.T.);
#2482 = VERTEX_POINT('',#2483);
#2483 = CARTESIAN_POINT('',(-1.,18.04,5.987205985295));
#2484 = LINE('',#2485,#2486);
#2485 = CARTESIAN_POINT('',(-0.582688579416,18.04,5.726440868371));
#2486 = VECTOR('',#2487,1.);
#2487 = DIRECTION('',(-0.848048096156,1.176657136688E-16,0.529919264233)
  );
#2488 = ORIENTED_EDGE('',*,*,#2489,.T.);
#2489 = EDGE_CURVE('',#2482,#2473,#2490,.T.);
#2490 = LINE('',#2491,#2492);
#2491 = CARTESIAN_POINT('',(-1.834622841167,18.04,5.465675751446));
#2492 = VECTOR('',#2493,1.);
#2493 = DIRECTION('',(-0.848048096156,-1.176657136688E-16,
    -0.529919264233));
#2494 = PLANE('',#2495);
#2495 = AXIS2_PLACEMENT_3D('',#2496,#2497,#2498);
#2496 = CARTESIAN_POINT('',(-1.,18.04,4.13));
#2497 = DIRECTION('',(0.,1.,-2.22044604925E-16));
#2498 = DIRECTION('',(1.,0.,0.));
#2499 = ADVANCED_FACE('',(#2500,#2503),#2530,.T.);
#2500 = FACE_BOUND('',#2501,.T.);
#2501 = EDGE_LOOP('',(#2502));
#2502 = ORIENTED_EDGE('',*,*,#1400,.T.);
#2503 = FACE_BOUND('',#2504,.T.);
#2504 = EDGE_LOOP('',(#2505,#2516,#2524));
#2505 = ORIENTED_EDGE('',*,*,#2506,.F.);
#2506 = EDGE_CURVE('',#2507,#2509,#2511,.T.);
#2507 = VERTEX_POINT('',#2508);
#2508 = CARTESIAN_POINT('',(-0.165377158833,9.96,5.465675751446));
#2509 = VERTEX_POINT('',#2510);
#2510 = CARTESIAN_POINT('',(-1.834622841167,9.96,5.465675751446));
#2511 = CIRCLE('',#2512,1.575);
#2512 = AXIS2_PLACEMENT_3D('',#2513,#2514,#2515);
#2513 = CARTESIAN_POINT('',(-1.,9.96,4.13));
#2514 = DIRECTION('',(-0.,1.,0.));
#2515 = DIRECTION('',(1.,0.,0.));
#2516 = ORIENTED_EDGE('',*,*,#2517,.T.);
#2517 = EDGE_CURVE('',#2507,#2518,#2520,.T.);
#2518 = VERTEX_POINT('',#2519);
#2519 = CARTESIAN_POINT('',(-1.,9.96,5.987205985295));
#2520 = LINE('',#2521,#2522);
#2521 = CARTESIAN_POINT('',(-0.582688579416,9.96,5.726440868371));
#2522 = VECTOR('',#2523,1.);
#2523 = DIRECTION('',(-0.848048096156,1.176657136688E-16,0.529919264233)
  );
#2524 = ORIENTED_EDGE('',*,*,#2525,.T.);
#2525 = EDGE_CURVE('',#2518,#2509,#2526,.T.);
#2526 = LINE('',#2527,#2528);
#2527 = CARTESIAN_POINT('',(-1.834622841167,9.96,5.465675751446));
#2528 = VECTOR('',#2529,1.);
#2529 = DIRECTION('',(-0.848048096156,-1.176657136688E-16,
    -0.529919264233));
#2530 = PLANE('',#2531);
#2531 = AXIS2_PLACEMENT_3D('',#2532,#2533,#2534);
#2532 = CARTESIAN_POINT('',(-1.,9.96,4.13));
#2533 = DIRECTION('',(0.,1.,-2.22044604925E-16));
#2534 = DIRECTION('',(1.,0.,0.));
#2535 = ADVANCED_FACE('',(#2536),#2547,.T.);
#2536 = FACE_BOUND('',#2537,.T.);
#2537 = EDGE_LOOP('',(#2538,#2539,#2540,#2546));
#2538 = ORIENTED_EDGE('',*,*,#606,.F.);
#2539 = ORIENTED_EDGE('',*,*,#1815,.T.);
#2540 = ORIENTED_EDGE('',*,*,#2541,.T.);
#2541 = EDGE_CURVE('',#1808,#1515,#2542,.T.);
#2542 = LINE('',#2543,#2544);
#2543 = CARTESIAN_POINT('',(29.,-24.25,5.5));
#2544 = VECTOR('',#2545,1.);
#2545 = DIRECTION('',(0.707106781187,0.707106781187,-4.42E-15));
#2546 = ORIENTED_EDGE('',*,*,#1514,.F.);
#2547 = PLANE('',#2548);
#2548 = AXIS2_PLACEMENT_3D('',#2549,#2550,#2551);
#2549 = CARTESIAN_POINT('',(27.75,-24.,7.));
#2550 = DIRECTION('',(0.57735026919,-0.57735026919,0.57735026919));
#2551 = DIRECTION('',(0.707106781187,-2.775557561563E-17,-0.707106781187
    ));
#2552 = ADVANCED_FACE('',(#2553),#2579,.F.);
#2553 = FACE_BOUND('',#2554,.F.);
#2554 = EDGE_LOOP('',(#2555,#2556,#2557,#2565,#2573));
#2555 = ORIENTED_EDGE('',*,*,#1530,.F.);
#2556 = ORIENTED_EDGE('',*,*,#1554,.T.);
#2557 = ORIENTED_EDGE('',*,*,#2558,.F.);
#2558 = EDGE_CURVE('',#2559,#1555,#2561,.T.);
#2559 = VERTEX_POINT('',#2560);
#2560 = CARTESIAN_POINT('',(72.,3.8,5.355));
#2561 = LINE('',#2562,#2563);
#2562 = CARTESIAN_POINT('',(72.,3.8,4.165));
#2563 = VECTOR('',#2564,1.);
#2564 = DIRECTION('',(0.,0.,1.));
#2565 = ORIENTED_EDGE('',*,*,#2566,.F.);
#2566 = EDGE_CURVE('',#2567,#2559,#2569,.T.);
#2567 = VERTEX_POINT('',#2568);
#2568 = CARTESIAN_POINT('',(29.75,3.8,5.355));
#2569 = LINE('',#2570,#2571);
#2570 = CARTESIAN_POINT('',(30.,3.8,5.355));
#2571 = VECTOR('',#2572,1.);
#2572 = DIRECTION('',(1.,0.,0.));
#2573 = ORIENTED_EDGE('',*,*,#2574,.F.);
#2574 = EDGE_CURVE('',#1523,#2567,#2575,.T.);
#2575 = LINE('',#2576,#2577);
#2576 = CARTESIAN_POINT('',(29.75,3.8,-7.5));
#2577 = VECTOR('',#2578,1.);
#2578 = DIRECTION('',(0.,0.,-1.));
#2579 = PLANE('',#2580);
#2580 = AXIS2_PLACEMENT_3D('',#2581,#2582,#2583);
#2581 = CARTESIAN_POINT('',(19.,3.8,-7.5));
#2582 = DIRECTION('',(0.,1.,0.));
#2583 = DIRECTION('',(0.,0.,1.));
#2584 = ADVANCED_FACE('',(#2585,#2635,#2662),#2689,.T.);
#2585 = FACE_BOUND('',#2586,.T.);
#2586 = EDGE_LOOP('',(#2587,#2595,#2603,#2611,#2619,#2627,#2633,#2634));
#2587 = ORIENTED_EDGE('',*,*,#2588,.F.);
#2588 = EDGE_CURVE('',#2589,#1515,#2591,.T.);
#2589 = VERTEX_POINT('',#2590);
#2590 = CARTESIAN_POINT('',(29.75,-23.5,-5.5));
#2591 = LINE('',#2592,#2593);
#2592 = CARTESIAN_POINT('',(29.75,-23.5,-7.5));
#2593 = VECTOR('',#2594,1.);
#2594 = DIRECTION('',(0.,0.,1.));
#2595 = ORIENTED_EDGE('',*,*,#2596,.T.);
#2596 = EDGE_CURVE('',#2589,#2597,#2599,.T.);
#2597 = VERTEX_POINT('',#2598);
#2598 = CARTESIAN_POINT('',(29.75,3.8,-5.5));
#2599 = LINE('',#2600,#2601);
#2600 = CARTESIAN_POINT('',(29.75,-24.,-5.5));
#2601 = VECTOR('',#2602,1.);
#2602 = DIRECTION('',(0.,1.,0.));
#2603 = ORIENTED_EDGE('',*,*,#2604,.F.);
#2604 = EDGE_CURVE('',#2605,#2597,#2607,.T.);
#2605 = VERTEX_POINT('',#2606);
#2606 = CARTESIAN_POINT('',(29.75,3.8,-3.355));
#2607 = LINE('',#2608,#2609);
#2608 = CARTESIAN_POINT('',(29.75,3.8,-7.5));
#2609 = VECTOR('',#2610,1.);
#2610 = DIRECTION('',(0.,0.,-1.));
#2611 = ORIENTED_EDGE('',*,*,#2612,.T.);
#2612 = EDGE_CURVE('',#2605,#2613,#2615,.T.);
#2613 = VERTEX_POINT('',#2614);
#2614 = CARTESIAN_POINT('',(29.75,4.74,-2.415));
#2615 = LINE('',#2616,#2617);
#2616 = CARTESIAN_POINT('',(29.75,-3.88875,-11.04375));
#2617 = VECTOR('',#2618,1.);
#2618 = DIRECTION('',(0.,0.707106781187,0.707106781187));
#2619 = ORIENTED_EDGE('',*,*,#2620,.T.);
#2620 = EDGE_CURVE('',#2613,#2621,#2623,.T.);
#2621 = VERTEX_POINT('',#2622);
#2622 = CARTESIAN_POINT('',(29.75,4.74,4.415));
#2623 = LINE('',#2624,#2625);
#2624 = CARTESIAN_POINT('',(29.75,4.74,-1.6675));
#2625 = VECTOR('',#2626,1.);
#2626 = DIRECTION('',(0.,-1.414213562373E-17,1.));
#2627 = ORIENTED_EDGE('',*,*,#2628,.F.);
#2628 = EDGE_CURVE('',#2567,#2621,#2629,.T.);
#2629 = LINE('',#2630,#2631);
#2630 = CARTESIAN_POINT('',(29.75,0.36125,8.79375));
#2631 = VECTOR('',#2632,1.);
#2632 = DIRECTION('',(0.,0.707106781187,-0.707106781187));
#2633 = ORIENTED_EDGE('',*,*,#2574,.F.);
#2634 = ORIENTED_EDGE('',*,*,#1522,.F.);
#2635 = FACE_BOUND('',#2636,.T.);
#2636 = EDGE_LOOP('',(#2637,#2647,#2656));
#2637 = ORIENTED_EDGE('',*,*,#2638,.F.);
#2638 = EDGE_CURVE('',#2639,#2641,#2643,.T.);
#2639 = VERTEX_POINT('',#2640);
#2640 = CARTESIAN_POINT('',(29.75,-7.443688983732,3.386632083933));
#2641 = VERTEX_POINT('',#2642);
#2642 = CARTESIAN_POINT('',(29.75,-8.5,3.94828261405));
#2643 = LINE('',#2644,#2645);
#2644 = CARTESIAN_POINT('',(29.75,-12.16910839388,5.899182152865));
#2645 = VECTOR('',#2646,1.);
#2646 = DIRECTION('',(0.,-0.882947592859,0.469471562786));
#2647 = ORIENTED_EDGE('',*,*,#2648,.T.);
#2648 = EDGE_CURVE('',#2639,#2649,#2651,.T.);
#2649 = VERTEX_POINT('',#2650);
#2650 = CARTESIAN_POINT('',(29.75,-9.556311016268,3.386632083933));
#2651 = CIRCLE('',#2652,2.25);
#2652 = AXIS2_PLACEMENT_3D('',#2653,#2654,#2655);
#2653 = CARTESIAN_POINT('',(29.75,-8.5,1.4));
#2654 = DIRECTION('',(-1.,0.,4.440892098501E-16));
#2655 = DIRECTION('',(-6.162975822039E-33,1.,-1.387778780781E-17));
#2656 = ORIENTED_EDGE('',*,*,#2657,.F.);
#2657 = EDGE_CURVE('',#2641,#2649,#2658,.T.);
#2658 = LINE('',#2659,#2660);
#2659 = CARTESIAN_POINT('',(29.75,-17.44279211615,-0.806684299496));
#2660 = VECTOR('',#2661,1.);
#2661 = DIRECTION('',(0.,-0.882947592859,-0.469471562786));
#2662 = FACE_BOUND('',#2663,.T.);
#2663 = EDGE_LOOP('',(#2664,#2674,#2683));
#2664 = ORIENTED_EDGE('',*,*,#2665,.F.);
#2665 = EDGE_CURVE('',#2666,#2668,#2670,.T.);
#2666 = VERTEX_POINT('',#2667);
#2667 = CARTESIAN_POINT('',(29.75,-19.44368898373,3.386632083933));
#2668 = VERTEX_POINT('',#2669);
#2669 = CARTESIAN_POINT('',(29.75,-20.5,3.94828261405));
#2670 = LINE('',#2671,#2672);
#2671 = CARTESIAN_POINT('',(29.75,-19.49152968346,3.4120694352));
#2672 = VECTOR('',#2673,1.);
#2673 = DIRECTION('',(0.,-0.882947592859,0.469471562786));
#2674 = ORIENTED_EDGE('',*,*,#2675,.T.);
#2675 = EDGE_CURVE('',#2666,#2676,#2678,.T.);
#2676 = VERTEX_POINT('',#2677);
#2677 = CARTESIAN_POINT('',(29.75,-21.55631101626,3.386632083933));
#2678 = CIRCLE('',#2679,2.25);
#2679 = AXIS2_PLACEMENT_3D('',#2680,#2681,#2682);
#2680 = CARTESIAN_POINT('',(29.75,-20.5,1.4));
#2681 = DIRECTION('',(-1.,0.,4.440892098501E-16));
#2682 = DIRECTION('',(-6.162975822039E-33,1.,-1.387778780781E-17));
#2683 = ORIENTED_EDGE('',*,*,#2684,.F.);
#2684 = EDGE_CURVE('',#2668,#2676,#2685,.T.);
#2685 = LINE('',#2686,#2687);
#2686 = CARTESIAN_POINT('',(29.75,-24.76521340574,1.680428418169));
#2687 = VECTOR('',#2688,1.);
#2688 = DIRECTION('',(0.,-0.882947592859,-0.469471562786));
#2689 = PLANE('',#2690);
#2690 = AXIS2_PLACEMENT_3D('',#2691,#2692,#2693);
#2691 = CARTESIAN_POINT('',(29.75,-24.,-7.5));
#2692 = DIRECTION('',(1.,0.,0.));
#2693 = DIRECTION('',(0.,0.,1.));
#2694 = ADVANCED_FACE('',(#2695),#2705,.F.);
#2695 = FACE_BOUND('',#2696,.F.);
#2696 = EDGE_LOOP('',(#2697,#2698,#2699));
#2697 = ORIENTED_EDGE('',*,*,#1562,.F.);
#2698 = ORIENTED_EDGE('',*,*,#1577,.T.);
#2699 = ORIENTED_EDGE('',*,*,#2700,.F.);
#2700 = EDGE_CURVE('',#1555,#1578,#2701,.T.);
#2701 = LINE('',#2702,#2703);
#2702 = CARTESIAN_POINT('',(72.5,4.3,6.5));
#2703 = VECTOR('',#2704,1.);
#2704 = DIRECTION('',(0.707106781187,0.707106781187,0.));
#2705 = PLANE('',#2706);
#2706 = AXIS2_PLACEMENT_3D('',#2707,#2708,#2709);
#2707 = CARTESIAN_POINT('',(72.,4.8,7.5));
#2708 = DIRECTION('',(-0.57735026919,0.57735026919,-0.57735026919));
#2709 = DIRECTION('',(0.707106781187,0.707106781187,6.661338147751E-16)
  );
#2710 = ADVANCED_FACE('',(#2711,#2800,#2834),#2868,.T.);
#2711 = FACE_BOUND('',#2712,.T.);
#2712 = EDGE_LOOP('',(#2713,#2723,#2731,#2739,#2747,#2755,#2763,#2769,
    #2770,#2778,#2786,#2794));
#2713 = ORIENTED_EDGE('',*,*,#2714,.F.);
#2714 = EDGE_CURVE('',#2715,#2717,#2719,.T.);
#2715 = VERTEX_POINT('',#2716);
#2716 = CARTESIAN_POINT('',(73.,4.8,-6.5));
#2717 = VERTEX_POINT('',#2718);
#2718 = CARTESIAN_POINT('',(73.,4.8,-3.165));
#2719 = LINE('',#2720,#2721);
#2720 = CARTESIAN_POINT('',(73.,4.8,-7.5));
#2721 = VECTOR('',#2722,1.);
#2722 = DIRECTION('',(0.,0.,1.));
#2723 = ORIENTED_EDGE('',*,*,#2724,.T.);
#2724 = EDGE_CURVE('',#2715,#2725,#2727,.T.);
#2725 = VERTEX_POINT('',#2726);
#2726 = CARTESIAN_POINT('',(73.,15.2,-6.5));
#2727 = LINE('',#2728,#2729);
#2728 = CARTESIAN_POINT('',(73.,3.8,-6.5));
#2729 = VECTOR('',#2730,1.);
#2730 = DIRECTION('',(0.,1.,0.));
#2731 = ORIENTED_EDGE('',*,*,#2732,.T.);
#2732 = EDGE_CURVE('',#2725,#2733,#2735,.T.);
#2733 = VERTEX_POINT('',#2734);
#2734 = CARTESIAN_POINT('',(73.,15.2,-4.165));
#2735 = LINE('',#2736,#2737);
#2736 = CARTESIAN_POINT('',(73.,15.2,-7.5));
#2737 = VECTOR('',#2738,1.);
#2738 = DIRECTION('',(0.,0.,1.));
#2739 = ORIENTED_EDGE('',*,*,#2740,.T.);
#2740 = EDGE_CURVE('',#2733,#2741,#2743,.T.);
#2741 = VERTEX_POINT('',#2742);
#2742 = CARTESIAN_POINT('',(73.,14.,-4.165));
#2743 = LINE('',#2744,#2745);
#2744 = CARTESIAN_POINT('',(73.,16.2,-4.165));
#2745 = VECTOR('',#2746,1.);
#2746 = DIRECTION('',(0.,-1.,0.));
#2747 = ORIENTED_EDGE('',*,*,#2748,.T.);
#2748 = EDGE_CURVE('',#2741,#2749,#2751,.T.);
#2749 = VERTEX_POINT('',#2750);
#2750 = CARTESIAN_POINT('',(73.,14.,4.165));
#2751 = LINE('',#2752,#2753);
#2752 = CARTESIAN_POINT('',(73.,14.,-3.165));
#2753 = VECTOR('',#2754,1.);
#2754 = DIRECTION('',(0.,0.,1.));
#2755 = ORIENTED_EDGE('',*,*,#2756,.F.);
#2756 = EDGE_CURVE('',#2757,#2749,#2759,.T.);
#2757 = VERTEX_POINT('',#2758);
#2758 = CARTESIAN_POINT('',(73.,15.2,4.165));
#2759 = LINE('',#2760,#2761);
#2760 = CARTESIAN_POINT('',(73.,16.2,4.165));
#2761 = VECTOR('',#2762,1.);
#2762 = DIRECTION('',(0.,-1.,0.));
#2763 = ORIENTED_EDGE('',*,*,#2764,.T.);
#2764 = EDGE_CURVE('',#2757,#1587,#2765,.T.);
#2765 = LINE('',#2766,#2767);
#2766 = CARTESIAN_POINT('',(73.,15.2,3.165));
#2767 = VECTOR('',#2768,1.);
#2768 = DIRECTION('',(0.,0.,1.));
#2769 = ORIENTED_EDGE('',*,*,#1594,.F.);
#2770 = ORIENTED_EDGE('',*,*,#2771,.F.);
#2771 = EDGE_CURVE('',#2772,#1578,#2774,.T.);
#2772 = VERTEX_POINT('',#2773);
#2773 = CARTESIAN_POINT('',(73.,4.8,5.165));
#2774 = LINE('',#2775,#2776);
#2775 = CARTESIAN_POINT('',(73.,4.8,4.165));
#2776 = VECTOR('',#2777,1.);
#2777 = DIRECTION('',(0.,0.,1.));
#2778 = ORIENTED_EDGE('',*,*,#2779,.F.);
#2779 = EDGE_CURVE('',#2780,#2772,#2782,.T.);
#2780 = VERTEX_POINT('',#2781);
#2781 = CARTESIAN_POINT('',(73.,6.,5.165));
#2782 = LINE('',#2783,#2784);
#2783 = CARTESIAN_POINT('',(73.,5.,5.165));
#2784 = VECTOR('',#2785,1.);
#2785 = DIRECTION('',(0.,-1.,0.));
#2786 = ORIENTED_EDGE('',*,*,#2787,.F.);
#2787 = EDGE_CURVE('',#2788,#2780,#2790,.T.);
#2788 = VERTEX_POINT('',#2789);
#2789 = CARTESIAN_POINT('',(73.,6.,-3.165));
#2790 = LINE('',#2791,#2792);
#2791 = CARTESIAN_POINT('',(73.,6.,-2.165));
#2792 = VECTOR('',#2793,1.);
#2793 = DIRECTION('',(0.,0.,1.));
#2794 = ORIENTED_EDGE('',*,*,#2795,.T.);
#2795 = EDGE_CURVE('',#2788,#2717,#2796,.T.);
#2796 = LINE('',#2797,#2798);
#2797 = CARTESIAN_POINT('',(73.,5.,-3.165));
#2798 = VECTOR('',#2799,1.);
#2799 = DIRECTION('',(0.,-1.,0.));
#2800 = FACE_BOUND('',#2801,.T.);
#2801 = EDGE_LOOP('',(#2802,#2812,#2820,#2828));
#2802 = ORIENTED_EDGE('',*,*,#2803,.F.);
#2803 = EDGE_CURVE('',#2804,#2806,#2808,.T.);
#2804 = VERTEX_POINT('',#2805);
#2805 = CARTESIAN_POINT('',(73.,13.,-2.2));
#2806 = VERTEX_POINT('',#2807);
#2807 = CARTESIAN_POINT('',(73.,13.,2.2));
#2808 = LINE('',#2809,#2810);
#2809 = CARTESIAN_POINT('',(73.,13.,-4.85));
#2810 = VECTOR('',#2811,1.);
#2811 = DIRECTION('',(0.,0.,1.));
#2812 = ORIENTED_EDGE('',*,*,#2813,.F.);
#2813 = EDGE_CURVE('',#2814,#2804,#2816,.T.);
#2814 = VERTEX_POINT('',#2815);
#2815 = CARTESIAN_POINT('',(73.,11.3,-2.2));
#2816 = LINE('',#2817,#2818);
#2817 = CARTESIAN_POINT('',(73.,9.375,-2.2));
#2818 = VECTOR('',#2819,1.);
#2819 = DIRECTION('',(0.,1.,0.));
#2820 = ORIENTED_EDGE('',*,*,#2821,.F.);
#2821 = EDGE_CURVE('',#2822,#2814,#2824,.T.);
#2822 = VERTEX_POINT('',#2823);
#2823 = CARTESIAN_POINT('',(73.,11.3,2.2));
#2824 = LINE('',#2825,#2826);
#2825 = CARTESIAN_POINT('',(73.,11.3,-3.75));
#2826 = VECTOR('',#2827,1.);
#2827 = DIRECTION('',(0.,0.,-1.));
#2828 = ORIENTED_EDGE('',*,*,#2829,.F.);
#2829 = EDGE_CURVE('',#2806,#2822,#2830,.T.);
#2830 = LINE('',#2831,#2832);
#2831 = CARTESIAN_POINT('',(73.,9.375,2.2));
#2832 = VECTOR('',#2833,1.);
#2833 = DIRECTION('',(0.,-1.,0.));
#2834 = FACE_BOUND('',#2835,.T.);
#2835 = EDGE_LOOP('',(#2836,#2846,#2854,#2862));
#2836 = ORIENTED_EDGE('',*,*,#2837,.F.);
#2837 = EDGE_CURVE('',#2838,#2840,#2842,.T.);
#2838 = VERTEX_POINT('',#2839);
#2839 = CARTESIAN_POINT('',(73.,7.,3.2));
#2840 = VERTEX_POINT('',#2841);
#2841 = CARTESIAN_POINT('',(73.,7.,-1.2));
#2842 = LINE('',#2843,#2844);
#2843 = CARTESIAN_POINT('',(73.,7.,-2.15));
#2844 = VECTOR('',#2845,1.);
#2845 = DIRECTION('',(0.,-1.2E-16,-1.));
#2846 = ORIENTED_EDGE('',*,*,#2847,.F.);
#2847 = EDGE_CURVE('',#2848,#2838,#2850,.T.);
#2848 = VERTEX_POINT('',#2849);
#2849 = CARTESIAN_POINT('',(73.,8.7,3.2));
#2850 = LINE('',#2851,#2852);
#2851 = CARTESIAN_POINT('',(73.,4.425,3.2));
#2852 = VECTOR('',#2853,1.);
#2853 = DIRECTION('',(0.,-1.,1.2E-16));
#2854 = ORIENTED_EDGE('',*,*,#2855,.F.);
#2855 = EDGE_CURVE('',#2856,#2848,#2858,.T.);
#2856 = VERTEX_POINT('',#2857);
#2857 = CARTESIAN_POINT('',(73.,8.7,-1.2));
#2858 = LINE('',#2859,#2860);
#2859 = CARTESIAN_POINT('',(73.,8.7,-3.25));
#2860 = VECTOR('',#2861,1.);
#2861 = DIRECTION('',(0.,1.2E-16,1.));
#2862 = ORIENTED_EDGE('',*,*,#2863,.F.);
#2863 = EDGE_CURVE('',#2840,#2856,#2864,.T.);
#2864 = LINE('',#2865,#2866);
#2865 = CARTESIAN_POINT('',(73.,4.425,-1.2));
#2866 = VECTOR('',#2867,1.);
#2867 = DIRECTION('',(0.,1.,-1.2E-16));
#2868 = PLANE('',#2869);
#2869 = AXIS2_PLACEMENT_3D('',#2870,#2871,#2872);
#2870 = CARTESIAN_POINT('',(73.,3.8,-7.5));
#2871 = DIRECTION('',(1.,0.,0.));
#2872 = DIRECTION('',(0.,0.,1.));
#2873 = ADVANCED_FACE('',(#2874),#2884,.T.);
#2874 = FACE_BOUND('',#2875,.T.);
#2875 = EDGE_LOOP('',(#2876,#2877,#2883));
#2876 = ORIENTED_EDGE('',*,*,#1586,.F.);
#2877 = ORIENTED_EDGE('',*,*,#2878,.T.);
#2878 = EDGE_CURVE('',#1587,#1618,#2879,.T.);
#2879 = LINE('',#2880,#2881);
#2880 = CARTESIAN_POINT('',(72.75,15.45,6.5));
#2881 = VECTOR('',#2882,1.);
#2882 = DIRECTION('',(-0.707106781187,0.707106781187,-6.7E-16));
#2883 = ORIENTED_EDGE('',*,*,#1617,.F.);
#2884 = PLANE('',#2885);
#2885 = AXIS2_PLACEMENT_3D('',#2886,#2887,#2888);
#2886 = CARTESIAN_POINT('',(73.,15.2,6.5));
#2887 = DIRECTION('',(0.57735026919,0.57735026919,0.57735026919));
#2888 = DIRECTION('',(0.,0.707106781187,-0.707106781187));
#2889 = ADVANCED_FACE('',(#2890),#2916,.T.);
#2890 = FACE_BOUND('',#2891,.T.);
#2891 = EDGE_LOOP('',(#2892,#2893,#2894,#2902,#2910));
#2892 = ORIENTED_EDGE('',*,*,#1639,.F.);
#2893 = ORIENTED_EDGE('',*,*,#1625,.T.);
#2894 = ORIENTED_EDGE('',*,*,#2895,.F.);
#2895 = EDGE_CURVE('',#2896,#1618,#2898,.T.);
#2896 = VERTEX_POINT('',#2897);
#2897 = CARTESIAN_POINT('',(72.,16.2,4.355));
#2898 = LINE('',#2899,#2900);
#2899 = CARTESIAN_POINT('',(72.,16.2,3.165));
#2900 = VECTOR('',#2901,1.);
#2901 = DIRECTION('',(0.,0.,1.));
#2902 = ORIENTED_EDGE('',*,*,#2903,.F.);
#2903 = EDGE_CURVE('',#2904,#2896,#2906,.T.);
#2904 = VERTEX_POINT('',#2905);
#2905 = CARTESIAN_POINT('',(29.75,16.2,4.355));
#2906 = LINE('',#2907,#2908);
#2907 = CARTESIAN_POINT('',(30.,16.2,4.355));
#2908 = VECTOR('',#2909,1.);
#2909 = DIRECTION('',(1.,0.,0.));
#2910 = ORIENTED_EDGE('',*,*,#2911,.F.);
#2911 = EDGE_CURVE('',#1640,#2904,#2912,.T.);
#2912 = LINE('',#2913,#2914);
#2913 = CARTESIAN_POINT('',(29.75,16.2,-7.5));
#2914 = VECTOR('',#2915,1.);
#2915 = DIRECTION('',(0.,0.,-1.));
#2916 = PLANE('',#2917);
#2917 = AXIS2_PLACEMENT_3D('',#2918,#2919,#2920);
#2918 = CARTESIAN_POINT('',(19.,16.2,-7.5));
#2919 = DIRECTION('',(0.,1.,0.));
#2920 = DIRECTION('',(0.,0.,1.));
#2921 = ADVANCED_FACE('',(#2922),#2965,.T.);
#2922 = FACE_BOUND('',#2923,.T.);
#2923 = EDGE_LOOP('',(#2924,#2934,#2940,#2941,#2942,#2943,#2951,#2959));
#2924 = ORIENTED_EDGE('',*,*,#2925,.T.);
#2925 = EDGE_CURVE('',#2926,#2928,#2930,.T.);
#2926 = VERTEX_POINT('',#2927);
#2927 = CARTESIAN_POINT('',(29.75,16.2,-4.355));
#2928 = VERTEX_POINT('',#2929);
#2929 = CARTESIAN_POINT('',(29.75,16.2,-5.5));
#2930 = LINE('',#2931,#2932);
#2931 = CARTESIAN_POINT('',(29.75,16.2,-7.5));
#2932 = VECTOR('',#2933,1.);
#2933 = DIRECTION('',(0.,0.,-1.));
#2934 = ORIENTED_EDGE('',*,*,#2935,.T.);
#2935 = EDGE_CURVE('',#2928,#2257,#2936,.T.);
#2936 = LINE('',#2937,#2938);
#2937 = CARTESIAN_POINT('',(29.75,-24.,-5.5));
#2938 = VECTOR('',#2939,1.);
#2939 = DIRECTION('',(0.,1.,0.));
#2940 = ORIENTED_EDGE('',*,*,#2256,.T.);
#2941 = ORIENTED_EDGE('',*,*,#1647,.F.);
#2942 = ORIENTED_EDGE('',*,*,#2911,.T.);
#2943 = ORIENTED_EDGE('',*,*,#2944,.T.);
#2944 = EDGE_CURVE('',#2904,#2945,#2947,.T.);
#2945 = VERTEX_POINT('',#2946);
#2946 = CARTESIAN_POINT('',(29.75,15.26,3.415));
#2947 = LINE('',#2948,#2949);
#2948 = CARTESIAN_POINT('',(29.75,2.88875,-8.95625));
#2949 = VECTOR('',#2950,1.);
#2950 = DIRECTION('',(0.,-0.707106781187,-0.707106781187));
#2951 = ORIENTED_EDGE('',*,*,#2952,.F.);
#2952 = EDGE_CURVE('',#2953,#2945,#2955,.T.);
#2953 = VERTEX_POINT('',#2954);
#2954 = CARTESIAN_POINT('',(29.75,15.26,-3.415));
#2955 = LINE('',#2956,#2957);
#2956 = CARTESIAN_POINT('',(29.75,15.26,-2.1675));
#2957 = VECTOR('',#2958,1.);
#2958 = DIRECTION('',(0.,0.,1.));
#2959 = ORIENTED_EDGE('',*,*,#2960,.F.);
#2960 = EDGE_CURVE('',#2926,#2953,#2961,.T.);
#2961 = LINE('',#2962,#2963);
#2962 = CARTESIAN_POINT('',(29.75,6.63875,5.20625));
#2963 = VECTOR('',#2964,1.);
#2964 = DIRECTION('',(0.,-0.707106781187,0.707106781187));
#2965 = PLANE('',#2966);
#2966 = AXIS2_PLACEMENT_3D('',#2967,#2968,#2969);
#2967 = CARTESIAN_POINT('',(29.75,-24.,-7.5));
#2968 = DIRECTION('',(1.,0.,0.));
#2969 = DIRECTION('',(0.,0.,1.));
#2970 = ADVANCED_FACE('',(#2971),#2982,.T.);
#2971 = FACE_BOUND('',#2972,.F.);
#2972 = EDGE_LOOP('',(#2973,#2974,#2980,#2981));
#2973 = ORIENTED_EDGE('',*,*,#1824,.F.);
#2974 = ORIENTED_EDGE('',*,*,#2975,.F.);
#2975 = EDGE_CURVE('',#1881,#1825,#2976,.T.);
#2976 = LINE('',#2977,#2978);
#2977 = CARTESIAN_POINT('',(12.4,-32.1225,26.6175));
#2978 = VECTOR('',#2979,1.);
#2979 = DIRECTION('',(0.,-0.707106781187,-0.707106781187));
#2980 = ORIENTED_EDGE('',*,*,#1888,.T.);
#2981 = ORIENTED_EDGE('',*,*,#535,.F.);
#2982 = PLANE('',#2983);
#2983 = AXIS2_PLACEMENT_3D('',#2984,#2985,#2986);
#2984 = CARTESIAN_POINT('',(7.5,-23.75,34.99));
#2985 = DIRECTION('',(0.,-0.707106781187,0.707106781187));
#2986 = DIRECTION('',(-1.,-0.,-0.));
#2987 = ADVANCED_FACE('',(#2988),#3004,.T.);
#2988 = FACE_BOUND('',#2989,.T.);
#2989 = EDGE_LOOP('',(#2990,#2991,#2997,#2998));
#2990 = ORIENTED_EDGE('',*,*,#2160,.T.);
#2991 = ORIENTED_EDGE('',*,*,#2992,.F.);
#2992 = EDGE_CURVE('',#1792,#2153,#2993,.T.);
#2993 = LINE('',#2994,#2995);
#2994 = CARTESIAN_POINT('',(27.75,-23.875,-7.125));
#2995 = VECTOR('',#2996,1.);
#2996 = DIRECTION('',(-2.5E-15,0.707106781187,-0.707106781187));
#2997 = ORIENTED_EDGE('',*,*,#1789,.F.);
#2998 = ORIENTED_EDGE('',*,*,#2999,.F.);
#2999 = EDGE_CURVE('',#2161,#1790,#3000,.T.);
#3000 = LINE('',#3001,#3002);
#3001 = CARTESIAN_POINT('',(15.,-23.75,-7.25));
#3002 = VECTOR('',#3003,1.);
#3003 = DIRECTION('',(-1.346073880468E-15,-0.707106781187,0.707106781187
    ));
#3004 = PLANE('',#3005);
#3005 = AXIS2_PLACEMENT_3D('',#3006,#3007,#3008);
#3006 = CARTESIAN_POINT('',(21.375,-23.75,-7.25));
#3007 = DIRECTION('',(-0.,-0.707106781187,-0.707106781187));
#3008 = DIRECTION('',(0.,0.707106781187,-0.707106781187));
#3009 = ADVANCED_FACE('',(#3010),#3035,.F.);
#3010 = FACE_BOUND('',#3011,.F.);
#3011 = EDGE_LOOP('',(#3012,#3020,#3028,#3034));
#3012 = ORIENTED_EDGE('',*,*,#3013,.F.);
#3013 = EDGE_CURVE('',#3014,#1790,#3016,.T.);
#3014 = VERTEX_POINT('',#3015);
#3015 = CARTESIAN_POINT('',(14.5,-23.5,-7.));
#3016 = LINE('',#3017,#3018);
#3017 = CARTESIAN_POINT('',(14.625,-23.625,-7.));
#3018 = VECTOR('',#3019,1.);
#3019 = DIRECTION('',(0.707106781187,-0.707106781187,2.403703357979E-15)
  );
#3020 = ORIENTED_EDGE('',*,*,#3021,.T.);
#3021 = EDGE_CURVE('',#3014,#3022,#3024,.T.);
#3022 = VERTEX_POINT('',#3023);
#3023 = CARTESIAN_POINT('',(14.5,-23.5,24.24));
#3024 = LINE('',#3025,#3026);
#3025 = CARTESIAN_POINT('',(14.5,-23.5,-7.5));
#3026 = VECTOR('',#3027,1.);
#3027 = DIRECTION('',(0.,0.,1.));
#3028 = ORIENTED_EDGE('',*,*,#3029,.T.);
#3029 = EDGE_CURVE('',#3022,#1841,#3030,.T.);
#3030 = LINE('',#3031,#3032);
#3031 = CARTESIAN_POINT('',(10.759014901535,-19.75901490153,
    22.69043323558));
#3032 = VECTOR('',#3033,1.);
#3033 = DIRECTION('',(0.678598344546,-0.678598344546,0.281084637715));
#3034 = ORIENTED_EDGE('',*,*,#1848,.F.);
#3035 = PLANE('',#3036);
#3036 = AXIS2_PLACEMENT_3D('',#3037,#3038,#3039);
#3037 = CARTESIAN_POINT('',(14.75,-23.75,-7.5));
#3038 = DIRECTION('',(0.707106781187,0.707106781187,0.));
#3039 = DIRECTION('',(0.,0.,1.));
#3040 = ADVANCED_FACE('',(#3041),#3059,.T.);
#3041 = FACE_BOUND('',#3042,.T.);
#3042 = EDGE_LOOP('',(#3043,#3051,#3057,#3058));
#3043 = ORIENTED_EDGE('',*,*,#3044,.F.);
#3044 = EDGE_CURVE('',#3045,#1833,#3047,.T.);
#3045 = VERTEX_POINT('',#3046);
#3046 = CARTESIAN_POINT('',(12.4,-23.5,26.34));
#3047 = LINE('',#3048,#3049);
#3048 = CARTESIAN_POINT('',(12.4,-21.54049495361,23.568841387867));
#3049 = VECTOR('',#3050,1.);
#3050 = DIRECTION('',(0.,-0.57735026919,0.816496580928));
#3051 = ORIENTED_EDGE('',*,*,#3052,.T.);
#3052 = EDGE_CURVE('',#3045,#3022,#3053,.T.);
#3053 = LINE('',#3054,#3055);
#3054 = CARTESIAN_POINT('',(7.5,-23.5,31.24));
#3055 = VECTOR('',#3056,1.);
#3056 = DIRECTION('',(0.707106781187,0.,-0.707106781187));
#3057 = ORIENTED_EDGE('',*,*,#3029,.T.);
#3058 = ORIENTED_EDGE('',*,*,#1840,.F.);
#3059 = PLANE('',#3060);
#3060 = AXIS2_PLACEMENT_3D('',#3061,#3062,#3063);
#3061 = CARTESIAN_POINT('',(7.676776695297,-23.75,31.416776695297));
#3062 = DIRECTION('',(-0.5,-0.707106781187,-0.5));
#3063 = DIRECTION('',(0.707106781187,-3.053113317719E-16,-0.707106781187
    ));
#3064 = ADVANCED_FACE('',(#3065),#3085,.F.);
#3065 = FACE_BOUND('',#3066,.F.);
#3066 = EDGE_LOOP('',(#3067,#3075,#3076,#3077,#3078,#3079));
#3067 = ORIENTED_EDGE('',*,*,#3068,.T.);
#3068 = EDGE_CURVE('',#3069,#1873,#3071,.T.);
#3069 = VERTEX_POINT('',#3070);
#3070 = CARTESIAN_POINT('',(12.4,-10.25,26.34));
#3071 = LINE('',#3072,#3073);
#3072 = CARTESIAN_POINT('',(12.4,-10.25,8.));
#3073 = VECTOR('',#3074,1.);
#3074 = DIRECTION('',(0.,0.,1.));
#3075 = ORIENTED_EDGE('',*,*,#1880,.F.);
#3076 = ORIENTED_EDGE('',*,*,#2975,.T.);
#3077 = ORIENTED_EDGE('',*,*,#1832,.F.);
#3078 = ORIENTED_EDGE('',*,*,#3044,.F.);
#3079 = ORIENTED_EDGE('',*,*,#3080,.F.);
#3080 = EDGE_CURVE('',#3069,#3045,#3081,.T.);
#3081 = LINE('',#3082,#3083);
#3082 = CARTESIAN_POINT('',(12.4,-27.125,26.34));
#3083 = VECTOR('',#3084,1.);
#3084 = DIRECTION('',(0.,-1.,0.));
#3085 = PLANE('',#3086);
#3086 = AXIS2_PLACEMENT_3D('',#3087,#3088,#3089);
#3087 = CARTESIAN_POINT('',(12.4,-30.25,8.));
#3088 = DIRECTION('',(1.,0.,0.));
#3089 = DIRECTION('',(0.,0.,1.));
#3090 = ADVANCED_FACE('',(#3091),#3102,.F.);
#3091 = FACE_BOUND('',#3092,.T.);
#3092 = EDGE_LOOP('',(#3093,#3099,#3100,#3101));
#3093 = ORIENTED_EDGE('',*,*,#3094,.T.);
#3094 = EDGE_CURVE('',#1800,#2589,#3095,.T.);
#3095 = LINE('',#3096,#3097);
#3096 = CARTESIAN_POINT('',(29.,-24.25,-5.5));
#3097 = VECTOR('',#3098,1.);
#3098 = DIRECTION('',(0.707106781187,0.707106781187,4.42E-15));
#3099 = ORIENTED_EDGE('',*,*,#2588,.T.);
#3100 = ORIENTED_EDGE('',*,*,#2541,.F.);
#3101 = ORIENTED_EDGE('',*,*,#1807,.F.);
#3102 = PLANE('',#3103);
#3103 = AXIS2_PLACEMENT_3D('',#3104,#3105,#3106);
#3104 = CARTESIAN_POINT('',(29.5,-23.75,-7.5));
#3105 = DIRECTION('',(-0.707106781187,0.707106781187,0.));
#3106 = DIRECTION('',(-0.,-0.,-1.));
#3107 = ADVANCED_FACE('',(#3108),#3119,.F.);
#3108 = FACE_BOUND('',#3109,.F.);
#3109 = EDGE_LOOP('',(#3110,#3111,#3112,#3113));
#3110 = ORIENTED_EDGE('',*,*,#2992,.F.);
#3111 = ORIENTED_EDGE('',*,*,#1799,.T.);
#3112 = ORIENTED_EDGE('',*,*,#3094,.T.);
#3113 = ORIENTED_EDGE('',*,*,#3114,.F.);
#3114 = EDGE_CURVE('',#2153,#2589,#3115,.T.);
#3115 = LINE('',#3116,#3117);
#3116 = CARTESIAN_POINT('',(28.375,-23.5,-6.875));
#3117 = VECTOR('',#3118,1.);
#3118 = DIRECTION('',(0.707106781187,1.92E-15,0.707106781187));
#3119 = PLANE('',#3120);
#3120 = AXIS2_PLACEMENT_3D('',#3121,#3122,#3123);
#3121 = CARTESIAN_POINT('',(27.75,-24.,-7.));
#3122 = DIRECTION('',(-0.57735026919,0.57735026919,0.57735026919));
#3123 = DIRECTION('',(0.707106781187,-2.775557561563E-17,0.707106781187)
  );
#3124 = ADVANCED_FACE('',(#3125),#3150,.T.);
#3125 = FACE_BOUND('',#3126,.F.);
#3126 = EDGE_LOOP('',(#3127,#3135,#3143,#3149));
#3127 = ORIENTED_EDGE('',*,*,#3128,.F.);
#3128 = EDGE_CURVE('',#3129,#1863,#3131,.T.);
#3129 = VERTEX_POINT('',#3130);
#3130 = CARTESIAN_POINT('',(7.5,-10.25,34.74));
#3131 = LINE('',#3132,#3133);
#3132 = CARTESIAN_POINT('',(0.915,-10.25,28.155));
#3133 = VECTOR('',#3134,1.);
#3134 = DIRECTION('',(0.707106781187,0.,0.707106781187));
#3135 = ORIENTED_EDGE('',*,*,#3136,.T.);
#3136 = EDGE_CURVE('',#3129,#3137,#3139,.T.);
#3137 = VERTEX_POINT('',#3138);
#3138 = CARTESIAN_POINT('',(7.5,22.8,34.74));
#3139 = LINE('',#3140,#3141);
#3140 = CARTESIAN_POINT('',(7.5,-24.,34.74));
#3141 = VECTOR('',#3142,1.);
#3142 = DIRECTION('',(0.,1.,0.));
#3143 = ORIENTED_EDGE('',*,*,#3144,.F.);
#3144 = EDGE_CURVE('',#1865,#3137,#3145,.T.);
#3145 = LINE('',#3146,#3147);
#3146 = CARTESIAN_POINT('',(7.875,22.8,35.115));
#3147 = VECTOR('',#3148,1.);
#3148 = DIRECTION('',(-0.707106781187,-0.,-0.707106781187));
#3149 = ORIENTED_EDGE('',*,*,#1862,.F.);
#3150 = PLANE('',#3151);
#3151 = AXIS2_PLACEMENT_3D('',#3152,#3153,#3154);
#3152 = CARTESIAN_POINT('',(7.75,-24.,34.99));
#3153 = DIRECTION('',(-0.707106781187,0.,0.707106781187));
#3154 = DIRECTION('',(-0.,-1.,-0.));
#3155 = ADVANCED_FACE('',(#3156),#3174,.T.);
#3156 = FACE_BOUND('',#3157,.T.);
#3157 = EDGE_LOOP('',(#3158,#3159,#3160,#3168));
#3158 = ORIENTED_EDGE('',*,*,#3144,.F.);
#3159 = ORIENTED_EDGE('',*,*,#1919,.T.);
#3160 = ORIENTED_EDGE('',*,*,#3161,.T.);
#3161 = EDGE_CURVE('',#1912,#3162,#3164,.T.);
#3162 = VERTEX_POINT('',#3163);
#3163 = CARTESIAN_POINT('',(9.5,24.8,34.74));
#3164 = LINE('',#3165,#3166);
#3165 = CARTESIAN_POINT('',(9.5,24.05,35.49));
#3166 = VECTOR('',#3167,1.);
#3167 = DIRECTION('',(0.,0.707106781187,-0.707106781187));
#3168 = ORIENTED_EDGE('',*,*,#3169,.F.);
#3169 = EDGE_CURVE('',#3137,#3162,#3170,.T.);
#3170 = LINE('',#3171,#3172);
#3171 = CARTESIAN_POINT('',(8.125,23.425,34.74));
#3172 = VECTOR('',#3173,1.);
#3173 = DIRECTION('',(0.707106781187,0.707106781187,0.));
#3174 = PLANE('',#3175);
#3175 = AXIS2_PLACEMENT_3D('',#3176,#3177,#3178);
#3176 = CARTESIAN_POINT('',(8.,22.8,35.24));
#3177 = DIRECTION('',(-0.57735026919,0.57735026919,0.57735026919));
#3178 = DIRECTION('',(0.707106781187,0.707106781187,0.));
#3179 = ADVANCED_FACE('',(#3180),#3198,.F.);
#3180 = FACE_BOUND('',#3181,.F.);
#3181 = EDGE_LOOP('',(#3182,#3183,#3191,#3197));
#3182 = ORIENTED_EDGE('',*,*,#3161,.T.);
#3183 = ORIENTED_EDGE('',*,*,#3184,.T.);
#3184 = EDGE_CURVE('',#3162,#3185,#3187,.T.);
#3185 = VERTEX_POINT('',#3186);
#3186 = CARTESIAN_POINT('',(11.,24.8,34.74));
#3187 = LINE('',#3188,#3189);
#3188 = CARTESIAN_POINT('',(7.5,24.8,34.74));
#3189 = VECTOR('',#3190,1.);
#3190 = DIRECTION('',(1.,0.,0.));
#3191 = ORIENTED_EDGE('',*,*,#3192,.T.);
#3192 = EDGE_CURVE('',#3185,#1904,#3193,.T.);
#3193 = LINE('',#3194,#3195);
#3194 = CARTESIAN_POINT('',(10.583333333333,25.216666666667,
    34.323333333333));
#3195 = VECTOR('',#3196,1.);
#3196 = DIRECTION('',(0.57735026919,-0.57735026919,0.57735026919));
#3197 = ORIENTED_EDGE('',*,*,#1911,.F.);
#3198 = PLANE('',#3199);
#3199 = AXIS2_PLACEMENT_3D('',#3200,#3201,#3202);
#3200 = CARTESIAN_POINT('',(7.5,24.55,34.99));
#3201 = DIRECTION('',(0.,-0.707106781187,-0.707106781187));
#3202 = DIRECTION('',(1.,0.,0.));
#3203 = ADVANCED_FACE('',(#3204),#3222,.F.);
#3204 = FACE_BOUND('',#3205,.T.);
#3205 = EDGE_LOOP('',(#3206,#3207,#3208,#3216));
#3206 = ORIENTED_EDGE('',*,*,#3192,.T.);
#3207 = ORIENTED_EDGE('',*,*,#1903,.T.);
#3208 = ORIENTED_EDGE('',*,*,#3209,.F.);
#3209 = EDGE_CURVE('',#3210,#1896,#3212,.T.);
#3210 = VERTEX_POINT('',#3211);
#3211 = CARTESIAN_POINT('',(11.,28.8,34.74));
#3212 = LINE('',#3213,#3214);
#3213 = CARTESIAN_POINT('',(10.75,28.8,34.49));
#3214 = VECTOR('',#3215,1.);
#3215 = DIRECTION('',(0.707106781187,6.345776865066E-15,0.707106781187)
  );
#3216 = ORIENTED_EDGE('',*,*,#3217,.F.);
#3217 = EDGE_CURVE('',#3185,#3210,#3218,.T.);
#3218 = LINE('',#3219,#3220);
#3219 = CARTESIAN_POINT('',(11.,24.8,34.74));
#3220 = VECTOR('',#3221,1.);
#3221 = DIRECTION('',(0.,1.,0.));
#3222 = PLANE('',#3223);
#3223 = AXIS2_PLACEMENT_3D('',#3224,#3225,#3226);
#3224 = CARTESIAN_POINT('',(11.25,24.8,34.99));
#3225 = DIRECTION('',(0.707106781187,0.,-0.707106781187));
#3226 = DIRECTION('',(-0.,-1.,-0.));
#3227 = ADVANCED_FACE('',(#3228),#3239,.T.);
#3228 = FACE_BOUND('',#3229,.T.);
#3229 = EDGE_LOOP('',(#3230,#3231,#3232,#3233));
#3230 = ORIENTED_EDGE('',*,*,#1895,.T.);
#3231 = ORIENTED_EDGE('',*,*,#1942,.T.);
#3232 = ORIENTED_EDGE('',*,*,#2075,.F.);
#3233 = ORIENTED_EDGE('',*,*,#3234,.T.);
#3234 = EDGE_CURVE('',#2068,#1896,#3235,.T.);
#3235 = LINE('',#3236,#3237);
#3236 = CARTESIAN_POINT('',(11.5,30.175,33.865));
#3237 = VECTOR('',#3238,1.);
#3238 = DIRECTION('',(-1.249925746149E-15,-0.707106781187,0.707106781187
    ));
#3239 = PLANE('',#3240);
#3240 = AXIS2_PLACEMENT_3D('',#3241,#3242,#3243);
#3241 = CARTESIAN_POINT('',(11.,29.8,34.24));
#3242 = DIRECTION('',(0.,0.707106781187,0.707106781187));
#3243 = DIRECTION('',(1.,0.,0.));
#3244 = ADVANCED_FACE('',(#3245),#3264,.F.);
#3245 = FACE_BOUND('',#3246,.F.);
#3246 = EDGE_LOOP('',(#3247,#3248,#3256,#3262,#3263));
#3247 = ORIENTED_EDGE('',*,*,#3068,.F.);
#3248 = ORIENTED_EDGE('',*,*,#3249,.F.);
#3249 = EDGE_CURVE('',#3250,#3069,#3252,.T.);
#3250 = VERTEX_POINT('',#3251);
#3251 = CARTESIAN_POINT('',(7.5,-10.25,31.24));
#3252 = LINE('',#3253,#3254);
#3253 = CARTESIAN_POINT('',(15.035,-10.25,23.705));
#3254 = VECTOR('',#3255,1.);
#3255 = DIRECTION('',(0.707106781187,0.,-0.707106781187));
#3256 = ORIENTED_EDGE('',*,*,#3257,.F.);
#3257 = EDGE_CURVE('',#3129,#3250,#3258,.T.);
#3258 = LINE('',#3259,#3260);
#3259 = CARTESIAN_POINT('',(7.5,-10.25,19.158922155689));
#3260 = VECTOR('',#3261,1.);
#3261 = DIRECTION('',(0.,0.,-1.));
#3262 = ORIENTED_EDGE('',*,*,#3128,.T.);
#3263 = ORIENTED_EDGE('',*,*,#1872,.F.);
#3264 = PLANE('',#3265);
#3265 = AXIS2_PLACEMENT_3D('',#3266,#3267,#3268);
#3266 = CARTESIAN_POINT('',(7.4,-10.25,8.));
#3267 = DIRECTION('',(0.,1.,0.));
#3268 = DIRECTION('',(0.,0.,1.));
#3269 = ADVANCED_FACE('',(#3270),#3281,.T.);
#3270 = FACE_BOUND('',#3271,.F.);
#3271 = EDGE_LOOP('',(#3272,#3278,#3279,#3280));
#3272 = ORIENTED_EDGE('',*,*,#3273,.F.);
#3273 = EDGE_CURVE('',#2233,#2042,#3274,.T.);
#3274 = LINE('',#3275,#3276);
#3275 = CARTESIAN_POINT('',(8.166666666667,30.133333333333,
    -6.166666666667));
#3276 = VECTOR('',#3277,1.);
#3277 = DIRECTION('',(-0.57735026919,0.57735026919,0.57735026919));
#3278 = ORIENTED_EDGE('',*,*,#2240,.T.);
#3279 = ORIENTED_EDGE('',*,*,#1987,.F.);
#3280 = ORIENTED_EDGE('',*,*,#2082,.F.);
#3281 = PLANE('',#3282);
#3282 = AXIS2_PLACEMENT_3D('',#3283,#3284,#3285);
#3283 = CARTESIAN_POINT('',(7.5,29.8,-6.5));
#3284 = DIRECTION('',(0.,0.707106781187,-0.707106781187));
#3285 = DIRECTION('',(-1.,-0.,-0.));
#3286 = ADVANCED_FACE('',(#3287),#3312,.F.);
#3287 = FACE_BOUND('',#3288,.F.);
#3288 = EDGE_LOOP('',(#3289,#3299,#3305,#3306));
#3289 = ORIENTED_EDGE('',*,*,#3290,.F.);
#3290 = EDGE_CURVE('',#3291,#3293,#3295,.T.);
#3291 = VERTEX_POINT('',#3292);
#3292 = CARTESIAN_POINT('',(7.5,24.8,-5.5));
#3293 = VERTEX_POINT('',#3294);
#3294 = CARTESIAN_POINT('',(7.5,24.8,9.404409953975));
#3295 = LINE('',#3296,#3297);
#3296 = CARTESIAN_POINT('',(7.5,24.8,-15.));
#3297 = VECTOR('',#3298,1.);
#3298 = DIRECTION('',(0.,0.,1.));
#3299 = ORIENTED_EDGE('',*,*,#3300,.F.);
#3300 = EDGE_CURVE('',#2042,#3291,#3301,.T.);
#3301 = LINE('',#3302,#3303);
#3302 = CARTESIAN_POINT('',(7.5,30.8,-5.5));
#3303 = VECTOR('',#3304,1.);
#3304 = DIRECTION('',(0.,-1.,0.));
#3305 = ORIENTED_EDGE('',*,*,#2039,.F.);
#3306 = ORIENTED_EDGE('',*,*,#3307,.T.);
#3307 = EDGE_CURVE('',#2040,#3293,#3308,.T.);
#3308 = LINE('',#3309,#3310);
#3309 = CARTESIAN_POINT('',(7.5,30.8,9.404409953975));
#3310 = VECTOR('',#3311,1.);
#3311 = DIRECTION('',(0.,-1.,0.));
#3312 = PLANE('',#3313);
#3313 = AXIS2_PLACEMENT_3D('',#3314,#3315,#3316);
#3314 = CARTESIAN_POINT('',(7.5,24.8,-15.));
#3315 = DIRECTION('',(1.,0.,0.));
#3316 = DIRECTION('',(0.,0.,1.));
#3317 = ADVANCED_FACE('',(#3318),#3337,.T.);
#3318 = FACE_BOUND('',#3319,.F.);
#3319 = EDGE_LOOP('',(#3320,#3321,#3329,#3336));
#3320 = ORIENTED_EDGE('',*,*,#2049,.T.);
#3321 = ORIENTED_EDGE('',*,*,#3322,.T.);
#3322 = EDGE_CURVE('',#2050,#3323,#3325,.T.);
#3323 = VERTEX_POINT('',#3324);
#3324 = CARTESIAN_POINT('',(10.385,24.8,12.402204976987));
#3325 = LINE('',#3326,#3327);
#3326 = CARTESIAN_POINT('',(10.385,30.8,12.402204976987));
#3327 = VECTOR('',#3328,1.);
#3328 = DIRECTION('',(0.,-1.,0.));
#3329 = ORIENTED_EDGE('',*,*,#3330,.F.);
#3330 = EDGE_CURVE('',#3293,#3323,#3331,.T.);
#3331 = CIRCLE('',#3332,3.);
#3332 = AXIS2_PLACEMENT_3D('',#3333,#3334,#3335);
#3333 = CARTESIAN_POINT('',(10.5,24.8,9.404409953975));
#3334 = DIRECTION('',(0.,1.,0.));
#3335 = DIRECTION('',(0.,0.,-1.));
#3336 = ORIENTED_EDGE('',*,*,#3307,.F.);
#3337 = CYLINDRICAL_SURFACE('',#3338,3.);
#3338 = AXIS2_PLACEMENT_3D('',#3339,#3340,#3341);
#3339 = CARTESIAN_POINT('',(10.5,30.8,9.404409953975));
#3340 = DIRECTION('',(0.,-1.,0.));
#3341 = DIRECTION('',(-1.,0.,0.));
#3342 = ADVANCED_FACE('',(#3343),#3397,.F.);
#3343 = FACE_BOUND('',#3344,.T.);
#3344 = EDGE_LOOP('',(#3345,#3346,#3347,#3356,#3365,#3373,#3382,#3390));
#3345 = ORIENTED_EDGE('',*,*,#2058,.F.);
#3346 = ORIENTED_EDGE('',*,*,#3322,.T.);
#3347 = ORIENTED_EDGE('',*,*,#3348,.F.);
#3348 = EDGE_CURVE('',#3349,#3323,#3351,.T.);
#3349 = VERTEX_POINT('',#3350);
#3350 = CARTESIAN_POINT('',(7.5,24.8,14.248001736112));
#3351 = CIRCLE('',#3352,3.);
#3352 = AXIS2_PLACEMENT_3D('',#3353,#3354,#3355);
#3353 = CARTESIAN_POINT('',(10.27,24.8,15.4));
#3354 = DIRECTION('',(0.,-1.,0.));
#3355 = DIRECTION('',(0.,0.,-1.));
#3356 = ORIENTED_EDGE('',*,*,#3357,.F.);
#3357 = EDGE_CURVE('',#3358,#3349,#3360,.T.);
#3358 = VERTEX_POINT('',#3359);
#3359 = CARTESIAN_POINT('',(9.049790070776,24.8,18.140636372937));
#3360 = CIRCLE('',#3361,3.);
#3361 = AXIS2_PLACEMENT_3D('',#3362,#3363,#3364);
#3362 = CARTESIAN_POINT('',(10.27,24.8,15.4));
#3363 = DIRECTION('',(-0.,-1.,-0.));
#3364 = DIRECTION('',(-1.,0.,0.));
#3365 = ORIENTED_EDGE('',*,*,#3366,.F.);
#3366 = EDGE_CURVE('',#3367,#3358,#3369,.T.);
#3367 = VERTEX_POINT('',#3368);
#3368 = CARTESIAN_POINT('',(9.049790070776,21.3,18.140636372937));
#3369 = LINE('',#3370,#3371);
#3370 = CARTESIAN_POINT('',(9.049790070776,21.3,18.140636372937));
#3371 = VECTOR('',#3372,1.);
#3372 = DIRECTION('',(0.,1.,0.));
#3373 = ORIENTED_EDGE('',*,*,#3374,.F.);
#3374 = EDGE_CURVE('',#3375,#3367,#3377,.T.);
#3375 = VERTEX_POINT('',#3376);
#3376 = CARTESIAN_POINT('',(11.490209929227,21.3,18.140636372928));
#3377 = CIRCLE('',#3378,3.);
#3378 = AXIS2_PLACEMENT_3D('',#3379,#3380,#3381);
#3379 = CARTESIAN_POINT('',(10.27,21.3,15.4));
#3380 = DIRECTION('',(0.,1.,-0.));
#3381 = DIRECTION('',(-1.,0.,0.));
#3382 = ORIENTED_EDGE('',*,*,#3383,.T.);
#3383 = EDGE_CURVE('',#3375,#3384,#3386,.T.);
#3384 = VERTEX_POINT('',#3385);
#3385 = CARTESIAN_POINT('',(11.490209929227,30.790209929227,
    18.140636372928));
#3386 = LINE('',#3387,#3388);
#3387 = CARTESIAN_POINT('',(11.490209929227,21.3,18.140636372928));
#3388 = VECTOR('',#3389,1.);
#3389 = DIRECTION('',(0.,1.,0.));
#3390 = ORIENTED_EDGE('',*,*,#3391,.F.);
#3391 = EDGE_CURVE('',#2059,#3384,#3392,.T.);
#3392 = ELLIPSE('',#3393,4.242640687119,3.);
#3393 = AXIS2_PLACEMENT_3D('',#3394,#3395,#3396);
#3394 = CARTESIAN_POINT('',(10.27,29.57,15.4));
#3395 = DIRECTION('',(0.707106781187,-0.707106781187,0.));
#3396 = DIRECTION('',(-0.707106781187,-0.707106781187,0.));
#3397 = CYLINDRICAL_SURFACE('',#3398,3.);
#3398 = AXIS2_PLACEMENT_3D('',#3399,#3400,#3401);
#3399 = CARTESIAN_POINT('',(10.27,21.3,15.4));
#3400 = DIRECTION('',(0.,-1.,-0.));
#3401 = DIRECTION('',(-1.,0.,0.));
#3402 = ADVANCED_FACE('',(#3403),#3438,.F.);
#3403 = FACE_BOUND('',#3404,.T.);
#3404 = EDGE_LOOP('',(#3405,#3415,#3421,#3422,#3423,#3431));
#3405 = ORIENTED_EDGE('',*,*,#3406,.F.);
#3406 = EDGE_CURVE('',#3407,#3409,#3411,.T.);
#3407 = VERTEX_POINT('',#3408);
#3408 = CARTESIAN_POINT('',(11.,30.3,33.24));
#3409 = VERTEX_POINT('',#3410);
#3410 = CARTESIAN_POINT('',(11.,30.3,18.683595691842));
#3411 = LINE('',#3412,#3413);
#3412 = CARTESIAN_POINT('',(11.,30.3,35.24));
#3413 = VECTOR('',#3414,1.);
#3414 = DIRECTION('',(0.,0.,-1.));
#3415 = ORIENTED_EDGE('',*,*,#3416,.T.);
#3416 = EDGE_CURVE('',#3407,#2068,#3417,.T.);
#3417 = LINE('',#3418,#3419);
#3418 = CARTESIAN_POINT('',(11.125,30.425,33.24));
#3419 = VECTOR('',#3420,1.);
#3420 = DIRECTION('',(0.707106781187,0.707106781187,5.095851118916E-15)
  );
#3421 = ORIENTED_EDGE('',*,*,#2067,.T.);
#3422 = ORIENTED_EDGE('',*,*,#3391,.T.);
#3423 = ORIENTED_EDGE('',*,*,#3424,.F.);
#3424 = EDGE_CURVE('',#3425,#3384,#3427,.T.);
#3425 = VERTEX_POINT('',#3426);
#3426 = CARTESIAN_POINT('',(11.296631678462,30.596631678462,
    18.22682296302));
#3427 = LINE('',#3428,#3429);
#3428 = CARTESIAN_POINT('',(7.490681145646,26.790681145646,
    19.921341315095));
#3429 = VECTOR('',#3430,1.);
#3430 = DIRECTION('',(0.674471455947,0.674471455947,-0.300294039609));
#3431 = ORIENTED_EDGE('',*,*,#3432,.F.);
#3432 = EDGE_CURVE('',#3409,#3425,#3433,.T.);
#3433 = ELLIPSE('',#3434,0.707106781187,0.5);
#3434 = AXIS2_PLACEMENT_3D('',#3435,#3436,#3437);
#3435 = CARTESIAN_POINT('',(11.5,30.8,18.683595691842));
#3436 = DIRECTION('',(0.707106781187,-0.707106781187,0.));
#3437 = DIRECTION('',(-0.707106781187,-0.707106781187,0.));
#3438 = PLANE('',#3439);
#3439 = AXIS2_PLACEMENT_3D('',#3440,#3441,#3442);
#3440 = CARTESIAN_POINT('',(11.25,30.55,35.24));
#3441 = DIRECTION('',(0.707106781187,-0.707106781187,0.));
#3442 = DIRECTION('',(0.,0.,1.));
#3443 = ADVANCED_FACE('',(#3444),#3454,.T.);
#3444 = FACE_BOUND('',#3445,.T.);
#3445 = EDGE_LOOP('',(#3446,#3452,#3453));
#3446 = ORIENTED_EDGE('',*,*,#3447,.F.);
#3447 = EDGE_CURVE('',#2099,#2257,#3448,.T.);
#3448 = LINE('',#3449,#3450);
#3449 = CARTESIAN_POINT('',(28.25,22.8,-7.));
#3450 = VECTOR('',#3451,1.);
#3451 = DIRECTION('',(0.707106781187,-1.92E-15,0.707106781187));
#3452 = ORIENTED_EDGE('',*,*,#2098,.T.);
#3453 = ORIENTED_EDGE('',*,*,#2266,.F.);
#3454 = PLANE('',#3455);
#3455 = AXIS2_PLACEMENT_3D('',#3456,#3457,#3458);
#3456 = CARTESIAN_POINT('',(27.75,22.8,-7.5));
#3457 = DIRECTION('',(0.57735026919,0.57735026919,-0.57735026919));
#3458 = DIRECTION('',(-0.707106781187,0.707106781187,0.));
#3459 = ADVANCED_FACE('',(#3460),#3479,.F.);
#3460 = FACE_BOUND('',#3461,.F.);
#3461 = EDGE_LOOP('',(#3462,#3470,#3471,#3472,#3473));
#3462 = ORIENTED_EDGE('',*,*,#3463,.T.);
#3463 = EDGE_CURVE('',#3464,#2928,#3466,.T.);
#3464 = VERTEX_POINT('',#3465);
#3465 = CARTESIAN_POINT('',(28.75,16.2,-6.5));
#3466 = LINE('',#3467,#3468);
#3467 = CARTESIAN_POINT('',(26.0625,16.2,-9.1875));
#3468 = VECTOR('',#3469,1.);
#3469 = DIRECTION('',(0.707106781187,0.,0.707106781187));
#3470 = ORIENTED_EDGE('',*,*,#2935,.T.);
#3471 = ORIENTED_EDGE('',*,*,#3447,.F.);
#3472 = ORIENTED_EDGE('',*,*,#2120,.F.);
#3473 = ORIENTED_EDGE('',*,*,#3474,.T.);
#3474 = EDGE_CURVE('',#2121,#3464,#3475,.T.);
#3475 = LINE('',#3476,#3477);
#3476 = CARTESIAN_POINT('',(20.258333333333,7.708333333333,
    -14.99166666666));
#3477 = VECTOR('',#3478,1.);
#3478 = DIRECTION('',(0.57735026919,0.57735026919,0.57735026919));
#3479 = PLANE('',#3480);
#3480 = AXIS2_PLACEMENT_3D('',#3481,#3482,#3483);
#3481 = CARTESIAN_POINT('',(28.75,-24.,-6.5));
#3482 = DIRECTION('',(-0.707106781187,0.,0.707106781187));
#3483 = DIRECTION('',(0.,1.,0.));
#3484 = ADVANCED_FACE('',(#3485),#3496,.F.);
#3485 = FACE_BOUND('',#3486,.T.);
#3486 = EDGE_LOOP('',(#3487,#3488,#3489,#3495));
#3487 = ORIENTED_EDGE('',*,*,#3273,.F.);
#3488 = ORIENTED_EDGE('',*,*,#2232,.T.);
#3489 = ORIENTED_EDGE('',*,*,#3490,.T.);
#3490 = EDGE_CURVE('',#2225,#3291,#3491,.T.);
#3491 = LINE('',#3492,#3493);
#3492 = CARTESIAN_POINT('',(7.166666666667,25.133333333333,
    -5.166666666667));
#3493 = VECTOR('',#3494,1.);
#3494 = DIRECTION('',(-0.57735026919,0.57735026919,0.57735026919));
#3495 = ORIENTED_EDGE('',*,*,#3300,.F.);
#3496 = PLANE('',#3497);
#3497 = AXIS2_PLACEMENT_3D('',#3498,#3499,#3500);
#3498 = CARTESIAN_POINT('',(8.5,30.8,-6.5));
#3499 = DIRECTION('',(0.707106781187,0.,0.707106781187));
#3500 = DIRECTION('',(0.,1.,0.));
#3501 = ADVANCED_FACE('',(#3502),#3518,.F.);
#3502 = FACE_BOUND('',#3503,.T.);
#3503 = EDGE_LOOP('',(#3504,#3505,#3506,#3512));
#3504 = ORIENTED_EDGE('',*,*,#3490,.F.);
#3505 = ORIENTED_EDGE('',*,*,#2224,.T.);
#3506 = ORIENTED_EDGE('',*,*,#3507,.T.);
#3507 = EDGE_CURVE('',#2217,#2323,#3508,.T.);
#3508 = LINE('',#3509,#3510);
#3509 = CARTESIAN_POINT('',(-4.5,23.3,-7.));
#3510 = VECTOR('',#3511,1.);
#3511 = DIRECTION('',(2.211407089341E-15,0.707106781187,0.707106781187)
  );
#3512 = ORIENTED_EDGE('',*,*,#3513,.F.);
#3513 = EDGE_CURVE('',#3291,#2323,#3514,.T.);
#3514 = LINE('',#3515,#3516);
#3515 = CARTESIAN_POINT('',(7.5,24.8,-5.5));
#3516 = VECTOR('',#3517,1.);
#3517 = DIRECTION('',(-1.,0.,0.));
#3518 = PLANE('',#3519);
#3519 = AXIS2_PLACEMENT_3D('',#3520,#3521,#3522);
#3520 = CARTESIAN_POINT('',(7.5,23.8,-6.5));
#3521 = DIRECTION('',(0.,-0.707106781187,0.707106781187));
#3522 = DIRECTION('',(1.,0.,0.));
#3523 = ADVANCED_FACE('',(#3524),#3555,.T.);
#3524 = FACE_BOUND('',#3525,.F.);
#3525 = EDGE_LOOP('',(#3526,#3534,#3535,#3541,#3549));
#3526 = ORIENTED_EDGE('',*,*,#3527,.F.);
#3527 = EDGE_CURVE('',#2169,#3528,#3530,.T.);
#3528 = VERTEX_POINT('',#3529);
#3529 = CARTESIAN_POINT('',(14.5,-4.5,-7.));
#3530 = LINE('',#3531,#3532);
#3531 = CARTESIAN_POINT('',(7.666666666667,-11.33333333333,
    -0.166666666667));
#3532 = VECTOR('',#3533,1.);
#3533 = DIRECTION('',(-0.57735026919,-0.57735026919,0.57735026919));
#3534 = ORIENTED_EDGE('',*,*,#2176,.F.);
#3535 = ORIENTED_EDGE('',*,*,#3536,.T.);
#3536 = EDGE_CURVE('',#2177,#2425,#3537,.T.);
#3537 = LINE('',#3538,#3539);
#3538 = CARTESIAN_POINT('',(-4.5,-4.5,-7.));
#3539 = VECTOR('',#3540,1.);
#3540 = DIRECTION('',(0.,-0.707106781187,0.707106781187));
#3541 = ORIENTED_EDGE('',*,*,#3542,.T.);
#3542 = EDGE_CURVE('',#2425,#3543,#3545,.T.);
#3543 = VERTEX_POINT('',#3544);
#3544 = CARTESIAN_POINT('',(14.5,-6.,-5.5));
#3545 = LINE('',#3546,#3547);
#3546 = CARTESIAN_POINT('',(-6.5,-6.,-5.5));
#3547 = VECTOR('',#3548,1.);
#3548 = DIRECTION('',(1.,0.,0.));
#3549 = ORIENTED_EDGE('',*,*,#3550,.F.);
#3550 = EDGE_CURVE('',#3528,#3543,#3551,.T.);
#3551 = LINE('',#3552,#3553);
#3552 = CARTESIAN_POINT('',(14.5,-9.5,-2.));
#3553 = VECTOR('',#3554,1.);
#3554 = DIRECTION('',(0.,-0.707106781187,0.707106781187));
#3555 = PLANE('',#3556);
#3556 = AXIS2_PLACEMENT_3D('',#3557,#3558,#3559);
#3557 = CARTESIAN_POINT('',(-6.5,-5.,-6.5));
#3558 = DIRECTION('',(0.,-0.707106781187,-0.707106781187));
#3559 = DIRECTION('',(-1.,-0.,-0.));
#3560 = ADVANCED_FACE('',(#3561),#3577,.F.);
#3561 = FACE_BOUND('',#3562,.F.);
#3562 = EDGE_LOOP('',(#3563,#3569,#3570,#3571));
#3563 = ORIENTED_EDGE('',*,*,#3564,.T.);
#3564 = EDGE_CURVE('',#3014,#2161,#3565,.T.);
#3565 = LINE('',#3566,#3567);
#3566 = CARTESIAN_POINT('',(14.625,-23.5,-7.125));
#3567 = VECTOR('',#3568,1.);
#3568 = DIRECTION('',(0.707106781187,3.749777238448E-15,-0.707106781187)
  );
#3569 = ORIENTED_EDGE('',*,*,#2168,.T.);
#3570 = ORIENTED_EDGE('',*,*,#3527,.T.);
#3571 = ORIENTED_EDGE('',*,*,#3572,.F.);
#3572 = EDGE_CURVE('',#3014,#3528,#3573,.T.);
#3573 = LINE('',#3574,#3575);
#3574 = CARTESIAN_POINT('',(14.5,-24.,-7.));
#3575 = VECTOR('',#3576,1.);
#3576 = DIRECTION('',(0.,1.,0.));
#3577 = PLANE('',#3578);
#3578 = AXIS2_PLACEMENT_3D('',#3579,#3580,#3581);
#3579 = CARTESIAN_POINT('',(14.75,-24.,-7.25));
#3580 = DIRECTION('',(0.707106781187,0.,0.707106781187));
#3581 = DIRECTION('',(0.,1.,0.));
#3582 = ADVANCED_FACE('',(#3583),#3602,.F.);
#3583 = FACE_BOUND('',#3584,.F.);
#3584 = EDGE_LOOP('',(#3585,#3586,#3587,#3595,#3601));
#3585 = ORIENTED_EDGE('',*,*,#3114,.T.);
#3586 = ORIENTED_EDGE('',*,*,#2596,.T.);
#3587 = ORIENTED_EDGE('',*,*,#3588,.F.);
#3588 = EDGE_CURVE('',#3589,#2597,#3591,.T.);
#3589 = VERTEX_POINT('',#3590);
#3590 = CARTESIAN_POINT('',(28.75,3.8,-6.5));
#3591 = LINE('',#3592,#3593);
#3592 = CARTESIAN_POINT('',(26.0625,3.8,-9.1875));
#3593 = VECTOR('',#3594,1.);
#3594 = DIRECTION('',(0.707106781187,0.,0.707106781187));
#3595 = ORIENTED_EDGE('',*,*,#3596,.F.);
#3596 = EDGE_CURVE('',#2145,#3589,#3597,.T.);
#3597 = LINE('',#3598,#3599);
#3598 = CARTESIAN_POINT('',(31.591666666667,0.958333333333,
    -3.658333333333));
#3599 = VECTOR('',#3600,1.);
#3600 = DIRECTION('',(0.57735026919,-0.57735026919,0.57735026919));
#3601 = ORIENTED_EDGE('',*,*,#2152,.F.);
#3602 = PLANE('',#3603);
#3603 = AXIS2_PLACEMENT_3D('',#3604,#3605,#3606);
#3604 = CARTESIAN_POINT('',(28.75,-24.,-6.5));
#3605 = DIRECTION('',(-0.707106781187,0.,0.707106781187));
#3606 = DIRECTION('',(0.,1.,0.));
#3607 = ADVANCED_FACE('',(#3608),#3626,.T.);
#3608 = FACE_BOUND('',#3609,.F.);
#3609 = EDGE_LOOP('',(#3610,#3611,#3619,#3625));
#3610 = ORIENTED_EDGE('',*,*,#3596,.T.);
#3611 = ORIENTED_EDGE('',*,*,#3612,.T.);
#3612 = EDGE_CURVE('',#3589,#3613,#3615,.T.);
#3613 = VERTEX_POINT('',#3614);
#3614 = CARTESIAN_POINT('',(72.,3.8,-6.5));
#3615 = LINE('',#3616,#3617);
#3616 = CARTESIAN_POINT('',(19.,3.8,-6.5));
#3617 = VECTOR('',#3618,1.);
#3618 = DIRECTION('',(1.,0.,0.));
#3619 = ORIENTED_EDGE('',*,*,#3620,.F.);
#3620 = EDGE_CURVE('',#2137,#3613,#3621,.T.);
#3621 = LINE('',#3622,#3623);
#3622 = CARTESIAN_POINT('',(72.,4.55,-7.25));
#3623 = VECTOR('',#3624,1.);
#3624 = DIRECTION('',(-2.6E-15,-0.707106781187,0.707106781187));
#3625 = ORIENTED_EDGE('',*,*,#2144,.F.);
#3626 = PLANE('',#3627);
#3627 = AXIS2_PLACEMENT_3D('',#3628,#3629,#3630);
#3628 = CARTESIAN_POINT('',(19.,4.3,-7.));
#3629 = DIRECTION('',(0.,-0.707106781187,-0.707106781187));
#3630 = DIRECTION('',(-1.,-0.,-0.));
#3631 = ADVANCED_FACE('',(#3632),#3648,.F.);
#3632 = FACE_BOUND('',#3633,.T.);
#3633 = EDGE_LOOP('',(#3634,#3640,#3641,#3647));
#3634 = ORIENTED_EDGE('',*,*,#3635,.F.);
#3635 = EDGE_CURVE('',#2137,#2715,#3636,.T.);
#3636 = LINE('',#3637,#3638);
#3637 = CARTESIAN_POINT('',(72.25,4.8,-7.25));
#3638 = VECTOR('',#3639,1.);
#3639 = DIRECTION('',(0.707106781187,2.6E-15,0.707106781187));
#3640 = ORIENTED_EDGE('',*,*,#2136,.T.);
#3641 = ORIENTED_EDGE('',*,*,#3642,.T.);
#3642 = EDGE_CURVE('',#2129,#2725,#3643,.T.);
#3643 = LINE('',#3644,#3645);
#3644 = CARTESIAN_POINT('',(72.25,15.2,-7.25));
#3645 = VECTOR('',#3646,1.);
#3646 = DIRECTION('',(0.707106781187,6.7E-16,0.707106781187));
#3647 = ORIENTED_EDGE('',*,*,#2724,.F.);
#3648 = PLANE('',#3649);
#3649 = AXIS2_PLACEMENT_3D('',#3650,#3651,#3652);
#3650 = CARTESIAN_POINT('',(72.5,3.8,-7.));
#3651 = DIRECTION('',(-0.707106781187,0.,0.707106781187));
#3652 = DIRECTION('',(-0.,-1.,-0.));
#3653 = ADVANCED_FACE('',(#3654),#3672,.F.);
#3654 = FACE_BOUND('',#3655,.T.);
#3655 = EDGE_LOOP('',(#3656,#3657,#3665,#3671));
#3656 = ORIENTED_EDGE('',*,*,#3474,.T.);
#3657 = ORIENTED_EDGE('',*,*,#3658,.T.);
#3658 = EDGE_CURVE('',#3464,#3659,#3661,.T.);
#3659 = VERTEX_POINT('',#3660);
#3660 = CARTESIAN_POINT('',(72.,16.2,-6.5));
#3661 = LINE('',#3662,#3663);
#3662 = CARTESIAN_POINT('',(19.,16.2,-6.5));
#3663 = VECTOR('',#3664,1.);
#3664 = DIRECTION('',(1.,0.,0.));
#3665 = ORIENTED_EDGE('',*,*,#3666,.F.);
#3666 = EDGE_CURVE('',#2129,#3659,#3667,.T.);
#3667 = LINE('',#3668,#3669);
#3668 = CARTESIAN_POINT('',(72.,15.45,-7.25));
#3669 = VECTOR('',#3670,1.);
#3670 = DIRECTION('',(0.,0.707106781187,0.707106781187));
#3671 = ORIENTED_EDGE('',*,*,#2128,.F.);
#3672 = PLANE('',#3673);
#3673 = AXIS2_PLACEMENT_3D('',#3674,#3675,#3676);
#3674 = CARTESIAN_POINT('',(19.,15.7,-7.));
#3675 = DIRECTION('',(0.,-0.707106781187,0.707106781187));
#3676 = DIRECTION('',(-1.,-0.,-0.));
#3677 = ADVANCED_FACE('',(#3678,#3703),#3737,.F.);
#3678 = FACE_BOUND('',#3679,.F.);
#3679 = EDGE_LOOP('',(#3680,#3690,#3696,#3697));
#3680 = ORIENTED_EDGE('',*,*,#3681,.F.);
#3681 = EDGE_CURVE('',#3682,#3684,#3686,.T.);
#3682 = VERTEX_POINT('',#3683);
#3683 = CARTESIAN_POINT('',(7.5,-4.,23.24));
#3684 = VERTEX_POINT('',#3685);
#3685 = CARTESIAN_POINT('',(7.5,22.8,23.24));
#3686 = LINE('',#3687,#3688);
#3687 = CARTESIAN_POINT('',(7.5,-6.,23.24));
#3688 = VECTOR('',#3689,1.);
#3689 = DIRECTION('',(0.,1.,0.));
#3690 = ORIENTED_EDGE('',*,*,#3691,.F.);
#3691 = EDGE_CURVE('',#2281,#3682,#3692,.T.);
#3692 = LINE('',#3693,#3694);
#3693 = CARTESIAN_POINT('',(-4.503170149134,-4.,16.29530869943));
#3694 = VECTOR('',#3695,1.);
#3695 = DIRECTION('',(0.865567348391,0.,0.500792537284));
#3696 = ORIENTED_EDGE('',*,*,#2280,.T.);
#3697 = ORIENTED_EDGE('',*,*,#3698,.F.);
#3698 = EDGE_CURVE('',#3684,#2283,#3699,.T.);
#3699 = LINE('',#3700,#3701);
#3700 = CARTESIAN_POINT('',(7.5,22.8,23.24));
#3701 = VECTOR('',#3702,1.);
#3702 = DIRECTION('',(-0.865567348391,0.,-0.500792537284));
#3703 = FACE_BOUND('',#3704,.F.);
#3704 = EDGE_LOOP('',(#3705,#3715,#3723,#3731));
#3705 = ORIENTED_EDGE('',*,*,#3706,.F.);
#3706 = EDGE_CURVE('',#3707,#3709,#3711,.T.);
#3707 = VERTEX_POINT('',#3708);
#3708 = CARTESIAN_POINT('',(2.37,8.75,20.271928571429));
#3709 = VERTEX_POINT('',#3710);
#3710 = CARTESIAN_POINT('',(6.69,8.75,22.771357142857));
#3711 = LINE('',#3712,#3713);
#3712 = CARTESIAN_POINT('',(0.379083368373,8.75,19.120041091701));
#3713 = VECTOR('',#3714,1.);
#3714 = DIRECTION('',(0.865567348391,0.,0.500792537284));
#3715 = ORIENTED_EDGE('',*,*,#3716,.T.);
#3716 = EDGE_CURVE('',#3707,#3717,#3719,.T.);
#3717 = VERTEX_POINT('',#3718);
#3718 = CARTESIAN_POINT('',(2.37,1.25,20.271928571429));
#3719 = LINE('',#3720,#3721);
#3720 = CARTESIAN_POINT('',(2.37,-2.375,20.271928571429));
#3721 = VECTOR('',#3722,1.);
#3722 = DIRECTION('',(0.,-1.,1.270842762316E-16));
#3723 = ORIENTED_EDGE('',*,*,#3724,.T.);
#3724 = EDGE_CURVE('',#3717,#3725,#3727,.T.);
#3725 = VERTEX_POINT('',#3726);
#3726 = CARTESIAN_POINT('',(6.69,1.25,22.771357142857));
#3727 = LINE('',#3728,#3729);
#3728 = CARTESIAN_POINT('',(0.379083368373,1.25,19.120041091701));
#3729 = VECTOR('',#3730,1.);
#3730 = DIRECTION('',(0.865567348391,0.,0.500792537284));
#3731 = ORIENTED_EDGE('',*,*,#3732,.F.);
#3732 = EDGE_CURVE('',#3709,#3725,#3733,.T.);
#3733 = LINE('',#3734,#3735);
#3734 = CARTESIAN_POINT('',(6.69,-2.375,22.771357142857));
#3735 = VECTOR('',#3736,1.);
#3736 = DIRECTION('',(0.,-1.,1.270842762316E-16));
#3737 = PLANE('',#3738);
#3738 = AXIS2_PLACEMENT_3D('',#3739,#3740,#3741);
#3739 = CARTESIAN_POINT('',(0.5,-6.,19.19));
#3740 = DIRECTION('',(0.500792537284,-1.1E-16,-0.865567348391));
#3741 = DIRECTION('',(5.353525065809E-17,1.,-9.611030977941E-17));
#3742 = ADVANCED_FACE('',(#3743),#3841,.T.);
#3743 = FACE_BOUND('',#3744,.T.);
#3744 = EDGE_LOOP('',(#3745,#3755,#3763,#3771,#3779,#3787,#3795,#3803,
    #3811,#3819,#3827,#3835));
#3745 = ORIENTED_EDGE('',*,*,#3746,.T.);
#3746 = EDGE_CURVE('',#3747,#3749,#3751,.T.);
#3747 = VERTEX_POINT('',#3748);
#3748 = CARTESIAN_POINT('',(18.5,0.675,12.18));
#3749 = VERTEX_POINT('',#3750);
#3750 = CARTESIAN_POINT('',(18.5,9.325,12.18));
#3751 = LINE('',#3752,#3753);
#3752 = CARTESIAN_POINT('',(18.5,-1.,12.18));
#3753 = VECTOR('',#3754,1.);
#3754 = DIRECTION('',(0.,1.,0.));
#3755 = ORIENTED_EDGE('',*,*,#3756,.F.);
#3756 = EDGE_CURVE('',#3757,#3749,#3759,.T.);
#3757 = VERTEX_POINT('',#3758);
#3758 = CARTESIAN_POINT('',(11.879844713008,9.325,12.18));
#3759 = LINE('',#3760,#3761);
#3760 = CARTESIAN_POINT('',(8.622824423381,9.325,12.18));
#3761 = VECTOR('',#3762,1.);
#3762 = DIRECTION('',(1.,0.,0.));
#3763 = ORIENTED_EDGE('',*,*,#3764,.T.);
#3764 = EDGE_CURVE('',#3757,#3765,#3767,.T.);
#3765 = VERTEX_POINT('',#3766);
#3766 = CARTESIAN_POINT('',(11.879844713008,9.04,12.18));
#3767 = LINE('',#3768,#3769);
#3768 = CARTESIAN_POINT('',(11.879844713008,9.04,12.18));
#3769 = VECTOR('',#3770,1.);
#3770 = DIRECTION('',(-0.,-1.,2.22044604925E-16));
#3771 = ORIENTED_EDGE('',*,*,#3772,.F.);
#3772 = EDGE_CURVE('',#3773,#3765,#3775,.T.);
#3773 = VERTEX_POINT('',#3774);
#3774 = CARTESIAN_POINT('',(8.660155286992,9.04,12.18));
#3775 = LINE('',#3776,#3777);
#3776 = CARTESIAN_POINT('',(2.135,9.04,12.18));
#3777 = VECTOR('',#3778,1.);
#3778 = DIRECTION('',(1.,-0.,0.));
#3779 = ORIENTED_EDGE('',*,*,#3780,.F.);
#3780 = EDGE_CURVE('',#3781,#3773,#3783,.T.);
#3781 = VERTEX_POINT('',#3782);
#3782 = CARTESIAN_POINT('',(8.660155286992,9.325,12.18));
#3783 = LINE('',#3784,#3785);
#3784 = CARTESIAN_POINT('',(8.660155286992,9.04,12.18));
#3785 = VECTOR('',#3786,1.);
#3786 = DIRECTION('',(-0.,-1.,2.22044604925E-16));
#3787 = ORIENTED_EDGE('',*,*,#3788,.F.);
#3788 = EDGE_CURVE('',#3789,#3781,#3791,.T.);
#3789 = VERTEX_POINT('',#3790);
#3790 = CARTESIAN_POINT('',(3.056013584709,9.325,12.18));
#3791 = LINE('',#3792,#3793);
#3792 = CARTESIAN_POINT('',(8.622824423381,9.325,12.18));
#3793 = VECTOR('',#3794,1.);
#3794 = DIRECTION('',(1.,0.,0.));
#3795 = ORIENTED_EDGE('',*,*,#3796,.T.);
#3796 = EDGE_CURVE('',#3789,#3797,#3799,.T.);
#3797 = VERTEX_POINT('',#3798);
#3798 = CARTESIAN_POINT('',(3.056013584709,0.675,12.18));
#3799 = LINE('',#3800,#3801);
#3800 = CARTESIAN_POINT('',(3.056013584709,0.675,12.18));
#3801 = VECTOR('',#3802,1.);
#3802 = DIRECTION('',(-0.,-1.,2.22044604925E-16));
#3803 = ORIENTED_EDGE('',*,*,#3804,.F.);
#3804 = EDGE_CURVE('',#3805,#3797,#3807,.T.);
#3805 = VERTEX_POINT('',#3806);
#3806 = CARTESIAN_POINT('',(8.660155286992,0.675,12.18));
#3807 = LINE('',#3808,#3809);
#3808 = CARTESIAN_POINT('',(8.622824423381,0.675,12.18));
#3809 = VECTOR('',#3810,1.);
#3810 = DIRECTION('',(-1.,0.,0.));
#3811 = ORIENTED_EDGE('',*,*,#3812,.F.);
#3812 = EDGE_CURVE('',#3813,#3805,#3815,.T.);
#3813 = VERTEX_POINT('',#3814);
#3814 = CARTESIAN_POINT('',(8.660155286992,0.96,12.18));
#3815 = LINE('',#3816,#3817);
#3816 = CARTESIAN_POINT('',(8.660155286992,-4.E-02,12.18));
#3817 = VECTOR('',#3818,1.);
#3818 = DIRECTION('',(-0.,-1.,2.22044604925E-16));
#3819 = ORIENTED_EDGE('',*,*,#3820,.T.);
#3820 = EDGE_CURVE('',#3813,#3821,#3823,.T.);
#3821 = VERTEX_POINT('',#3822);
#3822 = CARTESIAN_POINT('',(11.879844713008,0.96,12.18));
#3823 = LINE('',#3824,#3825);
#3824 = CARTESIAN_POINT('',(2.135,0.96,12.18));
#3825 = VECTOR('',#3826,1.);
#3826 = DIRECTION('',(1.,-0.,0.));
#3827 = ORIENTED_EDGE('',*,*,#3828,.T.);
#3828 = EDGE_CURVE('',#3821,#3829,#3831,.T.);
#3829 = VERTEX_POINT('',#3830);
#3830 = CARTESIAN_POINT('',(11.879844713008,0.675,12.18));
#3831 = LINE('',#3832,#3833);
#3832 = CARTESIAN_POINT('',(11.879844713008,-4.E-02,12.18));
#3833 = VECTOR('',#3834,1.);
#3834 = DIRECTION('',(-0.,-1.,2.22044604925E-16));
#3835 = ORIENTED_EDGE('',*,*,#3836,.F.);
#3836 = EDGE_CURVE('',#3747,#3829,#3837,.T.);
#3837 = LINE('',#3838,#3839);
#3838 = CARTESIAN_POINT('',(8.622824423381,0.675,12.18));
#3839 = VECTOR('',#3840,1.);
#3840 = DIRECTION('',(-1.,0.,0.));
#3841 = PLANE('',#3842);
#3842 = AXIS2_PLACEMENT_3D('',#3843,#3844,#3845);
#3843 = CARTESIAN_POINT('',(-6.,-1.,12.18));
#3844 = DIRECTION('',(0.,0.,1.));
#3845 = DIRECTION('',(1.,0.,0.));
#3846 = ADVANCED_FACE('',(#3847),#3890,.F.);
#3847 = FACE_BOUND('',#3848,.F.);
#3848 = EDGE_LOOP('',(#3849,#3850,#3859,#3867,#3873,#3874,#3883));
#3849 = ORIENTED_EDGE('',*,*,#3788,.F.);
#3850 = ORIENTED_EDGE('',*,*,#3851,.T.);
#3851 = EDGE_CURVE('',#3789,#3852,#3854,.T.);
#3852 = VERTEX_POINT('',#3853);
#3853 = CARTESIAN_POINT('',(10.27,9.325,23.3));
#3854 = CIRCLE('',#3855,7.9);
#3855 = AXIS2_PLACEMENT_3D('',#3856,#3857,#3858);
#3856 = CARTESIAN_POINT('',(10.27,9.325,15.4));
#3857 = DIRECTION('',(0.,1.,-2.22044604925E-16));
#3858 = DIRECTION('',(1.,0.,0.));
#3859 = ORIENTED_EDGE('',*,*,#3860,.T.);
#3860 = EDGE_CURVE('',#3852,#3861,#3863,.T.);
#3861 = VERTEX_POINT('',#3862);
#3862 = CARTESIAN_POINT('',(18.5,9.325,23.3));
#3863 = LINE('',#3864,#3865);
#3864 = CARTESIAN_POINT('',(10.27,9.325,23.3));
#3865 = VECTOR('',#3866,1.);
#3866 = DIRECTION('',(1.,0.,0.));
#3867 = ORIENTED_EDGE('',*,*,#3868,.F.);
#3868 = EDGE_CURVE('',#3749,#3861,#3869,.T.);
#3869 = LINE('',#3870,#3871);
#3870 = CARTESIAN_POINT('',(18.5,9.325,14.635));
#3871 = VECTOR('',#3872,1.);
#3872 = DIRECTION('',(0.,0.,1.));
#3873 = ORIENTED_EDGE('',*,*,#3756,.F.);
#3874 = ORIENTED_EDGE('',*,*,#3875,.T.);
#3875 = EDGE_CURVE('',#3757,#3876,#3878,.T.);
#3876 = VERTEX_POINT('',#3877);
#3877 = CARTESIAN_POINT('',(13.87,9.325,15.4));
#3878 = CIRCLE('',#3879,3.6);
#3879 = AXIS2_PLACEMENT_3D('',#3880,#3881,#3882);
#3880 = CARTESIAN_POINT('',(10.27,9.325,15.4));
#3881 = DIRECTION('',(0.,-1.,2.22044604925E-16));
#3882 = DIRECTION('',(1.,0.,0.));
#3883 = ORIENTED_EDGE('',*,*,#3884,.T.);
#3884 = EDGE_CURVE('',#3876,#3781,#3885,.T.);
#3885 = CIRCLE('',#3886,3.6);
#3886 = AXIS2_PLACEMENT_3D('',#3887,#3888,#3889);
#3887 = CARTESIAN_POINT('',(10.27,9.325,15.4));
#3888 = DIRECTION('',(0.,-1.,2.22044604925E-16));
#3889 = DIRECTION('',(1.,0.,0.));
#3890 = PLANE('',#3891);
#3891 = AXIS2_PLACEMENT_3D('',#3892,#3893,#3894);
#3892 = CARTESIAN_POINT('',(23.245648846762,9.325,15.4));
#3893 = DIRECTION('',(0.,1.,0.));
#3894 = DIRECTION('',(0.,0.,1.));
#3895 = ADVANCED_FACE('',(#3896),#3921,.F.);
#3896 = FACE_BOUND('',#3897,.F.);
#3897 = EDGE_LOOP('',(#3898,#3906,#3914,#3920));
#3898 = ORIENTED_EDGE('',*,*,#3899,.F.);
#3899 = EDGE_CURVE('',#3900,#3852,#3902,.T.);
#3900 = VERTEX_POINT('',#3901);
#3901 = CARTESIAN_POINT('',(10.27,0.675,23.3));
#3902 = LINE('',#3903,#3904);
#3903 = CARTESIAN_POINT('',(10.27,0.675,23.3));
#3904 = VECTOR('',#3905,1.);
#3905 = DIRECTION('',(0.,1.,0.));
#3906 = ORIENTED_EDGE('',*,*,#3907,.T.);
#3907 = EDGE_CURVE('',#3900,#3908,#3910,.T.);
#3908 = VERTEX_POINT('',#3909);
#3909 = CARTESIAN_POINT('',(18.5,0.675,23.3));
#3910 = LINE('',#3911,#3912);
#3911 = CARTESIAN_POINT('',(10.27,0.675,23.3));
#3912 = VECTOR('',#3913,1.);
#3913 = DIRECTION('',(1.,0.,0.));
#3914 = ORIENTED_EDGE('',*,*,#3915,.F.);
#3915 = EDGE_CURVE('',#3861,#3908,#3916,.T.);
#3916 = LINE('',#3917,#3918);
#3917 = CARTESIAN_POINT('',(18.5,2.0375,23.3));
#3918 = VECTOR('',#3919,1.);
#3919 = DIRECTION('',(0.,-1.,0.));
#3920 = ORIENTED_EDGE('',*,*,#3860,.F.);
#3921 = PLANE('',#3922);
#3922 = AXIS2_PLACEMENT_3D('',#3923,#3924,#3925);
#3923 = CARTESIAN_POINT('',(10.27,0.675,23.3));
#3924 = DIRECTION('',(0.,0.,1.));
#3925 = DIRECTION('',(1.,0.,0.));
#3926 = ADVANCED_FACE('',(#3927),#3961,.F.);
#3927 = FACE_BOUND('',#3928,.F.);
#3928 = EDGE_LOOP('',(#3929,#3936,#3937,#3946,#3953,#3954,#3960));
#3929 = ORIENTED_EDGE('',*,*,#3930,.F.);
#3930 = EDGE_CURVE('',#3797,#3900,#3931,.T.);
#3931 = CIRCLE('',#3932,7.9);
#3932 = AXIS2_PLACEMENT_3D('',#3933,#3934,#3935);
#3933 = CARTESIAN_POINT('',(10.27,0.675,15.4));
#3934 = DIRECTION('',(0.,1.,-2.22044604925E-16));
#3935 = DIRECTION('',(1.,0.,0.));
#3936 = ORIENTED_EDGE('',*,*,#3804,.F.);
#3937 = ORIENTED_EDGE('',*,*,#3938,.F.);
#3938 = EDGE_CURVE('',#3939,#3805,#3941,.T.);
#3939 = VERTEX_POINT('',#3940);
#3940 = CARTESIAN_POINT('',(13.87,0.675,15.4));
#3941 = CIRCLE('',#3942,3.6);
#3942 = AXIS2_PLACEMENT_3D('',#3943,#3944,#3945);
#3943 = CARTESIAN_POINT('',(10.27,0.675,15.4));
#3944 = DIRECTION('',(0.,-1.,2.22044604925E-16));
#3945 = DIRECTION('',(1.,0.,0.));
#3946 = ORIENTED_EDGE('',*,*,#3947,.F.);
#3947 = EDGE_CURVE('',#3829,#3939,#3948,.T.);
#3948 = CIRCLE('',#3949,3.6);
#3949 = AXIS2_PLACEMENT_3D('',#3950,#3951,#3952);
#3950 = CARTESIAN_POINT('',(10.27,0.675,15.4));
#3951 = DIRECTION('',(0.,-1.,2.22044604925E-16));
#3952 = DIRECTION('',(1.,0.,0.));
#3953 = ORIENTED_EDGE('',*,*,#3836,.F.);
#3954 = ORIENTED_EDGE('',*,*,#3955,.F.);
#3955 = EDGE_CURVE('',#3908,#3747,#3956,.T.);
#3956 = LINE('',#3957,#3958);
#3957 = CARTESIAN_POINT('',(18.5,0.675,14.635));
#3958 = VECTOR('',#3959,1.);
#3959 = DIRECTION('',(0.,0.,-1.));
#3960 = ORIENTED_EDGE('',*,*,#3907,.F.);
#3961 = PLANE('',#3962);
#3962 = AXIS2_PLACEMENT_3D('',#3963,#3964,#3965);
#3963 = CARTESIAN_POINT('',(23.245648846762,0.675,15.4));
#3964 = DIRECTION('',(-0.,-1.,-0.));
#3965 = DIRECTION('',(0.,0.,-1.));
#3966 = ADVANCED_FACE('',(#3967,#3986),#4013,.T.);
#3967 = FACE_BOUND('',#3968,.T.);
#3968 = EDGE_LOOP('',(#3969,#3978,#3985));
#3969 = ORIENTED_EDGE('',*,*,#3970,.T.);
#3970 = EDGE_CURVE('',#3813,#3971,#3973,.T.);
#3971 = VERTEX_POINT('',#3972);
#3972 = CARTESIAN_POINT('',(13.87,0.96,15.4));
#3973 = CIRCLE('',#3974,3.6);
#3974 = AXIS2_PLACEMENT_3D('',#3975,#3976,#3977);
#3975 = CARTESIAN_POINT('',(10.27,0.96,15.4));
#3976 = DIRECTION('',(0.,1.,-2.22044604925E-16));
#3977 = DIRECTION('',(1.,0.,0.));
#3978 = ORIENTED_EDGE('',*,*,#3979,.T.);
#3979 = EDGE_CURVE('',#3971,#3821,#3980,.T.);
#3980 = CIRCLE('',#3981,3.6);
#3981 = AXIS2_PLACEMENT_3D('',#3982,#3983,#3984);
#3982 = CARTESIAN_POINT('',(10.27,0.96,15.4));
#3983 = DIRECTION('',(0.,1.,-2.22044604925E-16));
#3984 = DIRECTION('',(1.,0.,0.));
#3985 = ORIENTED_EDGE('',*,*,#3820,.F.);
#3986 = FACE_BOUND('',#3987,.T.);
#3987 = EDGE_LOOP('',(#3988,#3999,#4007));
#3988 = ORIENTED_EDGE('',*,*,#3989,.F.);
#3989 = EDGE_CURVE('',#3990,#3992,#3994,.T.);
#3990 = VERTEX_POINT('',#3991);
#3991 = CARTESIAN_POINT('',(11.104622841167,0.96,16.735675751446));
#3992 = VERTEX_POINT('',#3993);
#3993 = CARTESIAN_POINT('',(9.435377158833,0.96,16.735675751446));
#3994 = CIRCLE('',#3995,1.575);
#3995 = AXIS2_PLACEMENT_3D('',#3996,#3997,#3998);
#3996 = CARTESIAN_POINT('',(10.27,0.96,15.4));
#3997 = DIRECTION('',(-0.,1.,0.));
#3998 = DIRECTION('',(1.,0.,0.));
#3999 = ORIENTED_EDGE('',*,*,#4000,.T.);
#4000 = EDGE_CURVE('',#3990,#4001,#4003,.T.);
#4001 = VERTEX_POINT('',#4002);
#4002 = CARTESIAN_POINT('',(10.27,0.96,17.257205985295));
#4003 = LINE('',#4004,#4005);
#4004 = CARTESIAN_POINT('',(10.687311420584,0.96,16.996440868371));
#4005 = VECTOR('',#4006,1.);
#4006 = DIRECTION('',(-0.848048096156,1.176657136688E-16,0.529919264233)
  );
#4007 = ORIENTED_EDGE('',*,*,#4008,.T.);
#4008 = EDGE_CURVE('',#4001,#3992,#4009,.T.);
#4009 = LINE('',#4010,#4011);
#4010 = CARTESIAN_POINT('',(9.435377158833,0.96,16.735675751446));
#4011 = VECTOR('',#4012,1.);
#4012 = DIRECTION('',(-0.848048096156,-1.176657136688E-16,
    -0.529919264233));
#4013 = PLANE('',#4014);
#4014 = AXIS2_PLACEMENT_3D('',#4015,#4016,#4017);
#4015 = CARTESIAN_POINT('',(10.27,0.96,15.4));
#4016 = DIRECTION('',(0.,1.,-2.22044604925E-16));
#4017 = DIRECTION('',(1.,0.,0.));
#4018 = ADVANCED_FACE('',(#4019,#4025),#4061,.F.);
#4019 = FACE_BOUND('',#4020,.T.);
#4020 = EDGE_LOOP('',(#4021,#4022,#4023,#4024));
#4021 = ORIENTED_EDGE('',*,*,#3930,.F.);
#4022 = ORIENTED_EDGE('',*,*,#3796,.F.);
#4023 = ORIENTED_EDGE('',*,*,#3851,.T.);
#4024 = ORIENTED_EDGE('',*,*,#3899,.F.);
#4025 = FACE_BOUND('',#4026,.T.);
#4026 = EDGE_LOOP('',(#4027,#4037,#4046,#4054));
#4027 = ORIENTED_EDGE('',*,*,#4028,.F.);
#4028 = EDGE_CURVE('',#4029,#4031,#4033,.T.);
#4029 = VERTEX_POINT('',#4030);
#4030 = CARTESIAN_POINT('',(2.37,1.25,15.4));
#4031 = VERTEX_POINT('',#4032);
#4032 = CARTESIAN_POINT('',(2.37,8.75,15.4));
#4033 = LINE('',#4034,#4035);
#4034 = CARTESIAN_POINT('',(2.37,1.25,15.4));
#4035 = VECTOR('',#4036,1.);
#4036 = DIRECTION('',(0.,1.,0.));
#4037 = ORIENTED_EDGE('',*,*,#4038,.F.);
#4038 = EDGE_CURVE('',#4039,#4029,#4041,.T.);
#4039 = VERTEX_POINT('',#4040);
#4040 = CARTESIAN_POINT('',(6.69,1.25,22.442272360538));
#4041 = CIRCLE('',#4042,7.9);
#4042 = AXIS2_PLACEMENT_3D('',#4043,#4044,#4045);
#4043 = CARTESIAN_POINT('',(10.27,1.25,15.4));
#4044 = DIRECTION('',(0.,-1.,2.22044604925E-16));
#4045 = DIRECTION('',(1.,0.,0.));
#4046 = ORIENTED_EDGE('',*,*,#4047,.F.);
#4047 = EDGE_CURVE('',#4048,#4039,#4050,.T.);
#4048 = VERTEX_POINT('',#4049);
#4049 = CARTESIAN_POINT('',(6.69,8.75,22.442272360538));
#4050 = LINE('',#4051,#4052);
#4051 = CARTESIAN_POINT('',(6.69,0.675,22.442272360538));
#4052 = VECTOR('',#4053,1.);
#4053 = DIRECTION('',(0.,-1.,2.22044604925E-16));
#4054 = ORIENTED_EDGE('',*,*,#4055,.T.);
#4055 = EDGE_CURVE('',#4048,#4031,#4056,.T.);
#4056 = CIRCLE('',#4057,7.9);
#4057 = AXIS2_PLACEMENT_3D('',#4058,#4059,#4060);
#4058 = CARTESIAN_POINT('',(10.27,8.75,15.4));
#4059 = DIRECTION('',(0.,-1.,2.22044604925E-16));
#4060 = DIRECTION('',(1.,0.,0.));
#4061 = CYLINDRICAL_SURFACE('',#4062,7.9);
#4062 = AXIS2_PLACEMENT_3D('',#4063,#4064,#4065);
#4063 = CARTESIAN_POINT('',(10.27,0.675,15.4));
#4064 = DIRECTION('',(-0.,-1.,2.22044604925E-16));
#4065 = DIRECTION('',(1.,0.,0.));
#4066 = ADVANCED_FACE('',(#4067,#4086),#4113,.F.);
#4067 = FACE_BOUND('',#4068,.F.);
#4068 = EDGE_LOOP('',(#4069,#4078,#4085));
#4069 = ORIENTED_EDGE('',*,*,#4070,.T.);
#4070 = EDGE_CURVE('',#3773,#4071,#4073,.T.);
#4071 = VERTEX_POINT('',#4072);
#4072 = CARTESIAN_POINT('',(13.87,9.04,15.4));
#4073 = CIRCLE('',#4074,3.6);
#4074 = AXIS2_PLACEMENT_3D('',#4075,#4076,#4077);
#4075 = CARTESIAN_POINT('',(10.27,9.04,15.4));
#4076 = DIRECTION('',(0.,1.,-2.22044604925E-16));
#4077 = DIRECTION('',(1.,0.,0.));
#4078 = ORIENTED_EDGE('',*,*,#4079,.T.);
#4079 = EDGE_CURVE('',#4071,#3765,#4080,.T.);
#4080 = CIRCLE('',#4081,3.6);
#4081 = AXIS2_PLACEMENT_3D('',#4082,#4083,#4084);
#4082 = CARTESIAN_POINT('',(10.27,9.04,15.4));
#4083 = DIRECTION('',(0.,1.,-2.22044604925E-16));
#4084 = DIRECTION('',(1.,0.,0.));
#4085 = ORIENTED_EDGE('',*,*,#3772,.F.);
#4086 = FACE_BOUND('',#4087,.F.);
#4087 = EDGE_LOOP('',(#4088,#4099,#4107));
#4088 = ORIENTED_EDGE('',*,*,#4089,.F.);
#4089 = EDGE_CURVE('',#4090,#4092,#4094,.T.);
#4090 = VERTEX_POINT('',#4091);
#4091 = CARTESIAN_POINT('',(11.104622841167,9.04,16.735675751446));
#4092 = VERTEX_POINT('',#4093);
#4093 = CARTESIAN_POINT('',(9.435377158833,9.04,16.735675751446));
#4094 = CIRCLE('',#4095,1.575);
#4095 = AXIS2_PLACEMENT_3D('',#4096,#4097,#4098);
#4096 = CARTESIAN_POINT('',(10.27,9.04,15.4));
#4097 = DIRECTION('',(-0.,1.,0.));
#4098 = DIRECTION('',(1.,0.,0.));
#4099 = ORIENTED_EDGE('',*,*,#4100,.T.);
#4100 = EDGE_CURVE('',#4090,#4101,#4103,.T.);
#4101 = VERTEX_POINT('',#4102);
#4102 = CARTESIAN_POINT('',(10.27,9.04,17.257205985295));
#4103 = LINE('',#4104,#4105);
#4104 = CARTESIAN_POINT('',(10.687311420584,9.04,16.996440868371));
#4105 = VECTOR('',#4106,1.);
#4106 = DIRECTION('',(-0.848048096156,1.176657136688E-16,0.529919264233)
  );
#4107 = ORIENTED_EDGE('',*,*,#4108,.T.);
#4108 = EDGE_CURVE('',#4101,#4092,#4109,.T.);
#4109 = LINE('',#4110,#4111);
#4110 = CARTESIAN_POINT('',(9.435377158833,9.04,16.735675751446));
#4111 = VECTOR('',#4112,1.);
#4112 = DIRECTION('',(-0.848048096156,-1.176657136688E-16,
    -0.529919264233));
#4113 = PLANE('',#4114);
#4114 = AXIS2_PLACEMENT_3D('',#4115,#4116,#4117);
#4115 = CARTESIAN_POINT('',(10.27,9.04,15.4));
#4116 = DIRECTION('',(0.,1.,-2.22044604925E-16));
#4117 = DIRECTION('',(1.,0.,0.));
#4118 = ADVANCED_FACE('',(#4119),#4145,.F.);
#4119 = FACE_BOUND('',#4120,.T.);
#4120 = EDGE_LOOP('',(#4121,#4129,#4130,#4138));
#4121 = ORIENTED_EDGE('',*,*,#4122,.F.);
#4122 = EDGE_CURVE('',#3990,#4123,#4125,.T.);
#4123 = VERTEX_POINT('',#4124);
#4124 = CARTESIAN_POINT('',(11.104622841167,-1.,16.735675751446));
#4125 = LINE('',#4126,#4127);
#4126 = CARTESIAN_POINT('',(11.104622841167,49.,16.735675751446));
#4127 = VECTOR('',#4128,1.);
#4128 = DIRECTION('',(0.,-1.,0.));
#4129 = ORIENTED_EDGE('',*,*,#3989,.T.);
#4130 = ORIENTED_EDGE('',*,*,#4131,.T.);
#4131 = EDGE_CURVE('',#3992,#4132,#4134,.T.);
#4132 = VERTEX_POINT('',#4133);
#4133 = CARTESIAN_POINT('',(9.435377158833,-1.,16.735675751446));
#4134 = LINE('',#4135,#4136);
#4135 = CARTESIAN_POINT('',(9.435377158833,49.,16.735675751446));
#4136 = VECTOR('',#4137,1.);
#4137 = DIRECTION('',(0.,-1.,0.));
#4138 = ORIENTED_EDGE('',*,*,#4139,.T.);
#4139 = EDGE_CURVE('',#4132,#4123,#4140,.T.);
#4140 = CIRCLE('',#4141,1.575);
#4141 = AXIS2_PLACEMENT_3D('',#4142,#4143,#4144);
#4142 = CARTESIAN_POINT('',(10.27,-1.,15.4));
#4143 = DIRECTION('',(0.,-1.,0.));
#4144 = DIRECTION('',(1.,0.,0.));
#4145 = CYLINDRICAL_SURFACE('',#4146,1.575);
#4146 = AXIS2_PLACEMENT_3D('',#4147,#4148,#4149);
#4147 = CARTESIAN_POINT('',(10.27,49.,15.4));
#4148 = DIRECTION('',(-0.,1.,-0.));
#4149 = DIRECTION('',(1.,0.,0.));
#4150 = ADVANCED_FACE('',(#4151),#4169,.F.);
#4151 = FACE_BOUND('',#4152,.F.);
#4152 = EDGE_LOOP('',(#4153,#4154,#4162,#4168));
#4153 = ORIENTED_EDGE('',*,*,#4000,.T.);
#4154 = ORIENTED_EDGE('',*,*,#4155,.T.);
#4155 = EDGE_CURVE('',#4001,#4156,#4158,.T.);
#4156 = VERTEX_POINT('',#4157);
#4157 = CARTESIAN_POINT('',(10.27,-1.,17.257205985295));
#4158 = LINE('',#4159,#4160);
#4159 = CARTESIAN_POINT('',(10.27,49.,17.257205985295));
#4160 = VECTOR('',#4161,1.);
#4161 = DIRECTION('',(0.,-1.,0.));
#4162 = ORIENTED_EDGE('',*,*,#4163,.T.);
#4163 = EDGE_CURVE('',#4156,#4123,#4164,.T.);
#4164 = LINE('',#4165,#4166);
#4165 = CARTESIAN_POINT('',(10.27,-1.,17.257205985295));
#4166 = VECTOR('',#4167,1.);
#4167 = DIRECTION('',(0.848048096156,0.,-0.529919264233));
#4168 = ORIENTED_EDGE('',*,*,#4122,.F.);
#4169 = PLANE('',#4170);
#4170 = AXIS2_PLACEMENT_3D('',#4171,#4172,#4173);
#4171 = CARTESIAN_POINT('',(10.27,49.,17.257205985295));
#4172 = DIRECTION('',(0.529919264233,0.,0.848048096156));
#4173 = DIRECTION('',(0.848048096156,0.,-0.529919264233));
#4174 = ADVANCED_FACE('',(#4175),#4186,.F.);
#4175 = FACE_BOUND('',#4176,.F.);
#4176 = EDGE_LOOP('',(#4177,#4178,#4179,#4185));
#4177 = ORIENTED_EDGE('',*,*,#4008,.T.);
#4178 = ORIENTED_EDGE('',*,*,#4131,.T.);
#4179 = ORIENTED_EDGE('',*,*,#4180,.T.);
#4180 = EDGE_CURVE('',#4132,#4156,#4181,.T.);
#4181 = LINE('',#4182,#4183);
#4182 = CARTESIAN_POINT('',(9.435377158833,-1.,16.735675751446));
#4183 = VECTOR('',#4184,1.);
#4184 = DIRECTION('',(0.848048096156,0.,0.529919264233));
#4185 = ORIENTED_EDGE('',*,*,#4155,.F.);
#4186 = PLANE('',#4187);
#4187 = AXIS2_PLACEMENT_3D('',#4188,#4189,#4190);
#4188 = CARTESIAN_POINT('',(9.435377158833,49.,16.735675751446));
#4189 = DIRECTION('',(-0.529919264233,0.,0.848048096156));
#4190 = DIRECTION('',(0.848048096156,0.,0.529919264233));
#4191 = ADVANCED_FACE('',(#4192),#4208,.T.);
#4192 = FACE_BOUND('',#4193,.T.);
#4193 = EDGE_LOOP('',(#4194,#4200,#4201,#4207));
#4194 = ORIENTED_EDGE('',*,*,#4195,.F.);
#4195 = EDGE_CURVE('',#4029,#3717,#4196,.T.);
#4196 = LINE('',#4197,#4198);
#4197 = CARTESIAN_POINT('',(2.37,1.25,15.4));
#4198 = VECTOR('',#4199,1.);
#4199 = DIRECTION('',(0.,0.,1.));
#4200 = ORIENTED_EDGE('',*,*,#4028,.T.);
#4201 = ORIENTED_EDGE('',*,*,#4202,.T.);
#4202 = EDGE_CURVE('',#4031,#3707,#4203,.T.);
#4203 = LINE('',#4204,#4205);
#4204 = CARTESIAN_POINT('',(2.37,8.75,15.4));
#4205 = VECTOR('',#4206,1.);
#4206 = DIRECTION('',(0.,0.,1.));
#4207 = ORIENTED_EDGE('',*,*,#3716,.T.);
#4208 = PLANE('',#4209);
#4209 = AXIS2_PLACEMENT_3D('',#4210,#4211,#4212);
#4210 = CARTESIAN_POINT('',(2.37,1.25,15.4));
#4211 = DIRECTION('',(1.,0.,0.));
#4212 = DIRECTION('',(0.,0.,1.));
#4213 = ADVANCED_FACE('',(#4214),#4225,.T.);
#4214 = FACE_BOUND('',#4215,.T.);
#4215 = EDGE_LOOP('',(#4216,#4222,#4223,#4224));
#4216 = ORIENTED_EDGE('',*,*,#4217,.F.);
#4217 = EDGE_CURVE('',#4039,#3725,#4218,.T.);
#4218 = LINE('',#4219,#4220);
#4219 = CARTESIAN_POINT('',(6.69,1.25,15.4));
#4220 = VECTOR('',#4221,1.);
#4221 = DIRECTION('',(0.,0.,1.));
#4222 = ORIENTED_EDGE('',*,*,#4038,.T.);
#4223 = ORIENTED_EDGE('',*,*,#4195,.T.);
#4224 = ORIENTED_EDGE('',*,*,#3724,.T.);
#4225 = PLANE('',#4226);
#4226 = AXIS2_PLACEMENT_3D('',#4227,#4228,#4229);
#4227 = CARTESIAN_POINT('',(2.37,1.25,15.4));
#4228 = DIRECTION('',(0.,1.,0.));
#4229 = DIRECTION('',(0.,0.,1.));
#4230 = ADVANCED_FACE('',(#4231),#4242,.F.);
#4231 = FACE_BOUND('',#4232,.F.);
#4232 = EDGE_LOOP('',(#4233,#4239,#4240,#4241));
#4233 = ORIENTED_EDGE('',*,*,#4234,.F.);
#4234 = EDGE_CURVE('',#4048,#3709,#4235,.T.);
#4235 = LINE('',#4236,#4237);
#4236 = CARTESIAN_POINT('',(6.69,8.75,15.4));
#4237 = VECTOR('',#4238,1.);
#4238 = DIRECTION('',(0.,0.,1.));
#4239 = ORIENTED_EDGE('',*,*,#4055,.T.);
#4240 = ORIENTED_EDGE('',*,*,#4202,.T.);
#4241 = ORIENTED_EDGE('',*,*,#3706,.T.);
#4242 = PLANE('',#4243);
#4243 = AXIS2_PLACEMENT_3D('',#4244,#4245,#4246);
#4244 = CARTESIAN_POINT('',(2.37,8.75,15.4));
#4245 = DIRECTION('',(0.,1.,0.));
#4246 = DIRECTION('',(0.,0.,1.));
#4247 = ADVANCED_FACE('',(#4248),#4254,.F.);
#4248 = FACE_BOUND('',#4249,.F.);
#4249 = EDGE_LOOP('',(#4250,#4251,#4252,#4253));
#4250 = ORIENTED_EDGE('',*,*,#4217,.F.);
#4251 = ORIENTED_EDGE('',*,*,#4047,.F.);
#4252 = ORIENTED_EDGE('',*,*,#4234,.T.);
#4253 = ORIENTED_EDGE('',*,*,#3732,.T.);
#4254 = PLANE('',#4255);
#4255 = AXIS2_PLACEMENT_3D('',#4256,#4257,#4258);
#4256 = CARTESIAN_POINT('',(6.69,1.25,15.4));
#4257 = DIRECTION('',(1.,0.,0.));
#4258 = DIRECTION('',(0.,0.,1.));
#4259 = ADVANCED_FACE('',(#4260),#4286,.F.);
#4260 = FACE_BOUND('',#4261,.T.);
#4261 = EDGE_LOOP('',(#4262,#4270,#4279,#4285));
#4262 = ORIENTED_EDGE('',*,*,#4263,.F.);
#4263 = EDGE_CURVE('',#4264,#4090,#4266,.T.);
#4264 = VERTEX_POINT('',#4265);
#4265 = CARTESIAN_POINT('',(11.104622841167,21.3,16.735675751446));
#4266 = LINE('',#4267,#4268);
#4267 = CARTESIAN_POINT('',(11.104622841167,49.,16.735675751446));
#4268 = VECTOR('',#4269,1.);
#4269 = DIRECTION('',(0.,-1.,0.));
#4270 = ORIENTED_EDGE('',*,*,#4271,.T.);
#4271 = EDGE_CURVE('',#4264,#4272,#4274,.T.);
#4272 = VERTEX_POINT('',#4273);
#4273 = CARTESIAN_POINT('',(9.435377158833,21.3,16.735675751446));
#4274 = CIRCLE('',#4275,1.575);
#4275 = AXIS2_PLACEMENT_3D('',#4276,#4277,#4278);
#4276 = CARTESIAN_POINT('',(10.27,21.3,15.4));
#4277 = DIRECTION('',(-0.,1.,2.2E-16));
#4278 = DIRECTION('',(1.,0.,0.));
#4279 = ORIENTED_EDGE('',*,*,#4280,.T.);
#4280 = EDGE_CURVE('',#4272,#4092,#4281,.T.);
#4281 = LINE('',#4282,#4283);
#4282 = CARTESIAN_POINT('',(9.435377158833,49.,16.735675751446));
#4283 = VECTOR('',#4284,1.);
#4284 = DIRECTION('',(0.,-1.,0.));
#4285 = ORIENTED_EDGE('',*,*,#4089,.F.);
#4286 = CYLINDRICAL_SURFACE('',#4287,1.575);
#4287 = AXIS2_PLACEMENT_3D('',#4288,#4289,#4290);
#4288 = CARTESIAN_POINT('',(10.27,49.,15.4));
#4289 = DIRECTION('',(-0.,1.,-0.));
#4290 = DIRECTION('',(1.,0.,0.));
#4291 = ADVANCED_FACE('',(#4292),#4310,.F.);
#4292 = FACE_BOUND('',#4293,.F.);
#4293 = EDGE_LOOP('',(#4294,#4302,#4308,#4309));
#4294 = ORIENTED_EDGE('',*,*,#4295,.F.);
#4295 = EDGE_CURVE('',#4296,#4264,#4298,.T.);
#4296 = VERTEX_POINT('',#4297);
#4297 = CARTESIAN_POINT('',(10.27,21.3,17.257205985295));
#4298 = LINE('',#4299,#4300);
#4299 = CARTESIAN_POINT('',(10.640127202492,21.3,17.02592484015));
#4300 = VECTOR('',#4301,1.);
#4301 = DIRECTION('',(0.848048096156,1.2E-16,-0.529919264233));
#4302 = ORIENTED_EDGE('',*,*,#4303,.T.);
#4303 = EDGE_CURVE('',#4296,#4101,#4304,.T.);
#4304 = LINE('',#4305,#4306);
#4305 = CARTESIAN_POINT('',(10.27,49.,17.257205985295));
#4306 = VECTOR('',#4307,1.);
#4307 = DIRECTION('',(0.,-1.,0.));
#4308 = ORIENTED_EDGE('',*,*,#4100,.F.);
#4309 = ORIENTED_EDGE('',*,*,#4263,.F.);
#4310 = PLANE('',#4311);
#4311 = AXIS2_PLACEMENT_3D('',#4312,#4313,#4314);
#4312 = CARTESIAN_POINT('',(10.27,49.,17.257205985295));
#4313 = DIRECTION('',(0.529919264233,0.,0.848048096156));
#4314 = DIRECTION('',(0.848048096156,0.,-0.529919264233));
#4315 = ADVANCED_FACE('',(#4316),#4327,.F.);
#4316 = FACE_BOUND('',#4317,.F.);
#4317 = EDGE_LOOP('',(#4318,#4324,#4325,#4326));
#4318 = ORIENTED_EDGE('',*,*,#4319,.F.);
#4319 = EDGE_CURVE('',#4272,#4296,#4320,.T.);
#4320 = LINE('',#4321,#4322);
#4321 = CARTESIAN_POINT('',(9.482561376925,21.3,16.765159723226));
#4322 = VECTOR('',#4323,1.);
#4323 = DIRECTION('',(0.848048096156,-1.2E-16,0.529919264233));
#4324 = ORIENTED_EDGE('',*,*,#4280,.T.);
#4325 = ORIENTED_EDGE('',*,*,#4108,.F.);
#4326 = ORIENTED_EDGE('',*,*,#4303,.F.);
#4327 = PLANE('',#4328);
#4328 = AXIS2_PLACEMENT_3D('',#4329,#4330,#4331);
#4329 = CARTESIAN_POINT('',(9.435377158833,49.,16.735675751446));
#4330 = DIRECTION('',(-0.529919264233,0.,0.848048096156));
#4331 = DIRECTION('',(0.848048096156,0.,0.529919264233));
#4332 = ADVANCED_FACE('',(#4333),#4352,.T.);
#4333 = FACE_BOUND('',#4334,.T.);
#4334 = EDGE_LOOP('',(#4335,#4336,#4345,#4351));
#4335 = ORIENTED_EDGE('',*,*,#2434,.F.);
#4336 = ORIENTED_EDGE('',*,*,#4337,.T.);
#4337 = EDGE_CURVE('',#2427,#4338,#4340,.T.);
#4338 = VERTEX_POINT('',#4339);
#4339 = CARTESIAN_POINT('',(-3.501585074567,-6.,14.564174002647));
#4340 = CIRCLE('',#4341,2.);
#4341 = AXIS2_PLACEMENT_3D('',#4342,#4343,#4344);
#4342 = CARTESIAN_POINT('',(-2.5,-6.,12.833039305864));
#4343 = DIRECTION('',(0.,1.,-0.));
#4344 = DIRECTION('',(-1.,-0.,-4.440892098501E-16));
#4345 = ORIENTED_EDGE('',*,*,#4346,.T.);
#4346 = EDGE_CURVE('',#4338,#2281,#4347,.T.);
#4347 = LINE('',#4348,#4349);
#4348 = CARTESIAN_POINT('',(-4.503170149134,-4.,16.29530869943));
#4349 = VECTOR('',#4350,1.);
#4350 = DIRECTION('',(-0.354113799081,0.707106781187,0.612048541621));
#4351 = ORIENTED_EDGE('',*,*,#2290,.F.);
#4352 = CONICAL_SURFACE('',#4353,4.,0.785398163397);
#4353 = AXIS2_PLACEMENT_3D('',#4354,#4355,#4356);
#4354 = CARTESIAN_POINT('',(-2.5,-4.,12.833039305864));
#4355 = DIRECTION('',(0.,1.,0.));
#4356 = DIRECTION('',(-1.,-0.,-4.440892098501E-16));
#4357 = ADVANCED_FACE('',(#4358),#4377,.T.);
#4358 = FACE_BOUND('',#4359,.F.);
#4359 = EDGE_LOOP('',(#4360,#4368,#4369,#4370));
#4360 = ORIENTED_EDGE('',*,*,#4361,.F.);
#4361 = EDGE_CURVE('',#2283,#4362,#4364,.T.);
#4362 = VERTEX_POINT('',#4363);
#4363 = CARTESIAN_POINT('',(-3.501585074567,24.8,14.564174002647));
#4364 = LINE('',#4365,#4366);
#4365 = CARTESIAN_POINT('',(-4.002377611851,23.8,15.429741351038));
#4366 = VECTOR('',#4367,1.);
#4367 = DIRECTION('',(0.354113799081,0.707106781187,-0.612048541621));
#4368 = ORIENTED_EDGE('',*,*,#2298,.T.);
#4369 = ORIENTED_EDGE('',*,*,#2313,.T.);
#4370 = ORIENTED_EDGE('',*,*,#4371,.F.);
#4371 = EDGE_CURVE('',#4362,#2314,#4372,.T.);
#4372 = CIRCLE('',#4373,2.);
#4373 = AXIS2_PLACEMENT_3D('',#4374,#4375,#4376);
#4374 = CARTESIAN_POINT('',(-2.5,24.8,12.833039305864));
#4375 = DIRECTION('',(0.,-1.,0.));
#4376 = DIRECTION('',(-0.500792537284,0.,0.865567348391));
#4377 = CONICAL_SURFACE('',#4378,4.,0.785398163397);
#4378 = AXIS2_PLACEMENT_3D('',#4379,#4380,#4381);
#4379 = CARTESIAN_POINT('',(-2.5,22.8,12.833039305864));
#4380 = DIRECTION('',(0.,-1.,0.));
#4381 = DIRECTION('',(-0.500792537284,0.,0.865567348391));
#4382 = ADVANCED_FACE('',(#4383,#4438),#4465,.F.);
#4383 = FACE_BOUND('',#4384,.F.);
#4384 = EDGE_LOOP('',(#4385,#4393,#4394,#4402,#4408,#4409,#4410,#4411,
    #4412,#4413,#4414,#4415,#4423,#4431));
#4385 = ORIENTED_EDGE('',*,*,#4386,.T.);
#4386 = EDGE_CURVE('',#4387,#3185,#4389,.T.);
#4387 = VERTEX_POINT('',#4388);
#4388 = CARTESIAN_POINT('',(11.,24.8,18.683595691842));
#4389 = LINE('',#4390,#4391);
#4390 = CARTESIAN_POINT('',(11.,24.8,15.));
#4391 = VECTOR('',#4392,1.);
#4392 = DIRECTION('',(0.,0.,1.));
#4393 = ORIENTED_EDGE('',*,*,#3184,.F.);
#4394 = ORIENTED_EDGE('',*,*,#4395,.F.);
#4395 = EDGE_CURVE('',#4396,#3162,#4398,.T.);
#4396 = VERTEX_POINT('',#4397);
#4397 = CARTESIAN_POINT('',(9.5,24.8,22.086519652932));
#4398 = LINE('',#4399,#4400);
#4399 = CARTESIAN_POINT('',(9.5,24.8,23.24));
#4400 = VECTOR('',#4401,1.);
#4401 = DIRECTION('',(0.,0.,1.));
#4402 = ORIENTED_EDGE('',*,*,#4403,.T.);
#4403 = EDGE_CURVE('',#4396,#4362,#4404,.T.);
#4404 = LINE('',#4405,#4406);
#4405 = CARTESIAN_POINT('',(8.501585074567,24.8,21.508865303217));
#4406 = VECTOR('',#4407,1.);
#4407 = DIRECTION('',(-0.865567348391,0.,-0.500792537284));
#4408 = ORIENTED_EDGE('',*,*,#4371,.T.);
#4409 = ORIENTED_EDGE('',*,*,#2330,.T.);
#4410 = ORIENTED_EDGE('',*,*,#3513,.F.);
#4411 = ORIENTED_EDGE('',*,*,#3290,.T.);
#4412 = ORIENTED_EDGE('',*,*,#3330,.T.);
#4413 = ORIENTED_EDGE('',*,*,#3348,.F.);
#4414 = ORIENTED_EDGE('',*,*,#3357,.F.);
#4415 = ORIENTED_EDGE('',*,*,#4416,.F.);
#4416 = EDGE_CURVE('',#4417,#3358,#4419,.T.);
#4417 = VERTEX_POINT('',#4418);
#4418 = CARTESIAN_POINT('',(10.27,24.8,18.683908835518));
#4419 = LINE('',#4420,#4421);
#4420 = CARTESIAN_POINT('',(5.400220776354,24.8,16.515743434097));
#4421 = VECTOR('',#4422,1.);
#4422 = DIRECTION('',(-0.913545457647,0.,-0.406736643066));
#4423 = ORIENTED_EDGE('',*,*,#4424,.T.);
#4424 = EDGE_CURVE('',#4417,#4425,#4427,.T.);
#4425 = VERTEX_POINT('',#4426);
#4426 = CARTESIAN_POINT('',(11.296631678462,24.8,18.22682296302));
#4427 = LINE('',#4428,#4429);
#4428 = CARTESIAN_POINT('',(8.544550838889,24.8,19.452128297086));
#4429 = VECTOR('',#4430,1.);
#4430 = DIRECTION('',(0.913545457643,0.,-0.406736643076));
#4431 = ORIENTED_EDGE('',*,*,#4432,.F.);
#4432 = EDGE_CURVE('',#4387,#4425,#4433,.T.);
#4433 = CIRCLE('',#4434,0.5);
#4434 = AXIS2_PLACEMENT_3D('',#4435,#4436,#4437);
#4435 = CARTESIAN_POINT('',(11.5,24.8,18.683595691842));
#4436 = DIRECTION('',(0.,-1.,0.));
#4437 = DIRECTION('',(0.,0.,-1.));
#4438 = FACE_BOUND('',#4439,.F.);
#4439 = EDGE_LOOP('',(#4440,#4451,#4459));
#4440 = ORIENTED_EDGE('',*,*,#4441,.F.);
#4441 = EDGE_CURVE('',#4442,#4444,#4446,.T.);
#4442 = VERTEX_POINT('',#4443);
#4443 = CARTESIAN_POINT('',(-2.220209929224,24.8,6.870636372937));
#4444 = VERTEX_POINT('',#4445);
#4445 = CARTESIAN_POINT('',(0.220209929227,24.8,6.870636372928));
#4446 = CIRCLE('',#4447,3.);
#4447 = AXIS2_PLACEMENT_3D('',#4448,#4449,#4450);
#4448 = CARTESIAN_POINT('',(-1.,24.8,4.13));
#4449 = DIRECTION('',(-0.,-1.,-0.));
#4450 = DIRECTION('',(-1.,0.,0.));
#4451 = ORIENTED_EDGE('',*,*,#4452,.F.);
#4452 = EDGE_CURVE('',#4453,#4442,#4455,.T.);
#4453 = VERTEX_POINT('',#4454);
#4454 = CARTESIAN_POINT('',(-1.,24.8,7.413908835518));
#4455 = LINE('',#4456,#4457);
#4456 = CARTESIAN_POINT('',(0.926806805557,24.8,8.271778496374));
#4457 = VECTOR('',#4458,1.);
#4458 = DIRECTION('',(-0.913545457647,0.,-0.406736643066));
#4459 = ORIENTED_EDGE('',*,*,#4460,.F.);
#4460 = EDGE_CURVE('',#4444,#4453,#4461,.T.);
#4461 = LINE('',#4462,#4463);
#4462 = CARTESIAN_POINT('',(-0.116484223476,24.8,7.020542267887));
#4463 = VECTOR('',#4464,1.);
#4464 = DIRECTION('',(-0.913545457643,0.,0.406736643076));
#4465 = PLANE('',#4466);
#4466 = AXIS2_PLACEMENT_3D('',#4467,#4468,#4469);
#4467 = CARTESIAN_POINT('',(1.636363636364,24.8,11.863636363636));
#4468 = DIRECTION('',(-0.,-1.,-0.));
#4469 = DIRECTION('',(0.,0.,-1.));
#4470 = ADVANCED_FACE('',(#4471),#4476,.F.);
#4471 = FACE_BOUND('',#4472,.F.);
#4472 = EDGE_LOOP('',(#4473,#4474,#4475));
#4473 = ORIENTED_EDGE('',*,*,#2352,.F.);
#4474 = ORIENTED_EDGE('',*,*,#3507,.T.);
#4475 = ORIENTED_EDGE('',*,*,#2322,.F.);
#4476 = PLANE('',#4477);
#4477 = AXIS2_PLACEMENT_3D('',#4478,#4479,#4480);
#4478 = CARTESIAN_POINT('',(-4.5,22.8,-7.5));
#4479 = DIRECTION('',(0.57735026919,-0.57735026919,0.57735026919));
#4480 = DIRECTION('',(0.707106781187,0.707106781187,1.249000902703E-15)
  );
#4481 = ADVANCED_FACE('',(#4482),#4487,.F.);
#4482 = FACE_BOUND('',#4483,.F.);
#4483 = EDGE_LOOP('',(#4484,#4485,#4486));
#4484 = ORIENTED_EDGE('',*,*,#3536,.F.);
#4485 = ORIENTED_EDGE('',*,*,#2408,.T.);
#4486 = ORIENTED_EDGE('',*,*,#2441,.F.);
#4487 = PLANE('',#4488);
#4488 = AXIS2_PLACEMENT_3D('',#4489,#4490,#4491);
#4489 = CARTESIAN_POINT('',(-4.5,-4.,-7.5));
#4490 = DIRECTION('',(0.57735026919,0.57735026919,0.57735026919));
#4491 = DIRECTION('',(-0.707106781187,0.707106781187,0.));
#4492 = ADVANCED_FACE('',(#4493,#4528,#4555),#4582,.T.);
#4493 = FACE_BOUND('',#4494,.T.);
#4494 = EDGE_LOOP('',(#4495,#4505,#4513,#4519,#4520,#4521,#4522));
#4495 = ORIENTED_EDGE('',*,*,#4496,.T.);
#4496 = EDGE_CURVE('',#4497,#4499,#4501,.T.);
#4497 = VERTEX_POINT('',#4498);
#4498 = CARTESIAN_POINT('',(14.5,-6.,24.24));
#4499 = VERTEX_POINT('',#4500);
#4500 = CARTESIAN_POINT('',(9.5,-6.,29.24));
#4501 = LINE('',#4502,#4503);
#4502 = CARTESIAN_POINT('',(11.25,-6.,27.49));
#4503 = VECTOR('',#4504,1.);
#4504 = DIRECTION('',(-0.707106781187,0.,0.707106781187));
#4505 = ORIENTED_EDGE('',*,*,#4506,.F.);
#4506 = EDGE_CURVE('',#4507,#4499,#4509,.T.);
#4507 = VERTEX_POINT('',#4508);
#4508 = CARTESIAN_POINT('',(9.5,-6.,22.086519652932));
#4509 = LINE('',#4510,#4511);
#4510 = CARTESIAN_POINT('',(9.5,-6.,23.24));
#4511 = VECTOR('',#4512,1.);
#4512 = DIRECTION('',(0.,0.,1.));
#4513 = ORIENTED_EDGE('',*,*,#4514,.F.);
#4514 = EDGE_CURVE('',#4338,#4507,#4515,.T.);
#4515 = LINE('',#4516,#4517);
#4516 = CARTESIAN_POINT('',(-3.501585074567,-6.,14.564174002647));
#4517 = VECTOR('',#4518,1.);
#4518 = DIRECTION('',(0.865567348391,0.,0.500792537284));
#4519 = ORIENTED_EDGE('',*,*,#4337,.F.);
#4520 = ORIENTED_EDGE('',*,*,#2424,.F.);
#4521 = ORIENTED_EDGE('',*,*,#3542,.T.);
#4522 = ORIENTED_EDGE('',*,*,#4523,.T.);
#4523 = EDGE_CURVE('',#3543,#4497,#4524,.T.);
#4524 = LINE('',#4525,#4526);
#4525 = CARTESIAN_POINT('',(14.5,-6.,7.87));
#4526 = VECTOR('',#4527,1.);
#4527 = DIRECTION('',(0.,0.,1.));
#4528 = FACE_BOUND('',#4529,.T.);
#4529 = EDGE_LOOP('',(#4530,#4540,#4549));
#4530 = ORIENTED_EDGE('',*,*,#4531,.F.);
#4531 = EDGE_CURVE('',#4532,#4534,#4536,.T.);
#4532 = VERTEX_POINT('',#4533);
#4533 = CARTESIAN_POINT('',(0.150000000001,-6.,6.121858428705));
#4534 = VERTEX_POINT('',#4535);
#4535 = CARTESIAN_POINT('',(-1.,-6.,6.785811238272));
#4536 = LINE('',#4537,#4538);
#4537 = CARTESIAN_POINT('',(0.837683145503,-6.,5.724824379533));
#4538 = VECTOR('',#4539,1.);
#4539 = DIRECTION('',(-0.866025403785,0.,0.499999999999));
#4540 = ORIENTED_EDGE('',*,*,#4541,.T.);
#4541 = EDGE_CURVE('',#4532,#4542,#4544,.T.);
#4542 = VERTEX_POINT('',#4543);
#4543 = CARTESIAN_POINT('',(-2.15,-6.,6.121858428704));
#4544 = CIRCLE('',#4545,2.3);
#4545 = AXIS2_PLACEMENT_3D('',#4546,#4547,#4548);
#4546 = CARTESIAN_POINT('',(-1.,-6.,4.13));
#4547 = DIRECTION('',(-0.,1.,0.));
#4548 = DIRECTION('',(1.,0.,0.));
#4549 = ORIENTED_EDGE('',*,*,#4550,.F.);
#4550 = EDGE_CURVE('',#4534,#4542,#4551,.T.);
#4551 = LINE('',#4552,#4553);
#4552 = CARTESIAN_POINT('',(1.270834863812,-6.,8.096878358179));
#4553 = VECTOR('',#4554,1.);
#4554 = DIRECTION('',(-0.866025403784,0.,-0.5));
#4555 = FACE_BOUND('',#4556,.T.);
#4556 = EDGE_LOOP('',(#4557,#4567,#4576));
#4557 = ORIENTED_EDGE('',*,*,#4558,.F.);
#4558 = EDGE_CURVE('',#4559,#4561,#4563,.T.);
#4559 = VERTEX_POINT('',#4560);
#4560 = CARTESIAN_POINT('',(11.420000000001,-6.,17.391858428705));
#4561 = VERTEX_POINT('',#4562);
#4562 = CARTESIAN_POINT('',(10.27,-6.,18.055811238272));
#4563 = LINE('',#4564,#4565);
#4564 = CARTESIAN_POINT('',(10.321459720657,-6.,18.026100954698));
#4565 = VECTOR('',#4566,1.);
#4566 = DIRECTION('',(-0.866025403785,0.,0.499999999999));
#4567 = ORIENTED_EDGE('',*,*,#4568,.T.);
#4568 = EDGE_CURVE('',#4559,#4569,#4571,.T.);
#4569 = VERTEX_POINT('',#4570);
#4570 = CARTESIAN_POINT('',(9.12,-6.,17.391858428704));
#4571 = CIRCLE('',#4572,2.3);
#4572 = AXIS2_PLACEMENT_3D('',#4573,#4574,#4575);
#4573 = CARTESIAN_POINT('',(10.27,-6.,15.4));
#4574 = DIRECTION('',(-0.,1.,0.));
#4575 = DIRECTION('',(1.,0.,0.));
#4576 = ORIENTED_EDGE('',*,*,#4577,.F.);
#4577 = EDGE_CURVE('',#4561,#4569,#4578,.T.);
#4578 = LINE('',#4579,#4580);
#4579 = CARTESIAN_POINT('',(5.874558288649,-6.,15.518101783017));
#4580 = VECTOR('',#4581,1.);
#4581 = DIRECTION('',(-0.866025403784,0.,-0.5));
#4582 = PLANE('',#4583);
#4583 = AXIS2_PLACEMENT_3D('',#4584,#4585,#4586);
#4584 = CARTESIAN_POINT('',(5.244690679082,-6.,9.114037902079));
#4585 = DIRECTION('',(-0.,-1.,-0.));
#4586 = DIRECTION('',(0.,0.,-1.));
#4587 = ADVANCED_FACE('',(#4588),#4614,.F.);
#4588 = FACE_BOUND('',#4589,.T.);
#4589 = EDGE_LOOP('',(#4590,#4598,#4607,#4613));
#4590 = ORIENTED_EDGE('',*,*,#4591,.F.);
#4591 = EDGE_CURVE('',#4592,#2471,#4594,.T.);
#4592 = VERTEX_POINT('',#4593);
#4593 = CARTESIAN_POINT('',(-0.165377158833,21.3,5.465675751446));
#4594 = LINE('',#4595,#4596);
#4595 = CARTESIAN_POINT('',(-0.165377158833,49.,5.465675751446));
#4596 = VECTOR('',#4597,1.);
#4597 = DIRECTION('',(0.,-1.,0.));
#4598 = ORIENTED_EDGE('',*,*,#4599,.T.);
#4599 = EDGE_CURVE('',#4592,#4600,#4602,.T.);
#4600 = VERTEX_POINT('',#4601);
#4601 = CARTESIAN_POINT('',(-1.834622841167,21.3,5.465675751446));
#4602 = CIRCLE('',#4603,1.575);
#4603 = AXIS2_PLACEMENT_3D('',#4604,#4605,#4606);
#4604 = CARTESIAN_POINT('',(-1.,21.3,4.13));
#4605 = DIRECTION('',(-0.,1.,2.2E-16));
#4606 = DIRECTION('',(1.,0.,0.));
#4607 = ORIENTED_EDGE('',*,*,#4608,.T.);
#4608 = EDGE_CURVE('',#4600,#2473,#4609,.T.);
#4609 = LINE('',#4610,#4611);
#4610 = CARTESIAN_POINT('',(-1.834622841167,49.,5.465675751446));
#4611 = VECTOR('',#4612,1.);
#4612 = DIRECTION('',(0.,-1.,0.));
#4613 = ORIENTED_EDGE('',*,*,#2470,.F.);
#4614 = CYLINDRICAL_SURFACE('',#4615,1.575);
#4615 = AXIS2_PLACEMENT_3D('',#4616,#4617,#4618);
#4616 = CARTESIAN_POINT('',(-1.,49.,4.13));
#4617 = DIRECTION('',(-0.,1.,-0.));
#4618 = DIRECTION('',(1.,0.,0.));
#4619 = ADVANCED_FACE('',(#4620),#4638,.F.);
#4620 = FACE_BOUND('',#4621,.F.);
#4621 = EDGE_LOOP('',(#4622,#4630,#4631,#4632));
#4622 = ORIENTED_EDGE('',*,*,#4623,.F.);
#4623 = EDGE_CURVE('',#4600,#4624,#4626,.T.);
#4624 = VERTEX_POINT('',#4625);
#4625 = CARTESIAN_POINT('',(-1.,21.3,5.987205985295));
#4626 = LINE('',#4627,#4628);
#4627 = CARTESIAN_POINT('',(-1.787438623075,21.3,5.495159723226));
#4628 = VECTOR('',#4629,1.);
#4629 = DIRECTION('',(0.848048096156,-1.2E-16,0.529919264233));
#4630 = ORIENTED_EDGE('',*,*,#4608,.T.);
#4631 = ORIENTED_EDGE('',*,*,#2489,.F.);
#4632 = ORIENTED_EDGE('',*,*,#4633,.F.);
#4633 = EDGE_CURVE('',#4624,#2482,#4634,.T.);
#4634 = LINE('',#4635,#4636);
#4635 = CARTESIAN_POINT('',(-1.,49.,5.987205985295));
#4636 = VECTOR('',#4637,1.);
#4637 = DIRECTION('',(0.,-1.,0.));
#4638 = PLANE('',#4639);
#4639 = AXIS2_PLACEMENT_3D('',#4640,#4641,#4642);
#4640 = CARTESIAN_POINT('',(-1.834622841167,49.,5.465675751446));
#4641 = DIRECTION('',(-0.529919264233,0.,0.848048096156));
#4642 = DIRECTION('',(0.848048096156,0.,0.529919264233));
#4643 = ADVANCED_FACE('',(#4644),#4655,.F.);
#4644 = FACE_BOUND('',#4645,.F.);
#4645 = EDGE_LOOP('',(#4646,#4652,#4653,#4654));
#4646 = ORIENTED_EDGE('',*,*,#4647,.F.);
#4647 = EDGE_CURVE('',#4624,#4592,#4648,.T.);
#4648 = LINE('',#4649,#4650);
#4649 = CARTESIAN_POINT('',(-0.629872797508,21.3,5.75592484015));
#4650 = VECTOR('',#4651,1.);
#4651 = DIRECTION('',(0.848048096156,1.2E-16,-0.529919264233));
#4652 = ORIENTED_EDGE('',*,*,#4633,.T.);
#4653 = ORIENTED_EDGE('',*,*,#2481,.F.);
#4654 = ORIENTED_EDGE('',*,*,#4591,.F.);
#4655 = PLANE('',#4656);
#4656 = AXIS2_PLACEMENT_3D('',#4657,#4658,#4659);
#4657 = CARTESIAN_POINT('',(-1.,49.,5.987205985295));
#4658 = DIRECTION('',(0.529919264233,0.,0.848048096156));
#4659 = DIRECTION('',(0.848048096156,0.,-0.529919264233));
#4660 = ADVANCED_FACE('',(#4661),#4687,.F.);
#4661 = FACE_BOUND('',#4662,.T.);
#4662 = EDGE_LOOP('',(#4663,#4671,#4672,#4680));
#4663 = ORIENTED_EDGE('',*,*,#4664,.F.);
#4664 = EDGE_CURVE('',#2507,#4665,#4667,.T.);
#4665 = VERTEX_POINT('',#4666);
#4666 = CARTESIAN_POINT('',(-0.165377158833,-1.,5.465675751446));
#4667 = LINE('',#4668,#4669);
#4668 = CARTESIAN_POINT('',(-0.165377158833,49.,5.465675751446));
#4669 = VECTOR('',#4670,1.);
#4670 = DIRECTION('',(0.,-1.,0.));
#4671 = ORIENTED_EDGE('',*,*,#2506,.T.);
#4672 = ORIENTED_EDGE('',*,*,#4673,.T.);
#4673 = EDGE_CURVE('',#2509,#4674,#4676,.T.);
#4674 = VERTEX_POINT('',#4675);
#4675 = CARTESIAN_POINT('',(-1.834622841167,-1.,5.465675751446));
#4676 = LINE('',#4677,#4678);
#4677 = CARTESIAN_POINT('',(-1.834622841167,49.,5.465675751446));
#4678 = VECTOR('',#4679,1.);
#4679 = DIRECTION('',(0.,-1.,0.));
#4680 = ORIENTED_EDGE('',*,*,#4681,.T.);
#4681 = EDGE_CURVE('',#4674,#4665,#4682,.T.);
#4682 = CIRCLE('',#4683,1.575);
#4683 = AXIS2_PLACEMENT_3D('',#4684,#4685,#4686);
#4684 = CARTESIAN_POINT('',(-1.,-1.,4.13));
#4685 = DIRECTION('',(0.,-1.,0.));
#4686 = DIRECTION('',(1.,0.,0.));
#4687 = CYLINDRICAL_SURFACE('',#4688,1.575);
#4688 = AXIS2_PLACEMENT_3D('',#4689,#4690,#4691);
#4689 = CARTESIAN_POINT('',(-1.,49.,4.13));
#4690 = DIRECTION('',(-0.,1.,-0.));
#4691 = DIRECTION('',(1.,0.,0.));
#4692 = ADVANCED_FACE('',(#4693),#4711,.F.);
#4693 = FACE_BOUND('',#4694,.F.);
#4694 = EDGE_LOOP('',(#4695,#4696,#4697,#4705));
#4695 = ORIENTED_EDGE('',*,*,#2525,.T.);
#4696 = ORIENTED_EDGE('',*,*,#4673,.T.);
#4697 = ORIENTED_EDGE('',*,*,#4698,.T.);
#4698 = EDGE_CURVE('',#4674,#4699,#4701,.T.);
#4699 = VERTEX_POINT('',#4700);
#4700 = CARTESIAN_POINT('',(-1.,-1.,5.987205985295));
#4701 = LINE('',#4702,#4703);
#4702 = CARTESIAN_POINT('',(-1.834622841167,-1.,5.465675751446));
#4703 = VECTOR('',#4704,1.);
#4704 = DIRECTION('',(0.848048096156,0.,0.529919264233));
#4705 = ORIENTED_EDGE('',*,*,#4706,.F.);
#4706 = EDGE_CURVE('',#2518,#4699,#4707,.T.);
#4707 = LINE('',#4708,#4709);
#4708 = CARTESIAN_POINT('',(-1.,49.,5.987205985295));
#4709 = VECTOR('',#4710,1.);
#4710 = DIRECTION('',(0.,-1.,0.));
#4711 = PLANE('',#4712);
#4712 = AXIS2_PLACEMENT_3D('',#4713,#4714,#4715);
#4713 = CARTESIAN_POINT('',(-1.834622841167,49.,5.465675751446));
#4714 = DIRECTION('',(-0.529919264233,0.,0.848048096156));
#4715 = DIRECTION('',(0.848048096156,0.,0.529919264233));
#4716 = ADVANCED_FACE('',(#4717),#4728,.F.);
#4717 = FACE_BOUND('',#4718,.F.);
#4718 = EDGE_LOOP('',(#4719,#4720,#4721,#4727));
#4719 = ORIENTED_EDGE('',*,*,#2517,.T.);
#4720 = ORIENTED_EDGE('',*,*,#4706,.T.);
#4721 = ORIENTED_EDGE('',*,*,#4722,.T.);
#4722 = EDGE_CURVE('',#4699,#4665,#4723,.T.);
#4723 = LINE('',#4724,#4725);
#4724 = CARTESIAN_POINT('',(-1.,-1.,5.987205985295));
#4725 = VECTOR('',#4726,1.);
#4726 = DIRECTION('',(0.848048096156,0.,-0.529919264233));
#4727 = ORIENTED_EDGE('',*,*,#4664,.F.);
#4728 = PLANE('',#4729);
#4729 = AXIS2_PLACEMENT_3D('',#4730,#4731,#4732);
#4730 = CARTESIAN_POINT('',(-1.,49.,5.987205985295));
#4731 = DIRECTION('',(0.529919264233,0.,0.848048096156));
#4732 = DIRECTION('',(0.848048096156,0.,-0.529919264233));
#4733 = ADVANCED_FACE('',(#4734),#4760,.T.);
#4734 = FACE_BOUND('',#4735,.F.);
#4735 = EDGE_LOOP('',(#4736,#4744,#4745,#4746,#4754));
#4736 = ORIENTED_EDGE('',*,*,#4737,.F.);
#4737 = EDGE_CURVE('',#2621,#4738,#4740,.T.);
#4738 = VERTEX_POINT('',#4739);
#4739 = CARTESIAN_POINT('',(30.,4.99,4.165));
#4740 = LINE('',#4741,#4742);
#4741 = CARTESIAN_POINT('',(29.603333333333,4.593333333333,
    4.561666666667));
#4742 = VECTOR('',#4743,1.);
#4743 = DIRECTION('',(0.57735026919,0.57735026919,-0.57735026919));
#4744 = ORIENTED_EDGE('',*,*,#2628,.F.);
#4745 = ORIENTED_EDGE('',*,*,#2566,.T.);
#4746 = ORIENTED_EDGE('',*,*,#4747,.T.);
#4747 = EDGE_CURVE('',#2559,#4748,#4750,.T.);
#4748 = VERTEX_POINT('',#4749);
#4749 = CARTESIAN_POINT('',(72.,4.99,4.165));
#4750 = LINE('',#4751,#4752);
#4751 = CARTESIAN_POINT('',(72.,4.395,4.76));
#4752 = VECTOR('',#4753,1.);
#4753 = DIRECTION('',(2.35E-15,0.707106781187,-0.707106781187));
#4754 = ORIENTED_EDGE('',*,*,#4755,.F.);
#4755 = EDGE_CURVE('',#4738,#4748,#4756,.T.);
#4756 = LINE('',#4757,#4758);
#4757 = CARTESIAN_POINT('',(30.,4.99,4.165));
#4758 = VECTOR('',#4759,1.);
#4759 = DIRECTION('',(1.,0.,0.));
#4760 = PLANE('',#4761);
#4761 = AXIS2_PLACEMENT_3D('',#4762,#4763,#4764);
#4762 = CARTESIAN_POINT('',(30.,4.395,4.76));
#4763 = DIRECTION('',(0.,-0.707106781187,-0.707106781187));
#4764 = DIRECTION('',(-1.,-0.,-0.));
#4765 = ADVANCED_FACE('',(#4766),#4777,.F.);
#4766 = FACE_BOUND('',#4767,.F.);
#4767 = EDGE_LOOP('',(#4768,#4774,#4775,#4776));
#4768 = ORIENTED_EDGE('',*,*,#4769,.T.);
#4769 = EDGE_CURVE('',#2772,#2559,#4770,.T.);
#4770 = LINE('',#4771,#4772);
#4771 = CARTESIAN_POINT('',(72.801090319729,4.601090319729,
    5.202792839252));
#4772 = VECTOR('',#4773,1.);
#4773 = DIRECTION('',(-0.700810254645,-0.700810254645,0.133153948382));
#4774 = ORIENTED_EDGE('',*,*,#2558,.T.);
#4775 = ORIENTED_EDGE('',*,*,#2700,.T.);
#4776 = ORIENTED_EDGE('',*,*,#2771,.F.);
#4777 = PLANE('',#4778);
#4778 = AXIS2_PLACEMENT_3D('',#4779,#4780,#4781);
#4779 = CARTESIAN_POINT('',(72.5,4.3,4.165));
#4780 = DIRECTION('',(-0.707106781187,0.707106781187,0.));
#4781 = DIRECTION('',(0.,0.,1.));
#4782 = ADVANCED_FACE('',(#4783),#4802,.F.);
#4783 = FACE_BOUND('',#4784,.F.);
#4784 = EDGE_LOOP('',(#4785,#4786,#4787,#4788,#4796));
#4785 = ORIENTED_EDGE('',*,*,#3612,.F.);
#4786 = ORIENTED_EDGE('',*,*,#3588,.T.);
#4787 = ORIENTED_EDGE('',*,*,#2604,.F.);
#4788 = ORIENTED_EDGE('',*,*,#4789,.T.);
#4789 = EDGE_CURVE('',#2605,#4790,#4792,.T.);
#4790 = VERTEX_POINT('',#4791);
#4791 = CARTESIAN_POINT('',(72.,3.8,-3.355));
#4792 = LINE('',#4793,#4794);
#4793 = CARTESIAN_POINT('',(30.,3.8,-3.355));
#4794 = VECTOR('',#4795,1.);
#4795 = DIRECTION('',(1.,0.,0.));
#4796 = ORIENTED_EDGE('',*,*,#4797,.F.);
#4797 = EDGE_CURVE('',#3613,#4790,#4798,.T.);
#4798 = LINE('',#4799,#4800);
#4799 = CARTESIAN_POINT('',(72.,3.8,-7.5));
#4800 = VECTOR('',#4801,1.);
#4801 = DIRECTION('',(0.,0.,1.));
#4802 = PLANE('',#4803);
#4803 = AXIS2_PLACEMENT_3D('',#4804,#4805,#4806);
#4804 = CARTESIAN_POINT('',(19.,3.8,-7.5));
#4805 = DIRECTION('',(0.,1.,0.));
#4806 = DIRECTION('',(0.,0.,1.));
#4807 = ADVANCED_FACE('',(#4808),#4834,.F.);
#4808 = FACE_BOUND('',#4809,.T.);
#4809 = EDGE_LOOP('',(#4810,#4818,#4819,#4820,#4828));
#4810 = ORIENTED_EDGE('',*,*,#4811,.F.);
#4811 = EDGE_CURVE('',#2613,#4812,#4814,.T.);
#4812 = VERTEX_POINT('',#4813);
#4813 = CARTESIAN_POINT('',(30.,4.99,-2.165));
#4814 = LINE('',#4815,#4816);
#4815 = CARTESIAN_POINT('',(30.658333333333,5.648333333333,
    -1.506666666667));
#4816 = VECTOR('',#4817,1.);
#4817 = DIRECTION('',(0.57735026919,0.57735026919,0.57735026919));
#4818 = ORIENTED_EDGE('',*,*,#2612,.F.);
#4819 = ORIENTED_EDGE('',*,*,#4789,.T.);
#4820 = ORIENTED_EDGE('',*,*,#4821,.F.);
#4821 = EDGE_CURVE('',#4822,#4790,#4824,.T.);
#4822 = VERTEX_POINT('',#4823);
#4823 = CARTESIAN_POINT('',(72.,4.99,-2.165));
#4824 = LINE('',#4825,#4826);
#4825 = CARTESIAN_POINT('',(72.,4.395,-2.76));
#4826 = VECTOR('',#4827,1.);
#4827 = DIRECTION('',(-1.45E-15,-0.707106781187,-0.707106781187));
#4828 = ORIENTED_EDGE('',*,*,#4829,.F.);
#4829 = EDGE_CURVE('',#4812,#4822,#4830,.T.);
#4830 = LINE('',#4831,#4832);
#4831 = CARTESIAN_POINT('',(30.,4.99,-2.165));
#4832 = VECTOR('',#4833,1.);
#4833 = DIRECTION('',(1.,0.,0.));
#4834 = PLANE('',#4835);
#4835 = AXIS2_PLACEMENT_3D('',#4836,#4837,#4838);
#4836 = CARTESIAN_POINT('',(30.,4.395,-2.76));
#4837 = DIRECTION('',(0.,0.707106781187,-0.707106781187));
#4838 = DIRECTION('',(-1.,-0.,-0.));
#4839 = ADVANCED_FACE('',(#4840),#4851,.F.);
#4840 = FACE_BOUND('',#4841,.T.);
#4841 = EDGE_LOOP('',(#4842,#4843,#4844,#4845));
#4842 = ORIENTED_EDGE('',*,*,#4737,.F.);
#4843 = ORIENTED_EDGE('',*,*,#2620,.F.);
#4844 = ORIENTED_EDGE('',*,*,#4811,.T.);
#4845 = ORIENTED_EDGE('',*,*,#4846,.F.);
#4846 = EDGE_CURVE('',#4738,#4812,#4847,.T.);
#4847 = LINE('',#4848,#4849);
#4848 = CARTESIAN_POINT('',(30.,4.99,4.165));
#4849 = VECTOR('',#4850,1.);
#4850 = DIRECTION('',(0.,0.,-1.));
#4851 = PLANE('',#4852);
#4852 = AXIS2_PLACEMENT_3D('',#4853,#4854,#4855);
#4853 = CARTESIAN_POINT('',(29.405,4.395,4.165));
#4854 = DIRECTION('',(-0.707106781187,0.707106781187,1.E-17));
#4855 = DIRECTION('',(7.071067811865E-18,-7.071067811865E-18,1.));
#4856 = ADVANCED_FACE('',(#4857),#4882,.F.);
#4857 = FACE_BOUND('',#4858,.F.);
#4858 = EDGE_LOOP('',(#4859,#4869,#4875,#4876));
#4859 = ORIENTED_EDGE('',*,*,#4860,.F.);
#4860 = EDGE_CURVE('',#4861,#4863,#4865,.T.);
#4861 = VERTEX_POINT('',#4862);
#4862 = CARTESIAN_POINT('',(17.,-8.5,3.94828261405));
#4863 = VERTEX_POINT('',#4864);
#4864 = CARTESIAN_POINT('',(17.,-7.443688983732,3.386632083933));
#4865 = LINE('',#4866,#4867);
#4866 = CARTESIAN_POINT('',(17.,-8.5,3.94828261405));
#4867 = VECTOR('',#4868,1.);
#4868 = DIRECTION('',(-2.084872553647E-16,0.882947592859,-0.469471562786
    ));
#4869 = ORIENTED_EDGE('',*,*,#4870,.T.);
#4870 = EDGE_CURVE('',#4861,#2641,#4871,.T.);
#4871 = LINE('',#4872,#4873);
#4872 = CARTESIAN_POINT('',(17.,-8.5,3.94828261405));
#4873 = VECTOR('',#4874,1.);
#4874 = DIRECTION('',(1.,0.,-4.440892098501E-16));
#4875 = ORIENTED_EDGE('',*,*,#2638,.F.);
#4876 = ORIENTED_EDGE('',*,*,#4877,.F.);
#4877 = EDGE_CURVE('',#4863,#2639,#4878,.T.);
#4878 = LINE('',#4879,#4880);
#4879 = CARTESIAN_POINT('',(17.,-7.443688983732,3.386632083933));
#4880 = VECTOR('',#4881,1.);
#4881 = DIRECTION('',(1.,0.,-4.440892098501E-16));
#4882 = PLANE('',#4883);
#4883 = AXIS2_PLACEMENT_3D('',#4884,#4885,#4886);
#4884 = CARTESIAN_POINT('',(17.,-8.5,3.94828261405));
#4885 = DIRECTION('',(3.921074988517E-16,0.469471562786,0.882947592859)
  );
#4886 = DIRECTION('',(-2.084872553647E-16,0.882947592859,-0.469471562786
    ));
#4887 = ADVANCED_FACE('',(#4888),#4906,.F.);
#4888 = FACE_BOUND('',#4889,.F.);
#4889 = EDGE_LOOP('',(#4890,#4898,#4904,#4905));
#4890 = ORIENTED_EDGE('',*,*,#4891,.F.);
#4891 = EDGE_CURVE('',#4892,#4861,#4894,.T.);
#4892 = VERTEX_POINT('',#4893);
#4893 = CARTESIAN_POINT('',(17.,-9.556311016268,3.386632083933));
#4894 = LINE('',#4895,#4896);
#4895 = CARTESIAN_POINT('',(17.,-9.556311016268,3.386632083933));
#4896 = VECTOR('',#4897,1.);
#4897 = DIRECTION('',(2.084872553647E-16,0.882947592859,0.469471562786)
  );
#4898 = ORIENTED_EDGE('',*,*,#4899,.T.);
#4899 = EDGE_CURVE('',#4892,#2649,#4900,.T.);
#4900 = LINE('',#4901,#4902);
#4901 = CARTESIAN_POINT('',(17.,-9.556311016268,3.386632083933));
#4902 = VECTOR('',#4903,1.);
#4903 = DIRECTION('',(1.,0.,-4.440892098501E-16));
#4904 = ORIENTED_EDGE('',*,*,#2657,.F.);
#4905 = ORIENTED_EDGE('',*,*,#4870,.F.);
#4906 = PLANE('',#4907);
#4907 = AXIS2_PLACEMENT_3D('',#4908,#4909,#4910);
#4908 = CARTESIAN_POINT('',(17.,-9.556311016268,3.386632083933));
#4909 = DIRECTION('',(3.921074988517E-16,-0.469471562786,0.882947592859)
  );
#4910 = DIRECTION('',(2.084872553647E-16,0.882947592859,0.469471562786)
  );
#4911 = ADVANCED_FACE('',(#4912),#4924,.F.);
#4912 = FACE_BOUND('',#4913,.T.);
#4913 = EDGE_LOOP('',(#4914,#4921,#4922,#4923));
#4914 = ORIENTED_EDGE('',*,*,#4915,.F.);
#4915 = EDGE_CURVE('',#4892,#4863,#4916,.T.);
#4916 = CIRCLE('',#4917,2.25);
#4917 = AXIS2_PLACEMENT_3D('',#4918,#4919,#4920);
#4918 = CARTESIAN_POINT('',(17.,-8.5,1.4));
#4919 = DIRECTION('',(1.,0.,-4.440892098501E-16));
#4920 = DIRECTION('',(-6.162975822039E-33,1.,-1.387778780781E-17));
#4921 = ORIENTED_EDGE('',*,*,#4899,.T.);
#4922 = ORIENTED_EDGE('',*,*,#2648,.F.);
#4923 = ORIENTED_EDGE('',*,*,#4877,.F.);
#4924 = CYLINDRICAL_SURFACE('',#4925,2.25);
#4925 = AXIS2_PLACEMENT_3D('',#4926,#4927,#4928);
#4926 = CARTESIAN_POINT('',(17.,-8.5,1.4));
#4927 = DIRECTION('',(-1.,-0.,4.440892098501E-16));
#4928 = DIRECTION('',(-6.162975822039E-33,1.,-1.387778780781E-17));
#4929 = ADVANCED_FACE('',(#4930),#4955,.F.);
#4930 = FACE_BOUND('',#4931,.F.);
#4931 = EDGE_LOOP('',(#4932,#4942,#4948,#4949));
#4932 = ORIENTED_EDGE('',*,*,#4933,.F.);
#4933 = EDGE_CURVE('',#4934,#4936,#4938,.T.);
#4934 = VERTEX_POINT('',#4935);
#4935 = CARTESIAN_POINT('',(17.,-20.5,3.94828261405));
#4936 = VERTEX_POINT('',#4937);
#4937 = CARTESIAN_POINT('',(17.,-19.44368898373,3.386632083933));
#4938 = LINE('',#4939,#4940);
#4939 = CARTESIAN_POINT('',(17.,-20.5,3.94828261405));
#4940 = VECTOR('',#4941,1.);
#4941 = DIRECTION('',(-2.084872553647E-16,0.882947592859,-0.469471562786
    ));
#4942 = ORIENTED_EDGE('',*,*,#4943,.T.);
#4943 = EDGE_CURVE('',#4934,#2668,#4944,.T.);
#4944 = LINE('',#4945,#4946);
#4945 = CARTESIAN_POINT('',(17.,-20.5,3.94828261405));
#4946 = VECTOR('',#4947,1.);
#4947 = DIRECTION('',(1.,0.,-4.440892098501E-16));
#4948 = ORIENTED_EDGE('',*,*,#2665,.F.);
#4949 = ORIENTED_EDGE('',*,*,#4950,.F.);
#4950 = EDGE_CURVE('',#4936,#2666,#4951,.T.);
#4951 = LINE('',#4952,#4953);
#4952 = CARTESIAN_POINT('',(17.,-19.44368898373,3.386632083933));
#4953 = VECTOR('',#4954,1.);
#4954 = DIRECTION('',(1.,0.,-4.440892098501E-16));
#4955 = PLANE('',#4956);
#4956 = AXIS2_PLACEMENT_3D('',#4957,#4958,#4959);
#4957 = CARTESIAN_POINT('',(17.,-20.5,3.94828261405));
#4958 = DIRECTION('',(3.921074988517E-16,0.469471562786,0.882947592859)
  );
#4959 = DIRECTION('',(-2.084872553647E-16,0.882947592859,-0.469471562786
    ));
#4960 = ADVANCED_FACE('',(#4961),#4979,.F.);
#4961 = FACE_BOUND('',#4962,.F.);
#4962 = EDGE_LOOP('',(#4963,#4971,#4977,#4978));
#4963 = ORIENTED_EDGE('',*,*,#4964,.F.);
#4964 = EDGE_CURVE('',#4965,#4934,#4967,.T.);
#4965 = VERTEX_POINT('',#4966);
#4966 = CARTESIAN_POINT('',(17.,-21.55631101626,3.386632083933));
#4967 = LINE('',#4968,#4969);
#4968 = CARTESIAN_POINT('',(17.,-21.55631101626,3.386632083933));
#4969 = VECTOR('',#4970,1.);
#4970 = DIRECTION('',(2.084872553647E-16,0.882947592859,0.469471562786)
  );
#4971 = ORIENTED_EDGE('',*,*,#4972,.T.);
#4972 = EDGE_CURVE('',#4965,#2676,#4973,.T.);
#4973 = LINE('',#4974,#4975);
#4974 = CARTESIAN_POINT('',(17.,-21.55631101626,3.386632083933));
#4975 = VECTOR('',#4976,1.);
#4976 = DIRECTION('',(1.,0.,-4.440892098501E-16));
#4977 = ORIENTED_EDGE('',*,*,#2684,.F.);
#4978 = ORIENTED_EDGE('',*,*,#4943,.F.);
#4979 = PLANE('',#4980);
#4980 = AXIS2_PLACEMENT_3D('',#4981,#4982,#4983);
#4981 = CARTESIAN_POINT('',(17.,-21.55631101626,3.386632083933));
#4982 = DIRECTION('',(3.921074988517E-16,-0.469471562786,0.882947592859)
  );
#4983 = DIRECTION('',(2.084872553647E-16,0.882947592859,0.469471562786)
  );
#4984 = ADVANCED_FACE('',(#4985),#4997,.F.);
#4985 = FACE_BOUND('',#4986,.T.);
#4986 = EDGE_LOOP('',(#4987,#4994,#4995,#4996));
#4987 = ORIENTED_EDGE('',*,*,#4988,.F.);
#4988 = EDGE_CURVE('',#4965,#4936,#4989,.T.);
#4989 = CIRCLE('',#4990,2.25);
#4990 = AXIS2_PLACEMENT_3D('',#4991,#4992,#4993);
#4991 = CARTESIAN_POINT('',(17.,-20.5,1.4));
#4992 = DIRECTION('',(1.,0.,-4.440892098501E-16));
#4993 = DIRECTION('',(-6.162975822039E-33,1.,-1.387778780781E-17));
#4994 = ORIENTED_EDGE('',*,*,#4972,.T.);
#4995 = ORIENTED_EDGE('',*,*,#2675,.F.);
#4996 = ORIENTED_EDGE('',*,*,#4950,.F.);
#4997 = CYLINDRICAL_SURFACE('',#4998,2.25);
#4998 = AXIS2_PLACEMENT_3D('',#4999,#5000,#5001);
#4999 = CARTESIAN_POINT('',(17.,-20.5,1.4));
#5000 = DIRECTION('',(-1.,-0.,4.440892098501E-16));
#5001 = DIRECTION('',(-6.162975822039E-33,1.,-1.387778780781E-17));
#5002 = ADVANCED_FACE('',(#5003),#5019,.F.);
#5003 = FACE_BOUND('',#5004,.F.);
#5004 = EDGE_LOOP('',(#5005,#5006,#5012,#5013));
#5005 = ORIENTED_EDGE('',*,*,#4797,.T.);
#5006 = ORIENTED_EDGE('',*,*,#5007,.F.);
#5007 = EDGE_CURVE('',#2717,#4790,#5008,.T.);
#5008 = LINE('',#5009,#5010);
#5009 = CARTESIAN_POINT('',(72.552170816758,4.352170816758,
    -3.250087544816));
#5010 = VECTOR('',#5011,1.);
#5011 = DIRECTION('',(-0.700810254645,-0.700810254645,-0.133153948382));
#5012 = ORIENTED_EDGE('',*,*,#2714,.F.);
#5013 = ORIENTED_EDGE('',*,*,#5014,.F.);
#5014 = EDGE_CURVE('',#3613,#2715,#5015,.T.);
#5015 = LINE('',#5016,#5017);
#5016 = CARTESIAN_POINT('',(72.5,4.3,-6.5));
#5017 = VECTOR('',#5018,1.);
#5018 = DIRECTION('',(0.707106781187,0.707106781187,0.));
#5019 = PLANE('',#5020);
#5020 = AXIS2_PLACEMENT_3D('',#5021,#5022,#5023);
#5021 = CARTESIAN_POINT('',(72.5,4.3,-7.5));
#5022 = DIRECTION('',(-0.707106781187,0.707106781187,0.));
#5023 = DIRECTION('',(0.,0.,1.));
#5024 = ADVANCED_FACE('',(#5025),#5048,.T.);
#5025 = FACE_BOUND('',#5026,.F.);
#5026 = EDGE_LOOP('',(#5027,#5035,#5036,#5042));
#5027 = ORIENTED_EDGE('',*,*,#5028,.F.);
#5028 = EDGE_CURVE('',#2788,#5029,#5031,.T.);
#5029 = VERTEX_POINT('',#5030);
#5030 = CARTESIAN_POINT('',(72.,5.,-2.165));
#5031 = LINE('',#5032,#5033);
#5032 = CARTESIAN_POINT('',(72.333333333333,5.333333333333,
    -2.498333333333));
#5033 = VECTOR('',#5034,1.);
#5034 = DIRECTION('',(-0.57735026919,-0.57735026919,0.57735026919));
#5035 = ORIENTED_EDGE('',*,*,#2795,.T.);
#5036 = ORIENTED_EDGE('',*,*,#5037,.T.);
#5037 = EDGE_CURVE('',#2717,#4822,#5038,.T.);
#5038 = LINE('',#5039,#5040);
#5039 = CARTESIAN_POINT('',(72.745100928245,4.848430823633,
    -2.910100928245));
#5040 = VECTOR('',#5041,1.);
#5041 = DIRECTION('',(-0.700810254645,0.133153948382,0.700810254645));
#5042 = ORIENTED_EDGE('',*,*,#5043,.F.);
#5043 = EDGE_CURVE('',#5029,#4822,#5044,.T.);
#5044 = LINE('',#5045,#5046);
#5045 = CARTESIAN_POINT('',(72.,5.,-2.165));
#5046 = VECTOR('',#5047,1.);
#5047 = DIRECTION('',(0.,-1.,0.));
#5048 = PLANE('',#5049);
#5049 = AXIS2_PLACEMENT_3D('',#5050,#5051,#5052);
#5050 = CARTESIAN_POINT('',(72.5,5.,-2.665));
#5051 = DIRECTION('',(0.707106781187,0.,0.707106781187));
#5052 = DIRECTION('',(0.,1.,0.));
#5053 = ADVANCED_FACE('',(#5054),#5077,.T.);
#5054 = FACE_BOUND('',#5055,.T.);
#5055 = EDGE_LOOP('',(#5056,#5064,#5070,#5071));
#5056 = ORIENTED_EDGE('',*,*,#5057,.T.);
#5057 = EDGE_CURVE('',#3659,#5058,#5060,.T.);
#5058 = VERTEX_POINT('',#5059);
#5059 = CARTESIAN_POINT('',(72.,16.2,-4.355));
#5060 = LINE('',#5061,#5062);
#5061 = CARTESIAN_POINT('',(72.,16.2,-7.5));
#5062 = VECTOR('',#5063,1.);
#5063 = DIRECTION('',(0.,0.,1.));
#5064 = ORIENTED_EDGE('',*,*,#5065,.F.);
#5065 = EDGE_CURVE('',#2733,#5058,#5066,.T.);
#5066 = LINE('',#5067,#5068);
#5067 = CARTESIAN_POINT('',(72.598828642994,15.601171357006,
    -4.241222557831));
#5068 = VECTOR('',#5069,1.);
#5069 = DIRECTION('',(-0.700810254645,0.700810254645,-0.133153948382));
#5070 = ORIENTED_EDGE('',*,*,#2732,.F.);
#5071 = ORIENTED_EDGE('',*,*,#5072,.F.);
#5072 = EDGE_CURVE('',#3659,#2725,#5073,.T.);
#5073 = LINE('',#5074,#5075);
#5074 = CARTESIAN_POINT('',(72.5,15.7,-6.5));
#5075 = VECTOR('',#5076,1.);
#5076 = DIRECTION('',(0.707106781187,-0.707106781187,-6.7E-16));
#5077 = PLANE('',#5078);
#5078 = AXIS2_PLACEMENT_3D('',#5079,#5080,#5081);
#5079 = CARTESIAN_POINT('',(72.5,15.7,-7.5));
#5080 = DIRECTION('',(0.707106781187,0.707106781187,0.));
#5081 = DIRECTION('',(0.,0.,1.));
#5082 = ADVANCED_FACE('',(#5083),#5101,.F.);
#5083 = FACE_BOUND('',#5084,.T.);
#5084 = EDGE_LOOP('',(#5085,#5086,#5087,#5095));
#5085 = ORIENTED_EDGE('',*,*,#5028,.F.);
#5086 = ORIENTED_EDGE('',*,*,#2787,.T.);
#5087 = ORIENTED_EDGE('',*,*,#5088,.T.);
#5088 = EDGE_CURVE('',#2780,#5089,#5091,.T.);
#5089 = VERTEX_POINT('',#5090);
#5090 = CARTESIAN_POINT('',(72.,5.,4.165));
#5091 = LINE('',#5092,#5093);
#5092 = CARTESIAN_POINT('',(71.278333333333,4.278333333333,
    3.443333333333));
#5093 = VECTOR('',#5094,1.);
#5094 = DIRECTION('',(-0.57735026919,-0.57735026919,-0.57735026919));
#5095 = ORIENTED_EDGE('',*,*,#5096,.F.);
#5096 = EDGE_CURVE('',#5029,#5089,#5097,.T.);
#5097 = LINE('',#5098,#5099);
#5098 = CARTESIAN_POINT('',(72.,5.,-2.165));
#5099 = VECTOR('',#5100,1.);
#5100 = DIRECTION('',(0.,0.,1.));
#5101 = PLANE('',#5102);
#5102 = AXIS2_PLACEMENT_3D('',#5103,#5104,#5105);
#5103 = CARTESIAN_POINT('',(72.5,5.5,-2.165));
#5104 = DIRECTION('',(-0.707106781187,0.707106781187,0.));
#5105 = DIRECTION('',(-0.,-0.,-1.));
#5106 = ADVANCED_FACE('',(#5107),#5132,.T.);
#5107 = FACE_BOUND('',#5108,.F.);
#5108 = EDGE_LOOP('',(#5109,#5117,#5118,#5126));
#5109 = ORIENTED_EDGE('',*,*,#5110,.F.);
#5110 = EDGE_CURVE('',#2733,#5111,#5113,.T.);
#5111 = VERTEX_POINT('',#5112);
#5112 = CARTESIAN_POINT('',(72.,15.01,-3.165));
#5113 = LINE('',#5114,#5115);
#5114 = CARTESIAN_POINT('',(72.801090319729,15.162207160748,
    -3.966090319729));
#5115 = VECTOR('',#5116,1.);
#5116 = DIRECTION('',(-0.700810254645,-0.133153948382,0.700810254645));
#5117 = ORIENTED_EDGE('',*,*,#2740,.T.);
#5118 = ORIENTED_EDGE('',*,*,#5119,.T.);
#5119 = EDGE_CURVE('',#2741,#5120,#5122,.T.);
#5120 = VERTEX_POINT('',#5121);
#5121 = CARTESIAN_POINT('',(72.,15.,-3.165));
#5122 = LINE('',#5123,#5124);
#5123 = CARTESIAN_POINT('',(72.133333333333,14.866666666667,
    -3.298333333333));
#5124 = VECTOR('',#5125,1.);
#5125 = DIRECTION('',(-0.57735026919,0.57735026919,0.57735026919));
#5126 = ORIENTED_EDGE('',*,*,#5127,.F.);
#5127 = EDGE_CURVE('',#5111,#5120,#5128,.T.);
#5128 = LINE('',#5129,#5130);
#5129 = CARTESIAN_POINT('',(72.,16.2,-3.165));
#5130 = VECTOR('',#5131,1.);
#5131 = DIRECTION('',(0.,-1.,0.));
#5132 = PLANE('',#5133);
#5133 = AXIS2_PLACEMENT_3D('',#5134,#5135,#5136);
#5134 = CARTESIAN_POINT('',(72.5,16.2,-3.665));
#5135 = DIRECTION('',(0.707106781187,0.,0.707106781187));
#5136 = DIRECTION('',(0.,1.,0.));
#5137 = ADVANCED_FACE('',(#5138),#5154,.F.);
#5138 = FACE_BOUND('',#5139,.T.);
#5139 = EDGE_LOOP('',(#5140,#5141,#5142,#5148));
#5140 = ORIENTED_EDGE('',*,*,#5088,.F.);
#5141 = ORIENTED_EDGE('',*,*,#2779,.T.);
#5142 = ORIENTED_EDGE('',*,*,#5143,.T.);
#5143 = EDGE_CURVE('',#2772,#4748,#5144,.T.);
#5144 = LINE('',#5145,#5146);
#5145 = CARTESIAN_POINT('',(72.745100928245,4.848430823633,
    4.910100928245));
#5146 = VECTOR('',#5147,1.);
#5147 = DIRECTION('',(-0.700810254645,0.133153948382,-0.700810254645));
#5148 = ORIENTED_EDGE('',*,*,#5149,.F.);
#5149 = EDGE_CURVE('',#5089,#4748,#5150,.T.);
#5150 = LINE('',#5151,#5152);
#5151 = CARTESIAN_POINT('',(72.,5.,4.165));
#5152 = VECTOR('',#5153,1.);
#5153 = DIRECTION('',(0.,-1.,0.));
#5154 = PLANE('',#5155);
#5155 = AXIS2_PLACEMENT_3D('',#5156,#5157,#5158);
#5156 = CARTESIAN_POINT('',(72.5,5.,4.665));
#5157 = DIRECTION('',(-0.707106781187,0.,0.707106781187));
#5158 = DIRECTION('',(0.,1.,0.));
#5159 = ADVANCED_FACE('',(#5160),#5178,.T.);
#5160 = FACE_BOUND('',#5161,.F.);
#5161 = EDGE_LOOP('',(#5162,#5163,#5164,#5172));
#5162 = ORIENTED_EDGE('',*,*,#5119,.F.);
#5163 = ORIENTED_EDGE('',*,*,#2748,.T.);
#5164 = ORIENTED_EDGE('',*,*,#5165,.T.);
#5165 = EDGE_CURVE('',#2749,#5166,#5168,.T.);
#5166 = VERTEX_POINT('',#5167);
#5167 = CARTESIAN_POINT('',(72.,15.,3.165));
#5168 = LINE('',#5169,#5170);
#5169 = CARTESIAN_POINT('',(71.078333333333,15.921666666667,
    2.243333333333));
#5170 = VECTOR('',#5171,1.);
#5171 = DIRECTION('',(-0.57735026919,0.57735026919,-0.57735026919));
#5172 = ORIENTED_EDGE('',*,*,#5173,.F.);
#5173 = EDGE_CURVE('',#5120,#5166,#5174,.T.);
#5174 = LINE('',#5175,#5176);
#5175 = CARTESIAN_POINT('',(72.,15.,-3.165));
#5176 = VECTOR('',#5177,1.);
#5177 = DIRECTION('',(0.,0.,1.));
#5178 = PLANE('',#5179);
#5179 = AXIS2_PLACEMENT_3D('',#5180,#5181,#5182);
#5180 = CARTESIAN_POINT('',(72.5,14.5,-3.165));
#5181 = DIRECTION('',(0.707106781187,0.707106781187,0.));
#5182 = DIRECTION('',(0.,0.,-1.));
#5183 = ADVANCED_FACE('',(#5184),#5202,.F.);
#5184 = FACE_BOUND('',#5185,.T.);
#5185 = EDGE_LOOP('',(#5186,#5194,#5195,#5196));
#5186 = ORIENTED_EDGE('',*,*,#5187,.F.);
#5187 = EDGE_CURVE('',#2757,#5188,#5190,.T.);
#5188 = VERTEX_POINT('',#5189);
#5189 = CARTESIAN_POINT('',(72.,15.01,3.165));
#5190 = LINE('',#5191,#5192);
#5191 = CARTESIAN_POINT('',(72.801090319729,15.162207160748,
    3.966090319729));
#5192 = VECTOR('',#5193,1.);
#5193 = DIRECTION('',(-0.700810254645,-0.133153948382,-0.700810254645));
#5194 = ORIENTED_EDGE('',*,*,#2756,.T.);
#5195 = ORIENTED_EDGE('',*,*,#5165,.T.);
#5196 = ORIENTED_EDGE('',*,*,#5197,.F.);
#5197 = EDGE_CURVE('',#5188,#5166,#5198,.T.);
#5198 = LINE('',#5199,#5200);
#5199 = CARTESIAN_POINT('',(72.,16.2,3.165));
#5200 = VECTOR('',#5201,1.);
#5201 = DIRECTION('',(0.,-1.,0.));
#5202 = PLANE('',#5203);
#5203 = AXIS2_PLACEMENT_3D('',#5204,#5205,#5206);
#5204 = CARTESIAN_POINT('',(72.5,16.2,3.665));
#5205 = DIRECTION('',(-0.707106781187,1.E-17,0.707106781187));
#5206 = DIRECTION('',(7.071067811865E-18,1.,-7.071067811865E-18));
#5207 = ADVANCED_FACE('',(#5208),#5219,.T.);
#5208 = FACE_BOUND('',#5209,.T.);
#5209 = EDGE_LOOP('',(#5210,#5216,#5217,#5218));
#5210 = ORIENTED_EDGE('',*,*,#5211,.T.);
#5211 = EDGE_CURVE('',#2757,#2896,#5212,.T.);
#5212 = LINE('',#5213,#5214);
#5213 = CARTESIAN_POINT('',(72.801090319729,15.398909680271,
    4.202792839252));
#5214 = VECTOR('',#5215,1.);
#5215 = DIRECTION('',(-0.700810254645,0.700810254645,0.133153948382));
#5216 = ORIENTED_EDGE('',*,*,#2895,.T.);
#5217 = ORIENTED_EDGE('',*,*,#2878,.F.);
#5218 = ORIENTED_EDGE('',*,*,#2764,.F.);
#5219 = PLANE('',#5220);
#5220 = AXIS2_PLACEMENT_3D('',#5221,#5222,#5223);
#5221 = CARTESIAN_POINT('',(72.5,15.7,3.165));
#5222 = DIRECTION('',(0.707106781187,0.707106781187,0.));
#5223 = DIRECTION('',(0.,0.,1.));
#5224 = ADVANCED_FACE('',(#5225,#5250),#5320,.F.);
#5225 = FACE_BOUND('',#5226,.F.);
#5226 = EDGE_LOOP('',(#5227,#5235,#5243,#5249));
#5227 = ORIENTED_EDGE('',*,*,#5228,.F.);
#5228 = EDGE_CURVE('',#5229,#2804,#5231,.T.);
#5229 = VERTEX_POINT('',#5230);
#5230 = CARTESIAN_POINT('',(66.71,13.,-2.2));
#5231 = LINE('',#5232,#5233);
#5232 = CARTESIAN_POINT('',(66.71,13.,-2.2));
#5233 = VECTOR('',#5234,1.);
#5234 = DIRECTION('',(1.,0.,0.));
#5235 = ORIENTED_EDGE('',*,*,#5236,.T.);
#5236 = EDGE_CURVE('',#5229,#5237,#5239,.T.);
#5237 = VERTEX_POINT('',#5238);
#5238 = CARTESIAN_POINT('',(66.71,13.,2.2));
#5239 = LINE('',#5240,#5241);
#5240 = CARTESIAN_POINT('',(66.71,13.,-2.2));
#5241 = VECTOR('',#5242,1.);
#5242 = DIRECTION('',(0.,0.,1.));
#5243 = ORIENTED_EDGE('',*,*,#5244,.T.);
#5244 = EDGE_CURVE('',#5237,#2806,#5245,.T.);
#5245 = LINE('',#5246,#5247);
#5246 = CARTESIAN_POINT('',(66.71,13.,2.2));
#5247 = VECTOR('',#5248,1.);
#5248 = DIRECTION('',(1.,0.,0.));
#5249 = ORIENTED_EDGE('',*,*,#2803,.F.);
#5250 = FACE_BOUND('',#5251,.F.);
#5251 = EDGE_LOOP('',(#5252,#5263,#5271,#5280,#5288,#5297,#5305,#5314));
#5252 = ORIENTED_EDGE('',*,*,#5253,.F.);
#5253 = EDGE_CURVE('',#5254,#5256,#5258,.T.);
#5254 = VERTEX_POINT('',#5255);
#5255 = CARTESIAN_POINT('',(67.91,13.,1.E-02));
#5256 = VERTEX_POINT('',#5257);
#5257 = CARTESIAN_POINT('',(69.,13.,1.1));
#5258 = CIRCLE('',#5259,1.09);
#5259 = AXIS2_PLACEMENT_3D('',#5260,#5261,#5262);
#5260 = CARTESIAN_POINT('',(69.,13.,1.E-02));
#5261 = DIRECTION('',(0.,1.,-0.));
#5262 = DIRECTION('',(-1.,0.,0.));
#5263 = ORIENTED_EDGE('',*,*,#5264,.T.);
#5264 = EDGE_CURVE('',#5254,#5265,#5267,.T.);
#5265 = VERTEX_POINT('',#5266);
#5266 = CARTESIAN_POINT('',(67.91,13.,-1.E-02));
#5267 = LINE('',#5268,#5269);
#5268 = CARTESIAN_POINT('',(67.91,13.,-1.65));
#5269 = VECTOR('',#5270,1.);
#5270 = DIRECTION('',(0.,0.,-1.));
#5271 = ORIENTED_EDGE('',*,*,#5272,.F.);
#5272 = EDGE_CURVE('',#5273,#5265,#5275,.T.);
#5273 = VERTEX_POINT('',#5274);
#5274 = CARTESIAN_POINT('',(69.,13.,-1.1));
#5275 = CIRCLE('',#5276,1.09);
#5276 = AXIS2_PLACEMENT_3D('',#5277,#5278,#5279);
#5277 = CARTESIAN_POINT('',(69.,13.,-1.E-02));
#5278 = DIRECTION('',(0.,1.,-0.));
#5279 = DIRECTION('',(-1.,0.,0.));
#5280 = ORIENTED_EDGE('',*,*,#5281,.T.);
#5281 = EDGE_CURVE('',#5273,#5282,#5284,.T.);
#5282 = VERTEX_POINT('',#5283);
#5283 = CARTESIAN_POINT('',(70.02,13.,-1.1));
#5284 = LINE('',#5285,#5286);
#5285 = CARTESIAN_POINT('',(67.31,13.,-1.1));
#5286 = VECTOR('',#5287,1.);
#5287 = DIRECTION('',(1.,0.,0.));
#5288 = ORIENTED_EDGE('',*,*,#5289,.F.);
#5289 = EDGE_CURVE('',#5290,#5282,#5292,.T.);
#5290 = VERTEX_POINT('',#5291);
#5291 = CARTESIAN_POINT('',(71.11,13.,-1.E-02));
#5292 = CIRCLE('',#5293,1.09);
#5293 = AXIS2_PLACEMENT_3D('',#5294,#5295,#5296);
#5294 = CARTESIAN_POINT('',(70.02,13.,-1.E-02));
#5295 = DIRECTION('',(-0.,1.,0.));
#5296 = DIRECTION('',(1.,0.,0.));
#5297 = ORIENTED_EDGE('',*,*,#5298,.F.);
#5298 = EDGE_CURVE('',#5299,#5290,#5301,.T.);
#5299 = VERTEX_POINT('',#5300);
#5300 = CARTESIAN_POINT('',(71.11,13.,1.E-02));
#5301 = LINE('',#5302,#5303);
#5302 = CARTESIAN_POINT('',(71.11,13.,-1.65));
#5303 = VECTOR('',#5304,1.);
#5304 = DIRECTION('',(0.,0.,-1.));
#5305 = ORIENTED_EDGE('',*,*,#5306,.F.);
#5306 = EDGE_CURVE('',#5307,#5299,#5309,.T.);
#5307 = VERTEX_POINT('',#5308);
#5308 = CARTESIAN_POINT('',(70.02,13.,1.1));
#5309 = CIRCLE('',#5310,1.09);
#5310 = AXIS2_PLACEMENT_3D('',#5311,#5312,#5313);
#5311 = CARTESIAN_POINT('',(70.02,13.,1.E-02));
#5312 = DIRECTION('',(-0.,1.,0.));
#5313 = DIRECTION('',(1.,0.,0.));
#5314 = ORIENTED_EDGE('',*,*,#5315,.F.);
#5315 = EDGE_CURVE('',#5256,#5307,#5316,.T.);
#5316 = LINE('',#5317,#5318);
#5317 = CARTESIAN_POINT('',(67.31,13.,1.1));
#5318 = VECTOR('',#5319,1.);
#5319 = DIRECTION('',(1.,0.,0.));
#5320 = PLANE('',#5321);
#5321 = AXIS2_PLACEMENT_3D('',#5322,#5323,#5324);
#5322 = CARTESIAN_POINT('',(66.71,13.,-2.2));
#5323 = DIRECTION('',(0.,1.,0.));
#5324 = DIRECTION('',(0.,0.,1.));
#5325 = ADVANCED_FACE('',(#5326),#5344,.F.);
#5326 = FACE_BOUND('',#5327,.F.);
#5327 = EDGE_LOOP('',(#5328,#5329,#5337,#5343));
#5328 = ORIENTED_EDGE('',*,*,#5244,.F.);
#5329 = ORIENTED_EDGE('',*,*,#5330,.F.);
#5330 = EDGE_CURVE('',#5331,#5237,#5333,.T.);
#5331 = VERTEX_POINT('',#5332);
#5332 = CARTESIAN_POINT('',(66.71,11.3,2.2));
#5333 = LINE('',#5334,#5335);
#5334 = CARTESIAN_POINT('',(66.71,11.3,2.2));
#5335 = VECTOR('',#5336,1.);
#5336 = DIRECTION('',(0.,1.,0.));
#5337 = ORIENTED_EDGE('',*,*,#5338,.T.);
#5338 = EDGE_CURVE('',#5331,#2822,#5339,.T.);
#5339 = LINE('',#5340,#5341);
#5340 = CARTESIAN_POINT('',(73.01,11.3,2.2));
#5341 = VECTOR('',#5342,1.);
#5342 = DIRECTION('',(1.,0.,0.));
#5343 = ORIENTED_EDGE('',*,*,#2829,.F.);
#5344 = PLANE('',#5345);
#5345 = AXIS2_PLACEMENT_3D('',#5346,#5347,#5348);
#5346 = CARTESIAN_POINT('',(73.56,14.95,2.2));
#5347 = DIRECTION('',(0.,0.,1.));
#5348 = DIRECTION('',(1.,0.,0.));
#5349 = ADVANCED_FACE('',(#5350),#5368,.F.);
#5350 = FACE_BOUND('',#5351,.F.);
#5351 = EDGE_LOOP('',(#5352,#5360,#5366,#5367));
#5352 = ORIENTED_EDGE('',*,*,#5353,.F.);
#5353 = EDGE_CURVE('',#5354,#5331,#5356,.T.);
#5354 = VERTEX_POINT('',#5355);
#5355 = CARTESIAN_POINT('',(66.71,11.3,-2.2));
#5356 = LINE('',#5357,#5358);
#5357 = CARTESIAN_POINT('',(66.71,11.3,-2.2));
#5358 = VECTOR('',#5359,1.);
#5359 = DIRECTION('',(0.,0.,1.));
#5360 = ORIENTED_EDGE('',*,*,#5361,.T.);
#5361 = EDGE_CURVE('',#5354,#2814,#5362,.T.);
#5362 = LINE('',#5363,#5364);
#5363 = CARTESIAN_POINT('',(66.71,11.3,-2.2));
#5364 = VECTOR('',#5365,1.);
#5365 = DIRECTION('',(1.,0.,0.));
#5366 = ORIENTED_EDGE('',*,*,#2821,.F.);
#5367 = ORIENTED_EDGE('',*,*,#5338,.F.);
#5368 = PLANE('',#5369);
#5369 = AXIS2_PLACEMENT_3D('',#5370,#5371,#5372);
#5370 = CARTESIAN_POINT('',(72.36,11.3,6.E-17));
#5371 = DIRECTION('',(-0.,-1.,-0.));
#5372 = DIRECTION('',(0.,0.,-1.));
#5373 = ADVANCED_FACE('',(#5374),#5385,.F.);
#5374 = FACE_BOUND('',#5375,.F.);
#5375 = EDGE_LOOP('',(#5376,#5382,#5383,#5384));
#5376 = ORIENTED_EDGE('',*,*,#5377,.T.);
#5377 = EDGE_CURVE('',#5354,#5229,#5378,.T.);
#5378 = LINE('',#5379,#5380);
#5379 = CARTESIAN_POINT('',(66.71,11.3,-2.2));
#5380 = VECTOR('',#5381,1.);
#5381 = DIRECTION('',(0.,1.,0.));
#5382 = ORIENTED_EDGE('',*,*,#5228,.T.);
#5383 = ORIENTED_EDGE('',*,*,#2813,.F.);
#5384 = ORIENTED_EDGE('',*,*,#5361,.F.);
#5385 = PLANE('',#5386);
#5386 = AXIS2_PLACEMENT_3D('',#5387,#5388,#5389);
#5387 = CARTESIAN_POINT('',(73.56,14.95,-2.2));
#5388 = DIRECTION('',(-0.,-0.,-1.));
#5389 = DIRECTION('',(-1.,0.,0.));
#5390 = ADVANCED_FACE('',(#5391,#5416),#5486,.F.);
#5391 = FACE_BOUND('',#5392,.F.);
#5392 = EDGE_LOOP('',(#5393,#5401,#5409,#5415));
#5393 = ORIENTED_EDGE('',*,*,#5394,.F.);
#5394 = EDGE_CURVE('',#5395,#2838,#5397,.T.);
#5395 = VERTEX_POINT('',#5396);
#5396 = CARTESIAN_POINT('',(66.71,7.,3.2));
#5397 = LINE('',#5398,#5399);
#5398 = CARTESIAN_POINT('',(66.71,7.,3.2));
#5399 = VECTOR('',#5400,1.);
#5400 = DIRECTION('',(1.,0.,0.));
#5401 = ORIENTED_EDGE('',*,*,#5402,.T.);
#5402 = EDGE_CURVE('',#5395,#5403,#5405,.T.);
#5403 = VERTEX_POINT('',#5404);
#5404 = CARTESIAN_POINT('',(66.71,7.,-1.2));
#5405 = LINE('',#5406,#5407);
#5406 = CARTESIAN_POINT('',(66.71,7.,3.2));
#5407 = VECTOR('',#5408,1.);
#5408 = DIRECTION('',(0.,0.,-1.));
#5409 = ORIENTED_EDGE('',*,*,#5410,.T.);
#5410 = EDGE_CURVE('',#5403,#2840,#5411,.T.);
#5411 = LINE('',#5412,#5413);
#5412 = CARTESIAN_POINT('',(66.71,7.,-1.2));
#5413 = VECTOR('',#5414,1.);
#5414 = DIRECTION('',(1.,0.,0.));
#5415 = ORIENTED_EDGE('',*,*,#2837,.F.);
#5416 = FACE_BOUND('',#5417,.F.);
#5417 = EDGE_LOOP('',(#5418,#5429,#5437,#5446,#5454,#5463,#5471,#5480));
#5418 = ORIENTED_EDGE('',*,*,#5419,.F.);
#5419 = EDGE_CURVE('',#5420,#5422,#5424,.T.);
#5420 = VERTEX_POINT('',#5421);
#5421 = CARTESIAN_POINT('',(67.91,7.,0.99));
#5422 = VERTEX_POINT('',#5423);
#5423 = CARTESIAN_POINT('',(69.,7.,-0.1));
#5424 = CIRCLE('',#5425,1.09);
#5425 = AXIS2_PLACEMENT_3D('',#5426,#5427,#5428);
#5426 = CARTESIAN_POINT('',(69.,7.,0.99));
#5427 = DIRECTION('',(-0.,-1.,-0.));
#5428 = DIRECTION('',(-1.,0.,0.));
#5429 = ORIENTED_EDGE('',*,*,#5430,.T.);
#5430 = EDGE_CURVE('',#5420,#5431,#5433,.T.);
#5431 = VERTEX_POINT('',#5432);
#5432 = CARTESIAN_POINT('',(67.91,7.,1.01));
#5433 = LINE('',#5434,#5435);
#5434 = CARTESIAN_POINT('',(67.91,7.,2.65));
#5435 = VECTOR('',#5436,1.);
#5436 = DIRECTION('',(0.,0.,1.));
#5437 = ORIENTED_EDGE('',*,*,#5438,.F.);
#5438 = EDGE_CURVE('',#5439,#5431,#5441,.T.);
#5439 = VERTEX_POINT('',#5440);
#5440 = CARTESIAN_POINT('',(69.,7.,2.1));
#5441 = CIRCLE('',#5442,1.09);
#5442 = AXIS2_PLACEMENT_3D('',#5443,#5444,#5445);
#5443 = CARTESIAN_POINT('',(69.,7.,1.01));
#5444 = DIRECTION('',(-0.,-1.,-0.));
#5445 = DIRECTION('',(-1.,0.,0.));
#5446 = ORIENTED_EDGE('',*,*,#5447,.T.);
#5447 = EDGE_CURVE('',#5439,#5448,#5450,.T.);
#5448 = VERTEX_POINT('',#5449);
#5449 = CARTESIAN_POINT('',(70.02,7.,2.1));
#5450 = LINE('',#5451,#5452);
#5451 = CARTESIAN_POINT('',(67.31,7.,2.1));
#5452 = VECTOR('',#5453,1.);
#5453 = DIRECTION('',(1.,0.,0.));
#5454 = ORIENTED_EDGE('',*,*,#5455,.F.);
#5455 = EDGE_CURVE('',#5456,#5448,#5458,.T.);
#5456 = VERTEX_POINT('',#5457);
#5457 = CARTESIAN_POINT('',(71.11,7.,1.01));
#5458 = CIRCLE('',#5459,1.09);
#5459 = AXIS2_PLACEMENT_3D('',#5460,#5461,#5462);
#5460 = CARTESIAN_POINT('',(70.02,7.,1.01));
#5461 = DIRECTION('',(0.,-1.,0.));
#5462 = DIRECTION('',(1.,0.,0.));
#5463 = ORIENTED_EDGE('',*,*,#5464,.F.);
#5464 = EDGE_CURVE('',#5465,#5456,#5467,.T.);
#5465 = VERTEX_POINT('',#5466);
#5466 = CARTESIAN_POINT('',(71.11,7.,0.99));
#5467 = LINE('',#5468,#5469);
#5468 = CARTESIAN_POINT('',(71.11,7.,2.65));
#5469 = VECTOR('',#5470,1.);
#5470 = DIRECTION('',(0.,0.,1.));
#5471 = ORIENTED_EDGE('',*,*,#5472,.F.);
#5472 = EDGE_CURVE('',#5473,#5465,#5475,.T.);
#5473 = VERTEX_POINT('',#5474);
#5474 = CARTESIAN_POINT('',(70.02,7.,-0.1));
#5475 = CIRCLE('',#5476,1.09);
#5476 = AXIS2_PLACEMENT_3D('',#5477,#5478,#5479);
#5477 = CARTESIAN_POINT('',(70.02,7.,0.99));
#5478 = DIRECTION('',(0.,-1.,0.));
#5479 = DIRECTION('',(1.,0.,0.));
#5480 = ORIENTED_EDGE('',*,*,#5481,.F.);
#5481 = EDGE_CURVE('',#5422,#5473,#5482,.T.);
#5482 = LINE('',#5483,#5484);
#5483 = CARTESIAN_POINT('',(67.31,7.,-0.1));
#5484 = VECTOR('',#5485,1.);
#5485 = DIRECTION('',(1.,0.,0.));
#5486 = PLANE('',#5487);
#5487 = AXIS2_PLACEMENT_3D('',#5488,#5489,#5490);
#5488 = CARTESIAN_POINT('',(66.71,7.,3.2));
#5489 = DIRECTION('',(0.,-1.,0.));
#5490 = DIRECTION('',(0.,0.,-1.));
#5491 = ADVANCED_FACE('',(#5492),#5510,.F.);
#5492 = FACE_BOUND('',#5493,.F.);
#5493 = EDGE_LOOP('',(#5494,#5495,#5503,#5509));
#5494 = ORIENTED_EDGE('',*,*,#5410,.F.);
#5495 = ORIENTED_EDGE('',*,*,#5496,.F.);
#5496 = EDGE_CURVE('',#5497,#5403,#5499,.T.);
#5497 = VERTEX_POINT('',#5498);
#5498 = CARTESIAN_POINT('',(66.71,8.7,-1.2));
#5499 = LINE('',#5500,#5501);
#5500 = CARTESIAN_POINT('',(66.71,8.7,-1.2));
#5501 = VECTOR('',#5502,1.);
#5502 = DIRECTION('',(0.,-1.,0.));
#5503 = ORIENTED_EDGE('',*,*,#5504,.T.);
#5504 = EDGE_CURVE('',#5497,#2856,#5505,.T.);
#5505 = LINE('',#5506,#5507);
#5506 = CARTESIAN_POINT('',(73.01,8.7,-1.2));
#5507 = VECTOR('',#5508,1.);
#5508 = DIRECTION('',(1.,0.,0.));
#5509 = ORIENTED_EDGE('',*,*,#2863,.F.);
#5510 = PLANE('',#5511);
#5511 = AXIS2_PLACEMENT_3D('',#5512,#5513,#5514);
#5512 = CARTESIAN_POINT('',(73.56,5.05,-1.2));
#5513 = DIRECTION('',(0.,0.,-1.));
#5514 = DIRECTION('',(1.,0.,0.));
#5515 = ADVANCED_FACE('',(#5516),#5534,.F.);
#5516 = FACE_BOUND('',#5517,.F.);
#5517 = EDGE_LOOP('',(#5518,#5526,#5532,#5533));
#5518 = ORIENTED_EDGE('',*,*,#5519,.F.);
#5519 = EDGE_CURVE('',#5520,#5497,#5522,.T.);
#5520 = VERTEX_POINT('',#5521);
#5521 = CARTESIAN_POINT('',(66.71,8.7,3.2));
#5522 = LINE('',#5523,#5524);
#5523 = CARTESIAN_POINT('',(66.71,8.7,3.2));
#5524 = VECTOR('',#5525,1.);
#5525 = DIRECTION('',(0.,0.,-1.));
#5526 = ORIENTED_EDGE('',*,*,#5527,.T.);
#5527 = EDGE_CURVE('',#5520,#2848,#5528,.T.);
#5528 = LINE('',#5529,#5530);
#5529 = CARTESIAN_POINT('',(66.71,8.7,3.2));
#5530 = VECTOR('',#5531,1.);
#5531 = DIRECTION('',(1.,0.,0.));
#5532 = ORIENTED_EDGE('',*,*,#2855,.F.);
#5533 = ORIENTED_EDGE('',*,*,#5504,.F.);
#5534 = PLANE('',#5535);
#5535 = AXIS2_PLACEMENT_3D('',#5536,#5537,#5538);
#5536 = CARTESIAN_POINT('',(72.36,8.7,1.));
#5537 = DIRECTION('',(-0.,1.,0.));
#5538 = DIRECTION('',(0.,0.,1.));
#5539 = ADVANCED_FACE('',(#5540),#5551,.F.);
#5540 = FACE_BOUND('',#5541,.F.);
#5541 = EDGE_LOOP('',(#5542,#5548,#5549,#5550));
#5542 = ORIENTED_EDGE('',*,*,#5543,.T.);
#5543 = EDGE_CURVE('',#5520,#5395,#5544,.T.);
#5544 = LINE('',#5545,#5546);
#5545 = CARTESIAN_POINT('',(66.71,8.7,3.2));
#5546 = VECTOR('',#5547,1.);
#5547 = DIRECTION('',(0.,-1.,0.));
#5548 = ORIENTED_EDGE('',*,*,#5394,.T.);
#5549 = ORIENTED_EDGE('',*,*,#2847,.F.);
#5550 = ORIENTED_EDGE('',*,*,#5527,.F.);
#5551 = PLANE('',#5552);
#5552 = AXIS2_PLACEMENT_3D('',#5553,#5554,#5555);
#5553 = CARTESIAN_POINT('',(73.56,5.05,3.2));
#5554 = DIRECTION('',(-0.,0.,1.));
#5555 = DIRECTION('',(-1.,0.,0.));
#5556 = ADVANCED_FACE('',(#5557),#5581,.F.);
#5557 = FACE_BOUND('',#5558,.T.);
#5558 = EDGE_LOOP('',(#5559,#5567,#5568,#5569,#5575));
#5559 = ORIENTED_EDGE('',*,*,#5560,.F.);
#5560 = EDGE_CURVE('',#2945,#5561,#5563,.T.);
#5561 = VERTEX_POINT('',#5562);
#5562 = CARTESIAN_POINT('',(30.,15.01,3.165));
#5563 = LINE('',#5564,#5565);
#5564 = CARTESIAN_POINT('',(29.603333333333,15.406666666667,
    3.561666666667));
#5565 = VECTOR('',#5566,1.);
#5566 = DIRECTION('',(0.57735026919,-0.57735026919,-0.57735026919));
#5567 = ORIENTED_EDGE('',*,*,#2944,.F.);
#5568 = ORIENTED_EDGE('',*,*,#2903,.T.);
#5569 = ORIENTED_EDGE('',*,*,#5570,.T.);
#5570 = EDGE_CURVE('',#2896,#5188,#5571,.T.);
#5571 = LINE('',#5572,#5573);
#5572 = CARTESIAN_POINT('',(72.,15.605,3.76));
#5573 = VECTOR('',#5574,1.);
#5574 = DIRECTION('',(3.4E-16,-0.707106781187,-0.707106781187));
#5575 = ORIENTED_EDGE('',*,*,#5576,.F.);
#5576 = EDGE_CURVE('',#5561,#5188,#5577,.T.);
#5577 = LINE('',#5578,#5579);
#5578 = CARTESIAN_POINT('',(30.,15.01,3.165));
#5579 = VECTOR('',#5580,1.);
#5580 = DIRECTION('',(1.,0.,0.));
#5581 = PLANE('',#5582);
#5582 = AXIS2_PLACEMENT_3D('',#5583,#5584,#5585);
#5583 = CARTESIAN_POINT('',(30.,15.605,3.76));
#5584 = DIRECTION('',(1.E-17,-0.707106781187,0.707106781187));
#5585 = DIRECTION('',(-1.,-7.071067811865E-18,7.071067811865E-18));
#5586 = ADVANCED_FACE('',(#5587),#5599,.T.);
#5587 = FACE_BOUND('',#5588,.T.);
#5588 = EDGE_LOOP('',(#5589,#5590,#5591,#5592,#5598));
#5589 = ORIENTED_EDGE('',*,*,#3658,.F.);
#5590 = ORIENTED_EDGE('',*,*,#3463,.T.);
#5591 = ORIENTED_EDGE('',*,*,#2925,.F.);
#5592 = ORIENTED_EDGE('',*,*,#5593,.T.);
#5593 = EDGE_CURVE('',#2926,#5058,#5594,.T.);
#5594 = LINE('',#5595,#5596);
#5595 = CARTESIAN_POINT('',(30.,16.2,-4.355));
#5596 = VECTOR('',#5597,1.);
#5597 = DIRECTION('',(1.,0.,0.));
#5598 = ORIENTED_EDGE('',*,*,#5057,.F.);
#5599 = PLANE('',#5600);
#5600 = AXIS2_PLACEMENT_3D('',#5601,#5602,#5603);
#5601 = CARTESIAN_POINT('',(19.,16.2,-7.5));
#5602 = DIRECTION('',(0.,1.,0.));
#5603 = DIRECTION('',(0.,0.,1.));
#5604 = ADVANCED_FACE('',(#5605),#5629,.T.);
#5605 = FACE_BOUND('',#5606,.F.);
#5606 = EDGE_LOOP('',(#5607,#5615,#5616,#5617,#5623));
#5607 = ORIENTED_EDGE('',*,*,#5608,.F.);
#5608 = EDGE_CURVE('',#2953,#5609,#5611,.T.);
#5609 = VERTEX_POINT('',#5610);
#5610 = CARTESIAN_POINT('',(30.,15.01,-3.165));
#5611 = LINE('',#5612,#5613);
#5612 = CARTESIAN_POINT('',(30.658333333333,14.351666666667,
    -2.506666666667));
#5613 = VECTOR('',#5614,1.);
#5614 = DIRECTION('',(0.57735026919,-0.57735026919,0.57735026919));
#5615 = ORIENTED_EDGE('',*,*,#2960,.F.);
#5616 = ORIENTED_EDGE('',*,*,#5593,.T.);
#5617 = ORIENTED_EDGE('',*,*,#5618,.F.);
#5618 = EDGE_CURVE('',#5111,#5058,#5619,.T.);
#5619 = LINE('',#5620,#5621);
#5620 = CARTESIAN_POINT('',(72.,15.605,-3.76));
#5621 = VECTOR('',#5622,1.);
#5622 = DIRECTION('',(1.23E-15,0.707106781187,-0.707106781187));
#5623 = ORIENTED_EDGE('',*,*,#5624,.F.);
#5624 = EDGE_CURVE('',#5609,#5111,#5625,.T.);
#5625 = LINE('',#5626,#5627);
#5626 = CARTESIAN_POINT('',(30.,15.01,-3.165));
#5627 = VECTOR('',#5628,1.);
#5628 = DIRECTION('',(1.,0.,0.));
#5629 = PLANE('',#5630);
#5630 = AXIS2_PLACEMENT_3D('',#5631,#5632,#5633);
#5631 = CARTESIAN_POINT('',(30.,15.605,-3.76));
#5632 = DIRECTION('',(0.,0.707106781187,0.707106781187));
#5633 = DIRECTION('',(-1.,0.,0.));
#5634 = ADVANCED_FACE('',(#5635),#5646,.T.);
#5635 = FACE_BOUND('',#5636,.F.);
#5636 = EDGE_LOOP('',(#5637,#5638,#5639,#5640));
#5637 = ORIENTED_EDGE('',*,*,#5560,.F.);
#5638 = ORIENTED_EDGE('',*,*,#2952,.F.);
#5639 = ORIENTED_EDGE('',*,*,#5608,.T.);
#5640 = ORIENTED_EDGE('',*,*,#5641,.F.);
#5641 = EDGE_CURVE('',#5561,#5609,#5642,.T.);
#5642 = LINE('',#5643,#5644);
#5643 = CARTESIAN_POINT('',(30.,15.01,3.165));
#5644 = VECTOR('',#5645,1.);
#5645 = DIRECTION('',(0.,0.,-1.));
#5646 = PLANE('',#5647);
#5647 = AXIS2_PLACEMENT_3D('',#5648,#5649,#5650);
#5648 = CARTESIAN_POINT('',(29.405,15.605,3.165));
#5649 = DIRECTION('',(0.707106781187,0.707106781187,0.));
#5650 = DIRECTION('',(0.,0.,1.));
#5651 = ADVANCED_FACE('',(#5652,#5679),#5684,.T.);
#5652 = FACE_BOUND('',#5653,.T.);
#5653 = EDGE_LOOP('',(#5654,#5665,#5673));
#5654 = ORIENTED_EDGE('',*,*,#5655,.T.);
#5655 = EDGE_CURVE('',#5656,#5658,#5660,.T.);
#5656 = VERTEX_POINT('',#5657);
#5657 = CARTESIAN_POINT('',(9.12,-1.,17.391858428704));
#5658 = VERTEX_POINT('',#5659);
#5659 = CARTESIAN_POINT('',(11.420000000001,-1.,17.391858428705));
#5660 = CIRCLE('',#5661,2.3);
#5661 = AXIS2_PLACEMENT_3D('',#5662,#5663,#5664);
#5662 = CARTESIAN_POINT('',(10.27,-1.,15.4));
#5663 = DIRECTION('',(0.,-1.,0.));
#5664 = DIRECTION('',(1.,0.,0.));
#5665 = ORIENTED_EDGE('',*,*,#5666,.F.);
#5666 = EDGE_CURVE('',#5667,#5658,#5669,.T.);
#5667 = VERTEX_POINT('',#5668);
#5668 = CARTESIAN_POINT('',(10.27,-1.,18.055811238272));
#5669 = LINE('',#5670,#5671);
#5670 = CARTESIAN_POINT('',(10.27,-1.,18.055811238272));
#5671 = VECTOR('',#5672,1.);
#5672 = DIRECTION('',(0.866025403785,0.,-0.499999999999));
#5673 = ORIENTED_EDGE('',*,*,#5674,.F.);
#5674 = EDGE_CURVE('',#5656,#5667,#5675,.T.);
#5675 = LINE('',#5676,#5677);
#5676 = CARTESIAN_POINT('',(9.12,-1.,17.391858428704));
#5677 = VECTOR('',#5678,1.);
#5678 = DIRECTION('',(0.866025403784,0.,0.5));
#5679 = FACE_BOUND('',#5680,.T.);
#5680 = EDGE_LOOP('',(#5681,#5682,#5683));
#5681 = ORIENTED_EDGE('',*,*,#4139,.F.);
#5682 = ORIENTED_EDGE('',*,*,#4180,.T.);
#5683 = ORIENTED_EDGE('',*,*,#4163,.T.);
#5684 = PLANE('',#5685);
#5685 = AXIS2_PLACEMENT_3D('',#5686,#5687,#5688);
#5686 = CARTESIAN_POINT('',(10.27,-1.,15.609516380421));
#5687 = DIRECTION('',(0.,-1.,0.));
#5688 = DIRECTION('',(1.,0.,0.));
#5689 = ADVANCED_FACE('',(#5690,#5707),#5712,.T.);
#5690 = FACE_BOUND('',#5691,.T.);
#5691 = EDGE_LOOP('',(#5692,#5693,#5701));
#5692 = ORIENTED_EDGE('',*,*,#3374,.T.);
#5693 = ORIENTED_EDGE('',*,*,#5694,.F.);
#5694 = EDGE_CURVE('',#5695,#3367,#5697,.T.);
#5695 = VERTEX_POINT('',#5696);
#5696 = CARTESIAN_POINT('',(10.27,21.3,18.683908835518));
#5697 = LINE('',#5698,#5699);
#5698 = CARTESIAN_POINT('',(10.27,21.3,18.683908835518));
#5699 = VECTOR('',#5700,1.);
#5700 = DIRECTION('',(-0.913545457647,0.,-0.406736643066));
#5701 = ORIENTED_EDGE('',*,*,#5702,.F.);
#5702 = EDGE_CURVE('',#3375,#5695,#5703,.T.);
#5703 = LINE('',#5704,#5705);
#5704 = CARTESIAN_POINT('',(11.490209929227,21.3,18.140636372928));
#5705 = VECTOR('',#5706,1.);
#5706 = DIRECTION('',(-0.913545457643,0.,0.406736643076));
#5707 = FACE_BOUND('',#5708,.T.);
#5708 = EDGE_LOOP('',(#5709,#5710,#5711));
#5709 = ORIENTED_EDGE('',*,*,#4271,.F.);
#5710 = ORIENTED_EDGE('',*,*,#4295,.F.);
#5711 = ORIENTED_EDGE('',*,*,#4319,.F.);
#5712 = PLANE('',#5713);
#5713 = AXIS2_PLACEMENT_3D('',#5714,#5715,#5716);
#5714 = CARTESIAN_POINT('',(10.27,21.3,15.609989010436));
#5715 = DIRECTION('',(0.,1.,0.));
#5716 = DIRECTION('',(-1.,0.,0.));
#5717 = ADVANCED_FACE('',(#5718),#5723,.F.);
#5718 = FACE_BOUND('',#5719,.F.);
#5719 = EDGE_LOOP('',(#5720,#5721,#5722));
#5720 = ORIENTED_EDGE('',*,*,#3564,.F.);
#5721 = ORIENTED_EDGE('',*,*,#3013,.T.);
#5722 = ORIENTED_EDGE('',*,*,#2999,.F.);
#5723 = PLANE('',#5724);
#5724 = AXIS2_PLACEMENT_3D('',#5725,#5726,#5727);
#5725 = CARTESIAN_POINT('',(14.5,-23.5,-7.));
#5726 = DIRECTION('',(0.57735026919,0.57735026919,0.57735026919));
#5727 = DIRECTION('',(-5.551115123126E-17,-0.707106781187,0.707106781187
    ));
#5728 = ADVANCED_FACE('',(#5729,#5741,#5768,#5786,#5813),#5831,.F.);
#5729 = FACE_BOUND('',#5730,.F.);
#5730 = EDGE_LOOP('',(#5731,#5737,#5738,#5739,#5740));
#5731 = ORIENTED_EDGE('',*,*,#5732,.F.);
#5732 = EDGE_CURVE('',#3022,#4497,#5733,.T.);
#5733 = LINE('',#5734,#5735);
#5734 = CARTESIAN_POINT('',(14.5,-24.,24.24));
#5735 = VECTOR('',#5736,1.);
#5736 = DIRECTION('',(0.,1.,0.));
#5737 = ORIENTED_EDGE('',*,*,#3021,.F.);
#5738 = ORIENTED_EDGE('',*,*,#3572,.T.);
#5739 = ORIENTED_EDGE('',*,*,#3550,.T.);
#5740 = ORIENTED_EDGE('',*,*,#4523,.T.);
#5741 = FACE_BOUND('',#5742,.F.);
#5742 = EDGE_LOOP('',(#5743,#5754,#5762));
#5743 = ORIENTED_EDGE('',*,*,#5744,.F.);
#5744 = EDGE_CURVE('',#5745,#5747,#5749,.T.);
#5745 = VERTEX_POINT('',#5746);
#5746 = CARTESIAN_POINT('',(14.5,-9.115112193818,2.311941329811));
#5747 = VERTEX_POINT('',#5748);
#5748 = CARTESIAN_POINT('',(14.5,-7.884887806182,2.311941329811));
#5749 = CIRCLE('',#5750,1.1);
#5750 = AXIS2_PLACEMENT_3D('',#5751,#5752,#5753);
#5751 = CARTESIAN_POINT('',(14.5,-8.5,1.4));
#5752 = DIRECTION('',(1.,0.,-4.440892098501E-16));
#5753 = DIRECTION('',(-6.162975822039E-33,1.,-1.387778780781E-17));
#5754 = ORIENTED_EDGE('',*,*,#5755,.T.);
#5755 = EDGE_CURVE('',#5745,#5756,#5758,.T.);
#5756 = VERTEX_POINT('',#5757);
#5757 = CARTESIAN_POINT('',(14.5,-8.5,2.726839743354));
#5758 = LINE('',#5759,#5760);
#5759 = CARTESIAN_POINT('',(14.5,-9.115112193818,2.311941329811));
#5760 = VECTOR('',#5761,1.);
#5761 = DIRECTION('',(2.48331534656E-16,0.829037572555,0.559192903471));
#5762 = ORIENTED_EDGE('',*,*,#5763,.T.);
#5763 = EDGE_CURVE('',#5756,#5747,#5764,.T.);
#5764 = LINE('',#5765,#5766);
#5765 = CARTESIAN_POINT('',(14.5,-8.5,2.726839743354));
#5766 = VECTOR('',#5767,1.);
#5767 = DIRECTION('',(-2.483315346558E-16,0.829037572555,-0.55919290347)
  );
#5768 = FACE_BOUND('',#5769,.F.);
#5769 = EDGE_LOOP('',(#5770,#5779,#5785));
#5770 = ORIENTED_EDGE('',*,*,#5771,.F.);
#5771 = EDGE_CURVE('',#5772,#465,#5774,.T.);
#5772 = VERTEX_POINT('',#5773);
#5773 = CARTESIAN_POINT('',(14.5,-9.115112193818,15.311941329811));
#5774 = CIRCLE('',#5775,1.1);
#5775 = AXIS2_PLACEMENT_3D('',#5776,#5777,#5778);
#5776 = CARTESIAN_POINT('',(14.5,-8.5,14.4));
#5777 = DIRECTION('',(1.,0.,-4.440892098501E-16));
#5778 = DIRECTION('',(-6.162975822039E-33,1.,-1.387778780781E-17));
#5779 = ORIENTED_EDGE('',*,*,#5780,.T.);
#5780 = EDGE_CURVE('',#5772,#473,#5781,.T.);
#5781 = LINE('',#5782,#5783);
#5782 = CARTESIAN_POINT('',(14.5,-9.115112193818,15.311941329811));
#5783 = VECTOR('',#5784,1.);
#5784 = DIRECTION('',(2.48331534656E-16,0.829037572555,0.559192903471));
#5785 = ORIENTED_EDGE('',*,*,#472,.T.);
#5786 = FACE_BOUND('',#5787,.F.);
#5787 = EDGE_LOOP('',(#5788,#5799,#5807));
#5788 = ORIENTED_EDGE('',*,*,#5789,.F.);
#5789 = EDGE_CURVE('',#5790,#5792,#5794,.T.);
#5790 = VERTEX_POINT('',#5791);
#5791 = CARTESIAN_POINT('',(14.5,-21.11511219381,2.311941329811));
#5792 = VERTEX_POINT('',#5793);
#5793 = CARTESIAN_POINT('',(14.5,-19.88488780618,2.311941329811));
#5794 = CIRCLE('',#5795,1.1);
#5795 = AXIS2_PLACEMENT_3D('',#5796,#5797,#5798);
#5796 = CARTESIAN_POINT('',(14.5,-20.5,1.4));
#5797 = DIRECTION('',(1.,0.,-4.440892098501E-16));
#5798 = DIRECTION('',(-6.162975822039E-33,1.,-1.387778780781E-17));
#5799 = ORIENTED_EDGE('',*,*,#5800,.T.);
#5800 = EDGE_CURVE('',#5790,#5801,#5803,.T.);
#5801 = VERTEX_POINT('',#5802);
#5802 = CARTESIAN_POINT('',(14.5,-20.5,2.726839743354));
#5803 = LINE('',#5804,#5805);
#5804 = CARTESIAN_POINT('',(14.5,-21.11511219381,2.311941329811));
#5805 = VECTOR('',#5806,1.);
#5806 = DIRECTION('',(2.48331534656E-16,0.829037572555,0.559192903471));
#5807 = ORIENTED_EDGE('',*,*,#5808,.T.);
#5808 = EDGE_CURVE('',#5801,#5792,#5809,.T.);
#5809 = LINE('',#5810,#5811);
#5810 = CARTESIAN_POINT('',(14.5,-20.5,2.726839743354));
#5811 = VECTOR('',#5812,1.);
#5812 = DIRECTION('',(-2.483315346558E-16,0.829037572555,-0.55919290347)
  );
#5813 = FACE_BOUND('',#5814,.F.);
#5814 = EDGE_LOOP('',(#5815,#5824,#5830));
#5815 = ORIENTED_EDGE('',*,*,#5816,.F.);
#5816 = EDGE_CURVE('',#5817,#228,#5819,.T.);
#5817 = VERTEX_POINT('',#5818);
#5818 = CARTESIAN_POINT('',(14.5,-21.11511219381,15.311941329811));
#5819 = CIRCLE('',#5820,1.1);
#5820 = AXIS2_PLACEMENT_3D('',#5821,#5822,#5823);
#5821 = CARTESIAN_POINT('',(14.5,-20.5,14.4));
#5822 = DIRECTION('',(1.,0.,-4.440892098501E-16));
#5823 = DIRECTION('',(-6.162975822039E-33,1.,-1.387778780781E-17));
#5824 = ORIENTED_EDGE('',*,*,#5825,.T.);
#5825 = EDGE_CURVE('',#5817,#236,#5826,.T.);
#5826 = LINE('',#5827,#5828);
#5827 = CARTESIAN_POINT('',(14.5,-21.11511219381,15.311941329811));
#5828 = VECTOR('',#5829,1.);
#5829 = DIRECTION('',(2.48331534656E-16,0.829037572555,0.559192903471));
#5830 = ORIENTED_EDGE('',*,*,#235,.T.);
#5831 = PLANE('',#5832);
#5832 = AXIS2_PLACEMENT_3D('',#5833,#5834,#5835);
#5833 = CARTESIAN_POINT('',(14.5,-24.,-7.5));
#5834 = DIRECTION('',(1.,0.,0.));
#5835 = DIRECTION('',(0.,0.,1.));
#5836 = ADVANCED_FACE('',(#5837),#5858,.T.);
#5837 = FACE_BOUND('',#5838,.T.);
#5838 = EDGE_LOOP('',(#5839,#5840,#5841,#5842,#5843,#5851,#5857));
#5839 = ORIENTED_EDGE('',*,*,#5732,.F.);
#5840 = ORIENTED_EDGE('',*,*,#3052,.F.);
#5841 = ORIENTED_EDGE('',*,*,#3080,.F.);
#5842 = ORIENTED_EDGE('',*,*,#3249,.F.);
#5843 = ORIENTED_EDGE('',*,*,#5844,.T.);
#5844 = EDGE_CURVE('',#3250,#5845,#5847,.T.);
#5845 = VERTEX_POINT('',#5846);
#5846 = CARTESIAN_POINT('',(7.5,-4.,31.24));
#5847 = LINE('',#5848,#5849);
#5848 = CARTESIAN_POINT('',(7.5,-24.,31.24));
#5849 = VECTOR('',#5850,1.);
#5850 = DIRECTION('',(0.,1.,0.));
#5851 = ORIENTED_EDGE('',*,*,#5852,.F.);
#5852 = EDGE_CURVE('',#4499,#5845,#5853,.T.);
#5853 = LINE('',#5854,#5855);
#5854 = CARTESIAN_POINT('',(13.666666666667,-10.16666666666,
    25.073333333333));
#5855 = VECTOR('',#5856,1.);
#5856 = DIRECTION('',(-0.57735026919,0.57735026919,0.57735026919));
#5857 = ORIENTED_EDGE('',*,*,#4496,.F.);
#5858 = PLANE('',#5859);
#5859 = AXIS2_PLACEMENT_3D('',#5860,#5861,#5862);
#5860 = CARTESIAN_POINT('',(11.,-24.,27.74));
#5861 = DIRECTION('',(-0.707106781187,0.,-0.707106781187));
#5862 = DIRECTION('',(0.,1.,0.));
#5863 = ADVANCED_FACE('',(#5864),#5882,.T.);
#5864 = FACE_BOUND('',#5865,.T.);
#5865 = EDGE_LOOP('',(#5866,#5867,#5868,#5869,#5875,#5876));
#5866 = ORIENTED_EDGE('',*,*,#5844,.F.);
#5867 = ORIENTED_EDGE('',*,*,#3257,.F.);
#5868 = ORIENTED_EDGE('',*,*,#3136,.T.);
#5869 = ORIENTED_EDGE('',*,*,#5870,.F.);
#5870 = EDGE_CURVE('',#3684,#3137,#5871,.T.);
#5871 = LINE('',#5872,#5873);
#5872 = CARTESIAN_POINT('',(7.5,22.8,25.));
#5873 = VECTOR('',#5874,1.);
#5874 = DIRECTION('',(0.,0.,1.));
#5875 = ORIENTED_EDGE('',*,*,#3681,.F.);
#5876 = ORIENTED_EDGE('',*,*,#5877,.T.);
#5877 = EDGE_CURVE('',#3682,#5845,#5878,.T.);
#5878 = LINE('',#5879,#5880);
#5879 = CARTESIAN_POINT('',(7.5,-4.,23.24));
#5880 = VECTOR('',#5881,1.);
#5881 = DIRECTION('',(0.,0.,1.));
#5882 = PLANE('',#5883);
#5883 = AXIS2_PLACEMENT_3D('',#5884,#5885,#5886);
#5884 = CARTESIAN_POINT('',(7.5,4.477844311377,30.317844311377));
#5885 = DIRECTION('',(-1.,-0.,-0.));
#5886 = DIRECTION('',(0.,0.,-1.));
#5887 = ADVANCED_FACE('',(#5888),#5899,.T.);
#5888 = FACE_BOUND('',#5889,.T.);
#5889 = EDGE_LOOP('',(#5890,#5891,#5892,#5893));
#5890 = ORIENTED_EDGE('',*,*,#5870,.T.);
#5891 = ORIENTED_EDGE('',*,*,#3169,.T.);
#5892 = ORIENTED_EDGE('',*,*,#4395,.F.);
#5893 = ORIENTED_EDGE('',*,*,#5894,.F.);
#5894 = EDGE_CURVE('',#3684,#4396,#5895,.T.);
#5895 = LINE('',#5896,#5897);
#5896 = CARTESIAN_POINT('',(8.357401586241,23.657401586241,
    22.745502060363));
#5897 = VECTOR('',#5898,1.);
#5898 = DIRECTION('',(0.654752467059,0.654752467059,-0.377622051474));
#5899 = PLANE('',#5900);
#5900 = AXIS2_PLACEMENT_3D('',#5901,#5902,#5903);
#5901 = CARTESIAN_POINT('',(8.538402625606,23.838402625606,
    28.645089323612));
#5902 = DIRECTION('',(-0.707106781187,0.707106781187,0.));
#5903 = DIRECTION('',(-0.707106781187,-0.707106781187,0.));
#5904 = ADVANCED_FACE('',(#5905),#5922,.F.);
#5905 = FACE_BOUND('',#5906,.F.);
#5906 = EDGE_LOOP('',(#5907,#5908,#5914,#5915,#5921));
#5907 = ORIENTED_EDGE('',*,*,#4386,.F.);
#5908 = ORIENTED_EDGE('',*,*,#5909,.F.);
#5909 = EDGE_CURVE('',#3409,#4387,#5910,.T.);
#5910 = LINE('',#5911,#5912);
#5911 = CARTESIAN_POINT('',(11.,30.3,18.683595691842));
#5912 = VECTOR('',#5913,1.);
#5913 = DIRECTION('',(0.,-1.,0.));
#5914 = ORIENTED_EDGE('',*,*,#3406,.F.);
#5915 = ORIENTED_EDGE('',*,*,#5916,.T.);
#5916 = EDGE_CURVE('',#3407,#3210,#5917,.T.);
#5917 = LINE('',#5918,#5919);
#5918 = CARTESIAN_POINT('',(11.,33.485,30.055));
#5919 = VECTOR('',#5920,1.);
#5920 = DIRECTION('',(0.,-0.707106781187,0.707106781187));
#5921 = ORIENTED_EDGE('',*,*,#3217,.F.);
#5922 = PLANE('',#5923);
#5923 = AXIS2_PLACEMENT_3D('',#5924,#5925,#5926);
#5924 = CARTESIAN_POINT('',(11.,24.8,15.));
#5925 = DIRECTION('',(1.,0.,0.));
#5926 = DIRECTION('',(0.,0.,1.));
#5927 = ADVANCED_FACE('',(#5928),#5934,.T.);
#5928 = FACE_BOUND('',#5929,.T.);
#5929 = EDGE_LOOP('',(#5930,#5931,#5932,#5933));
#5930 = ORIENTED_EDGE('',*,*,#3416,.F.);
#5931 = ORIENTED_EDGE('',*,*,#5916,.T.);
#5932 = ORIENTED_EDGE('',*,*,#3209,.T.);
#5933 = ORIENTED_EDGE('',*,*,#3234,.F.);
#5934 = PLANE('',#5935);
#5935 = AXIS2_PLACEMENT_3D('',#5936,#5937,#5938);
#5936 = CARTESIAN_POINT('',(11.,30.3,33.24));
#5937 = DIRECTION('',(-0.57735026919,0.57735026919,0.57735026919));
#5938 = DIRECTION('',(-1.249000902703E-15,-0.707106781187,0.707106781187
    ));
#5939 = ADVANCED_FACE('',(#5940),#5958,.F.);
#5940 = FACE_BOUND('',#5941,.F.);
#5941 = EDGE_LOOP('',(#5942,#5943,#5949,#5950,#5956,#5957));
#5942 = ORIENTED_EDGE('',*,*,#3424,.F.);
#5943 = ORIENTED_EDGE('',*,*,#5944,.T.);
#5944 = EDGE_CURVE('',#3425,#4425,#5945,.T.);
#5945 = LINE('',#5946,#5947);
#5946 = CARTESIAN_POINT('',(11.296631678462,30.3,18.22682296302));
#5947 = VECTOR('',#5948,1.);
#5948 = DIRECTION('',(0.,-1.,0.));
#5949 = ORIENTED_EDGE('',*,*,#4424,.F.);
#5950 = ORIENTED_EDGE('',*,*,#5951,.F.);
#5951 = EDGE_CURVE('',#5695,#4417,#5952,.T.);
#5952 = LINE('',#5953,#5954);
#5953 = CARTESIAN_POINT('',(10.27,21.3,18.683908835518));
#5954 = VECTOR('',#5955,1.);
#5955 = DIRECTION('',(0.,1.,0.));
#5956 = ORIENTED_EDGE('',*,*,#5702,.F.);
#5957 = ORIENTED_EDGE('',*,*,#3383,.T.);
#5958 = PLANE('',#5959);
#5959 = AXIS2_PLACEMENT_3D('',#5960,#5961,#5962);
#5960 = CARTESIAN_POINT('',(11.490209929227,21.3,18.140636372928));
#5961 = DIRECTION('',(0.406736643076,0.,0.913545457643));
#5962 = DIRECTION('',(-0.913545457643,0.,0.406736643076));
#5963 = ADVANCED_FACE('',(#5964),#5970,.F.);
#5964 = FACE_BOUND('',#5965,.F.);
#5965 = EDGE_LOOP('',(#5966,#5967,#5968,#5969));
#5966 = ORIENTED_EDGE('',*,*,#5694,.F.);
#5967 = ORIENTED_EDGE('',*,*,#5951,.T.);
#5968 = ORIENTED_EDGE('',*,*,#4416,.T.);
#5969 = ORIENTED_EDGE('',*,*,#3366,.F.);
#5970 = PLANE('',#5971);
#5971 = AXIS2_PLACEMENT_3D('',#5972,#5973,#5974);
#5972 = CARTESIAN_POINT('',(10.27,21.3,18.683908835518));
#5973 = DIRECTION('',(-0.406736643066,0.,0.913545457647));
#5974 = DIRECTION('',(-0.913545457647,0.,-0.406736643066));
#5975 = ADVANCED_FACE('',(#5976),#5982,.T.);
#5976 = FACE_BOUND('',#5977,.T.);
#5977 = EDGE_LOOP('',(#5978,#5979,#5980,#5981));
#5978 = ORIENTED_EDGE('',*,*,#3432,.T.);
#5979 = ORIENTED_EDGE('',*,*,#5944,.T.);
#5980 = ORIENTED_EDGE('',*,*,#4432,.F.);
#5981 = ORIENTED_EDGE('',*,*,#5909,.F.);
#5982 = CYLINDRICAL_SURFACE('',#5983,0.5);
#5983 = AXIS2_PLACEMENT_3D('',#5984,#5985,#5986);
#5984 = CARTESIAN_POINT('',(11.5,30.3,18.683595691842));
#5985 = DIRECTION('',(0.,-1.,0.));
#5986 = DIRECTION('',(-1.,0.,0.));
#5987 = ADVANCED_FACE('',(#5988),#5993,.T.);
#5988 = FACE_BOUND('',#5989,.T.);
#5989 = EDGE_LOOP('',(#5990,#5991,#5992));
#5990 = ORIENTED_EDGE('',*,*,#3620,.F.);
#5991 = ORIENTED_EDGE('',*,*,#3635,.T.);
#5992 = ORIENTED_EDGE('',*,*,#5014,.F.);
#5993 = PLANE('',#5994);
#5994 = AXIS2_PLACEMENT_3D('',#5995,#5996,#5997);
#5995 = CARTESIAN_POINT('',(72.,4.8,-7.5));
#5996 = DIRECTION('',(0.57735026919,-0.57735026919,-0.57735026919));
#5997 = DIRECTION('',(0.707106781187,0.707106781187,-6.661338147751E-16)
  );
#5998 = ADVANCED_FACE('',(#5999),#6004,.F.);
#5999 = FACE_BOUND('',#6000,.F.);
#6000 = EDGE_LOOP('',(#6001,#6002,#6003));
#6001 = ORIENTED_EDGE('',*,*,#3666,.F.);
#6002 = ORIENTED_EDGE('',*,*,#3642,.T.);
#6003 = ORIENTED_EDGE('',*,*,#5072,.F.);
#6004 = PLANE('',#6005);
#6005 = AXIS2_PLACEMENT_3D('',#6006,#6007,#6008);
#6006 = CARTESIAN_POINT('',(72.,15.2,-7.5));
#6007 = DIRECTION('',(-0.57735026919,-0.57735026919,0.57735026919));
#6008 = DIRECTION('',(0.707106781187,-0.707106781187,-6.661338147751E-16
    ));
#6009 = ADVANCED_FACE('',(#6010),#6021,.F.);
#6010 = FACE_BOUND('',#6011,.F.);
#6011 = EDGE_LOOP('',(#6012,#6013,#6014,#6020));
#6012 = ORIENTED_EDGE('',*,*,#480,.F.);
#6013 = ORIENTED_EDGE('',*,*,#5780,.F.);
#6014 = ORIENTED_EDGE('',*,*,#6015,.T.);
#6015 = EDGE_CURVE('',#5772,#423,#6016,.T.);
#6016 = LINE('',#6017,#6018);
#6017 = CARTESIAN_POINT('',(14.5,-9.115112193818,15.311941329811));
#6018 = VECTOR('',#6019,1.);
#6019 = DIRECTION('',(1.,0.,-4.440892098501E-16));
#6020 = ORIENTED_EDGE('',*,*,#430,.T.);
#6021 = PLANE('',#6022);
#6022 = AXIS2_PLACEMENT_3D('',#6023,#6024,#6025);
#6023 = CARTESIAN_POINT('',(14.5,-9.115112193818,15.311941329811));
#6024 = DIRECTION('',(3.68166640532E-16,-0.559192903471,0.829037572555)
  );
#6025 = DIRECTION('',(2.48331534656E-16,0.829037572555,0.559192903471));
#6026 = ADVANCED_FACE('',(#6027),#6033,.F.);
#6027 = FACE_BOUND('',#6028,.T.);
#6028 = EDGE_LOOP('',(#6029,#6030,#6031,#6032));
#6029 = ORIENTED_EDGE('',*,*,#464,.F.);
#6030 = ORIENTED_EDGE('',*,*,#5771,.F.);
#6031 = ORIENTED_EDGE('',*,*,#6015,.T.);
#6032 = ORIENTED_EDGE('',*,*,#447,.F.);
#6033 = CYLINDRICAL_SURFACE('',#6034,1.1);
#6034 = AXIS2_PLACEMENT_3D('',#6035,#6036,#6037);
#6035 = CARTESIAN_POINT('',(14.5,-8.5,14.4));
#6036 = DIRECTION('',(-1.,-0.,4.440892098501E-16));
#6037 = DIRECTION('',(-6.162975822039E-33,1.,-1.387778780781E-17));
#6038 = ADVANCED_FACE('',(#6039),#6050,.F.);
#6039 = FACE_BOUND('',#6040,.F.);
#6040 = EDGE_LOOP('',(#6041,#6042,#6043,#6049));
#6041 = ORIENTED_EDGE('',*,*,#243,.F.);
#6042 = ORIENTED_EDGE('',*,*,#5825,.F.);
#6043 = ORIENTED_EDGE('',*,*,#6044,.T.);
#6044 = EDGE_CURVE('',#5817,#186,#6045,.T.);
#6045 = LINE('',#6046,#6047);
#6046 = CARTESIAN_POINT('',(14.5,-21.11511219381,15.311941329811));
#6047 = VECTOR('',#6048,1.);
#6048 = DIRECTION('',(1.,0.,-4.440892098501E-16));
#6049 = ORIENTED_EDGE('',*,*,#193,.T.);
#6050 = PLANE('',#6051);
#6051 = AXIS2_PLACEMENT_3D('',#6052,#6053,#6054);
#6052 = CARTESIAN_POINT('',(14.5,-21.11511219381,15.311941329811));
#6053 = DIRECTION('',(3.68166640532E-16,-0.559192903471,0.829037572555)
  );
#6054 = DIRECTION('',(2.48331534656E-16,0.829037572555,0.559192903471));
#6055 = ADVANCED_FACE('',(#6056),#6062,.F.);
#6056 = FACE_BOUND('',#6057,.T.);
#6057 = EDGE_LOOP('',(#6058,#6059,#6060,#6061));
#6058 = ORIENTED_EDGE('',*,*,#227,.F.);
#6059 = ORIENTED_EDGE('',*,*,#5816,.F.);
#6060 = ORIENTED_EDGE('',*,*,#6044,.T.);
#6061 = ORIENTED_EDGE('',*,*,#210,.F.);
#6062 = CYLINDRICAL_SURFACE('',#6063,1.1);
#6063 = AXIS2_PLACEMENT_3D('',#6064,#6065,#6066);
#6064 = CARTESIAN_POINT('',(14.5,-20.5,14.4));
#6065 = DIRECTION('',(-1.,-0.,4.440892098501E-16));
#6066 = DIRECTION('',(-6.162975822039E-33,1.,-1.387778780781E-17));
#6067 = ADVANCED_FACE('',(#6068),#6079,.F.);
#6068 = FACE_BOUND('',#6069,.T.);
#6069 = EDGE_LOOP('',(#6070,#6071,#6072,#6078));
#6070 = ORIENTED_EDGE('',*,*,#4346,.F.);
#6071 = ORIENTED_EDGE('',*,*,#4514,.T.);
#6072 = ORIENTED_EDGE('',*,*,#6073,.T.);
#6073 = EDGE_CURVE('',#4507,#3682,#6074,.T.);
#6074 = LINE('',#6075,#6076);
#6075 = CARTESIAN_POINT('',(6.643051189681,-3.143051189681,
    23.734236805573));
#6076 = VECTOR('',#6077,1.);
#6077 = DIRECTION('',(-0.654752467059,0.654752467059,0.377622051474));
#6078 = ORIENTED_EDGE('',*,*,#3691,.F.);
#6079 = PLANE('',#6080);
#6080 = AXIS2_PLACEMENT_3D('',#6081,#6082,#6083);
#6081 = CARTESIAN_POINT('',(-4.002377611851,-5.,15.429741351038));
#6082 = DIRECTION('',(0.354113799081,0.707106781187,-0.612048541621));
#6083 = DIRECTION('',(-0.865567348391,-0.,-0.500792537284));
#6084 = ADVANCED_FACE('',(#6085),#6091,.T.);
#6085 = FACE_BOUND('',#6086,.F.);
#6086 = EDGE_LOOP('',(#6087,#6088,#6089,#6090));
#6087 = ORIENTED_EDGE('',*,*,#5894,.F.);
#6088 = ORIENTED_EDGE('',*,*,#3698,.T.);
#6089 = ORIENTED_EDGE('',*,*,#4361,.T.);
#6090 = ORIENTED_EDGE('',*,*,#4403,.F.);
#6091 = PLANE('',#6092);
#6092 = AXIS2_PLACEMENT_3D('',#6093,#6094,#6095);
#6093 = CARTESIAN_POINT('',(8.000792537284,23.8,22.374432651609));
#6094 = DIRECTION('',(-0.354113799081,0.707106781187,0.612048541621));
#6095 = DIRECTION('',(0.865567348391,1.387778780781E-16,0.500792537284)
  );
#6096 = ADVANCED_FACE('',(#6097),#6123,.F.);
#6097 = FACE_BOUND('',#6098,.T.);
#6098 = EDGE_LOOP('',(#6099,#6110,#6116,#6117));
#6099 = ORIENTED_EDGE('',*,*,#6100,.F.);
#6100 = EDGE_CURVE('',#6101,#6103,#6105,.T.);
#6101 = VERTEX_POINT('',#6102);
#6102 = CARTESIAN_POINT('',(0.220209929227,21.3,6.870636372928));
#6103 = VERTEX_POINT('',#6104);
#6104 = CARTESIAN_POINT('',(-2.220209929224,21.3,6.870636372937));
#6105 = CIRCLE('',#6106,3.);
#6106 = AXIS2_PLACEMENT_3D('',#6107,#6108,#6109);
#6107 = CARTESIAN_POINT('',(-1.,21.3,4.13));
#6108 = DIRECTION('',(0.,1.,-0.));
#6109 = DIRECTION('',(-1.,0.,0.));
#6110 = ORIENTED_EDGE('',*,*,#6111,.T.);
#6111 = EDGE_CURVE('',#6101,#4444,#6112,.T.);
#6112 = LINE('',#6113,#6114);
#6113 = CARTESIAN_POINT('',(0.220209929227,21.3,6.870636372928));
#6114 = VECTOR('',#6115,1.);
#6115 = DIRECTION('',(0.,1.,0.));
#6116 = ORIENTED_EDGE('',*,*,#4441,.F.);
#6117 = ORIENTED_EDGE('',*,*,#6118,.F.);
#6118 = EDGE_CURVE('',#6103,#4442,#6119,.T.);
#6119 = LINE('',#6120,#6121);
#6120 = CARTESIAN_POINT('',(-2.220209929224,21.3,6.870636372937));
#6121 = VECTOR('',#6122,1.);
#6122 = DIRECTION('',(0.,1.,0.));
#6123 = CYLINDRICAL_SURFACE('',#6124,3.);
#6124 = AXIS2_PLACEMENT_3D('',#6125,#6126,#6127);
#6125 = CARTESIAN_POINT('',(-1.,21.3,4.13));
#6126 = DIRECTION('',(0.,-1.,-0.));
#6127 = DIRECTION('',(-1.,0.,0.));
#6128 = ADVANCED_FACE('',(#6129),#6147,.F.);
#6129 = FACE_BOUND('',#6130,.F.);
#6130 = EDGE_LOOP('',(#6131,#6139,#6140,#6141));
#6131 = ORIENTED_EDGE('',*,*,#6132,.F.);
#6132 = EDGE_CURVE('',#6101,#6133,#6135,.T.);
#6133 = VERTEX_POINT('',#6134);
#6134 = CARTESIAN_POINT('',(-1.,21.3,7.413908835518));
#6135 = LINE('',#6136,#6137);
#6136 = CARTESIAN_POINT('',(0.220209929227,21.3,6.870636372928));
#6137 = VECTOR('',#6138,1.);
#6138 = DIRECTION('',(-0.913545457643,0.,0.406736643076));
#6139 = ORIENTED_EDGE('',*,*,#6111,.T.);
#6140 = ORIENTED_EDGE('',*,*,#4460,.T.);
#6141 = ORIENTED_EDGE('',*,*,#6142,.F.);
#6142 = EDGE_CURVE('',#6133,#4453,#6143,.T.);
#6143 = LINE('',#6144,#6145);
#6144 = CARTESIAN_POINT('',(-1.,21.3,7.413908835518));
#6145 = VECTOR('',#6146,1.);
#6146 = DIRECTION('',(0.,1.,0.));
#6147 = PLANE('',#6148);
#6148 = AXIS2_PLACEMENT_3D('',#6149,#6150,#6151);
#6149 = CARTESIAN_POINT('',(0.220209929227,21.3,6.870636372928));
#6150 = DIRECTION('',(0.406736643076,0.,0.913545457643));
#6151 = DIRECTION('',(-0.913545457643,0.,0.406736643076));
#6152 = ADVANCED_FACE('',(#6153),#6164,.F.);
#6153 = FACE_BOUND('',#6154,.F.);
#6154 = EDGE_LOOP('',(#6155,#6161,#6162,#6163));
#6155 = ORIENTED_EDGE('',*,*,#6156,.F.);
#6156 = EDGE_CURVE('',#6133,#6103,#6157,.T.);
#6157 = LINE('',#6158,#6159);
#6158 = CARTESIAN_POINT('',(-1.,21.3,7.413908835518));
#6159 = VECTOR('',#6160,1.);
#6160 = DIRECTION('',(-0.913545457647,0.,-0.406736643066));
#6161 = ORIENTED_EDGE('',*,*,#6142,.T.);
#6162 = ORIENTED_EDGE('',*,*,#4452,.T.);
#6163 = ORIENTED_EDGE('',*,*,#6118,.F.);
#6164 = PLANE('',#6165);
#6165 = AXIS2_PLACEMENT_3D('',#6166,#6167,#6168);
#6166 = CARTESIAN_POINT('',(-1.,21.3,7.413908835518));
#6167 = DIRECTION('',(-0.406736643066,0.,0.913545457647));
#6168 = DIRECTION('',(-0.913545457647,0.,-0.406736643066));
#6169 = ADVANCED_FACE('',(#6170),#6176,.T.);
#6170 = FACE_BOUND('',#6171,.T.);
#6171 = EDGE_LOOP('',(#6172,#6173,#6174,#6175));
#6172 = ORIENTED_EDGE('',*,*,#6073,.F.);
#6173 = ORIENTED_EDGE('',*,*,#4506,.T.);
#6174 = ORIENTED_EDGE('',*,*,#5852,.T.);
#6175 = ORIENTED_EDGE('',*,*,#5877,.F.);
#6176 = PLANE('',#6177);
#6177 = AXIS2_PLACEMENT_3D('',#6178,#6179,#6180);
#6178 = CARTESIAN_POINT('',(8.5,-5.,23.24));
#6179 = DIRECTION('',(-0.707106781187,-0.707106781187,0.));
#6180 = DIRECTION('',(0.,0.,1.));
#6181 = ADVANCED_FACE('',(#6182),#6207,.F.);
#6182 = FACE_BOUND('',#6183,.F.);
#6183 = EDGE_LOOP('',(#6184,#6194,#6200,#6201));
#6184 = ORIENTED_EDGE('',*,*,#6185,.F.);
#6185 = EDGE_CURVE('',#6186,#6188,#6190,.T.);
#6186 = VERTEX_POINT('',#6187);
#6187 = CARTESIAN_POINT('',(-1.,-1.,6.785811238272));
#6188 = VERTEX_POINT('',#6189);
#6189 = CARTESIAN_POINT('',(0.150000000001,-1.,6.121858428705));
#6190 = LINE('',#6191,#6192);
#6191 = CARTESIAN_POINT('',(-1.,-1.,6.785811238272));
#6192 = VECTOR('',#6193,1.);
#6193 = DIRECTION('',(0.866025403785,0.,-0.499999999999));
#6194 = ORIENTED_EDGE('',*,*,#6195,.T.);
#6195 = EDGE_CURVE('',#6186,#4534,#6196,.T.);
#6196 = LINE('',#6197,#6198);
#6197 = CARTESIAN_POINT('',(-1.,-1.,6.785811238272));
#6198 = VECTOR('',#6199,1.);
#6199 = DIRECTION('',(0.,-1.,0.));
#6200 = ORIENTED_EDGE('',*,*,#4531,.F.);
#6201 = ORIENTED_EDGE('',*,*,#6202,.F.);
#6202 = EDGE_CURVE('',#6188,#4532,#6203,.T.);
#6203 = LINE('',#6204,#6205);
#6204 = CARTESIAN_POINT('',(0.150000000001,-1.,6.121858428705));
#6205 = VECTOR('',#6206,1.);
#6206 = DIRECTION('',(0.,-1.,0.));
#6207 = PLANE('',#6208);
#6208 = AXIS2_PLACEMENT_3D('',#6209,#6210,#6211);
#6209 = CARTESIAN_POINT('',(-1.,-1.,6.785811238272));
#6210 = DIRECTION('',(0.499999999999,0.,0.866025403785));
#6211 = DIRECTION('',(0.866025403785,0.,-0.499999999999));
#6212 = ADVANCED_FACE('',(#6213),#6231,.F.);
#6213 = FACE_BOUND('',#6214,.F.);
#6214 = EDGE_LOOP('',(#6215,#6223,#6229,#6230));
#6215 = ORIENTED_EDGE('',*,*,#6216,.F.);
#6216 = EDGE_CURVE('',#6217,#6186,#6219,.T.);
#6217 = VERTEX_POINT('',#6218);
#6218 = CARTESIAN_POINT('',(-2.15,-1.,6.121858428704));
#6219 = LINE('',#6220,#6221);
#6220 = CARTESIAN_POINT('',(-2.15,-1.,6.121858428704));
#6221 = VECTOR('',#6222,1.);
#6222 = DIRECTION('',(0.866025403784,0.,0.5));
#6223 = ORIENTED_EDGE('',*,*,#6224,.T.);
#6224 = EDGE_CURVE('',#6217,#4542,#6225,.T.);
#6225 = LINE('',#6226,#6227);
#6226 = CARTESIAN_POINT('',(-2.15,-1.,6.121858428704));
#6227 = VECTOR('',#6228,1.);
#6228 = DIRECTION('',(0.,-1.,0.));
#6229 = ORIENTED_EDGE('',*,*,#4550,.F.);
#6230 = ORIENTED_EDGE('',*,*,#6195,.F.);
#6231 = PLANE('',#6232);
#6232 = AXIS2_PLACEMENT_3D('',#6233,#6234,#6235);
#6233 = CARTESIAN_POINT('',(-2.15,-1.,6.121858428704));
#6234 = DIRECTION('',(-0.5,0.,0.866025403784));
#6235 = DIRECTION('',(0.866025403784,0.,0.5));
#6236 = ADVANCED_FACE('',(#6237),#6249,.F.);
#6237 = FACE_BOUND('',#6238,.T.);
#6238 = EDGE_LOOP('',(#6239,#6246,#6247,#6248));
#6239 = ORIENTED_EDGE('',*,*,#6240,.F.);
#6240 = EDGE_CURVE('',#6217,#6188,#6241,.T.);
#6241 = CIRCLE('',#6242,2.3);
#6242 = AXIS2_PLACEMENT_3D('',#6243,#6244,#6245);
#6243 = CARTESIAN_POINT('',(-1.,-1.,4.13));
#6244 = DIRECTION('',(0.,-1.,0.));
#6245 = DIRECTION('',(1.,0.,0.));
#6246 = ORIENTED_EDGE('',*,*,#6224,.T.);
#6247 = ORIENTED_EDGE('',*,*,#4541,.F.);
#6248 = ORIENTED_EDGE('',*,*,#6202,.F.);
#6249 = CYLINDRICAL_SURFACE('',#6250,2.3);
#6250 = AXIS2_PLACEMENT_3D('',#6251,#6252,#6253);
#6251 = CARTESIAN_POINT('',(-1.,-1.,4.13));
#6252 = DIRECTION('',(-0.,1.,-0.));
#6253 = DIRECTION('',(1.,0.,0.));
#6254 = ADVANCED_FACE('',(#6255),#6271,.F.);
#6255 = FACE_BOUND('',#6256,.F.);
#6256 = EDGE_LOOP('',(#6257,#6258,#6264,#6265));
#6257 = ORIENTED_EDGE('',*,*,#5666,.F.);
#6258 = ORIENTED_EDGE('',*,*,#6259,.T.);
#6259 = EDGE_CURVE('',#5667,#4561,#6260,.T.);
#6260 = LINE('',#6261,#6262);
#6261 = CARTESIAN_POINT('',(10.27,-1.,18.055811238272));
#6262 = VECTOR('',#6263,1.);
#6263 = DIRECTION('',(0.,-1.,0.));
#6264 = ORIENTED_EDGE('',*,*,#4558,.F.);
#6265 = ORIENTED_EDGE('',*,*,#6266,.F.);
#6266 = EDGE_CURVE('',#5658,#4559,#6267,.T.);
#6267 = LINE('',#6268,#6269);
#6268 = CARTESIAN_POINT('',(11.420000000001,-1.,17.391858428705));
#6269 = VECTOR('',#6270,1.);
#6270 = DIRECTION('',(0.,-1.,0.));
#6271 = PLANE('',#6272);
#6272 = AXIS2_PLACEMENT_3D('',#6273,#6274,#6275);
#6273 = CARTESIAN_POINT('',(10.27,-1.,18.055811238272));
#6274 = DIRECTION('',(0.499999999999,0.,0.866025403785));
#6275 = DIRECTION('',(0.866025403785,0.,-0.499999999999));
#6276 = ADVANCED_FACE('',(#6277),#6288,.F.);
#6277 = FACE_BOUND('',#6278,.F.);
#6278 = EDGE_LOOP('',(#6279,#6280,#6286,#6287));
#6279 = ORIENTED_EDGE('',*,*,#5674,.F.);
#6280 = ORIENTED_EDGE('',*,*,#6281,.T.);
#6281 = EDGE_CURVE('',#5656,#4569,#6282,.T.);
#6282 = LINE('',#6283,#6284);
#6283 = CARTESIAN_POINT('',(9.12,-1.,17.391858428704));
#6284 = VECTOR('',#6285,1.);
#6285 = DIRECTION('',(0.,-1.,0.));
#6286 = ORIENTED_EDGE('',*,*,#4577,.F.);
#6287 = ORIENTED_EDGE('',*,*,#6259,.F.);
#6288 = PLANE('',#6289);
#6289 = AXIS2_PLACEMENT_3D('',#6290,#6291,#6292);
#6290 = CARTESIAN_POINT('',(9.12,-1.,17.391858428704));
#6291 = DIRECTION('',(-0.5,0.,0.866025403784));
#6292 = DIRECTION('',(0.866025403784,0.,0.5));
#6293 = ADVANCED_FACE('',(#6294),#6300,.F.);
#6294 = FACE_BOUND('',#6295,.T.);
#6295 = EDGE_LOOP('',(#6296,#6297,#6298,#6299));
#6296 = ORIENTED_EDGE('',*,*,#5655,.F.);
#6297 = ORIENTED_EDGE('',*,*,#6281,.T.);
#6298 = ORIENTED_EDGE('',*,*,#4568,.F.);
#6299 = ORIENTED_EDGE('',*,*,#6266,.F.);
#6300 = CYLINDRICAL_SURFACE('',#6301,2.3);
#6301 = AXIS2_PLACEMENT_3D('',#6302,#6303,#6304);
#6302 = CARTESIAN_POINT('',(10.27,-1.,15.4));
#6303 = DIRECTION('',(-0.,1.,-0.));
#6304 = DIRECTION('',(1.,0.,0.));
#6305 = ADVANCED_FACE('',(#6306,#6311),#6316,.T.);
#6306 = FACE_BOUND('',#6307,.T.);
#6307 = EDGE_LOOP('',(#6308,#6309,#6310));
#6308 = ORIENTED_EDGE('',*,*,#6100,.T.);
#6309 = ORIENTED_EDGE('',*,*,#6156,.F.);
#6310 = ORIENTED_EDGE('',*,*,#6132,.F.);
#6311 = FACE_BOUND('',#6312,.T.);
#6312 = EDGE_LOOP('',(#6313,#6314,#6315));
#6313 = ORIENTED_EDGE('',*,*,#4599,.F.);
#6314 = ORIENTED_EDGE('',*,*,#4647,.F.);
#6315 = ORIENTED_EDGE('',*,*,#4623,.F.);
#6316 = PLANE('',#6317);
#6317 = AXIS2_PLACEMENT_3D('',#6318,#6319,#6320);
#6318 = CARTESIAN_POINT('',(-1.,21.3,4.339989010436));
#6319 = DIRECTION('',(0.,1.,0.));
#6320 = DIRECTION('',(-1.,0.,0.));
#6321 = ADVANCED_FACE('',(#6322,#6327),#6332,.T.);
#6322 = FACE_BOUND('',#6323,.T.);
#6323 = EDGE_LOOP('',(#6324,#6325,#6326));
#6324 = ORIENTED_EDGE('',*,*,#6240,.T.);
#6325 = ORIENTED_EDGE('',*,*,#6185,.F.);
#6326 = ORIENTED_EDGE('',*,*,#6216,.F.);
#6327 = FACE_BOUND('',#6328,.T.);
#6328 = EDGE_LOOP('',(#6329,#6330,#6331));
#6329 = ORIENTED_EDGE('',*,*,#4681,.F.);
#6330 = ORIENTED_EDGE('',*,*,#4698,.T.);
#6331 = ORIENTED_EDGE('',*,*,#4722,.T.);
#6332 = PLANE('',#6333);
#6333 = AXIS2_PLACEMENT_3D('',#6334,#6335,#6336);
#6334 = CARTESIAN_POINT('',(-1.,-1.,4.339516380421));
#6335 = DIRECTION('',(0.,-1.,0.));
#6336 = DIRECTION('',(1.,0.,0.));
#6337 = ADVANCED_FACE('',(#6338),#6356,.F.);
#6338 = FACE_BOUND('',#6339,.F.);
#6339 = EDGE_LOOP('',(#6340,#6348,#6349,#6350));
#6340 = ORIENTED_EDGE('',*,*,#6341,.F.);
#6341 = EDGE_CURVE('',#4738,#6342,#6344,.T.);
#6342 = VERTEX_POINT('',#6343);
#6343 = CARTESIAN_POINT('',(30.,5.,4.165));
#6344 = LINE('',#6345,#6346);
#6345 = CARTESIAN_POINT('',(30.,3.,4.165));
#6346 = VECTOR('',#6347,1.);
#6347 = DIRECTION('',(0.,1.,0.));
#6348 = ORIENTED_EDGE('',*,*,#4755,.T.);
#6349 = ORIENTED_EDGE('',*,*,#5149,.F.);
#6350 = ORIENTED_EDGE('',*,*,#6351,.F.);
#6351 = EDGE_CURVE('',#6342,#5089,#6352,.T.);
#6352 = LINE('',#6353,#6354);
#6353 = CARTESIAN_POINT('',(30.,5.,4.165));
#6354 = VECTOR('',#6355,1.);
#6355 = DIRECTION('',(1.,0.,0.));
#6356 = PLANE('',#6357);
#6357 = AXIS2_PLACEMENT_3D('',#6358,#6359,#6360);
#6358 = CARTESIAN_POINT('',(30.,3.,4.165));
#6359 = DIRECTION('',(0.,0.,1.));
#6360 = DIRECTION('',(1.,0.,0.));
#6361 = ADVANCED_FACE('',(#6362),#6367,.F.);
#6362 = FACE_BOUND('',#6363,.F.);
#6363 = EDGE_LOOP('',(#6364,#6365,#6366));
#6364 = ORIENTED_EDGE('',*,*,#4769,.F.);
#6365 = ORIENTED_EDGE('',*,*,#5143,.T.);
#6366 = ORIENTED_EDGE('',*,*,#4747,.F.);
#6367 = PLANE('',#6368);
#6368 = AXIS2_PLACEMENT_3D('',#6369,#6370,#6371);
#6369 = CARTESIAN_POINT('',(73.,4.8,5.165));
#6370 = DIRECTION('',(-0.49700734612,0.613589316197,0.613589316197));
#6371 = DIRECTION('',(0.,0.707106781187,-0.707106781187));
#6372 = ADVANCED_FACE('',(#6373),#6391,.T.);
#6373 = FACE_BOUND('',#6374,.T.);
#6374 = EDGE_LOOP('',(#6375,#6383,#6384,#6385));
#6375 = ORIENTED_EDGE('',*,*,#6376,.F.);
#6376 = EDGE_CURVE('',#4812,#6377,#6379,.T.);
#6377 = VERTEX_POINT('',#6378);
#6378 = CARTESIAN_POINT('',(30.,5.,-2.165));
#6379 = LINE('',#6380,#6381);
#6380 = CARTESIAN_POINT('',(30.,3.,-2.165));
#6381 = VECTOR('',#6382,1.);
#6382 = DIRECTION('',(0.,1.,0.));
#6383 = ORIENTED_EDGE('',*,*,#4829,.T.);
#6384 = ORIENTED_EDGE('',*,*,#5043,.F.);
#6385 = ORIENTED_EDGE('',*,*,#6386,.F.);
#6386 = EDGE_CURVE('',#6377,#5029,#6387,.T.);
#6387 = LINE('',#6388,#6389);
#6388 = CARTESIAN_POINT('',(30.,5.,-2.165));
#6389 = VECTOR('',#6390,1.);
#6390 = DIRECTION('',(1.,0.,0.));
#6391 = PLANE('',#6392);
#6392 = AXIS2_PLACEMENT_3D('',#6393,#6394,#6395);
#6393 = CARTESIAN_POINT('',(30.,3.,-2.165));
#6394 = DIRECTION('',(0.,0.,1.));
#6395 = DIRECTION('',(1.,0.,0.));
#6396 = ADVANCED_FACE('',(#6397),#6402,.F.);
#6397 = FACE_BOUND('',#6398,.F.);
#6398 = EDGE_LOOP('',(#6399,#6400,#6401));
#6399 = ORIENTED_EDGE('',*,*,#5037,.F.);
#6400 = ORIENTED_EDGE('',*,*,#5007,.T.);
#6401 = ORIENTED_EDGE('',*,*,#4821,.F.);
#6402 = PLANE('',#6403);
#6403 = AXIS2_PLACEMENT_3D('',#6404,#6405,#6406);
#6404 = CARTESIAN_POINT('',(73.,4.8,-3.165));
#6405 = DIRECTION('',(-0.49700734612,0.613589316197,-0.613589316197));
#6406 = DIRECTION('',(0.,-0.707106781187,-0.707106781187));
#6407 = ADVANCED_FACE('',(#6408),#6419,.T.);
#6408 = FACE_BOUND('',#6409,.T.);
#6409 = EDGE_LOOP('',(#6410,#6411,#6412,#6413));
#6410 = ORIENTED_EDGE('',*,*,#6341,.F.);
#6411 = ORIENTED_EDGE('',*,*,#4846,.T.);
#6412 = ORIENTED_EDGE('',*,*,#6376,.T.);
#6413 = ORIENTED_EDGE('',*,*,#6414,.T.);
#6414 = EDGE_CURVE('',#6377,#6342,#6415,.T.);
#6415 = LINE('',#6416,#6417);
#6416 = CARTESIAN_POINT('',(30.,5.,-2.165));
#6417 = VECTOR('',#6418,1.);
#6418 = DIRECTION('',(0.,0.,1.));
#6419 = PLANE('',#6420);
#6420 = AXIS2_PLACEMENT_3D('',#6421,#6422,#6423);
#6421 = CARTESIAN_POINT('',(30.,3.,-2.165));
#6422 = DIRECTION('',(1.,0.,0.));
#6423 = DIRECTION('',(0.,0.,1.));
#6424 = ADVANCED_FACE('',(#6425,#6452),#6457,.T.);
#6425 = FACE_BOUND('',#6426,.T.);
#6426 = EDGE_LOOP('',(#6427,#6437,#6446));
#6427 = ORIENTED_EDGE('',*,*,#6428,.T.);
#6428 = EDGE_CURVE('',#6429,#6431,#6433,.T.);
#6429 = VERTEX_POINT('',#6430);
#6430 = CARTESIAN_POINT('',(17.,-8.5,3.933057691858));
#6431 = VERTEX_POINT('',#6432);
#6432 = CARTESIAN_POINT('',(17.,-7.325694902712,3.140978902366));
#6433 = LINE('',#6434,#6435);
#6434 = CARTESIAN_POINT('',(17.,-7.94080709653,3.55587731591));
#6435 = VECTOR('',#6436,1.);
#6436 = DIRECTION('',(-2.483315346558E-16,0.829037572555,-0.55919290347)
  );
#6437 = ORIENTED_EDGE('',*,*,#6438,.T.);
#6438 = EDGE_CURVE('',#6431,#6439,#6441,.T.);
#6439 = VERTEX_POINT('',#6440);
#6440 = CARTESIAN_POINT('',(17.,-9.674305097289,3.140978902366));
#6441 = CIRCLE('',#6442,2.1);
#6442 = AXIS2_PLACEMENT_3D('',#6443,#6444,#6445);
#6443 = CARTESIAN_POINT('',(17.,-8.5,1.4));
#6444 = DIRECTION('',(-1.,0.,4.440892098501E-16));
#6445 = DIRECTION('',(3.681666405319E-16,0.559192903471,0.829037572555)
  );
#6446 = ORIENTED_EDGE('',*,*,#6447,.T.);
#6447 = EDGE_CURVE('',#6439,#6429,#6448,.T.);
#6448 = LINE('',#6449,#6450);
#6449 = CARTESIAN_POINT('',(17.,-9.674305097288,3.140978902366));
#6450 = VECTOR('',#6451,1.);
#6451 = DIRECTION('',(2.48331534656E-16,0.829037572555,0.559192903471));
#6452 = FACE_BOUND('',#6453,.T.);
#6453 = EDGE_LOOP('',(#6454,#6455,#6456));
#6454 = ORIENTED_EDGE('',*,*,#4915,.T.);
#6455 = ORIENTED_EDGE('',*,*,#4860,.F.);
#6456 = ORIENTED_EDGE('',*,*,#4891,.F.);
#6457 = PLANE('',#6458);
#6458 = AXIS2_PLACEMENT_3D('',#6459,#6460,#6461);
#6459 = CARTESIAN_POINT('',(17.,-8.5,1.587967208153));
#6460 = DIRECTION('',(1.,0.,-4.440892098501E-16));
#6461 = DIRECTION('',(-6.162975822039E-33,1.,-1.387778780781E-17));
#6462 = ADVANCED_FACE('',(#6463,#6490),#6495,.T.);
#6463 = FACE_BOUND('',#6464,.T.);
#6464 = EDGE_LOOP('',(#6465,#6475,#6484));
#6465 = ORIENTED_EDGE('',*,*,#6466,.T.);
#6466 = EDGE_CURVE('',#6467,#6469,#6471,.T.);
#6467 = VERTEX_POINT('',#6468);
#6468 = CARTESIAN_POINT('',(17.,-20.5,3.933057691858));
#6469 = VERTEX_POINT('',#6470);
#6470 = CARTESIAN_POINT('',(17.,-19.32569490271,3.140978902366));
#6471 = LINE('',#6472,#6473);
#6472 = CARTESIAN_POINT('',(17.,-19.94080709653,3.55587731591));
#6473 = VECTOR('',#6474,1.);
#6474 = DIRECTION('',(-2.483315346558E-16,0.829037572555,-0.55919290347)
  );
#6475 = ORIENTED_EDGE('',*,*,#6476,.T.);
#6476 = EDGE_CURVE('',#6469,#6477,#6479,.T.);
#6477 = VERTEX_POINT('',#6478);
#6478 = CARTESIAN_POINT('',(17.,-21.67430509728,3.140978902366));
#6479 = CIRCLE('',#6480,2.1);
#6480 = AXIS2_PLACEMENT_3D('',#6481,#6482,#6483);
#6481 = CARTESIAN_POINT('',(17.,-20.5,1.4));
#6482 = DIRECTION('',(-1.,0.,4.440892098501E-16));
#6483 = DIRECTION('',(3.681666405319E-16,0.559192903471,0.829037572555)
  );
#6484 = ORIENTED_EDGE('',*,*,#6485,.T.);
#6485 = EDGE_CURVE('',#6477,#6467,#6486,.T.);
#6486 = LINE('',#6487,#6488);
#6487 = CARTESIAN_POINT('',(17.,-21.67430509728,3.140978902366));
#6488 = VECTOR('',#6489,1.);
#6489 = DIRECTION('',(2.48331534656E-16,0.829037572555,0.559192903471));
#6490 = FACE_BOUND('',#6491,.T.);
#6491 = EDGE_LOOP('',(#6492,#6493,#6494));
#6492 = ORIENTED_EDGE('',*,*,#4988,.T.);
#6493 = ORIENTED_EDGE('',*,*,#4933,.F.);
#6494 = ORIENTED_EDGE('',*,*,#4964,.F.);
#6495 = PLANE('',#6496);
#6496 = AXIS2_PLACEMENT_3D('',#6497,#6498,#6499);
#6497 = CARTESIAN_POINT('',(17.,-20.5,1.587967208153));
#6498 = DIRECTION('',(1.,0.,-4.440892098501E-16));
#6499 = DIRECTION('',(-6.162975822039E-33,1.,-1.387778780781E-17));
#6500 = ADVANCED_FACE('',(#6501),#6506,.T.);
#6501 = FACE_BOUND('',#6502,.T.);
#6502 = EDGE_LOOP('',(#6503,#6504,#6505));
#6503 = ORIENTED_EDGE('',*,*,#5110,.F.);
#6504 = ORIENTED_EDGE('',*,*,#5065,.T.);
#6505 = ORIENTED_EDGE('',*,*,#5618,.F.);
#6506 = PLANE('',#6507);
#6507 = AXIS2_PLACEMENT_3D('',#6508,#6509,#6510);
#6508 = CARTESIAN_POINT('',(73.,15.2,-4.165));
#6509 = DIRECTION('',(0.49700734612,0.613589316197,0.613589316197));
#6510 = DIRECTION('',(2.775557561563E-17,0.707106781187,-0.707106781187)
  );
#6511 = ADVANCED_FACE('',(#6512,#6518,#6588,#6622,#6692,#6726),#6796,.F.
  );
#6512 = FACE_BOUND('',#6513,.F.);
#6513 = EDGE_LOOP('',(#6514,#6515,#6516,#6517));
#6514 = ORIENTED_EDGE('',*,*,#6386,.F.);
#6515 = ORIENTED_EDGE('',*,*,#6414,.T.);
#6516 = ORIENTED_EDGE('',*,*,#6351,.T.);
#6517 = ORIENTED_EDGE('',*,*,#5096,.F.);
#6518 = FACE_BOUND('',#6519,.F.);
#6519 = EDGE_LOOP('',(#6520,#6530,#6539,#6547,#6556,#6564,#6573,#6581));
#6520 = ORIENTED_EDGE('',*,*,#6521,.T.);
#6521 = EDGE_CURVE('',#6522,#6524,#6526,.T.);
#6522 = VERTEX_POINT('',#6523);
#6523 = CARTESIAN_POINT('',(37.91,5.,1.01));
#6524 = VERTEX_POINT('',#6525);
#6525 = CARTESIAN_POINT('',(37.91,5.,0.99));
#6526 = LINE('',#6527,#6528);
#6527 = CARTESIAN_POINT('',(37.91,5.,-3.25E-02));
#6528 = VECTOR('',#6529,1.);
#6529 = DIRECTION('',(0.,0.,-1.));
#6530 = ORIENTED_EDGE('',*,*,#6531,.T.);
#6531 = EDGE_CURVE('',#6524,#6532,#6534,.T.);
#6532 = VERTEX_POINT('',#6533);
#6533 = CARTESIAN_POINT('',(39.,5.,-0.1));
#6534 = CIRCLE('',#6535,1.09);
#6535 = AXIS2_PLACEMENT_3D('',#6536,#6537,#6538);
#6536 = CARTESIAN_POINT('',(39.,5.,0.99));
#6537 = DIRECTION('',(0.,-1.,1.2E-16));
#6538 = DIRECTION('',(-1.,0.,0.));
#6539 = ORIENTED_EDGE('',*,*,#6540,.F.);
#6540 = EDGE_CURVE('',#6541,#6532,#6543,.T.);
#6541 = VERTEX_POINT('',#6542);
#6542 = CARTESIAN_POINT('',(40.02,5.,-0.1));
#6543 = LINE('',#6544,#6545);
#6544 = CARTESIAN_POINT('',(33.955,5.,-1.E-01));
#6545 = VECTOR('',#6546,1.);
#6546 = DIRECTION('',(-1.,0.,0.));
#6547 = ORIENTED_EDGE('',*,*,#6548,.T.);
#6548 = EDGE_CURVE('',#6541,#6549,#6551,.T.);
#6549 = VERTEX_POINT('',#6550);
#6550 = CARTESIAN_POINT('',(41.11,5.,0.99));
#6551 = CIRCLE('',#6552,1.09);
#6552 = AXIS2_PLACEMENT_3D('',#6553,#6554,#6555);
#6553 = CARTESIAN_POINT('',(40.02,5.,0.99));
#6554 = DIRECTION('',(0.,-1.,1.2E-16));
#6555 = DIRECTION('',(1.,0.,0.));
#6556 = ORIENTED_EDGE('',*,*,#6557,.F.);
#6557 = EDGE_CURVE('',#6558,#6549,#6560,.T.);
#6558 = VERTEX_POINT('',#6559);
#6559 = CARTESIAN_POINT('',(41.11,5.,1.01));
#6560 = LINE('',#6561,#6562);
#6561 = CARTESIAN_POINT('',(41.11,5.,-3.25E-02));
#6562 = VECTOR('',#6563,1.);
#6563 = DIRECTION('',(0.,0.,-1.));
#6564 = ORIENTED_EDGE('',*,*,#6565,.T.);
#6565 = EDGE_CURVE('',#6558,#6566,#6568,.T.);
#6566 = VERTEX_POINT('',#6567);
#6567 = CARTESIAN_POINT('',(40.02,5.,2.1));
#6568 = CIRCLE('',#6569,1.09);
#6569 = AXIS2_PLACEMENT_3D('',#6570,#6571,#6572);
#6570 = CARTESIAN_POINT('',(40.02,5.,1.01));
#6571 = DIRECTION('',(0.,-1.,1.2E-16));
#6572 = DIRECTION('',(1.,0.,0.));
#6573 = ORIENTED_EDGE('',*,*,#6574,.T.);
#6574 = EDGE_CURVE('',#6566,#6575,#6577,.T.);
#6575 = VERTEX_POINT('',#6576);
#6576 = CARTESIAN_POINT('',(39.,5.,2.1));
#6577 = LINE('',#6578,#6579);
#6578 = CARTESIAN_POINT('',(33.955,5.,2.1));
#6579 = VECTOR('',#6580,1.);
#6580 = DIRECTION('',(-1.,0.,0.));
#6581 = ORIENTED_EDGE('',*,*,#6582,.T.);
#6582 = EDGE_CURVE('',#6575,#6522,#6583,.T.);
#6583 = CIRCLE('',#6584,1.09);
#6584 = AXIS2_PLACEMENT_3D('',#6585,#6586,#6587);
#6585 = CARTESIAN_POINT('',(39.,5.,1.01));
#6586 = DIRECTION('',(0.,-1.,1.2E-16));
#6587 = DIRECTION('',(-1.,0.,0.));
#6588 = FACE_BOUND('',#6589,.F.);
#6589 = EDGE_LOOP('',(#6590,#6600,#6608,#6616));
#6590 = ORIENTED_EDGE('',*,*,#6591,.F.);
#6591 = EDGE_CURVE('',#6592,#6594,#6596,.T.);
#6592 = VERTEX_POINT('',#6593);
#6593 = CARTESIAN_POINT('',(43.01,5.,3.2));
#6594 = VERTEX_POINT('',#6595);
#6595 = CARTESIAN_POINT('',(48.01,5.,3.2));
#6596 = LINE('',#6597,#6598);
#6597 = CARTESIAN_POINT('',(36.78,5.,3.2));
#6598 = VECTOR('',#6599,1.);
#6599 = DIRECTION('',(1.,0.,0.));
#6600 = ORIENTED_EDGE('',*,*,#6601,.T.);
#6601 = EDGE_CURVE('',#6592,#6602,#6604,.T.);
#6602 = VERTEX_POINT('',#6603);
#6603 = CARTESIAN_POINT('',(43.01,5.,-1.2));
#6604 = LINE('',#6605,#6606);
#6605 = CARTESIAN_POINT('',(43.01,5.,0.5175));
#6606 = VECTOR('',#6607,1.);
#6607 = DIRECTION('',(0.,0.,-1.));
#6608 = ORIENTED_EDGE('',*,*,#6609,.F.);
#6609 = EDGE_CURVE('',#6610,#6602,#6612,.T.);
#6610 = VERTEX_POINT('',#6611);
#6611 = CARTESIAN_POINT('',(48.01,5.,-1.2));
#6612 = LINE('',#6613,#6614);
#6613 = CARTESIAN_POINT('',(36.78,5.,-1.2));
#6614 = VECTOR('',#6615,1.);
#6615 = DIRECTION('',(-1.,0.,0.));
#6616 = ORIENTED_EDGE('',*,*,#6617,.F.);
#6617 = EDGE_CURVE('',#6594,#6610,#6618,.T.);
#6618 = LINE('',#6619,#6620);
#6619 = CARTESIAN_POINT('',(48.01,5.,0.5175));
#6620 = VECTOR('',#6621,1.);
#6621 = DIRECTION('',(0.,0.,-1.));
#6622 = FACE_BOUND('',#6623,.F.);
#6623 = EDGE_LOOP('',(#6624,#6634,#6643,#6651,#6660,#6668,#6677,#6685));
#6624 = ORIENTED_EDGE('',*,*,#6625,.T.);
#6625 = EDGE_CURVE('',#6626,#6628,#6630,.T.);
#6626 = VERTEX_POINT('',#6627);
#6627 = CARTESIAN_POINT('',(52.91,5.,1.01));
#6628 = VERTEX_POINT('',#6629);
#6629 = CARTESIAN_POINT('',(52.91,5.,0.99));
#6630 = LINE('',#6631,#6632);
#6631 = CARTESIAN_POINT('',(52.91,5.,-3.25E-02));
#6632 = VECTOR('',#6633,1.);
#6633 = DIRECTION('',(0.,0.,-1.));
#6634 = ORIENTED_EDGE('',*,*,#6635,.T.);
#6635 = EDGE_CURVE('',#6628,#6636,#6638,.T.);
#6636 = VERTEX_POINT('',#6637);
#6637 = CARTESIAN_POINT('',(54.,5.,-0.1));
#6638 = CIRCLE('',#6639,1.09);
#6639 = AXIS2_PLACEMENT_3D('',#6640,#6641,#6642);
#6640 = CARTESIAN_POINT('',(54.,5.,0.99));
#6641 = DIRECTION('',(0.,-1.,1.2E-16));
#6642 = DIRECTION('',(-1.,0.,0.));
#6643 = ORIENTED_EDGE('',*,*,#6644,.F.);
#6644 = EDGE_CURVE('',#6645,#6636,#6647,.T.);
#6645 = VERTEX_POINT('',#6646);
#6646 = CARTESIAN_POINT('',(55.02,5.,-0.1));
#6647 = LINE('',#6648,#6649);
#6648 = CARTESIAN_POINT('',(41.455,5.,-1.E-01));
#6649 = VECTOR('',#6650,1.);
#6650 = DIRECTION('',(-1.,0.,0.));
#6651 = ORIENTED_EDGE('',*,*,#6652,.T.);
#6652 = EDGE_CURVE('',#6645,#6653,#6655,.T.);
#6653 = VERTEX_POINT('',#6654);
#6654 = CARTESIAN_POINT('',(56.11,5.,0.99));
#6655 = CIRCLE('',#6656,1.09);
#6656 = AXIS2_PLACEMENT_3D('',#6657,#6658,#6659);
#6657 = CARTESIAN_POINT('',(55.02,5.,0.99));
#6658 = DIRECTION('',(0.,-1.,1.2E-16));
#6659 = DIRECTION('',(1.,0.,0.));
#6660 = ORIENTED_EDGE('',*,*,#6661,.F.);
#6661 = EDGE_CURVE('',#6662,#6653,#6664,.T.);
#6662 = VERTEX_POINT('',#6663);
#6663 = CARTESIAN_POINT('',(56.11,5.,1.01));
#6664 = LINE('',#6665,#6666);
#6665 = CARTESIAN_POINT('',(56.11,5.,-3.25E-02));
#6666 = VECTOR('',#6667,1.);
#6667 = DIRECTION('',(0.,0.,-1.));
#6668 = ORIENTED_EDGE('',*,*,#6669,.T.);
#6669 = EDGE_CURVE('',#6662,#6670,#6672,.T.);
#6670 = VERTEX_POINT('',#6671);
#6671 = CARTESIAN_POINT('',(55.02,5.,2.1));
#6672 = CIRCLE('',#6673,1.09);
#6673 = AXIS2_PLACEMENT_3D('',#6674,#6675,#6676);
#6674 = CARTESIAN_POINT('',(55.02,5.,1.01));
#6675 = DIRECTION('',(0.,-1.,1.2E-16));
#6676 = DIRECTION('',(1.,0.,0.));
#6677 = ORIENTED_EDGE('',*,*,#6678,.T.);
#6678 = EDGE_CURVE('',#6670,#6679,#6681,.T.);
#6679 = VERTEX_POINT('',#6680);
#6680 = CARTESIAN_POINT('',(54.,5.,2.1));
#6681 = LINE('',#6682,#6683);
#6682 = CARTESIAN_POINT('',(41.455,5.,2.1));
#6683 = VECTOR('',#6684,1.);
#6684 = DIRECTION('',(-1.,0.,0.));
#6685 = ORIENTED_EDGE('',*,*,#6686,.T.);
#6686 = EDGE_CURVE('',#6679,#6626,#6687,.T.);
#6687 = CIRCLE('',#6688,1.09);
#6688 = AXIS2_PLACEMENT_3D('',#6689,#6690,#6691);
#6689 = CARTESIAN_POINT('',(54.,5.,1.01));
#6690 = DIRECTION('',(0.,-1.,1.2E-16));
#6691 = DIRECTION('',(-1.,0.,0.));
#6692 = FACE_BOUND('',#6693,.F.);
#6693 = EDGE_LOOP('',(#6694,#6704,#6712,#6720));
#6694 = ORIENTED_EDGE('',*,*,#6695,.F.);
#6695 = EDGE_CURVE('',#6696,#6698,#6700,.T.);
#6696 = VERTEX_POINT('',#6697);
#6697 = CARTESIAN_POINT('',(58.01,5.,3.2));
#6698 = VERTEX_POINT('',#6699);
#6699 = CARTESIAN_POINT('',(63.01,5.,3.2));
#6700 = LINE('',#6701,#6702);
#6701 = CARTESIAN_POINT('',(44.28,5.,3.2));
#6702 = VECTOR('',#6703,1.);
#6703 = DIRECTION('',(1.,0.,0.));
#6704 = ORIENTED_EDGE('',*,*,#6705,.T.);
#6705 = EDGE_CURVE('',#6696,#6706,#6708,.T.);
#6706 = VERTEX_POINT('',#6707);
#6707 = CARTESIAN_POINT('',(58.01,5.,-1.2));
#6708 = LINE('',#6709,#6710);
#6709 = CARTESIAN_POINT('',(58.01,5.,0.5175));
#6710 = VECTOR('',#6711,1.);
#6711 = DIRECTION('',(0.,0.,-1.));
#6712 = ORIENTED_EDGE('',*,*,#6713,.F.);
#6713 = EDGE_CURVE('',#6714,#6706,#6716,.T.);
#6714 = VERTEX_POINT('',#6715);
#6715 = CARTESIAN_POINT('',(63.01,5.,-1.2));
#6716 = LINE('',#6717,#6718);
#6717 = CARTESIAN_POINT('',(44.28,5.,-1.2));
#6718 = VECTOR('',#6719,1.);
#6719 = DIRECTION('',(-1.,0.,0.));
#6720 = ORIENTED_EDGE('',*,*,#6721,.F.);
#6721 = EDGE_CURVE('',#6698,#6714,#6722,.T.);
#6722 = LINE('',#6723,#6724);
#6723 = CARTESIAN_POINT('',(63.01,5.,0.5175));
#6724 = VECTOR('',#6725,1.);
#6725 = DIRECTION('',(0.,0.,-1.));
#6726 = FACE_BOUND('',#6727,.F.);
#6727 = EDGE_LOOP('',(#6728,#6738,#6747,#6755,#6764,#6772,#6781,#6789));
#6728 = ORIENTED_EDGE('',*,*,#6729,.T.);
#6729 = EDGE_CURVE('',#6730,#6732,#6734,.T.);
#6730 = VERTEX_POINT('',#6731);
#6731 = CARTESIAN_POINT('',(67.91,5.,1.01));
#6732 = VERTEX_POINT('',#6733);
#6733 = CARTESIAN_POINT('',(67.91,5.,0.99));
#6734 = LINE('',#6735,#6736);
#6735 = CARTESIAN_POINT('',(67.91,5.,-3.25E-02));
#6736 = VECTOR('',#6737,1.);
#6737 = DIRECTION('',(0.,0.,-1.));
#6738 = ORIENTED_EDGE('',*,*,#6739,.T.);
#6739 = EDGE_CURVE('',#6732,#6740,#6742,.T.);
#6740 = VERTEX_POINT('',#6741);
#6741 = CARTESIAN_POINT('',(69.,5.,-0.1));
#6742 = CIRCLE('',#6743,1.09);
#6743 = AXIS2_PLACEMENT_3D('',#6744,#6745,#6746);
#6744 = CARTESIAN_POINT('',(69.,5.,0.99));
#6745 = DIRECTION('',(0.,-1.,1.2E-16));
#6746 = DIRECTION('',(-1.,0.,0.));
#6747 = ORIENTED_EDGE('',*,*,#6748,.F.);
#6748 = EDGE_CURVE('',#6749,#6740,#6751,.T.);
#6749 = VERTEX_POINT('',#6750);
#6750 = CARTESIAN_POINT('',(70.02,5.,-0.1));
#6751 = LINE('',#6752,#6753);
#6752 = CARTESIAN_POINT('',(48.955,5.,-1.E-01));
#6753 = VECTOR('',#6754,1.);
#6754 = DIRECTION('',(-1.,0.,0.));
#6755 = ORIENTED_EDGE('',*,*,#6756,.T.);
#6756 = EDGE_CURVE('',#6749,#6757,#6759,.T.);
#6757 = VERTEX_POINT('',#6758);
#6758 = CARTESIAN_POINT('',(71.11,5.,0.99));
#6759 = CIRCLE('',#6760,1.09);
#6760 = AXIS2_PLACEMENT_3D('',#6761,#6762,#6763);
#6761 = CARTESIAN_POINT('',(70.02,5.,0.99));
#6762 = DIRECTION('',(0.,-1.,1.2E-16));
#6763 = DIRECTION('',(1.,0.,0.));
#6764 = ORIENTED_EDGE('',*,*,#6765,.F.);
#6765 = EDGE_CURVE('',#6766,#6757,#6768,.T.);
#6766 = VERTEX_POINT('',#6767);
#6767 = CARTESIAN_POINT('',(71.11,5.,1.01));
#6768 = LINE('',#6769,#6770);
#6769 = CARTESIAN_POINT('',(71.11,5.,-3.25E-02));
#6770 = VECTOR('',#6771,1.);
#6771 = DIRECTION('',(0.,0.,-1.));
#6772 = ORIENTED_EDGE('',*,*,#6773,.T.);
#6773 = EDGE_CURVE('',#6766,#6774,#6776,.T.);
#6774 = VERTEX_POINT('',#6775);
#6775 = CARTESIAN_POINT('',(70.02,5.,2.1));
#6776 = CIRCLE('',#6777,1.09);
#6777 = AXIS2_PLACEMENT_3D('',#6778,#6779,#6780);
#6778 = CARTESIAN_POINT('',(70.02,5.,1.01));
#6779 = DIRECTION('',(0.,-1.,1.2E-16));
#6780 = DIRECTION('',(1.,0.,0.));
#6781 = ORIENTED_EDGE('',*,*,#6782,.T.);
#6782 = EDGE_CURVE('',#6774,#6783,#6785,.T.);
#6783 = VERTEX_POINT('',#6784);
#6784 = CARTESIAN_POINT('',(69.,5.,2.1));
#6785 = LINE('',#6786,#6787);
#6786 = CARTESIAN_POINT('',(48.955,5.,2.1));
#6787 = VECTOR('',#6788,1.);
#6788 = DIRECTION('',(-1.,0.,0.));
#6789 = ORIENTED_EDGE('',*,*,#6790,.T.);
#6790 = EDGE_CURVE('',#6783,#6730,#6791,.T.);
#6791 = CIRCLE('',#6792,1.09);
#6792 = AXIS2_PLACEMENT_3D('',#6793,#6794,#6795);
#6793 = CARTESIAN_POINT('',(69.,5.,1.01));
#6794 = DIRECTION('',(0.,-1.,1.2E-16));
#6795 = DIRECTION('',(-1.,0.,0.));
#6796 = PLANE('',#6797);
#6797 = AXIS2_PLACEMENT_3D('',#6798,#6799,#6800);
#6798 = CARTESIAN_POINT('',(30.,5.,-2.165));
#6799 = DIRECTION('',(0.,1.,0.));
#6800 = DIRECTION('',(0.,0.,1.));
#6801 = ADVANCED_FACE('',(#6802),#6820,.T.);
#6802 = FACE_BOUND('',#6803,.T.);
#6803 = EDGE_LOOP('',(#6804,#6812,#6818,#6819));
#6804 = ORIENTED_EDGE('',*,*,#6805,.F.);
#6805 = EDGE_CURVE('',#6806,#5609,#6808,.T.);
#6806 = VERTEX_POINT('',#6807);
#6807 = CARTESIAN_POINT('',(30.,15.,-3.165));
#6808 = LINE('',#6809,#6810);
#6809 = CARTESIAN_POINT('',(30.,15.,-3.165));
#6810 = VECTOR('',#6811,1.);
#6811 = DIRECTION('',(0.,1.,0.));
#6812 = ORIENTED_EDGE('',*,*,#6813,.T.);
#6813 = EDGE_CURVE('',#6806,#5120,#6814,.T.);
#6814 = LINE('',#6815,#6816);
#6815 = CARTESIAN_POINT('',(30.,15.,-3.165));
#6816 = VECTOR('',#6817,1.);
#6817 = DIRECTION('',(1.,0.,0.));
#6818 = ORIENTED_EDGE('',*,*,#5127,.F.);
#6819 = ORIENTED_EDGE('',*,*,#5624,.F.);
#6820 = PLANE('',#6821);
#6821 = AXIS2_PLACEMENT_3D('',#6822,#6823,#6824);
#6822 = CARTESIAN_POINT('',(30.,15.,-3.165));
#6823 = DIRECTION('',(0.,0.,1.));
#6824 = DIRECTION('',(1.,0.,0.));
#6825 = ADVANCED_FACE('',(#6826,#6844,#6914,#6948,#7018,#7052),#7122,.T.
  );
#6826 = FACE_BOUND('',#6827,.T.);
#6827 = EDGE_LOOP('',(#6828,#6829,#6837,#6843));
#6828 = ORIENTED_EDGE('',*,*,#6813,.F.);
#6829 = ORIENTED_EDGE('',*,*,#6830,.T.);
#6830 = EDGE_CURVE('',#6806,#6831,#6833,.T.);
#6831 = VERTEX_POINT('',#6832);
#6832 = CARTESIAN_POINT('',(30.,15.,3.165));
#6833 = LINE('',#6834,#6835);
#6834 = CARTESIAN_POINT('',(30.,15.,-3.165));
#6835 = VECTOR('',#6836,1.);
#6836 = DIRECTION('',(0.,0.,1.));
#6837 = ORIENTED_EDGE('',*,*,#6838,.T.);
#6838 = EDGE_CURVE('',#6831,#5166,#6839,.T.);
#6839 = LINE('',#6840,#6841);
#6840 = CARTESIAN_POINT('',(30.,15.,3.165));
#6841 = VECTOR('',#6842,1.);
#6842 = DIRECTION('',(1.,0.,0.));
#6843 = ORIENTED_EDGE('',*,*,#5173,.F.);
#6844 = FACE_BOUND('',#6845,.T.);
#6845 = EDGE_LOOP('',(#6846,#6857,#6865,#6874,#6882,#6891,#6899,#6908));
#6846 = ORIENTED_EDGE('',*,*,#6847,.F.);
#6847 = EDGE_CURVE('',#6848,#6850,#6852,.T.);
#6848 = VERTEX_POINT('',#6849);
#6849 = CARTESIAN_POINT('',(37.91,15.,1.E-02));
#6850 = VERTEX_POINT('',#6851);
#6851 = CARTESIAN_POINT('',(39.,15.,1.1));
#6852 = CIRCLE('',#6853,1.09);
#6853 = AXIS2_PLACEMENT_3D('',#6854,#6855,#6856);
#6854 = CARTESIAN_POINT('',(39.,15.,1.E-02));
#6855 = DIRECTION('',(0.,1.,-0.));
#6856 = DIRECTION('',(-1.,0.,0.));
#6857 = ORIENTED_EDGE('',*,*,#6858,.T.);
#6858 = EDGE_CURVE('',#6848,#6859,#6861,.T.);
#6859 = VERTEX_POINT('',#6860);
#6860 = CARTESIAN_POINT('',(37.91,15.,-1.E-02));
#6861 = LINE('',#6862,#6863);
#6862 = CARTESIAN_POINT('',(37.91,15.,-2.1325));
#6863 = VECTOR('',#6864,1.);
#6864 = DIRECTION('',(0.,0.,-1.));
#6865 = ORIENTED_EDGE('',*,*,#6866,.F.);
#6866 = EDGE_CURVE('',#6867,#6859,#6869,.T.);
#6867 = VERTEX_POINT('',#6868);
#6868 = CARTESIAN_POINT('',(39.,15.,-1.1));
#6869 = CIRCLE('',#6870,1.09);
#6870 = AXIS2_PLACEMENT_3D('',#6871,#6872,#6873);
#6871 = CARTESIAN_POINT('',(39.,15.,-1.E-02));
#6872 = DIRECTION('',(0.,1.,-0.));
#6873 = DIRECTION('',(-1.,0.,0.));
#6874 = ORIENTED_EDGE('',*,*,#6875,.T.);
#6875 = EDGE_CURVE('',#6867,#6876,#6878,.T.);
#6876 = VERTEX_POINT('',#6877);
#6877 = CARTESIAN_POINT('',(40.02,15.,-1.1));
#6878 = LINE('',#6879,#6880);
#6879 = CARTESIAN_POINT('',(33.955,15.,-1.1));
#6880 = VECTOR('',#6881,1.);
#6881 = DIRECTION('',(1.,0.,0.));
#6882 = ORIENTED_EDGE('',*,*,#6883,.F.);
#6883 = EDGE_CURVE('',#6884,#6876,#6886,.T.);
#6884 = VERTEX_POINT('',#6885);
#6885 = CARTESIAN_POINT('',(41.11,15.,-1.E-02));
#6886 = CIRCLE('',#6887,1.09);
#6887 = AXIS2_PLACEMENT_3D('',#6888,#6889,#6890);
#6888 = CARTESIAN_POINT('',(40.02,15.,-1.E-02));
#6889 = DIRECTION('',(-0.,1.,0.));
#6890 = DIRECTION('',(1.,0.,0.));
#6891 = ORIENTED_EDGE('',*,*,#6892,.F.);
#6892 = EDGE_CURVE('',#6893,#6884,#6895,.T.);
#6893 = VERTEX_POINT('',#6894);
#6894 = CARTESIAN_POINT('',(41.11,15.,1.E-02));
#6895 = LINE('',#6896,#6897);
#6896 = CARTESIAN_POINT('',(41.11,15.,-2.1325));
#6897 = VECTOR('',#6898,1.);
#6898 = DIRECTION('',(0.,0.,-1.));
#6899 = ORIENTED_EDGE('',*,*,#6900,.F.);
#6900 = EDGE_CURVE('',#6901,#6893,#6903,.T.);
#6901 = VERTEX_POINT('',#6902);
#6902 = CARTESIAN_POINT('',(40.02,15.,1.1));
#6903 = CIRCLE('',#6904,1.09);
#6904 = AXIS2_PLACEMENT_3D('',#6905,#6906,#6907);
#6905 = CARTESIAN_POINT('',(40.02,15.,1.E-02));
#6906 = DIRECTION('',(-0.,1.,0.));
#6907 = DIRECTION('',(1.,0.,0.));
#6908 = ORIENTED_EDGE('',*,*,#6909,.F.);
#6909 = EDGE_CURVE('',#6850,#6901,#6910,.T.);
#6910 = LINE('',#6911,#6912);
#6911 = CARTESIAN_POINT('',(33.955,15.,1.1));
#6912 = VECTOR('',#6913,1.);
#6913 = DIRECTION('',(1.,0.,0.));
#6914 = FACE_BOUND('',#6915,.T.);
#6915 = EDGE_LOOP('',(#6916,#6926,#6934,#6942));
#6916 = ORIENTED_EDGE('',*,*,#6917,.F.);
#6917 = EDGE_CURVE('',#6918,#6920,#6922,.T.);
#6918 = VERTEX_POINT('',#6919);
#6919 = CARTESIAN_POINT('',(43.01,15.,2.2));
#6920 = VERTEX_POINT('',#6921);
#6921 = CARTESIAN_POINT('',(48.01,15.,2.2));
#6922 = LINE('',#6923,#6924);
#6923 = CARTESIAN_POINT('',(36.78,15.,2.2));
#6924 = VECTOR('',#6925,1.);
#6925 = DIRECTION('',(1.,0.,0.));
#6926 = ORIENTED_EDGE('',*,*,#6927,.T.);
#6927 = EDGE_CURVE('',#6918,#6928,#6930,.T.);
#6928 = VERTEX_POINT('',#6929);
#6929 = CARTESIAN_POINT('',(43.01,15.,-2.2));
#6930 = LINE('',#6931,#6932);
#6931 = CARTESIAN_POINT('',(43.01,15.,-2.6825));
#6932 = VECTOR('',#6933,1.);
#6933 = DIRECTION('',(0.,0.,-1.));
#6934 = ORIENTED_EDGE('',*,*,#6935,.F.);
#6935 = EDGE_CURVE('',#6936,#6928,#6938,.T.);
#6936 = VERTEX_POINT('',#6937);
#6937 = CARTESIAN_POINT('',(48.01,15.,-2.2));
#6938 = LINE('',#6939,#6940);
#6939 = CARTESIAN_POINT('',(36.78,15.,-2.2));
#6940 = VECTOR('',#6941,1.);
#6941 = DIRECTION('',(-1.,0.,0.));
#6942 = ORIENTED_EDGE('',*,*,#6943,.F.);
#6943 = EDGE_CURVE('',#6920,#6936,#6944,.T.);
#6944 = LINE('',#6945,#6946);
#6945 = CARTESIAN_POINT('',(48.01,15.,-2.6825));
#6946 = VECTOR('',#6947,1.);
#6947 = DIRECTION('',(0.,0.,-1.));
#6948 = FACE_BOUND('',#6949,.T.);
#6949 = EDGE_LOOP('',(#6950,#6961,#6969,#6978,#6986,#6995,#7003,#7012));
#6950 = ORIENTED_EDGE('',*,*,#6951,.F.);
#6951 = EDGE_CURVE('',#6952,#6954,#6956,.T.);
#6952 = VERTEX_POINT('',#6953);
#6953 = CARTESIAN_POINT('',(52.91,15.,1.E-02));
#6954 = VERTEX_POINT('',#6955);
#6955 = CARTESIAN_POINT('',(54.,15.,1.1));
#6956 = CIRCLE('',#6957,1.09);
#6957 = AXIS2_PLACEMENT_3D('',#6958,#6959,#6960);
#6958 = CARTESIAN_POINT('',(54.,15.,1.E-02));
#6959 = DIRECTION('',(0.,1.,-0.));
#6960 = DIRECTION('',(-1.,0.,0.));
#6961 = ORIENTED_EDGE('',*,*,#6962,.T.);
#6962 = EDGE_CURVE('',#6952,#6963,#6965,.T.);
#6963 = VERTEX_POINT('',#6964);
#6964 = CARTESIAN_POINT('',(52.91,15.,-1.E-02));
#6965 = LINE('',#6966,#6967);
#6966 = CARTESIAN_POINT('',(52.91,15.,-2.1325));
#6967 = VECTOR('',#6968,1.);
#6968 = DIRECTION('',(0.,0.,-1.));
#6969 = ORIENTED_EDGE('',*,*,#6970,.F.);
#6970 = EDGE_CURVE('',#6971,#6963,#6973,.T.);
#6971 = VERTEX_POINT('',#6972);
#6972 = CARTESIAN_POINT('',(54.,15.,-1.1));
#6973 = CIRCLE('',#6974,1.09);
#6974 = AXIS2_PLACEMENT_3D('',#6975,#6976,#6977);
#6975 = CARTESIAN_POINT('',(54.,15.,-1.E-02));
#6976 = DIRECTION('',(0.,1.,-0.));
#6977 = DIRECTION('',(-1.,0.,0.));
#6978 = ORIENTED_EDGE('',*,*,#6979,.T.);
#6979 = EDGE_CURVE('',#6971,#6980,#6982,.T.);
#6980 = VERTEX_POINT('',#6981);
#6981 = CARTESIAN_POINT('',(55.02,15.,-1.1));
#6982 = LINE('',#6983,#6984);
#6983 = CARTESIAN_POINT('',(41.455,15.,-1.1));
#6984 = VECTOR('',#6985,1.);
#6985 = DIRECTION('',(1.,0.,0.));
#6986 = ORIENTED_EDGE('',*,*,#6987,.F.);
#6987 = EDGE_CURVE('',#6988,#6980,#6990,.T.);
#6988 = VERTEX_POINT('',#6989);
#6989 = CARTESIAN_POINT('',(56.11,15.,-1.E-02));
#6990 = CIRCLE('',#6991,1.09);
#6991 = AXIS2_PLACEMENT_3D('',#6992,#6993,#6994);
#6992 = CARTESIAN_POINT('',(55.02,15.,-1.E-02));
#6993 = DIRECTION('',(-0.,1.,0.));
#6994 = DIRECTION('',(1.,0.,0.));
#6995 = ORIENTED_EDGE('',*,*,#6996,.F.);
#6996 = EDGE_CURVE('',#6997,#6988,#6999,.T.);
#6997 = VERTEX_POINT('',#6998);
#6998 = CARTESIAN_POINT('',(56.11,15.,1.E-02));
#6999 = LINE('',#7000,#7001);
#7000 = CARTESIAN_POINT('',(56.11,15.,-2.1325));
#7001 = VECTOR('',#7002,1.);
#7002 = DIRECTION('',(0.,0.,-1.));
#7003 = ORIENTED_EDGE('',*,*,#7004,.F.);
#7004 = EDGE_CURVE('',#7005,#6997,#7007,.T.);
#7005 = VERTEX_POINT('',#7006);
#7006 = CARTESIAN_POINT('',(55.02,15.,1.1));
#7007 = CIRCLE('',#7008,1.09);
#7008 = AXIS2_PLACEMENT_3D('',#7009,#7010,#7011);
#7009 = CARTESIAN_POINT('',(55.02,15.,1.E-02));
#7010 = DIRECTION('',(-0.,1.,0.));
#7011 = DIRECTION('',(1.,0.,0.));
#7012 = ORIENTED_EDGE('',*,*,#7013,.F.);
#7013 = EDGE_CURVE('',#6954,#7005,#7014,.T.);
#7014 = LINE('',#7015,#7016);
#7015 = CARTESIAN_POINT('',(41.455,15.,1.1));
#7016 = VECTOR('',#7017,1.);
#7017 = DIRECTION('',(1.,0.,0.));
#7018 = FACE_BOUND('',#7019,.T.);
#7019 = EDGE_LOOP('',(#7020,#7030,#7038,#7046));
#7020 = ORIENTED_EDGE('',*,*,#7021,.F.);
#7021 = EDGE_CURVE('',#7022,#7024,#7026,.T.);
#7022 = VERTEX_POINT('',#7023);
#7023 = CARTESIAN_POINT('',(58.01,15.,2.2));
#7024 = VERTEX_POINT('',#7025);
#7025 = CARTESIAN_POINT('',(63.01,15.,2.2));
#7026 = LINE('',#7027,#7028);
#7027 = CARTESIAN_POINT('',(44.28,15.,2.2));
#7028 = VECTOR('',#7029,1.);
#7029 = DIRECTION('',(1.,0.,0.));
#7030 = ORIENTED_EDGE('',*,*,#7031,.T.);
#7031 = EDGE_CURVE('',#7022,#7032,#7034,.T.);
#7032 = VERTEX_POINT('',#7033);
#7033 = CARTESIAN_POINT('',(58.01,15.,-2.2));
#7034 = LINE('',#7035,#7036);
#7035 = CARTESIAN_POINT('',(58.01,15.,-2.6825));
#7036 = VECTOR('',#7037,1.);
#7037 = DIRECTION('',(0.,0.,-1.));
#7038 = ORIENTED_EDGE('',*,*,#7039,.F.);
#7039 = EDGE_CURVE('',#7040,#7032,#7042,.T.);
#7040 = VERTEX_POINT('',#7041);
#7041 = CARTESIAN_POINT('',(63.01,15.,-2.2));
#7042 = LINE('',#7043,#7044);
#7043 = CARTESIAN_POINT('',(44.28,15.,-2.2));
#7044 = VECTOR('',#7045,1.);
#7045 = DIRECTION('',(-1.,0.,0.));
#7046 = ORIENTED_EDGE('',*,*,#7047,.F.);
#7047 = EDGE_CURVE('',#7024,#7040,#7048,.T.);
#7048 = LINE('',#7049,#7050);
#7049 = CARTESIAN_POINT('',(63.01,15.,-2.6825));
#7050 = VECTOR('',#7051,1.);
#7051 = DIRECTION('',(0.,0.,-1.));
#7052 = FACE_BOUND('',#7053,.T.);
#7053 = EDGE_LOOP('',(#7054,#7065,#7073,#7082,#7090,#7099,#7107,#7116));
#7054 = ORIENTED_EDGE('',*,*,#7055,.F.);
#7055 = EDGE_CURVE('',#7056,#7058,#7060,.T.);
#7056 = VERTEX_POINT('',#7057);
#7057 = CARTESIAN_POINT('',(67.91,15.,1.E-02));
#7058 = VERTEX_POINT('',#7059);
#7059 = CARTESIAN_POINT('',(69.,15.,1.1));
#7060 = CIRCLE('',#7061,1.09);
#7061 = AXIS2_PLACEMENT_3D('',#7062,#7063,#7064);
#7062 = CARTESIAN_POINT('',(69.,15.,1.E-02));
#7063 = DIRECTION('',(0.,1.,-0.));
#7064 = DIRECTION('',(-1.,0.,0.));
#7065 = ORIENTED_EDGE('',*,*,#7066,.T.);
#7066 = EDGE_CURVE('',#7056,#7067,#7069,.T.);
#7067 = VERTEX_POINT('',#7068);
#7068 = CARTESIAN_POINT('',(67.91,15.,-1.E-02));
#7069 = LINE('',#7070,#7071);
#7070 = CARTESIAN_POINT('',(67.91,15.,-2.1325));
#7071 = VECTOR('',#7072,1.);
#7072 = DIRECTION('',(0.,0.,-1.));
#7073 = ORIENTED_EDGE('',*,*,#7074,.F.);
#7074 = EDGE_CURVE('',#7075,#7067,#7077,.T.);
#7075 = VERTEX_POINT('',#7076);
#7076 = CARTESIAN_POINT('',(69.,15.,-1.1));
#7077 = CIRCLE('',#7078,1.09);
#7078 = AXIS2_PLACEMENT_3D('',#7079,#7080,#7081);
#7079 = CARTESIAN_POINT('',(69.,15.,-1.E-02));
#7080 = DIRECTION('',(0.,1.,-0.));
#7081 = DIRECTION('',(-1.,0.,0.));
#7082 = ORIENTED_EDGE('',*,*,#7083,.T.);
#7083 = EDGE_CURVE('',#7075,#7084,#7086,.T.);
#7084 = VERTEX_POINT('',#7085);
#7085 = CARTESIAN_POINT('',(70.02,15.,-1.1));
#7086 = LINE('',#7087,#7088);
#7087 = CARTESIAN_POINT('',(48.955,15.,-1.1));
#7088 = VECTOR('',#7089,1.);
#7089 = DIRECTION('',(1.,0.,0.));
#7090 = ORIENTED_EDGE('',*,*,#7091,.F.);
#7091 = EDGE_CURVE('',#7092,#7084,#7094,.T.);
#7092 = VERTEX_POINT('',#7093);
#7093 = CARTESIAN_POINT('',(71.11,15.,-1.E-02));
#7094 = CIRCLE('',#7095,1.09);
#7095 = AXIS2_PLACEMENT_3D('',#7096,#7097,#7098);
#7096 = CARTESIAN_POINT('',(70.02,15.,-1.E-02));
#7097 = DIRECTION('',(-0.,1.,0.));
#7098 = DIRECTION('',(1.,0.,0.));
#7099 = ORIENTED_EDGE('',*,*,#7100,.F.);
#7100 = EDGE_CURVE('',#7101,#7092,#7103,.T.);
#7101 = VERTEX_POINT('',#7102);
#7102 = CARTESIAN_POINT('',(71.11,15.,1.E-02));
#7103 = LINE('',#7104,#7105);
#7104 = CARTESIAN_POINT('',(71.11,15.,-2.1325));
#7105 = VECTOR('',#7106,1.);
#7106 = DIRECTION('',(0.,0.,-1.));
#7107 = ORIENTED_EDGE('',*,*,#7108,.F.);
#7108 = EDGE_CURVE('',#7109,#7101,#7111,.T.);
#7109 = VERTEX_POINT('',#7110);
#7110 = CARTESIAN_POINT('',(70.02,15.,1.1));
#7111 = CIRCLE('',#7112,1.09);
#7112 = AXIS2_PLACEMENT_3D('',#7113,#7114,#7115);
#7113 = CARTESIAN_POINT('',(70.02,15.,1.E-02));
#7114 = DIRECTION('',(-0.,1.,0.));
#7115 = DIRECTION('',(1.,0.,0.));
#7116 = ORIENTED_EDGE('',*,*,#7117,.F.);
#7117 = EDGE_CURVE('',#7058,#7109,#7118,.T.);
#7118 = LINE('',#7119,#7120);
#7119 = CARTESIAN_POINT('',(48.955,15.,1.1));
#7120 = VECTOR('',#7121,1.);
#7121 = DIRECTION('',(1.,0.,0.));
#7122 = PLANE('',#7123);
#7123 = AXIS2_PLACEMENT_3D('',#7124,#7125,#7126);
#7124 = CARTESIAN_POINT('',(30.,15.,-3.165));
#7125 = DIRECTION('',(0.,1.,0.));
#7126 = DIRECTION('',(0.,0.,1.));
#7127 = ADVANCED_FACE('',(#7128),#7133,.T.);
#7128 = FACE_BOUND('',#7129,.T.);
#7129 = EDGE_LOOP('',(#7130,#7131,#7132));
#7130 = ORIENTED_EDGE('',*,*,#5211,.F.);
#7131 = ORIENTED_EDGE('',*,*,#5187,.T.);
#7132 = ORIENTED_EDGE('',*,*,#5570,.F.);
#7133 = PLANE('',#7134);
#7134 = AXIS2_PLACEMENT_3D('',#7135,#7136,#7137);
#7135 = CARTESIAN_POINT('',(73.,15.2,4.165));
#7136 = DIRECTION('',(0.49700734612,0.613589316197,-0.613589316197));
#7137 = DIRECTION('',(-2.775557561563E-17,-0.707106781187,
    -0.707106781187));
#7138 = ADVANCED_FACE('',(#7139),#7150,.F.);
#7139 = FACE_BOUND('',#7140,.F.);
#7140 = EDGE_LOOP('',(#7141,#7147,#7148,#7149));
#7141 = ORIENTED_EDGE('',*,*,#7142,.F.);
#7142 = EDGE_CURVE('',#6831,#5561,#7143,.T.);
#7143 = LINE('',#7144,#7145);
#7144 = CARTESIAN_POINT('',(30.,15.,3.165));
#7145 = VECTOR('',#7146,1.);
#7146 = DIRECTION('',(0.,1.,0.));
#7147 = ORIENTED_EDGE('',*,*,#6838,.T.);
#7148 = ORIENTED_EDGE('',*,*,#5197,.F.);
#7149 = ORIENTED_EDGE('',*,*,#5576,.F.);
#7150 = PLANE('',#7151);
#7151 = AXIS2_PLACEMENT_3D('',#7152,#7153,#7154);
#7152 = CARTESIAN_POINT('',(30.,15.,3.165));
#7153 = DIRECTION('',(0.,0.,1.));
#7154 = DIRECTION('',(1.,0.,0.));
#7155 = ADVANCED_FACE('',(#7156),#7162,.T.);
#7156 = FACE_BOUND('',#7157,.T.);
#7157 = EDGE_LOOP('',(#7158,#7159,#7160,#7161));
#7158 = ORIENTED_EDGE('',*,*,#5353,.F.);
#7159 = ORIENTED_EDGE('',*,*,#5377,.T.);
#7160 = ORIENTED_EDGE('',*,*,#5236,.T.);
#7161 = ORIENTED_EDGE('',*,*,#5330,.F.);
#7162 = PLANE('',#7163);
#7163 = AXIS2_PLACEMENT_3D('',#7164,#7165,#7166);
#7164 = CARTESIAN_POINT('',(66.71,11.3,-2.2));
#7165 = DIRECTION('',(1.,0.,0.));
#7166 = DIRECTION('',(0.,0.,1.));
#7167 = ADVANCED_FACE('',(#7168),#7184,.F.);
#7168 = FACE_BOUND('',#7169,.F.);
#7169 = EDGE_LOOP('',(#7170,#7176,#7177,#7183));
#7170 = ORIENTED_EDGE('',*,*,#7171,.F.);
#7171 = EDGE_CURVE('',#5254,#7056,#7172,.T.);
#7172 = LINE('',#7173,#7174);
#7173 = CARTESIAN_POINT('',(67.91,11.3,1.E-02));
#7174 = VECTOR('',#7175,1.);
#7175 = DIRECTION('',(0.,1.,0.));
#7176 = ORIENTED_EDGE('',*,*,#5253,.T.);
#7177 = ORIENTED_EDGE('',*,*,#7178,.T.);
#7178 = EDGE_CURVE('',#5256,#7058,#7179,.T.);
#7179 = LINE('',#7180,#7181);
#7180 = CARTESIAN_POINT('',(69.,11.3,1.1));
#7181 = VECTOR('',#7182,1.);
#7182 = DIRECTION('',(0.,1.,0.));
#7183 = ORIENTED_EDGE('',*,*,#7055,.F.);
#7184 = CYLINDRICAL_SURFACE('',#7185,1.09);
#7185 = AXIS2_PLACEMENT_3D('',#7186,#7187,#7188);
#7186 = CARTESIAN_POINT('',(69.,11.3,1.E-02));
#7187 = DIRECTION('',(0.,1.,0.));
#7188 = DIRECTION('',(-1.,0.,0.));
#7189 = ADVANCED_FACE('',(#7190),#7201,.T.);
#7190 = FACE_BOUND('',#7191,.T.);
#7191 = EDGE_LOOP('',(#7192,#7193,#7194,#7200));
#7192 = ORIENTED_EDGE('',*,*,#7171,.F.);
#7193 = ORIENTED_EDGE('',*,*,#5264,.T.);
#7194 = ORIENTED_EDGE('',*,*,#7195,.T.);
#7195 = EDGE_CURVE('',#5265,#7067,#7196,.T.);
#7196 = LINE('',#7197,#7198);
#7197 = CARTESIAN_POINT('',(67.91,11.3,-1.E-02));
#7198 = VECTOR('',#7199,1.);
#7199 = DIRECTION('',(0.,1.,0.));
#7200 = ORIENTED_EDGE('',*,*,#7066,.F.);
#7201 = PLANE('',#7202);
#7202 = AXIS2_PLACEMENT_3D('',#7203,#7204,#7205);
#7203 = CARTESIAN_POINT('',(67.91,11.3,-1.1));
#7204 = DIRECTION('',(1.,0.,0.));
#7205 = DIRECTION('',(0.,0.,1.));
#7206 = ADVANCED_FACE('',(#7207),#7218,.F.);
#7207 = FACE_BOUND('',#7208,.F.);
#7208 = EDGE_LOOP('',(#7209,#7210,#7211,#7212));
#7209 = ORIENTED_EDGE('',*,*,#7117,.F.);
#7210 = ORIENTED_EDGE('',*,*,#7178,.F.);
#7211 = ORIENTED_EDGE('',*,*,#5315,.T.);
#7212 = ORIENTED_EDGE('',*,*,#7213,.T.);
#7213 = EDGE_CURVE('',#5307,#7109,#7214,.T.);
#7214 = LINE('',#7215,#7216);
#7215 = CARTESIAN_POINT('',(70.02,11.3,1.1));
#7216 = VECTOR('',#7217,1.);
#7217 = DIRECTION('',(0.,1.,0.));
#7218 = PLANE('',#7219);
#7219 = AXIS2_PLACEMENT_3D('',#7220,#7221,#7222);
#7220 = CARTESIAN_POINT('',(67.91,11.3,1.1));
#7221 = DIRECTION('',(0.,0.,1.));
#7222 = DIRECTION('',(1.,0.,0.));
#7223 = ADVANCED_FACE('',(#7224),#7235,.F.);
#7224 = FACE_BOUND('',#7225,.T.);
#7225 = EDGE_LOOP('',(#7226,#7227,#7228,#7234));
#7226 = ORIENTED_EDGE('',*,*,#7195,.F.);
#7227 = ORIENTED_EDGE('',*,*,#5272,.F.);
#7228 = ORIENTED_EDGE('',*,*,#7229,.T.);
#7229 = EDGE_CURVE('',#5273,#7075,#7230,.T.);
#7230 = LINE('',#7231,#7232);
#7231 = CARTESIAN_POINT('',(69.,11.3,-1.1));
#7232 = VECTOR('',#7233,1.);
#7233 = DIRECTION('',(0.,1.,0.));
#7234 = ORIENTED_EDGE('',*,*,#7074,.T.);
#7235 = CYLINDRICAL_SURFACE('',#7236,1.09);
#7236 = AXIS2_PLACEMENT_3D('',#7237,#7238,#7239);
#7237 = CARTESIAN_POINT('',(69.,11.3,-1.E-02));
#7238 = DIRECTION('',(0.,1.,0.));
#7239 = DIRECTION('',(-1.,0.,0.));
#7240 = ADVANCED_FACE('',(#7241),#7252,.F.);
#7241 = FACE_BOUND('',#7242,.T.);
#7242 = EDGE_LOOP('',(#7243,#7249,#7250,#7251));
#7243 = ORIENTED_EDGE('',*,*,#7244,.F.);
#7244 = EDGE_CURVE('',#5299,#7101,#7245,.T.);
#7245 = LINE('',#7246,#7247);
#7246 = CARTESIAN_POINT('',(71.11,11.3,1.E-02));
#7247 = VECTOR('',#7248,1.);
#7248 = DIRECTION('',(0.,1.,0.));
#7249 = ORIENTED_EDGE('',*,*,#5306,.F.);
#7250 = ORIENTED_EDGE('',*,*,#7213,.T.);
#7251 = ORIENTED_EDGE('',*,*,#7108,.T.);
#7252 = CYLINDRICAL_SURFACE('',#7253,1.09);
#7253 = AXIS2_PLACEMENT_3D('',#7254,#7255,#7256);
#7254 = CARTESIAN_POINT('',(70.02,11.3,1.E-02));
#7255 = DIRECTION('',(0.,1.,0.));
#7256 = DIRECTION('',(1.,0.,0.));
#7257 = ADVANCED_FACE('',(#7258),#7269,.T.);
#7258 = FACE_BOUND('',#7259,.T.);
#7259 = EDGE_LOOP('',(#7260,#7261,#7262,#7263));
#7260 = ORIENTED_EDGE('',*,*,#7083,.F.);
#7261 = ORIENTED_EDGE('',*,*,#7229,.F.);
#7262 = ORIENTED_EDGE('',*,*,#5281,.T.);
#7263 = ORIENTED_EDGE('',*,*,#7264,.T.);
#7264 = EDGE_CURVE('',#5282,#7084,#7265,.T.);
#7265 = LINE('',#7266,#7267);
#7266 = CARTESIAN_POINT('',(70.02,11.3,-1.1));
#7267 = VECTOR('',#7268,1.);
#7268 = DIRECTION('',(0.,1.,0.));
#7269 = PLANE('',#7270);
#7270 = AXIS2_PLACEMENT_3D('',#7271,#7272,#7273);
#7271 = CARTESIAN_POINT('',(67.91,11.3,-1.1));
#7272 = DIRECTION('',(0.,0.,1.));
#7273 = DIRECTION('',(1.,0.,0.));
#7274 = ADVANCED_FACE('',(#7275),#7286,.F.);
#7275 = FACE_BOUND('',#7276,.F.);
#7276 = EDGE_LOOP('',(#7277,#7278,#7279,#7285));
#7277 = ORIENTED_EDGE('',*,*,#7244,.F.);
#7278 = ORIENTED_EDGE('',*,*,#5298,.T.);
#7279 = ORIENTED_EDGE('',*,*,#7280,.T.);
#7280 = EDGE_CURVE('',#5290,#7092,#7281,.T.);
#7281 = LINE('',#7282,#7283);
#7282 = CARTESIAN_POINT('',(71.11,11.3,-1.E-02));
#7283 = VECTOR('',#7284,1.);
#7284 = DIRECTION('',(0.,1.,0.));
#7285 = ORIENTED_EDGE('',*,*,#7100,.F.);
#7286 = PLANE('',#7287);
#7287 = AXIS2_PLACEMENT_3D('',#7288,#7289,#7290);
#7288 = CARTESIAN_POINT('',(71.11,11.3,-1.1));
#7289 = DIRECTION('',(1.,0.,0.));
#7290 = DIRECTION('',(0.,0.,1.));
#7291 = ADVANCED_FACE('',(#7292),#7298,.F.);
#7292 = FACE_BOUND('',#7293,.F.);
#7293 = EDGE_LOOP('',(#7294,#7295,#7296,#7297));
#7294 = ORIENTED_EDGE('',*,*,#7280,.F.);
#7295 = ORIENTED_EDGE('',*,*,#5289,.T.);
#7296 = ORIENTED_EDGE('',*,*,#7264,.T.);
#7297 = ORIENTED_EDGE('',*,*,#7091,.F.);
#7298 = CYLINDRICAL_SURFACE('',#7299,1.09);
#7299 = AXIS2_PLACEMENT_3D('',#7300,#7301,#7302);
#7300 = CARTESIAN_POINT('',(70.02,11.3,-1.E-02));
#7301 = DIRECTION('',(0.,1.,0.));
#7302 = DIRECTION('',(1.,0.,0.));
#7303 = ADVANCED_FACE('',(#7304),#7310,.T.);
#7304 = FACE_BOUND('',#7305,.T.);
#7305 = EDGE_LOOP('',(#7306,#7307,#7308,#7309));
#7306 = ORIENTED_EDGE('',*,*,#5519,.F.);
#7307 = ORIENTED_EDGE('',*,*,#5543,.T.);
#7308 = ORIENTED_EDGE('',*,*,#5402,.T.);
#7309 = ORIENTED_EDGE('',*,*,#5496,.F.);
#7310 = PLANE('',#7311);
#7311 = AXIS2_PLACEMENT_3D('',#7312,#7313,#7314);
#7312 = CARTESIAN_POINT('',(66.71,8.7,3.2));
#7313 = DIRECTION('',(1.,0.,0.));
#7314 = DIRECTION('',(0.,0.,-1.));
#7315 = ADVANCED_FACE('',(#7316),#7332,.F.);
#7316 = FACE_BOUND('',#7317,.F.);
#7317 = EDGE_LOOP('',(#7318,#7324,#7325,#7331));
#7318 = ORIENTED_EDGE('',*,*,#7319,.F.);
#7319 = EDGE_CURVE('',#5420,#6732,#7320,.T.);
#7320 = LINE('',#7321,#7322);
#7321 = CARTESIAN_POINT('',(67.91,8.7,0.99));
#7322 = VECTOR('',#7323,1.);
#7323 = DIRECTION('',(0.,-1.,0.));
#7324 = ORIENTED_EDGE('',*,*,#5419,.T.);
#7325 = ORIENTED_EDGE('',*,*,#7326,.T.);
#7326 = EDGE_CURVE('',#5422,#6740,#7327,.T.);
#7327 = LINE('',#7328,#7329);
#7328 = CARTESIAN_POINT('',(69.,8.7,-0.1));
#7329 = VECTOR('',#7330,1.);
#7330 = DIRECTION('',(0.,-1.,0.));
#7331 = ORIENTED_EDGE('',*,*,#6739,.F.);
#7332 = CYLINDRICAL_SURFACE('',#7333,1.09);
#7333 = AXIS2_PLACEMENT_3D('',#7334,#7335,#7336);
#7334 = CARTESIAN_POINT('',(69.,8.7,0.99));
#7335 = DIRECTION('',(0.,-1.,0.));
#7336 = DIRECTION('',(-1.,0.,0.));
#7337 = ADVANCED_FACE('',(#7338),#7349,.T.);
#7338 = FACE_BOUND('',#7339,.T.);
#7339 = EDGE_LOOP('',(#7340,#7341,#7342,#7348));
#7340 = ORIENTED_EDGE('',*,*,#7319,.F.);
#7341 = ORIENTED_EDGE('',*,*,#5430,.T.);
#7342 = ORIENTED_EDGE('',*,*,#7343,.T.);
#7343 = EDGE_CURVE('',#5431,#6730,#7344,.T.);
#7344 = LINE('',#7345,#7346);
#7345 = CARTESIAN_POINT('',(67.91,8.7,1.01));
#7346 = VECTOR('',#7347,1.);
#7347 = DIRECTION('',(0.,-1.,0.));
#7348 = ORIENTED_EDGE('',*,*,#6729,.T.);
#7349 = PLANE('',#7350);
#7350 = AXIS2_PLACEMENT_3D('',#7351,#7352,#7353);
#7351 = CARTESIAN_POINT('',(67.91,8.7,2.1));
#7352 = DIRECTION('',(1.,0.,0.));
#7353 = DIRECTION('',(0.,0.,-1.));
#7354 = ADVANCED_FACE('',(#7355),#7366,.F.);
#7355 = FACE_BOUND('',#7356,.F.);
#7356 = EDGE_LOOP('',(#7357,#7358,#7359,#7360));
#7357 = ORIENTED_EDGE('',*,*,#6748,.T.);
#7358 = ORIENTED_EDGE('',*,*,#7326,.F.);
#7359 = ORIENTED_EDGE('',*,*,#5481,.T.);
#7360 = ORIENTED_EDGE('',*,*,#7361,.T.);
#7361 = EDGE_CURVE('',#5473,#6749,#7362,.T.);
#7362 = LINE('',#7363,#7364);
#7363 = CARTESIAN_POINT('',(70.02,8.7,-0.1));
#7364 = VECTOR('',#7365,1.);
#7365 = DIRECTION('',(0.,-1.,0.));
#7366 = PLANE('',#7367);
#7367 = AXIS2_PLACEMENT_3D('',#7368,#7369,#7370);
#7368 = CARTESIAN_POINT('',(67.91,8.7,-0.1));
#7369 = DIRECTION('',(0.,0.,-1.));
#7370 = DIRECTION('',(1.,0.,0.));
#7371 = ADVANCED_FACE('',(#7372),#7383,.F.);
#7372 = FACE_BOUND('',#7373,.T.);
#7373 = EDGE_LOOP('',(#7374,#7375,#7376,#7382));
#7374 = ORIENTED_EDGE('',*,*,#7343,.F.);
#7375 = ORIENTED_EDGE('',*,*,#5438,.F.);
#7376 = ORIENTED_EDGE('',*,*,#7377,.T.);
#7377 = EDGE_CURVE('',#5439,#6783,#7378,.T.);
#7378 = LINE('',#7379,#7380);
#7379 = CARTESIAN_POINT('',(69.,8.7,2.1));
#7380 = VECTOR('',#7381,1.);
#7381 = DIRECTION('',(0.,-1.,0.));
#7382 = ORIENTED_EDGE('',*,*,#6790,.T.);
#7383 = CYLINDRICAL_SURFACE('',#7384,1.09);
#7384 = AXIS2_PLACEMENT_3D('',#7385,#7386,#7387);
#7385 = CARTESIAN_POINT('',(69.,8.7,1.01));
#7386 = DIRECTION('',(0.,-1.,0.));
#7387 = DIRECTION('',(-1.,0.,0.));
#7388 = ADVANCED_FACE('',(#7389),#7400,.F.);
#7389 = FACE_BOUND('',#7390,.T.);
#7390 = EDGE_LOOP('',(#7391,#7397,#7398,#7399));
#7391 = ORIENTED_EDGE('',*,*,#7392,.F.);
#7392 = EDGE_CURVE('',#5465,#6757,#7393,.T.);
#7393 = LINE('',#7394,#7395);
#7394 = CARTESIAN_POINT('',(71.11,8.7,0.99));
#7395 = VECTOR('',#7396,1.);
#7396 = DIRECTION('',(0.,-1.,0.));
#7397 = ORIENTED_EDGE('',*,*,#5472,.F.);
#7398 = ORIENTED_EDGE('',*,*,#7361,.T.);
#7399 = ORIENTED_EDGE('',*,*,#6756,.T.);
#7400 = CYLINDRICAL_SURFACE('',#7401,1.09);
#7401 = AXIS2_PLACEMENT_3D('',#7402,#7403,#7404);
#7402 = CARTESIAN_POINT('',(70.02,8.7,0.99));
#7403 = DIRECTION('',(0.,-1.,0.));
#7404 = DIRECTION('',(1.,0.,0.));
#7405 = ADVANCED_FACE('',(#7406),#7417,.T.);
#7406 = FACE_BOUND('',#7407,.T.);
#7407 = EDGE_LOOP('',(#7408,#7409,#7410,#7411));
#7408 = ORIENTED_EDGE('',*,*,#6782,.T.);
#7409 = ORIENTED_EDGE('',*,*,#7377,.F.);
#7410 = ORIENTED_EDGE('',*,*,#5447,.T.);
#7411 = ORIENTED_EDGE('',*,*,#7412,.T.);
#7412 = EDGE_CURVE('',#5448,#6774,#7413,.T.);
#7413 = LINE('',#7414,#7415);
#7414 = CARTESIAN_POINT('',(70.02,8.7,2.1));
#7415 = VECTOR('',#7416,1.);
#7416 = DIRECTION('',(0.,-1.,0.));
#7417 = PLANE('',#7418);
#7418 = AXIS2_PLACEMENT_3D('',#7419,#7420,#7421);
#7419 = CARTESIAN_POINT('',(67.91,8.7,2.1));
#7420 = DIRECTION('',(0.,0.,-1.));
#7421 = DIRECTION('',(1.,0.,0.));
#7422 = ADVANCED_FACE('',(#7423),#7434,.F.);
#7423 = FACE_BOUND('',#7424,.F.);
#7424 = EDGE_LOOP('',(#7425,#7426,#7427,#7433));
#7425 = ORIENTED_EDGE('',*,*,#7392,.F.);
#7426 = ORIENTED_EDGE('',*,*,#5464,.T.);
#7427 = ORIENTED_EDGE('',*,*,#7428,.T.);
#7428 = EDGE_CURVE('',#5456,#6766,#7429,.T.);
#7429 = LINE('',#7430,#7431);
#7430 = CARTESIAN_POINT('',(71.11,8.7,1.01));
#7431 = VECTOR('',#7432,1.);
#7432 = DIRECTION('',(0.,-1.,0.));
#7433 = ORIENTED_EDGE('',*,*,#6765,.T.);
#7434 = PLANE('',#7435);
#7435 = AXIS2_PLACEMENT_3D('',#7436,#7437,#7438);
#7436 = CARTESIAN_POINT('',(71.11,8.7,2.1));
#7437 = DIRECTION('',(1.,0.,0.));
#7438 = DIRECTION('',(0.,0.,-1.));
#7439 = ADVANCED_FACE('',(#7440),#7446,.F.);
#7440 = FACE_BOUND('',#7441,.F.);
#7441 = EDGE_LOOP('',(#7442,#7443,#7444,#7445));
#7442 = ORIENTED_EDGE('',*,*,#7428,.F.);
#7443 = ORIENTED_EDGE('',*,*,#5455,.T.);
#7444 = ORIENTED_EDGE('',*,*,#7412,.T.);
#7445 = ORIENTED_EDGE('',*,*,#6773,.F.);
#7446 = CYLINDRICAL_SURFACE('',#7447,1.09);
#7447 = AXIS2_PLACEMENT_3D('',#7448,#7449,#7450);
#7448 = CARTESIAN_POINT('',(70.02,8.7,1.01));
#7449 = DIRECTION('',(0.,-1.,0.));
#7450 = DIRECTION('',(1.,0.,0.));
#7451 = ADVANCED_FACE('',(#7452),#7458,.T.);
#7452 = FACE_BOUND('',#7453,.T.);
#7453 = EDGE_LOOP('',(#7454,#7455,#7456,#7457));
#7454 = ORIENTED_EDGE('',*,*,#7142,.F.);
#7455 = ORIENTED_EDGE('',*,*,#6830,.F.);
#7456 = ORIENTED_EDGE('',*,*,#6805,.T.);
#7457 = ORIENTED_EDGE('',*,*,#5641,.F.);
#7458 = PLANE('',#7459);
#7459 = AXIS2_PLACEMENT_3D('',#7460,#7461,#7462);
#7460 = CARTESIAN_POINT('',(30.,15.,-3.165));
#7461 = DIRECTION('',(1.,0.,0.));
#7462 = DIRECTION('',(0.,0.,1.));
#7463 = ADVANCED_FACE('',(#7464),#7490,.F.);
#7464 = FACE_BOUND('',#7465,.T.);
#7465 = EDGE_LOOP('',(#7466,#7474,#7475,#7483));
#7466 = ORIENTED_EDGE('',*,*,#7467,.F.);
#7467 = EDGE_CURVE('',#5747,#7468,#7470,.T.);
#7468 = VERTEX_POINT('',#7469);
#7469 = CARTESIAN_POINT('',(16.,-7.884887806182,2.311941329811));
#7470 = LINE('',#7471,#7472);
#7471 = CARTESIAN_POINT('',(14.5,-7.884887806182,2.311941329811));
#7472 = VECTOR('',#7473,1.);
#7473 = DIRECTION('',(1.,0.,-4.440892098501E-16));
#7474 = ORIENTED_EDGE('',*,*,#5744,.F.);
#7475 = ORIENTED_EDGE('',*,*,#7476,.T.);
#7476 = EDGE_CURVE('',#5745,#7477,#7479,.T.);
#7477 = VERTEX_POINT('',#7478);
#7478 = CARTESIAN_POINT('',(16.,-9.115112193818,2.311941329811));
#7479 = LINE('',#7480,#7481);
#7480 = CARTESIAN_POINT('',(14.5,-9.115112193818,2.311941329811));
#7481 = VECTOR('',#7482,1.);
#7482 = DIRECTION('',(1.,0.,-4.440892098501E-16));
#7483 = ORIENTED_EDGE('',*,*,#7484,.F.);
#7484 = EDGE_CURVE('',#7468,#7477,#7485,.T.);
#7485 = CIRCLE('',#7486,1.1);
#7486 = AXIS2_PLACEMENT_3D('',#7487,#7488,#7489);
#7487 = CARTESIAN_POINT('',(16.,-8.5,1.4));
#7488 = DIRECTION('',(-1.,0.,4.440892098501E-16));
#7489 = DIRECTION('',(3.681666405319E-16,0.559192903471,0.829037572555)
  );
#7490 = CYLINDRICAL_SURFACE('',#7491,1.1);
#7491 = AXIS2_PLACEMENT_3D('',#7492,#7493,#7494);
#7492 = CARTESIAN_POINT('',(14.5,-8.5,1.4));
#7493 = DIRECTION('',(-1.,-0.,4.440892098501E-16));
#7494 = DIRECTION('',(-6.162975822039E-33,1.,-1.387778780781E-17));
#7495 = ADVANCED_FACE('',(#7496),#7514,.F.);
#7496 = FACE_BOUND('',#7497,.F.);
#7497 = EDGE_LOOP('',(#7498,#7499,#7500,#7508));
#7498 = ORIENTED_EDGE('',*,*,#7467,.F.);
#7499 = ORIENTED_EDGE('',*,*,#5763,.F.);
#7500 = ORIENTED_EDGE('',*,*,#7501,.T.);
#7501 = EDGE_CURVE('',#5756,#7502,#7504,.T.);
#7502 = VERTEX_POINT('',#7503);
#7503 = CARTESIAN_POINT('',(16.,-8.5,2.726839743354));
#7504 = LINE('',#7505,#7506);
#7505 = CARTESIAN_POINT('',(14.5,-8.5,2.726839743354));
#7506 = VECTOR('',#7507,1.);
#7507 = DIRECTION('',(1.,0.,-4.440892098501E-16));
#7508 = ORIENTED_EDGE('',*,*,#7509,.T.);
#7509 = EDGE_CURVE('',#7502,#7468,#7510,.T.);
#7510 = LINE('',#7511,#7512);
#7511 = CARTESIAN_POINT('',(16.,-8.5,2.726839743354));
#7512 = VECTOR('',#7513,1.);
#7513 = DIRECTION('',(-2.483315346558E-16,0.829037572555,-0.55919290347)
  );
#7514 = PLANE('',#7515);
#7515 = AXIS2_PLACEMENT_3D('',#7516,#7517,#7518);
#7516 = CARTESIAN_POINT('',(14.5,-8.5,2.726839743354));
#7517 = DIRECTION('',(3.681666405322E-16,0.55919290347,0.829037572555));
#7518 = DIRECTION('',(-2.483315346558E-16,0.829037572555,-0.55919290347)
  );
#7519 = ADVANCED_FACE('',(#7520),#7531,.F.);
#7520 = FACE_BOUND('',#7521,.F.);
#7521 = EDGE_LOOP('',(#7522,#7523,#7524,#7525));
#7522 = ORIENTED_EDGE('',*,*,#7501,.F.);
#7523 = ORIENTED_EDGE('',*,*,#5755,.F.);
#7524 = ORIENTED_EDGE('',*,*,#7476,.T.);
#7525 = ORIENTED_EDGE('',*,*,#7526,.T.);
#7526 = EDGE_CURVE('',#7477,#7502,#7527,.T.);
#7527 = LINE('',#7528,#7529);
#7528 = CARTESIAN_POINT('',(16.,-9.115112193818,2.311941329811));
#7529 = VECTOR('',#7530,1.);
#7530 = DIRECTION('',(2.48331534656E-16,0.829037572555,0.559192903471));
#7531 = PLANE('',#7532);
#7532 = AXIS2_PLACEMENT_3D('',#7533,#7534,#7535);
#7533 = CARTESIAN_POINT('',(14.5,-9.115112193818,2.311941329811));
#7534 = DIRECTION('',(3.68166640532E-16,-0.559192903471,0.829037572555)
  );
#7535 = DIRECTION('',(2.48331534656E-16,0.829037572555,0.559192903471));
#7536 = ADVANCED_FACE('',(#7537),#7563,.F.);
#7537 = FACE_BOUND('',#7538,.T.);
#7538 = EDGE_LOOP('',(#7539,#7547,#7548,#7556));
#7539 = ORIENTED_EDGE('',*,*,#7540,.F.);
#7540 = EDGE_CURVE('',#5792,#7541,#7543,.T.);
#7541 = VERTEX_POINT('',#7542);
#7542 = CARTESIAN_POINT('',(16.,-19.88488780618,2.311941329811));
#7543 = LINE('',#7544,#7545);
#7544 = CARTESIAN_POINT('',(14.5,-19.88488780618,2.311941329811));
#7545 = VECTOR('',#7546,1.);
#7546 = DIRECTION('',(1.,0.,-4.440892098501E-16));
#7547 = ORIENTED_EDGE('',*,*,#5789,.F.);
#7548 = ORIENTED_EDGE('',*,*,#7549,.T.);
#7549 = EDGE_CURVE('',#5790,#7550,#7552,.T.);
#7550 = VERTEX_POINT('',#7551);
#7551 = CARTESIAN_POINT('',(16.,-21.11511219381,2.311941329811));
#7552 = LINE('',#7553,#7554);
#7553 = CARTESIAN_POINT('',(14.5,-21.11511219381,2.311941329811));
#7554 = VECTOR('',#7555,1.);
#7555 = DIRECTION('',(1.,0.,-4.440892098501E-16));
#7556 = ORIENTED_EDGE('',*,*,#7557,.F.);
#7557 = EDGE_CURVE('',#7541,#7550,#7558,.T.);
#7558 = CIRCLE('',#7559,1.1);
#7559 = AXIS2_PLACEMENT_3D('',#7560,#7561,#7562);
#7560 = CARTESIAN_POINT('',(16.,-20.5,1.4));
#7561 = DIRECTION('',(-1.,0.,4.440892098501E-16));
#7562 = DIRECTION('',(3.681666405319E-16,0.559192903471,0.829037572555)
  );
#7563 = CYLINDRICAL_SURFACE('',#7564,1.1);
#7564 = AXIS2_PLACEMENT_3D('',#7565,#7566,#7567);
#7565 = CARTESIAN_POINT('',(14.5,-20.5,1.4));
#7566 = DIRECTION('',(-1.,-0.,4.440892098501E-16));
#7567 = DIRECTION('',(-6.162975822039E-33,1.,-1.387778780781E-17));
#7568 = ADVANCED_FACE('',(#7569),#7587,.F.);
#7569 = FACE_BOUND('',#7570,.F.);
#7570 = EDGE_LOOP('',(#7571,#7572,#7573,#7581));
#7571 = ORIENTED_EDGE('',*,*,#7540,.F.);
#7572 = ORIENTED_EDGE('',*,*,#5808,.F.);
#7573 = ORIENTED_EDGE('',*,*,#7574,.T.);
#7574 = EDGE_CURVE('',#5801,#7575,#7577,.T.);
#7575 = VERTEX_POINT('',#7576);
#7576 = CARTESIAN_POINT('',(16.,-20.5,2.726839743354));
#7577 = LINE('',#7578,#7579);
#7578 = CARTESIAN_POINT('',(14.5,-20.5,2.726839743354));
#7579 = VECTOR('',#7580,1.);
#7580 = DIRECTION('',(1.,0.,-4.440892098501E-16));
#7581 = ORIENTED_EDGE('',*,*,#7582,.T.);
#7582 = EDGE_CURVE('',#7575,#7541,#7583,.T.);
#7583 = LINE('',#7584,#7585);
#7584 = CARTESIAN_POINT('',(16.,-20.5,2.726839743354));
#7585 = VECTOR('',#7586,1.);
#7586 = DIRECTION('',(-2.483315346558E-16,0.829037572555,-0.55919290347)
  );
#7587 = PLANE('',#7588);
#7588 = AXIS2_PLACEMENT_3D('',#7589,#7590,#7591);
#7589 = CARTESIAN_POINT('',(14.5,-20.5,2.726839743354));
#7590 = DIRECTION('',(3.681666405322E-16,0.55919290347,0.829037572555));
#7591 = DIRECTION('',(-2.483315346558E-16,0.829037572555,-0.55919290347)
  );
#7592 = ADVANCED_FACE('',(#7593),#7604,.F.);
#7593 = FACE_BOUND('',#7594,.F.);
#7594 = EDGE_LOOP('',(#7595,#7596,#7597,#7598));
#7595 = ORIENTED_EDGE('',*,*,#7574,.F.);
#7596 = ORIENTED_EDGE('',*,*,#5800,.F.);
#7597 = ORIENTED_EDGE('',*,*,#7549,.T.);
#7598 = ORIENTED_EDGE('',*,*,#7599,.T.);
#7599 = EDGE_CURVE('',#7550,#7575,#7600,.T.);
#7600 = LINE('',#7601,#7602);
#7601 = CARTESIAN_POINT('',(16.,-21.11511219381,2.311941329811));
#7602 = VECTOR('',#7603,1.);
#7603 = DIRECTION('',(2.48331534656E-16,0.829037572555,0.559192903471));
#7604 = PLANE('',#7605);
#7605 = AXIS2_PLACEMENT_3D('',#7606,#7607,#7608);
#7606 = CARTESIAN_POINT('',(14.5,-21.11511219381,2.311941329811));
#7607 = DIRECTION('',(3.68166640532E-16,-0.559192903471,0.829037572555)
  );
#7608 = DIRECTION('',(2.48331534656E-16,0.829037572555,0.559192903471));
#7609 = ADVANCED_FACE('',(#7610),#7626,.F.);
#7610 = FACE_BOUND('',#7611,.T.);
#7611 = EDGE_LOOP('',(#7612,#7618,#7619,#7625));
#7612 = ORIENTED_EDGE('',*,*,#7613,.F.);
#7613 = EDGE_CURVE('',#7502,#6429,#7614,.T.);
#7614 = LINE('',#7615,#7616);
#7615 = CARTESIAN_POINT('',(16.305410480086,-8.5,3.095231346095));
#7616 = VECTOR('',#7617,1.);
#7617 = DIRECTION('',(0.638230619643,-2.333093162513E-13,0.769845228698)
  );
#7618 = ORIENTED_EDGE('',*,*,#7509,.T.);
#7619 = ORIENTED_EDGE('',*,*,#7620,.T.);
#7620 = EDGE_CURVE('',#7468,#6431,#7621,.T.);
#7621 = LINE('',#7622,#7623);
#7622 = CARTESIAN_POINT('',(16.5,-7.605291354447,2.726460116088));
#7623 = VECTOR('',#7624,1.);
#7624 = DIRECTION('',(0.707106781187,0.395409094035,0.586218089412));
#7625 = ORIENTED_EDGE('',*,*,#6428,.F.);
#7626 = PLANE('',#7627);
#7627 = AXIS2_PLACEMENT_3D('',#7628,#7629,#7630);
#7628 = CARTESIAN_POINT('',(16.5,-8.220403548265,3.141358529632));
#7629 = DIRECTION('',(-0.707106781187,0.395409094035,0.586218089412));
#7630 = DIRECTION('',(3.593538371183E-16,-0.829037572555,0.55919290347)
  );
#7631 = ADVANCED_FACE('',(#7632),#7643,.F.);
#7632 = FACE_BOUND('',#7633,.T.);
#7633 = EDGE_LOOP('',(#7634,#7640,#7641,#7642));
#7634 = ORIENTED_EDGE('',*,*,#7635,.F.);
#7635 = EDGE_CURVE('',#7477,#6439,#7636,.T.);
#7636 = LINE('',#7637,#7638);
#7637 = CARTESIAN_POINT('',(16.,-9.115112193818,2.311941329811));
#7638 = VECTOR('',#7639,1.);
#7639 = DIRECTION('',(0.707106781187,-0.395409094036,0.586218089412));
#7640 = ORIENTED_EDGE('',*,*,#7526,.T.);
#7641 = ORIENTED_EDGE('',*,*,#7613,.T.);
#7642 = ORIENTED_EDGE('',*,*,#6447,.F.);
#7643 = PLANE('',#7644);
#7644 = AXIS2_PLACEMENT_3D('',#7645,#7646,#7647);
#7645 = CARTESIAN_POINT('',(16.5,-9.394708645553,2.726460116088));
#7646 = DIRECTION('',(-0.707106781187,-0.395409094035,0.586218089412));
#7647 = DIRECTION('',(-2.205759590404E-16,-0.829037572555,
    -0.559192903471));
#7648 = ADVANCED_FACE('',(#7649),#7655,.F.);
#7649 = FACE_BOUND('',#7650,.T.);
#7650 = EDGE_LOOP('',(#7651,#7652,#7653,#7654));
#7651 = ORIENTED_EDGE('',*,*,#7620,.F.);
#7652 = ORIENTED_EDGE('',*,*,#7484,.T.);
#7653 = ORIENTED_EDGE('',*,*,#7635,.T.);
#7654 = ORIENTED_EDGE('',*,*,#6438,.F.);
#7655 = CONICAL_SURFACE('',#7656,1.1,0.785398163397);
#7656 = AXIS2_PLACEMENT_3D('',#7657,#7658,#7659);
#7657 = CARTESIAN_POINT('',(16.,-8.5,1.4));
#7658 = DIRECTION('',(1.,0.,-4.440892098501E-16));
#7659 = DIRECTION('',(3.681666405319E-16,0.559192903471,0.829037572555)
  );
#7660 = ADVANCED_FACE('',(#7661),#7677,.F.);
#7661 = FACE_BOUND('',#7662,.T.);
#7662 = EDGE_LOOP('',(#7663,#7669,#7670,#7676));
#7663 = ORIENTED_EDGE('',*,*,#7664,.F.);
#7664 = EDGE_CURVE('',#7575,#6467,#7665,.T.);
#7665 = LINE('',#7666,#7667);
#7666 = CARTESIAN_POINT('',(16.305410480086,-20.5,3.095231346095));
#7667 = VECTOR('',#7668,1.);
#7668 = DIRECTION('',(0.638230619643,-2.333093162513E-13,0.769845228698)
  );
#7669 = ORIENTED_EDGE('',*,*,#7582,.T.);
#7670 = ORIENTED_EDGE('',*,*,#7671,.T.);
#7671 = EDGE_CURVE('',#7541,#6469,#7672,.T.);
#7672 = LINE('',#7673,#7674);
#7673 = CARTESIAN_POINT('',(16.5,-19.60529135444,2.726460116088));
#7674 = VECTOR('',#7675,1.);
#7675 = DIRECTION('',(0.707106781187,0.395409094035,0.586218089412));
#7676 = ORIENTED_EDGE('',*,*,#6466,.F.);
#7677 = PLANE('',#7678);
#7678 = AXIS2_PLACEMENT_3D('',#7679,#7680,#7681);
#7679 = CARTESIAN_POINT('',(16.5,-20.22040354826,3.141358529632));
#7680 = DIRECTION('',(-0.707106781187,0.395409094035,0.586218089412));
#7681 = DIRECTION('',(3.593538371183E-16,-0.829037572555,0.55919290347)
  );
#7682 = ADVANCED_FACE('',(#7683),#7694,.F.);
#7683 = FACE_BOUND('',#7684,.T.);
#7684 = EDGE_LOOP('',(#7685,#7691,#7692,#7693));
#7685 = ORIENTED_EDGE('',*,*,#7686,.F.);
#7686 = EDGE_CURVE('',#7550,#6477,#7687,.T.);
#7687 = LINE('',#7688,#7689);
#7688 = CARTESIAN_POINT('',(16.,-21.11511219381,2.311941329811));
#7689 = VECTOR('',#7690,1.);
#7690 = DIRECTION('',(0.707106781187,-0.395409094036,0.586218089412));
#7691 = ORIENTED_EDGE('',*,*,#7599,.T.);
#7692 = ORIENTED_EDGE('',*,*,#7664,.T.);
#7693 = ORIENTED_EDGE('',*,*,#6485,.F.);
#7694 = PLANE('',#7695);
#7695 = AXIS2_PLACEMENT_3D('',#7696,#7697,#7698);
#7696 = CARTESIAN_POINT('',(16.5,-21.39470864555,2.726460116088));
#7697 = DIRECTION('',(-0.707106781187,-0.395409094035,0.586218089412));
#7698 = DIRECTION('',(-2.205759590404E-16,-0.829037572555,
    -0.559192903471));
#7699 = ADVANCED_FACE('',(#7700),#7706,.F.);
#7700 = FACE_BOUND('',#7701,.T.);
#7701 = EDGE_LOOP('',(#7702,#7703,#7704,#7705));
#7702 = ORIENTED_EDGE('',*,*,#7671,.F.);
#7703 = ORIENTED_EDGE('',*,*,#7557,.T.);
#7704 = ORIENTED_EDGE('',*,*,#7686,.T.);
#7705 = ORIENTED_EDGE('',*,*,#6476,.F.);
#7706 = CONICAL_SURFACE('',#7707,1.1,0.785398163397);
#7707 = AXIS2_PLACEMENT_3D('',#7708,#7709,#7710);
#7708 = CARTESIAN_POINT('',(16.,-20.5,1.4));
#7709 = DIRECTION('',(1.,0.,-4.440892098501E-16));
#7710 = DIRECTION('',(3.681666405319E-16,0.559192903471,0.829037572555)
  );
#7711 = ADVANCED_FACE('',(#7712),#7737,.T.);
#7712 = FACE_BOUND('',#7713,.T.);
#7713 = EDGE_LOOP('',(#7714,#7722,#7730,#7736));
#7714 = ORIENTED_EDGE('',*,*,#7715,.F.);
#7715 = EDGE_CURVE('',#7716,#6524,#7718,.T.);
#7716 = VERTEX_POINT('',#7717);
#7717 = CARTESIAN_POINT('',(37.91,6.5,0.99));
#7718 = LINE('',#7719,#7720);
#7719 = CARTESIAN_POINT('',(37.91,8.7,0.99));
#7720 = VECTOR('',#7721,1.);
#7721 = DIRECTION('',(0.,-1.,0.));
#7722 = ORIENTED_EDGE('',*,*,#7723,.F.);
#7723 = EDGE_CURVE('',#7724,#7716,#7726,.T.);
#7724 = VERTEX_POINT('',#7725);
#7725 = CARTESIAN_POINT('',(37.91,6.5,1.01));
#7726 = LINE('',#7727,#7728);
#7727 = CARTESIAN_POINT('',(37.91,6.5,1.01));
#7728 = VECTOR('',#7729,1.);
#7729 = DIRECTION('',(-0.,-1.2E-16,-1.));
#7730 = ORIENTED_EDGE('',*,*,#7731,.T.);
#7731 = EDGE_CURVE('',#7724,#6522,#7732,.T.);
#7732 = LINE('',#7733,#7734);
#7733 = CARTESIAN_POINT('',(37.91,8.7,1.01));
#7734 = VECTOR('',#7735,1.);
#7735 = DIRECTION('',(0.,-1.,0.));
#7736 = ORIENTED_EDGE('',*,*,#6521,.T.);
#7737 = PLANE('',#7738);
#7738 = AXIS2_PLACEMENT_3D('',#7739,#7740,#7741);
#7739 = CARTESIAN_POINT('',(37.91,8.7,2.1));
#7740 = DIRECTION('',(1.,0.,0.));
#7741 = DIRECTION('',(0.,0.,-1.));
#7742 = ADVANCED_FACE('',(#7743),#7762,.F.);
#7743 = FACE_BOUND('',#7744,.T.);
#7744 = EDGE_LOOP('',(#7745,#7746,#7755,#7761));
#7745 = ORIENTED_EDGE('',*,*,#7731,.F.);
#7746 = ORIENTED_EDGE('',*,*,#7747,.F.);
#7747 = EDGE_CURVE('',#7748,#7724,#7750,.T.);
#7748 = VERTEX_POINT('',#7749);
#7749 = CARTESIAN_POINT('',(39.,6.5,2.1));
#7750 = CIRCLE('',#7751,1.09);
#7751 = AXIS2_PLACEMENT_3D('',#7752,#7753,#7754);
#7752 = CARTESIAN_POINT('',(39.,6.5,1.01));
#7753 = DIRECTION('',(0.,-1.,1.2E-16));
#7754 = DIRECTION('',(0.,1.2E-16,1.));
#7755 = ORIENTED_EDGE('',*,*,#7756,.T.);
#7756 = EDGE_CURVE('',#7748,#6575,#7757,.T.);
#7757 = LINE('',#7758,#7759);
#7758 = CARTESIAN_POINT('',(39.,8.7,2.1));
#7759 = VECTOR('',#7760,1.);
#7760 = DIRECTION('',(0.,-1.,0.));
#7761 = ORIENTED_EDGE('',*,*,#6582,.T.);
#7762 = CYLINDRICAL_SURFACE('',#7763,1.09);
#7763 = AXIS2_PLACEMENT_3D('',#7764,#7765,#7766);
#7764 = CARTESIAN_POINT('',(39.,8.7,1.01));
#7765 = DIRECTION('',(0.,-1.,0.));
#7766 = DIRECTION('',(-1.,0.,0.));
#7767 = ADVANCED_FACE('',(#7768),#7786,.T.);
#7768 = FACE_BOUND('',#7769,.T.);
#7769 = EDGE_LOOP('',(#7770,#7778,#7779,#7780));
#7770 = ORIENTED_EDGE('',*,*,#7771,.T.);
#7771 = EDGE_CURVE('',#7772,#6566,#7774,.T.);
#7772 = VERTEX_POINT('',#7773);
#7773 = CARTESIAN_POINT('',(40.02,6.5,2.1));
#7774 = LINE('',#7775,#7776);
#7775 = CARTESIAN_POINT('',(40.02,8.7,2.1));
#7776 = VECTOR('',#7777,1.);
#7777 = DIRECTION('',(0.,-1.,0.));
#7778 = ORIENTED_EDGE('',*,*,#6574,.T.);
#7779 = ORIENTED_EDGE('',*,*,#7756,.F.);
#7780 = ORIENTED_EDGE('',*,*,#7781,.F.);
#7781 = EDGE_CURVE('',#7772,#7748,#7782,.T.);
#7782 = LINE('',#7783,#7784);
#7783 = CARTESIAN_POINT('',(40.02,6.5,2.1));
#7784 = VECTOR('',#7785,1.);
#7785 = DIRECTION('',(-1.,-0.,-0.));
#7786 = PLANE('',#7787);
#7787 = AXIS2_PLACEMENT_3D('',#7788,#7789,#7790);
#7788 = CARTESIAN_POINT('',(37.91,8.7,2.1));
#7789 = DIRECTION('',(0.,0.,-1.));
#7790 = DIRECTION('',(1.,0.,0.));
#7791 = ADVANCED_FACE('',(#7792),#7811,.F.);
#7792 = FACE_BOUND('',#7793,.F.);
#7793 = EDGE_LOOP('',(#7794,#7802,#7809,#7810));
#7794 = ORIENTED_EDGE('',*,*,#7795,.F.);
#7795 = EDGE_CURVE('',#7796,#6558,#7798,.T.);
#7796 = VERTEX_POINT('',#7797);
#7797 = CARTESIAN_POINT('',(41.11,6.5,1.01));
#7798 = LINE('',#7799,#7800);
#7799 = CARTESIAN_POINT('',(41.11,8.7,1.01));
#7800 = VECTOR('',#7801,1.);
#7801 = DIRECTION('',(0.,-1.,0.));
#7802 = ORIENTED_EDGE('',*,*,#7803,.T.);
#7803 = EDGE_CURVE('',#7796,#7772,#7804,.T.);
#7804 = CIRCLE('',#7805,1.09);
#7805 = AXIS2_PLACEMENT_3D('',#7806,#7807,#7808);
#7806 = CARTESIAN_POINT('',(40.02,6.5,1.01));
#7807 = DIRECTION('',(0.,-1.,1.2E-16));
#7808 = DIRECTION('',(1.,-2.4E-32,-2.E-16));
#7809 = ORIENTED_EDGE('',*,*,#7771,.T.);
#7810 = ORIENTED_EDGE('',*,*,#6565,.F.);
#7811 = CYLINDRICAL_SURFACE('',#7812,1.09);
#7812 = AXIS2_PLACEMENT_3D('',#7813,#7814,#7815);
#7813 = CARTESIAN_POINT('',(40.02,8.7,1.01));
#7814 = DIRECTION('',(0.,-1.,0.));
#7815 = DIRECTION('',(1.,0.,0.));
#7816 = ADVANCED_FACE('',(#7817),#7835,.F.);
#7817 = FACE_BOUND('',#7818,.F.);
#7818 = EDGE_LOOP('',(#7819,#7827,#7833,#7834));
#7819 = ORIENTED_EDGE('',*,*,#7820,.F.);
#7820 = EDGE_CURVE('',#7821,#6549,#7823,.T.);
#7821 = VERTEX_POINT('',#7822);
#7822 = CARTESIAN_POINT('',(41.11,6.5,0.99));
#7823 = LINE('',#7824,#7825);
#7824 = CARTESIAN_POINT('',(41.11,8.7,0.99));
#7825 = VECTOR('',#7826,1.);
#7826 = DIRECTION('',(0.,-1.,0.));
#7827 = ORIENTED_EDGE('',*,*,#7828,.T.);
#7828 = EDGE_CURVE('',#7821,#7796,#7829,.T.);
#7829 = LINE('',#7830,#7831);
#7830 = CARTESIAN_POINT('',(41.11,6.5,0.99));
#7831 = VECTOR('',#7832,1.);
#7832 = DIRECTION('',(0.,1.2E-16,1.));
#7833 = ORIENTED_EDGE('',*,*,#7795,.T.);
#7834 = ORIENTED_EDGE('',*,*,#6557,.T.);
#7835 = PLANE('',#7836);
#7836 = AXIS2_PLACEMENT_3D('',#7837,#7838,#7839);
#7837 = CARTESIAN_POINT('',(41.11,8.7,2.1));
#7838 = DIRECTION('',(1.,0.,0.));
#7839 = DIRECTION('',(0.,0.,-1.));
#7840 = ADVANCED_FACE('',(#7841),#7860,.F.);
#7841 = FACE_BOUND('',#7842,.T.);
#7842 = EDGE_LOOP('',(#7843,#7844,#7853,#7859));
#7843 = ORIENTED_EDGE('',*,*,#7820,.F.);
#7844 = ORIENTED_EDGE('',*,*,#7845,.F.);
#7845 = EDGE_CURVE('',#7846,#7821,#7848,.T.);
#7846 = VERTEX_POINT('',#7847);
#7847 = CARTESIAN_POINT('',(40.02,6.5,-0.1));
#7848 = CIRCLE('',#7849,1.09);
#7849 = AXIS2_PLACEMENT_3D('',#7850,#7851,#7852);
#7850 = CARTESIAN_POINT('',(40.02,6.5,0.99));
#7851 = DIRECTION('',(0.,-1.,1.2E-16));
#7852 = DIRECTION('',(0.,-1.2E-16,-1.));
#7853 = ORIENTED_EDGE('',*,*,#7854,.T.);
#7854 = EDGE_CURVE('',#7846,#6541,#7855,.T.);
#7855 = LINE('',#7856,#7857);
#7856 = CARTESIAN_POINT('',(40.02,8.7,-0.1));
#7857 = VECTOR('',#7858,1.);
#7858 = DIRECTION('',(0.,-1.,0.));
#7859 = ORIENTED_EDGE('',*,*,#6548,.T.);
#7860 = CYLINDRICAL_SURFACE('',#7861,1.09);
#7861 = AXIS2_PLACEMENT_3D('',#7862,#7863,#7864);
#7862 = CARTESIAN_POINT('',(40.02,8.7,0.99));
#7863 = DIRECTION('',(0.,-1.,0.));
#7864 = DIRECTION('',(1.,0.,0.));
#7865 = ADVANCED_FACE('',(#7866),#7884,.F.);
#7866 = FACE_BOUND('',#7867,.F.);
#7867 = EDGE_LOOP('',(#7868,#7869,#7870,#7878));
#7868 = ORIENTED_EDGE('',*,*,#7854,.T.);
#7869 = ORIENTED_EDGE('',*,*,#6540,.T.);
#7870 = ORIENTED_EDGE('',*,*,#7871,.F.);
#7871 = EDGE_CURVE('',#7872,#6532,#7874,.T.);
#7872 = VERTEX_POINT('',#7873);
#7873 = CARTESIAN_POINT('',(39.,6.5,-0.1));
#7874 = LINE('',#7875,#7876);
#7875 = CARTESIAN_POINT('',(39.,8.7,-0.1));
#7876 = VECTOR('',#7877,1.);
#7877 = DIRECTION('',(0.,-1.,0.));
#7878 = ORIENTED_EDGE('',*,*,#7879,.T.);
#7879 = EDGE_CURVE('',#7872,#7846,#7880,.T.);
#7880 = LINE('',#7881,#7882);
#7881 = CARTESIAN_POINT('',(39.,6.5,-1.E-01));
#7882 = VECTOR('',#7883,1.);
#7883 = DIRECTION('',(1.,0.,0.));
#7884 = PLANE('',#7885);
#7885 = AXIS2_PLACEMENT_3D('',#7886,#7887,#7888);
#7886 = CARTESIAN_POINT('',(37.91,8.7,-0.1));
#7887 = DIRECTION('',(0.,0.,-1.));
#7888 = DIRECTION('',(1.,0.,0.));
#7889 = ADVANCED_FACE('',(#7890),#7902,.F.);
#7890 = FACE_BOUND('',#7891,.F.);
#7891 = EDGE_LOOP('',(#7892,#7893,#7900,#7901));
#7892 = ORIENTED_EDGE('',*,*,#7715,.F.);
#7893 = ORIENTED_EDGE('',*,*,#7894,.T.);
#7894 = EDGE_CURVE('',#7716,#7872,#7895,.T.);
#7895 = CIRCLE('',#7896,1.09);
#7896 = AXIS2_PLACEMENT_3D('',#7897,#7898,#7899);
#7897 = CARTESIAN_POINT('',(39.,6.5,0.99));
#7898 = DIRECTION('',(0.,-1.,1.2E-16));
#7899 = DIRECTION('',(-1.,-2.4E-32,-2.E-16));
#7900 = ORIENTED_EDGE('',*,*,#7871,.T.);
#7901 = ORIENTED_EDGE('',*,*,#6531,.F.);
#7902 = CYLINDRICAL_SURFACE('',#7903,1.09);
#7903 = AXIS2_PLACEMENT_3D('',#7904,#7905,#7906);
#7904 = CARTESIAN_POINT('',(39.,8.7,0.99));
#7905 = DIRECTION('',(0.,-1.,0.));
#7906 = DIRECTION('',(-1.,0.,0.));
#7907 = ADVANCED_FACE('',(#7908),#7949,.F.);
#7908 = FACE_BOUND('',#7909,.F.);
#7909 = EDGE_LOOP('',(#7910,#7920,#7928,#7934,#7935,#7943));
#7910 = ORIENTED_EDGE('',*,*,#7911,.T.);
#7911 = EDGE_CURVE('',#7912,#7914,#7916,.T.);
#7912 = VERTEX_POINT('',#7913);
#7913 = CARTESIAN_POINT('',(36.71,8.7,3.2));
#7914 = VERTEX_POINT('',#7915);
#7915 = CARTESIAN_POINT('',(36.71,7.5,3.2));
#7916 = LINE('',#7917,#7918);
#7917 = CARTESIAN_POINT('',(36.71,8.7,3.2));
#7918 = VECTOR('',#7919,1.);
#7919 = DIRECTION('',(0.,-1.,0.));
#7920 = ORIENTED_EDGE('',*,*,#7921,.T.);
#7921 = EDGE_CURVE('',#7914,#7922,#7924,.T.);
#7922 = VERTEX_POINT('',#7923);
#7923 = CARTESIAN_POINT('',(43.01,7.5,3.2));
#7924 = LINE('',#7925,#7926);
#7925 = CARTESIAN_POINT('',(36.71,7.5,3.2));
#7926 = VECTOR('',#7927,1.);
#7927 = DIRECTION('',(1.,0.,0.));
#7928 = ORIENTED_EDGE('',*,*,#7929,.T.);
#7929 = EDGE_CURVE('',#7922,#6592,#7930,.T.);
#7930 = LINE('',#7931,#7932);
#7931 = CARTESIAN_POINT('',(43.01,8.7,3.2));
#7932 = VECTOR('',#7933,1.);
#7933 = DIRECTION('',(0.,-1.,0.));
#7934 = ORIENTED_EDGE('',*,*,#6591,.T.);
#7935 = ORIENTED_EDGE('',*,*,#7936,.F.);
#7936 = EDGE_CURVE('',#7937,#6594,#7939,.T.);
#7937 = VERTEX_POINT('',#7938);
#7938 = CARTESIAN_POINT('',(48.01,8.7,3.2));
#7939 = LINE('',#7940,#7941);
#7940 = CARTESIAN_POINT('',(48.01,8.7,3.2));
#7941 = VECTOR('',#7942,1.);
#7942 = DIRECTION('',(0.,-1.,0.));
#7943 = ORIENTED_EDGE('',*,*,#7944,.F.);
#7944 = EDGE_CURVE('',#7912,#7937,#7945,.T.);
#7945 = LINE('',#7946,#7947);
#7946 = CARTESIAN_POINT('',(36.71,8.7,3.2));
#7947 = VECTOR('',#7948,1.);
#7948 = DIRECTION('',(1.,0.,0.));
#7949 = PLANE('',#7950);
#7950 = AXIS2_PLACEMENT_3D('',#7951,#7952,#7953);
#7951 = CARTESIAN_POINT('',(43.56,5.05,3.2));
#7952 = DIRECTION('',(-0.,0.,1.));
#7953 = DIRECTION('',(-1.,0.,0.));
#7954 = ADVANCED_FACE('',(#7955),#7973,.F.);
#7955 = FACE_BOUND('',#7956,.F.);
#7956 = EDGE_LOOP('',(#7957,#7965,#7971,#7972));
#7957 = ORIENTED_EDGE('',*,*,#7958,.F.);
#7958 = EDGE_CURVE('',#7959,#6610,#7961,.T.);
#7959 = VERTEX_POINT('',#7960);
#7960 = CARTESIAN_POINT('',(48.01,8.7,-1.2));
#7961 = LINE('',#7962,#7963);
#7962 = CARTESIAN_POINT('',(48.01,8.7,-1.2));
#7963 = VECTOR('',#7964,1.);
#7964 = DIRECTION('',(0.,-1.,0.));
#7965 = ORIENTED_EDGE('',*,*,#7966,.F.);
#7966 = EDGE_CURVE('',#7937,#7959,#7967,.T.);
#7967 = LINE('',#7968,#7969);
#7968 = CARTESIAN_POINT('',(48.01,8.7,3.2));
#7969 = VECTOR('',#7970,1.);
#7970 = DIRECTION('',(0.,0.,-1.));
#7971 = ORIENTED_EDGE('',*,*,#7936,.T.);
#7972 = ORIENTED_EDGE('',*,*,#6617,.T.);
#7973 = PLANE('',#7974);
#7974 = AXIS2_PLACEMENT_3D('',#7975,#7976,#7977);
#7975 = CARTESIAN_POINT('',(48.01,8.7,3.2));
#7976 = DIRECTION('',(1.,0.,0.));
#7977 = DIRECTION('',(0.,0.,-1.));
#7978 = ADVANCED_FACE('',(#7979),#8013,.F.);
#7979 = FACE_BOUND('',#7980,.F.);
#7980 = EDGE_LOOP('',(#7981,#7991,#7999,#8005,#8006,#8007));
#7981 = ORIENTED_EDGE('',*,*,#7982,.F.);
#7982 = EDGE_CURVE('',#7983,#7985,#7987,.T.);
#7983 = VERTEX_POINT('',#7984);
#7984 = CARTESIAN_POINT('',(36.71,7.,-1.2));
#7985 = VERTEX_POINT('',#7986);
#7986 = CARTESIAN_POINT('',(43.01,7.,-1.2));
#7987 = LINE('',#7988,#7989);
#7988 = CARTESIAN_POINT('',(36.71,7.,-1.2));
#7989 = VECTOR('',#7990,1.);
#7990 = DIRECTION('',(1.,0.,0.));
#7991 = ORIENTED_EDGE('',*,*,#7992,.F.);
#7992 = EDGE_CURVE('',#7993,#7983,#7995,.T.);
#7993 = VERTEX_POINT('',#7994);
#7994 = CARTESIAN_POINT('',(36.71,8.7,-1.2));
#7995 = LINE('',#7996,#7997);
#7996 = CARTESIAN_POINT('',(36.71,8.7,-1.2));
#7997 = VECTOR('',#7998,1.);
#7998 = DIRECTION('',(0.,-1.,0.));
#7999 = ORIENTED_EDGE('',*,*,#8000,.T.);
#8000 = EDGE_CURVE('',#7993,#7959,#8001,.T.);
#8001 = LINE('',#8002,#8003);
#8002 = CARTESIAN_POINT('',(43.01,8.7,-1.2));
#8003 = VECTOR('',#8004,1.);
#8004 = DIRECTION('',(1.,0.,0.));
#8005 = ORIENTED_EDGE('',*,*,#7958,.T.);
#8006 = ORIENTED_EDGE('',*,*,#6609,.T.);
#8007 = ORIENTED_EDGE('',*,*,#8008,.F.);
#8008 = EDGE_CURVE('',#7985,#6602,#8009,.T.);
#8009 = LINE('',#8010,#8011);
#8010 = CARTESIAN_POINT('',(43.01,8.7,-1.2));
#8011 = VECTOR('',#8012,1.);
#8012 = DIRECTION('',(0.,-1.,0.));
#8013 = PLANE('',#8014);
#8014 = AXIS2_PLACEMENT_3D('',#8015,#8016,#8017);
#8015 = CARTESIAN_POINT('',(43.56,5.05,-1.2));
#8016 = DIRECTION('',(0.,0.,-1.));
#8017 = DIRECTION('',(1.,0.,0.));
#8018 = ADVANCED_FACE('',(#8019),#8038,.T.);
#8019 = FACE_BOUND('',#8020,.T.);
#8020 = EDGE_LOOP('',(#8021,#8029,#8035,#8036,#8037));
#8021 = ORIENTED_EDGE('',*,*,#8022,.T.);
#8022 = EDGE_CURVE('',#7985,#8023,#8025,.T.);
#8023 = VERTEX_POINT('',#8024);
#8024 = CARTESIAN_POINT('',(43.01,7.,2.7));
#8025 = LINE('',#8026,#8027);
#8026 = CARTESIAN_POINT('',(43.01,7.,3.2));
#8027 = VECTOR('',#8028,1.);
#8028 = DIRECTION('',(0.,0.,1.));
#8029 = ORIENTED_EDGE('',*,*,#8030,.F.);
#8030 = EDGE_CURVE('',#7922,#8023,#8031,.T.);
#8031 = LINE('',#8032,#8033);
#8032 = CARTESIAN_POINT('',(43.01,7.675,3.375));
#8033 = VECTOR('',#8034,1.);
#8034 = DIRECTION('',(0.,-0.707106781187,-0.707106781187));
#8035 = ORIENTED_EDGE('',*,*,#7929,.T.);
#8036 = ORIENTED_EDGE('',*,*,#6601,.T.);
#8037 = ORIENTED_EDGE('',*,*,#8008,.F.);
#8038 = PLANE('',#8039);
#8039 = AXIS2_PLACEMENT_3D('',#8040,#8041,#8042);
#8040 = CARTESIAN_POINT('',(43.01,8.7,3.2));
#8041 = DIRECTION('',(1.,0.,0.));
#8042 = DIRECTION('',(0.,0.,-1.));
#8043 = ADVANCED_FACE('',(#8044),#8069,.T.);
#8044 = FACE_BOUND('',#8045,.T.);
#8045 = EDGE_LOOP('',(#8046,#8054,#8062,#8068));
#8046 = ORIENTED_EDGE('',*,*,#8047,.F.);
#8047 = EDGE_CURVE('',#8048,#6628,#8050,.T.);
#8048 = VERTEX_POINT('',#8049);
#8049 = CARTESIAN_POINT('',(52.91,7.,0.99));
#8050 = LINE('',#8051,#8052);
#8051 = CARTESIAN_POINT('',(52.91,8.7,0.99));
#8052 = VECTOR('',#8053,1.);
#8053 = DIRECTION('',(0.,-1.,0.));
#8054 = ORIENTED_EDGE('',*,*,#8055,.T.);
#8055 = EDGE_CURVE('',#8048,#8056,#8058,.T.);
#8056 = VERTEX_POINT('',#8057);
#8057 = CARTESIAN_POINT('',(52.91,7.,1.01));
#8058 = LINE('',#8059,#8060);
#8059 = CARTESIAN_POINT('',(52.91,7.,2.65));
#8060 = VECTOR('',#8061,1.);
#8061 = DIRECTION('',(0.,0.,1.));
#8062 = ORIENTED_EDGE('',*,*,#8063,.T.);
#8063 = EDGE_CURVE('',#8056,#6626,#8064,.T.);
#8064 = LINE('',#8065,#8066);
#8065 = CARTESIAN_POINT('',(52.91,8.7,1.01));
#8066 = VECTOR('',#8067,1.);
#8067 = DIRECTION('',(0.,-1.,0.));
#8068 = ORIENTED_EDGE('',*,*,#6625,.T.);
#8069 = PLANE('',#8070);
#8070 = AXIS2_PLACEMENT_3D('',#8071,#8072,#8073);
#8071 = CARTESIAN_POINT('',(52.91,8.7,2.1));
#8072 = DIRECTION('',(1.,0.,0.));
#8073 = DIRECTION('',(0.,0.,-1.));
#8074 = ADVANCED_FACE('',(#8075),#8094,.F.);
#8075 = FACE_BOUND('',#8076,.T.);
#8076 = EDGE_LOOP('',(#8077,#8078,#8087,#8093));
#8077 = ORIENTED_EDGE('',*,*,#8063,.F.);
#8078 = ORIENTED_EDGE('',*,*,#8079,.F.);
#8079 = EDGE_CURVE('',#8080,#8056,#8082,.T.);
#8080 = VERTEX_POINT('',#8081);
#8081 = CARTESIAN_POINT('',(54.,7.,2.1));
#8082 = CIRCLE('',#8083,1.09);
#8083 = AXIS2_PLACEMENT_3D('',#8084,#8085,#8086);
#8084 = CARTESIAN_POINT('',(54.,7.,1.01));
#8085 = DIRECTION('',(-0.,-1.,-0.));
#8086 = DIRECTION('',(-1.,0.,0.));
#8087 = ORIENTED_EDGE('',*,*,#8088,.T.);
#8088 = EDGE_CURVE('',#8080,#6679,#8089,.T.);
#8089 = LINE('',#8090,#8091);
#8090 = CARTESIAN_POINT('',(54.,8.7,2.1));
#8091 = VECTOR('',#8092,1.);
#8092 = DIRECTION('',(0.,-1.,0.));
#8093 = ORIENTED_EDGE('',*,*,#6686,.T.);
#8094 = CYLINDRICAL_SURFACE('',#8095,1.09);
#8095 = AXIS2_PLACEMENT_3D('',#8096,#8097,#8098);
#8096 = CARTESIAN_POINT('',(54.,8.7,1.01));
#8097 = DIRECTION('',(0.,-1.,0.));
#8098 = DIRECTION('',(-1.,0.,0.));
#8099 = ADVANCED_FACE('',(#8100),#8118,.T.);
#8100 = FACE_BOUND('',#8101,.T.);
#8101 = EDGE_LOOP('',(#8102,#8103,#8104,#8112));
#8102 = ORIENTED_EDGE('',*,*,#6678,.T.);
#8103 = ORIENTED_EDGE('',*,*,#8088,.F.);
#8104 = ORIENTED_EDGE('',*,*,#8105,.T.);
#8105 = EDGE_CURVE('',#8080,#8106,#8108,.T.);
#8106 = VERTEX_POINT('',#8107);
#8107 = CARTESIAN_POINT('',(55.02,7.,2.1));
#8108 = LINE('',#8109,#8110);
#8109 = CARTESIAN_POINT('',(52.31,7.,2.1));
#8110 = VECTOR('',#8111,1.);
#8111 = DIRECTION('',(1.,0.,0.));
#8112 = ORIENTED_EDGE('',*,*,#8113,.T.);
#8113 = EDGE_CURVE('',#8106,#6670,#8114,.T.);
#8114 = LINE('',#8115,#8116);
#8115 = CARTESIAN_POINT('',(55.02,8.7,2.1));
#8116 = VECTOR('',#8117,1.);
#8117 = DIRECTION('',(0.,-1.,0.));
#8118 = PLANE('',#8119);
#8119 = AXIS2_PLACEMENT_3D('',#8120,#8121,#8122);
#8120 = CARTESIAN_POINT('',(52.91,8.7,2.1));
#8121 = DIRECTION('',(0.,0.,-1.));
#8122 = DIRECTION('',(1.,0.,0.));
#8123 = ADVANCED_FACE('',(#8124),#8143,.F.);
#8124 = FACE_BOUND('',#8125,.F.);
#8125 = EDGE_LOOP('',(#8126,#8134,#8141,#8142));
#8126 = ORIENTED_EDGE('',*,*,#8127,.F.);
#8127 = EDGE_CURVE('',#8128,#6662,#8130,.T.);
#8128 = VERTEX_POINT('',#8129);
#8129 = CARTESIAN_POINT('',(56.11,7.,1.01));
#8130 = LINE('',#8131,#8132);
#8131 = CARTESIAN_POINT('',(56.11,8.7,1.01));
#8132 = VECTOR('',#8133,1.);
#8133 = DIRECTION('',(0.,-1.,0.));
#8134 = ORIENTED_EDGE('',*,*,#8135,.T.);
#8135 = EDGE_CURVE('',#8128,#8106,#8136,.T.);
#8136 = CIRCLE('',#8137,1.09);
#8137 = AXIS2_PLACEMENT_3D('',#8138,#8139,#8140);
#8138 = CARTESIAN_POINT('',(55.02,7.,1.01));
#8139 = DIRECTION('',(0.,-1.,0.));
#8140 = DIRECTION('',(1.,0.,0.));
#8141 = ORIENTED_EDGE('',*,*,#8113,.T.);
#8142 = ORIENTED_EDGE('',*,*,#6669,.F.);
#8143 = CYLINDRICAL_SURFACE('',#8144,1.09);
#8144 = AXIS2_PLACEMENT_3D('',#8145,#8146,#8147);
#8145 = CARTESIAN_POINT('',(55.02,8.7,1.01));
#8146 = DIRECTION('',(0.,-1.,0.));
#8147 = DIRECTION('',(1.,0.,0.));
#8148 = ADVANCED_FACE('',(#8149),#8167,.F.);
#8149 = FACE_BOUND('',#8150,.F.);
#8150 = EDGE_LOOP('',(#8151,#8159,#8165,#8166));
#8151 = ORIENTED_EDGE('',*,*,#8152,.F.);
#8152 = EDGE_CURVE('',#8153,#6653,#8155,.T.);
#8153 = VERTEX_POINT('',#8154);
#8154 = CARTESIAN_POINT('',(56.11,7.,0.99));
#8155 = LINE('',#8156,#8157);
#8156 = CARTESIAN_POINT('',(56.11,8.7,0.99));
#8157 = VECTOR('',#8158,1.);
#8158 = DIRECTION('',(0.,-1.,0.));
#8159 = ORIENTED_EDGE('',*,*,#8160,.T.);
#8160 = EDGE_CURVE('',#8153,#8128,#8161,.T.);
#8161 = LINE('',#8162,#8163);
#8162 = CARTESIAN_POINT('',(56.11,7.,2.65));
#8163 = VECTOR('',#8164,1.);
#8164 = DIRECTION('',(0.,0.,1.));
#8165 = ORIENTED_EDGE('',*,*,#8127,.T.);
#8166 = ORIENTED_EDGE('',*,*,#6661,.T.);
#8167 = PLANE('',#8168);
#8168 = AXIS2_PLACEMENT_3D('',#8169,#8170,#8171);
#8169 = CARTESIAN_POINT('',(56.11,8.7,2.1));
#8170 = DIRECTION('',(1.,0.,0.));
#8171 = DIRECTION('',(0.,0.,-1.));
#8172 = ADVANCED_FACE('',(#8173),#8192,.F.);
#8173 = FACE_BOUND('',#8174,.T.);
#8174 = EDGE_LOOP('',(#8175,#8176,#8185,#8191));
#8175 = ORIENTED_EDGE('',*,*,#8152,.F.);
#8176 = ORIENTED_EDGE('',*,*,#8177,.F.);
#8177 = EDGE_CURVE('',#8178,#8153,#8180,.T.);
#8178 = VERTEX_POINT('',#8179);
#8179 = CARTESIAN_POINT('',(55.02,7.,-0.1));
#8180 = CIRCLE('',#8181,1.09);
#8181 = AXIS2_PLACEMENT_3D('',#8182,#8183,#8184);
#8182 = CARTESIAN_POINT('',(55.02,7.,0.99));
#8183 = DIRECTION('',(0.,-1.,0.));
#8184 = DIRECTION('',(1.,0.,0.));
#8185 = ORIENTED_EDGE('',*,*,#8186,.T.);
#8186 = EDGE_CURVE('',#8178,#6645,#8187,.T.);
#8187 = LINE('',#8188,#8189);
#8188 = CARTESIAN_POINT('',(55.02,8.7,-0.1));
#8189 = VECTOR('',#8190,1.);
#8190 = DIRECTION('',(0.,-1.,0.));
#8191 = ORIENTED_EDGE('',*,*,#6652,.T.);
#8192 = CYLINDRICAL_SURFACE('',#8193,1.09);
#8193 = AXIS2_PLACEMENT_3D('',#8194,#8195,#8196);
#8194 = CARTESIAN_POINT('',(55.02,8.7,0.99));
#8195 = DIRECTION('',(0.,-1.,0.));
#8196 = DIRECTION('',(1.,0.,0.));
#8197 = ADVANCED_FACE('',(#8198),#8216,.F.);
#8198 = FACE_BOUND('',#8199,.F.);
#8199 = EDGE_LOOP('',(#8200,#8201,#8209,#8215));
#8200 = ORIENTED_EDGE('',*,*,#6644,.T.);
#8201 = ORIENTED_EDGE('',*,*,#8202,.F.);
#8202 = EDGE_CURVE('',#8203,#6636,#8205,.T.);
#8203 = VERTEX_POINT('',#8204);
#8204 = CARTESIAN_POINT('',(54.,7.,-0.1));
#8205 = LINE('',#8206,#8207);
#8206 = CARTESIAN_POINT('',(54.,8.7,-0.1));
#8207 = VECTOR('',#8208,1.);
#8208 = DIRECTION('',(0.,-1.,0.));
#8209 = ORIENTED_EDGE('',*,*,#8210,.T.);
#8210 = EDGE_CURVE('',#8203,#8178,#8211,.T.);
#8211 = LINE('',#8212,#8213);
#8212 = CARTESIAN_POINT('',(52.31,7.,-0.1));
#8213 = VECTOR('',#8214,1.);
#8214 = DIRECTION('',(1.,0.,0.));
#8215 = ORIENTED_EDGE('',*,*,#8186,.T.);
#8216 = PLANE('',#8217);
#8217 = AXIS2_PLACEMENT_3D('',#8218,#8219,#8220);
#8218 = CARTESIAN_POINT('',(52.91,8.7,-0.1));
#8219 = DIRECTION('',(0.,0.,-1.));
#8220 = DIRECTION('',(1.,0.,0.));
#8221 = ADVANCED_FACE('',(#8222),#8234,.F.);
#8222 = FACE_BOUND('',#8223,.F.);
#8223 = EDGE_LOOP('',(#8224,#8225,#8232,#8233));
#8224 = ORIENTED_EDGE('',*,*,#8047,.F.);
#8225 = ORIENTED_EDGE('',*,*,#8226,.T.);
#8226 = EDGE_CURVE('',#8048,#8203,#8227,.T.);
#8227 = CIRCLE('',#8228,1.09);
#8228 = AXIS2_PLACEMENT_3D('',#8229,#8230,#8231);
#8229 = CARTESIAN_POINT('',(54.,7.,0.99));
#8230 = DIRECTION('',(-0.,-1.,-0.));
#8231 = DIRECTION('',(-1.,0.,0.));
#8232 = ORIENTED_EDGE('',*,*,#8202,.T.);
#8233 = ORIENTED_EDGE('',*,*,#6635,.F.);
#8234 = CYLINDRICAL_SURFACE('',#8235,1.09);
#8235 = AXIS2_PLACEMENT_3D('',#8236,#8237,#8238);
#8236 = CARTESIAN_POINT('',(54.,8.7,0.99));
#8237 = DIRECTION('',(0.,-1.,0.));
#8238 = DIRECTION('',(-1.,0.,0.));
#8239 = ADVANCED_FACE('',(#8240),#8281,.F.);
#8240 = FACE_BOUND('',#8241,.F.);
#8241 = EDGE_LOOP('',(#8242,#8252,#8260,#8266,#8267,#8275));
#8242 = ORIENTED_EDGE('',*,*,#8243,.T.);
#8243 = EDGE_CURVE('',#8244,#8246,#8248,.T.);
#8244 = VERTEX_POINT('',#8245);
#8245 = CARTESIAN_POINT('',(51.71,8.7,3.2));
#8246 = VERTEX_POINT('',#8247);
#8247 = CARTESIAN_POINT('',(51.71,7.,3.2));
#8248 = LINE('',#8249,#8250);
#8249 = CARTESIAN_POINT('',(51.71,8.7,3.2));
#8250 = VECTOR('',#8251,1.);
#8251 = DIRECTION('',(0.,-1.,0.));
#8252 = ORIENTED_EDGE('',*,*,#8253,.T.);
#8253 = EDGE_CURVE('',#8246,#8254,#8256,.T.);
#8254 = VERTEX_POINT('',#8255);
#8255 = CARTESIAN_POINT('',(58.01,7.,3.2));
#8256 = LINE('',#8257,#8258);
#8257 = CARTESIAN_POINT('',(51.71,7.,3.2));
#8258 = VECTOR('',#8259,1.);
#8259 = DIRECTION('',(1.,0.,0.));
#8260 = ORIENTED_EDGE('',*,*,#8261,.T.);
#8261 = EDGE_CURVE('',#8254,#6696,#8262,.T.);
#8262 = LINE('',#8263,#8264);
#8263 = CARTESIAN_POINT('',(58.01,8.7,3.2));
#8264 = VECTOR('',#8265,1.);
#8265 = DIRECTION('',(0.,-1.,0.));
#8266 = ORIENTED_EDGE('',*,*,#6695,.T.);
#8267 = ORIENTED_EDGE('',*,*,#8268,.F.);
#8268 = EDGE_CURVE('',#8269,#6698,#8271,.T.);
#8269 = VERTEX_POINT('',#8270);
#8270 = CARTESIAN_POINT('',(63.01,8.7,3.2));
#8271 = LINE('',#8272,#8273);
#8272 = CARTESIAN_POINT('',(63.01,8.7,3.2));
#8273 = VECTOR('',#8274,1.);
#8274 = DIRECTION('',(0.,-1.,0.));
#8275 = ORIENTED_EDGE('',*,*,#8276,.F.);
#8276 = EDGE_CURVE('',#8244,#8269,#8277,.T.);
#8277 = LINE('',#8278,#8279);
#8278 = CARTESIAN_POINT('',(51.71,8.7,3.2));
#8279 = VECTOR('',#8280,1.);
#8280 = DIRECTION('',(1.,0.,0.));
#8281 = PLANE('',#8282);
#8282 = AXIS2_PLACEMENT_3D('',#8283,#8284,#8285);
#8283 = CARTESIAN_POINT('',(58.56,5.05,3.2));
#8284 = DIRECTION('',(-0.,0.,1.));
#8285 = DIRECTION('',(-1.,0.,0.));
#8286 = ADVANCED_FACE('',(#8287),#8305,.F.);
#8287 = FACE_BOUND('',#8288,.F.);
#8288 = EDGE_LOOP('',(#8289,#8297,#8303,#8304));
#8289 = ORIENTED_EDGE('',*,*,#8290,.F.);
#8290 = EDGE_CURVE('',#8291,#6714,#8293,.T.);
#8291 = VERTEX_POINT('',#8292);
#8292 = CARTESIAN_POINT('',(63.01,8.7,-1.2));
#8293 = LINE('',#8294,#8295);
#8294 = CARTESIAN_POINT('',(63.01,8.7,-1.2));
#8295 = VECTOR('',#8296,1.);
#8296 = DIRECTION('',(0.,-1.,0.));
#8297 = ORIENTED_EDGE('',*,*,#8298,.F.);
#8298 = EDGE_CURVE('',#8269,#8291,#8299,.T.);
#8299 = LINE('',#8300,#8301);
#8300 = CARTESIAN_POINT('',(63.01,8.7,3.2));
#8301 = VECTOR('',#8302,1.);
#8302 = DIRECTION('',(0.,0.,-1.));
#8303 = ORIENTED_EDGE('',*,*,#8268,.T.);
#8304 = ORIENTED_EDGE('',*,*,#6721,.T.);
#8305 = PLANE('',#8306);
#8306 = AXIS2_PLACEMENT_3D('',#8307,#8308,#8309);
#8307 = CARTESIAN_POINT('',(63.01,8.7,3.2));
#8308 = DIRECTION('',(1.,0.,0.));
#8309 = DIRECTION('',(0.,0.,-1.));
#8310 = ADVANCED_FACE('',(#8311),#8345,.F.);
#8311 = FACE_BOUND('',#8312,.F.);
#8312 = EDGE_LOOP('',(#8313,#8323,#8331,#8337,#8338,#8339));
#8313 = ORIENTED_EDGE('',*,*,#8314,.F.);
#8314 = EDGE_CURVE('',#8315,#8317,#8319,.T.);
#8315 = VERTEX_POINT('',#8316);
#8316 = CARTESIAN_POINT('',(51.71,7.,-1.2));
#8317 = VERTEX_POINT('',#8318);
#8318 = CARTESIAN_POINT('',(58.01,7.,-1.2));
#8319 = LINE('',#8320,#8321);
#8320 = CARTESIAN_POINT('',(51.71,7.,-1.2));
#8321 = VECTOR('',#8322,1.);
#8322 = DIRECTION('',(1.,0.,0.));
#8323 = ORIENTED_EDGE('',*,*,#8324,.F.);
#8324 = EDGE_CURVE('',#8325,#8315,#8327,.T.);
#8325 = VERTEX_POINT('',#8326);
#8326 = CARTESIAN_POINT('',(51.71,8.7,-1.2));
#8327 = LINE('',#8328,#8329);
#8328 = CARTESIAN_POINT('',(51.71,8.7,-1.2));
#8329 = VECTOR('',#8330,1.);
#8330 = DIRECTION('',(0.,-1.,0.));
#8331 = ORIENTED_EDGE('',*,*,#8332,.T.);
#8332 = EDGE_CURVE('',#8325,#8291,#8333,.T.);
#8333 = LINE('',#8334,#8335);
#8334 = CARTESIAN_POINT('',(58.01,8.7,-1.2));
#8335 = VECTOR('',#8336,1.);
#8336 = DIRECTION('',(1.,0.,0.));
#8337 = ORIENTED_EDGE('',*,*,#8290,.T.);
#8338 = ORIENTED_EDGE('',*,*,#6713,.T.);
#8339 = ORIENTED_EDGE('',*,*,#8340,.F.);
#8340 = EDGE_CURVE('',#8317,#6706,#8341,.T.);
#8341 = LINE('',#8342,#8343);
#8342 = CARTESIAN_POINT('',(58.01,8.7,-1.2));
#8343 = VECTOR('',#8344,1.);
#8344 = DIRECTION('',(0.,-1.,0.));
#8345 = PLANE('',#8346);
#8346 = AXIS2_PLACEMENT_3D('',#8347,#8348,#8349);
#8347 = CARTESIAN_POINT('',(58.56,5.05,-1.2));
#8348 = DIRECTION('',(0.,0.,-1.));
#8349 = DIRECTION('',(1.,0.,0.));
#8350 = ADVANCED_FACE('',(#8351),#8362,.T.);
#8351 = FACE_BOUND('',#8352,.T.);
#8352 = EDGE_LOOP('',(#8353,#8354,#8360,#8361));
#8353 = ORIENTED_EDGE('',*,*,#8340,.F.);
#8354 = ORIENTED_EDGE('',*,*,#8355,.T.);
#8355 = EDGE_CURVE('',#8317,#8254,#8356,.T.);
#8356 = LINE('',#8357,#8358);
#8357 = CARTESIAN_POINT('',(58.01,7.,3.2));
#8358 = VECTOR('',#8359,1.);
#8359 = DIRECTION('',(0.,0.,1.));
#8360 = ORIENTED_EDGE('',*,*,#8261,.T.);
#8361 = ORIENTED_EDGE('',*,*,#6705,.T.);
#8362 = PLANE('',#8363);
#8363 = AXIS2_PLACEMENT_3D('',#8364,#8365,#8366);
#8364 = CARTESIAN_POINT('',(58.01,8.7,3.2));
#8365 = DIRECTION('',(1.,0.,0.));
#8366 = DIRECTION('',(0.,0.,-1.));
#8367 = ADVANCED_FACE('',(#8368),#8394,.F.);
#8368 = FACE_BOUND('',#8369,.F.);
#8369 = EDGE_LOOP('',(#8370,#8378,#8387,#8393));
#8370 = ORIENTED_EDGE('',*,*,#8371,.F.);
#8371 = EDGE_CURVE('',#8372,#6848,#8374,.T.);
#8372 = VERTEX_POINT('',#8373);
#8373 = CARTESIAN_POINT('',(37.91,13.,1.E-02));
#8374 = LINE('',#8375,#8376);
#8375 = CARTESIAN_POINT('',(37.91,11.3,1.E-02));
#8376 = VECTOR('',#8377,1.);
#8377 = DIRECTION('',(0.,1.,0.));
#8378 = ORIENTED_EDGE('',*,*,#8379,.T.);
#8379 = EDGE_CURVE('',#8372,#8380,#8382,.T.);
#8380 = VERTEX_POINT('',#8381);
#8381 = CARTESIAN_POINT('',(39.,13.,1.1));
#8382 = CIRCLE('',#8383,1.09);
#8383 = AXIS2_PLACEMENT_3D('',#8384,#8385,#8386);
#8384 = CARTESIAN_POINT('',(39.,13.,1.E-02));
#8385 = DIRECTION('',(0.,1.,-0.));
#8386 = DIRECTION('',(-1.,0.,0.));
#8387 = ORIENTED_EDGE('',*,*,#8388,.T.);
#8388 = EDGE_CURVE('',#8380,#6850,#8389,.T.);
#8389 = LINE('',#8390,#8391);
#8390 = CARTESIAN_POINT('',(39.,11.3,1.1));
#8391 = VECTOR('',#8392,1.);
#8392 = DIRECTION('',(0.,1.,0.));
#8393 = ORIENTED_EDGE('',*,*,#6847,.F.);
#8394 = CYLINDRICAL_SURFACE('',#8395,1.09);
#8395 = AXIS2_PLACEMENT_3D('',#8396,#8397,#8398);
#8396 = CARTESIAN_POINT('',(39.,11.3,1.E-02));
#8397 = DIRECTION('',(0.,1.,0.));
#8398 = DIRECTION('',(-1.,0.,0.));
#8399 = ADVANCED_FACE('',(#8400),#8418,.F.);
#8400 = FACE_BOUND('',#8401,.F.);
#8401 = EDGE_LOOP('',(#8402,#8403,#8404,#8412));
#8402 = ORIENTED_EDGE('',*,*,#6909,.F.);
#8403 = ORIENTED_EDGE('',*,*,#8388,.F.);
#8404 = ORIENTED_EDGE('',*,*,#8405,.T.);
#8405 = EDGE_CURVE('',#8380,#8406,#8408,.T.);
#8406 = VERTEX_POINT('',#8407);
#8407 = CARTESIAN_POINT('',(40.02,13.,1.1));
#8408 = LINE('',#8409,#8410);
#8409 = CARTESIAN_POINT('',(37.31,13.,1.1));
#8410 = VECTOR('',#8411,1.);
#8411 = DIRECTION('',(1.,0.,0.));
#8412 = ORIENTED_EDGE('',*,*,#8413,.T.);
#8413 = EDGE_CURVE('',#8406,#6901,#8414,.T.);
#8414 = LINE('',#8415,#8416);
#8415 = CARTESIAN_POINT('',(40.02,11.3,1.1));
#8416 = VECTOR('',#8417,1.);
#8417 = DIRECTION('',(0.,1.,0.));
#8418 = PLANE('',#8419);
#8419 = AXIS2_PLACEMENT_3D('',#8420,#8421,#8422);
#8420 = CARTESIAN_POINT('',(37.91,11.3,1.1));
#8421 = DIRECTION('',(0.,0.,1.));
#8422 = DIRECTION('',(1.,0.,0.));
#8423 = ADVANCED_FACE('',(#8424),#8443,.F.);
#8424 = FACE_BOUND('',#8425,.T.);
#8425 = EDGE_LOOP('',(#8426,#8434,#8441,#8442));
#8426 = ORIENTED_EDGE('',*,*,#8427,.F.);
#8427 = EDGE_CURVE('',#8428,#6893,#8430,.T.);
#8428 = VERTEX_POINT('',#8429);
#8429 = CARTESIAN_POINT('',(41.11,13.,1.E-02));
#8430 = LINE('',#8431,#8432);
#8431 = CARTESIAN_POINT('',(41.11,11.3,1.E-02));
#8432 = VECTOR('',#8433,1.);
#8433 = DIRECTION('',(0.,1.,0.));
#8434 = ORIENTED_EDGE('',*,*,#8435,.F.);
#8435 = EDGE_CURVE('',#8406,#8428,#8436,.T.);
#8436 = CIRCLE('',#8437,1.09);
#8437 = AXIS2_PLACEMENT_3D('',#8438,#8439,#8440);
#8438 = CARTESIAN_POINT('',(40.02,13.,1.E-02));
#8439 = DIRECTION('',(-0.,1.,0.));
#8440 = DIRECTION('',(1.,0.,0.));
#8441 = ORIENTED_EDGE('',*,*,#8413,.T.);
#8442 = ORIENTED_EDGE('',*,*,#6900,.T.);
#8443 = CYLINDRICAL_SURFACE('',#8444,1.09);
#8444 = AXIS2_PLACEMENT_3D('',#8445,#8446,#8447);
#8445 = CARTESIAN_POINT('',(40.02,11.3,1.E-02));
#8446 = DIRECTION('',(0.,1.,0.));
#8447 = DIRECTION('',(1.,0.,0.));
#8448 = ADVANCED_FACE('',(#8449),#8467,.F.);
#8449 = FACE_BOUND('',#8450,.F.);
#8450 = EDGE_LOOP('',(#8451,#8452,#8460,#8466));
#8451 = ORIENTED_EDGE('',*,*,#8427,.F.);
#8452 = ORIENTED_EDGE('',*,*,#8453,.T.);
#8453 = EDGE_CURVE('',#8428,#8454,#8456,.T.);
#8454 = VERTEX_POINT('',#8455);
#8455 = CARTESIAN_POINT('',(41.11,13.,-1.E-02));
#8456 = LINE('',#8457,#8458);
#8457 = CARTESIAN_POINT('',(41.11,13.,-1.65));
#8458 = VECTOR('',#8459,1.);
#8459 = DIRECTION('',(0.,0.,-1.));
#8460 = ORIENTED_EDGE('',*,*,#8461,.T.);
#8461 = EDGE_CURVE('',#8454,#6884,#8462,.T.);
#8462 = LINE('',#8463,#8464);
#8463 = CARTESIAN_POINT('',(41.11,11.3,-1.E-02));
#8464 = VECTOR('',#8465,1.);
#8465 = DIRECTION('',(0.,1.,0.));
#8466 = ORIENTED_EDGE('',*,*,#6892,.F.);
#8467 = PLANE('',#8468);
#8468 = AXIS2_PLACEMENT_3D('',#8469,#8470,#8471);
#8469 = CARTESIAN_POINT('',(41.11,11.3,-1.1));
#8470 = DIRECTION('',(1.,0.,0.));
#8471 = DIRECTION('',(0.,0.,1.));
#8472 = ADVANCED_FACE('',(#8473),#8492,.F.);
#8473 = FACE_BOUND('',#8474,.F.);
#8474 = EDGE_LOOP('',(#8475,#8476,#8485,#8491));
#8475 = ORIENTED_EDGE('',*,*,#8461,.F.);
#8476 = ORIENTED_EDGE('',*,*,#8477,.T.);
#8477 = EDGE_CURVE('',#8454,#8478,#8480,.T.);
#8478 = VERTEX_POINT('',#8479);
#8479 = CARTESIAN_POINT('',(40.02,13.,-1.1));
#8480 = CIRCLE('',#8481,1.09);
#8481 = AXIS2_PLACEMENT_3D('',#8482,#8483,#8484);
#8482 = CARTESIAN_POINT('',(40.02,13.,-1.E-02));
#8483 = DIRECTION('',(-0.,1.,0.));
#8484 = DIRECTION('',(1.,0.,0.));
#8485 = ORIENTED_EDGE('',*,*,#8486,.T.);
#8486 = EDGE_CURVE('',#8478,#6876,#8487,.T.);
#8487 = LINE('',#8488,#8489);
#8488 = CARTESIAN_POINT('',(40.02,11.3,-1.1));
#8489 = VECTOR('',#8490,1.);
#8490 = DIRECTION('',(0.,1.,0.));
#8491 = ORIENTED_EDGE('',*,*,#6883,.F.);
#8492 = CYLINDRICAL_SURFACE('',#8493,1.09);
#8493 = AXIS2_PLACEMENT_3D('',#8494,#8495,#8496);
#8494 = CARTESIAN_POINT('',(40.02,11.3,-1.E-02));
#8495 = DIRECTION('',(0.,1.,0.));
#8496 = DIRECTION('',(1.,0.,0.));
#8497 = ADVANCED_FACE('',(#8498),#8516,.T.);
#8498 = FACE_BOUND('',#8499,.T.);
#8499 = EDGE_LOOP('',(#8500,#8501,#8509,#8515));
#8500 = ORIENTED_EDGE('',*,*,#6875,.F.);
#8501 = ORIENTED_EDGE('',*,*,#8502,.F.);
#8502 = EDGE_CURVE('',#8503,#6867,#8505,.T.);
#8503 = VERTEX_POINT('',#8504);
#8504 = CARTESIAN_POINT('',(39.,13.,-1.1));
#8505 = LINE('',#8506,#8507);
#8506 = CARTESIAN_POINT('',(39.,11.3,-1.1));
#8507 = VECTOR('',#8508,1.);
#8508 = DIRECTION('',(0.,1.,0.));
#8509 = ORIENTED_EDGE('',*,*,#8510,.T.);
#8510 = EDGE_CURVE('',#8503,#8478,#8511,.T.);
#8511 = LINE('',#8512,#8513);
#8512 = CARTESIAN_POINT('',(37.31,13.,-1.1));
#8513 = VECTOR('',#8514,1.);
#8514 = DIRECTION('',(1.,0.,0.));
#8515 = ORIENTED_EDGE('',*,*,#8486,.T.);
#8516 = PLANE('',#8517);
#8517 = AXIS2_PLACEMENT_3D('',#8518,#8519,#8520);
#8518 = CARTESIAN_POINT('',(37.91,11.3,-1.1));
#8519 = DIRECTION('',(0.,0.,1.));
#8520 = DIRECTION('',(1.,0.,0.));
#8521 = ADVANCED_FACE('',(#8522),#8541,.F.);
#8522 = FACE_BOUND('',#8523,.T.);
#8523 = EDGE_LOOP('',(#8524,#8532,#8539,#8540));
#8524 = ORIENTED_EDGE('',*,*,#8525,.F.);
#8525 = EDGE_CURVE('',#8526,#6859,#8528,.T.);
#8526 = VERTEX_POINT('',#8527);
#8527 = CARTESIAN_POINT('',(37.91,13.,-1.E-02));
#8528 = LINE('',#8529,#8530);
#8529 = CARTESIAN_POINT('',(37.91,11.3,-1.E-02));
#8530 = VECTOR('',#8531,1.);
#8531 = DIRECTION('',(0.,1.,0.));
#8532 = ORIENTED_EDGE('',*,*,#8533,.F.);
#8533 = EDGE_CURVE('',#8503,#8526,#8534,.T.);
#8534 = CIRCLE('',#8535,1.09);
#8535 = AXIS2_PLACEMENT_3D('',#8536,#8537,#8538);
#8536 = CARTESIAN_POINT('',(39.,13.,-1.E-02));
#8537 = DIRECTION('',(0.,1.,-0.));
#8538 = DIRECTION('',(-1.,0.,0.));
#8539 = ORIENTED_EDGE('',*,*,#8502,.T.);
#8540 = ORIENTED_EDGE('',*,*,#6866,.T.);
#8541 = CYLINDRICAL_SURFACE('',#8542,1.09);
#8542 = AXIS2_PLACEMENT_3D('',#8543,#8544,#8545);
#8543 = CARTESIAN_POINT('',(39.,11.3,-1.E-02));
#8544 = DIRECTION('',(0.,1.,0.));
#8545 = DIRECTION('',(-1.,0.,0.));
#8546 = ADVANCED_FACE('',(#8547),#8558,.T.);
#8547 = FACE_BOUND('',#8548,.T.);
#8548 = EDGE_LOOP('',(#8549,#8550,#8556,#8557));
#8549 = ORIENTED_EDGE('',*,*,#8371,.F.);
#8550 = ORIENTED_EDGE('',*,*,#8551,.T.);
#8551 = EDGE_CURVE('',#8372,#8526,#8552,.T.);
#8552 = LINE('',#8553,#8554);
#8553 = CARTESIAN_POINT('',(37.91,13.,-1.65));
#8554 = VECTOR('',#8555,1.);
#8555 = DIRECTION('',(0.,0.,-1.));
#8556 = ORIENTED_EDGE('',*,*,#8525,.T.);
#8557 = ORIENTED_EDGE('',*,*,#6858,.F.);
#8558 = PLANE('',#8559);
#8559 = AXIS2_PLACEMENT_3D('',#8560,#8561,#8562);
#8560 = CARTESIAN_POINT('',(37.91,11.3,-1.1));
#8561 = DIRECTION('',(1.,0.,0.));
#8562 = DIRECTION('',(0.,0.,1.));
#8563 = ADVANCED_FACE('',(#8564),#8605,.F.);
#8564 = FACE_BOUND('',#8565,.F.);
#8565 = EDGE_LOOP('',(#8566,#8576,#8584,#8592,#8598,#8599));
#8566 = ORIENTED_EDGE('',*,*,#8567,.F.);
#8567 = EDGE_CURVE('',#8568,#8570,#8572,.T.);
#8568 = VERTEX_POINT('',#8569);
#8569 = CARTESIAN_POINT('',(36.71,13.,2.2));
#8570 = VERTEX_POINT('',#8571);
#8571 = CARTESIAN_POINT('',(43.01,13.,2.2));
#8572 = LINE('',#8573,#8574);
#8573 = CARTESIAN_POINT('',(36.71,13.,2.2));
#8574 = VECTOR('',#8575,1.);
#8575 = DIRECTION('',(1.,0.,0.));
#8576 = ORIENTED_EDGE('',*,*,#8577,.F.);
#8577 = EDGE_CURVE('',#8578,#8568,#8580,.T.);
#8578 = VERTEX_POINT('',#8579);
#8579 = CARTESIAN_POINT('',(36.71,11.3,2.2));
#8580 = LINE('',#8581,#8582);
#8581 = CARTESIAN_POINT('',(36.71,11.3,2.2));
#8582 = VECTOR('',#8583,1.);
#8583 = DIRECTION('',(0.,1.,0.));
#8584 = ORIENTED_EDGE('',*,*,#8585,.T.);
#8585 = EDGE_CURVE('',#8578,#8586,#8588,.T.);
#8586 = VERTEX_POINT('',#8587);
#8587 = CARTESIAN_POINT('',(48.01,11.3,2.2));
#8588 = LINE('',#8589,#8590);
#8589 = CARTESIAN_POINT('',(43.01,11.3,2.2));
#8590 = VECTOR('',#8591,1.);
#8591 = DIRECTION('',(1.,0.,0.));
#8592 = ORIENTED_EDGE('',*,*,#8593,.T.);
#8593 = EDGE_CURVE('',#8586,#6920,#8594,.T.);
#8594 = LINE('',#8595,#8596);
#8595 = CARTESIAN_POINT('',(48.01,11.3,2.2));
#8596 = VECTOR('',#8597,1.);
#8597 = DIRECTION('',(0.,1.,0.));
#8598 = ORIENTED_EDGE('',*,*,#6917,.F.);
#8599 = ORIENTED_EDGE('',*,*,#8600,.F.);
#8600 = EDGE_CURVE('',#8570,#6918,#8601,.T.);
#8601 = LINE('',#8602,#8603);
#8602 = CARTESIAN_POINT('',(43.01,11.3,2.2));
#8603 = VECTOR('',#8604,1.);
#8604 = DIRECTION('',(0.,1.,0.));
#8605 = PLANE('',#8606);
#8606 = AXIS2_PLACEMENT_3D('',#8607,#8608,#8609);
#8607 = CARTESIAN_POINT('',(43.56,14.95,2.2));
#8608 = DIRECTION('',(0.,0.,1.));
#8609 = DIRECTION('',(1.,0.,0.));
#8610 = ADVANCED_FACE('',(#8611),#8629,.F.);
#8611 = FACE_BOUND('',#8612,.F.);
#8612 = EDGE_LOOP('',(#8613,#8614,#8622,#8628));
#8613 = ORIENTED_EDGE('',*,*,#8593,.F.);
#8614 = ORIENTED_EDGE('',*,*,#8615,.F.);
#8615 = EDGE_CURVE('',#8616,#8586,#8618,.T.);
#8616 = VERTEX_POINT('',#8617);
#8617 = CARTESIAN_POINT('',(48.01,11.3,-2.2));
#8618 = LINE('',#8619,#8620);
#8619 = CARTESIAN_POINT('',(48.01,11.3,-2.2));
#8620 = VECTOR('',#8621,1.);
#8621 = DIRECTION('',(0.,0.,1.));
#8622 = ORIENTED_EDGE('',*,*,#8623,.T.);
#8623 = EDGE_CURVE('',#8616,#6936,#8624,.T.);
#8624 = LINE('',#8625,#8626);
#8625 = CARTESIAN_POINT('',(48.01,11.3,-2.2));
#8626 = VECTOR('',#8627,1.);
#8627 = DIRECTION('',(0.,1.,0.));
#8628 = ORIENTED_EDGE('',*,*,#6943,.F.);
#8629 = PLANE('',#8630);
#8630 = AXIS2_PLACEMENT_3D('',#8631,#8632,#8633);
#8631 = CARTESIAN_POINT('',(48.01,11.3,-2.2));
#8632 = DIRECTION('',(1.,0.,0.));
#8633 = DIRECTION('',(0.,0.,1.));
#8634 = ADVANCED_FACE('',(#8635),#8669,.F.);
#8635 = FACE_BOUND('',#8636,.F.);
#8636 = EDGE_LOOP('',(#8637,#8647,#8655,#8661,#8662,#8663));
#8637 = ORIENTED_EDGE('',*,*,#8638,.T.);
#8638 = EDGE_CURVE('',#8639,#8641,#8643,.T.);
#8639 = VERTEX_POINT('',#8640);
#8640 = CARTESIAN_POINT('',(36.71,11.3,-2.2));
#8641 = VERTEX_POINT('',#8642);
#8642 = CARTESIAN_POINT('',(36.71,13.,-2.2));
#8643 = LINE('',#8644,#8645);
#8644 = CARTESIAN_POINT('',(36.71,11.3,-2.2));
#8645 = VECTOR('',#8646,1.);
#8646 = DIRECTION('',(0.,1.,0.));
#8647 = ORIENTED_EDGE('',*,*,#8648,.T.);
#8648 = EDGE_CURVE('',#8641,#8649,#8651,.T.);
#8649 = VERTEX_POINT('',#8650);
#8650 = CARTESIAN_POINT('',(43.01,13.,-2.2));
#8651 = LINE('',#8652,#8653);
#8652 = CARTESIAN_POINT('',(36.71,13.,-2.2));
#8653 = VECTOR('',#8654,1.);
#8654 = DIRECTION('',(1.,0.,0.));
#8655 = ORIENTED_EDGE('',*,*,#8656,.T.);
#8656 = EDGE_CURVE('',#8649,#6928,#8657,.T.);
#8657 = LINE('',#8658,#8659);
#8658 = CARTESIAN_POINT('',(43.01,11.3,-2.2));
#8659 = VECTOR('',#8660,1.);
#8660 = DIRECTION('',(0.,1.,0.));
#8661 = ORIENTED_EDGE('',*,*,#6935,.F.);
#8662 = ORIENTED_EDGE('',*,*,#8623,.F.);
#8663 = ORIENTED_EDGE('',*,*,#8664,.F.);
#8664 = EDGE_CURVE('',#8639,#8616,#8665,.T.);
#8665 = LINE('',#8666,#8667);
#8666 = CARTESIAN_POINT('',(36.71,11.3,-2.2));
#8667 = VECTOR('',#8668,1.);
#8668 = DIRECTION('',(1.,0.,0.));
#8669 = PLANE('',#8670);
#8670 = AXIS2_PLACEMENT_3D('',#8671,#8672,#8673);
#8671 = CARTESIAN_POINT('',(43.56,14.95,-2.2));
#8672 = DIRECTION('',(-0.,-0.,-1.));
#8673 = DIRECTION('',(-1.,0.,0.));
#8674 = ADVANCED_FACE('',(#8675),#8686,.T.);
#8675 = FACE_BOUND('',#8676,.T.);
#8676 = EDGE_LOOP('',(#8677,#8678,#8684,#8685));
#8677 = ORIENTED_EDGE('',*,*,#8600,.F.);
#8678 = ORIENTED_EDGE('',*,*,#8679,.T.);
#8679 = EDGE_CURVE('',#8570,#8649,#8680,.T.);
#8680 = LINE('',#8681,#8682);
#8681 = CARTESIAN_POINT('',(43.01,13.,-2.2));
#8682 = VECTOR('',#8683,1.);
#8683 = DIRECTION('',(0.,0.,-1.));
#8684 = ORIENTED_EDGE('',*,*,#8656,.T.);
#8685 = ORIENTED_EDGE('',*,*,#6927,.F.);
#8686 = PLANE('',#8687);
#8687 = AXIS2_PLACEMENT_3D('',#8688,#8689,#8690);
#8688 = CARTESIAN_POINT('',(43.01,11.3,-2.2));
#8689 = DIRECTION('',(1.,0.,0.));
#8690 = DIRECTION('',(0.,0.,1.));
#8691 = ADVANCED_FACE('',(#8692),#8718,.F.);
#8692 = FACE_BOUND('',#8693,.F.);
#8693 = EDGE_LOOP('',(#8694,#8702,#8711,#8717));
#8694 = ORIENTED_EDGE('',*,*,#8695,.F.);
#8695 = EDGE_CURVE('',#8696,#6952,#8698,.T.);
#8696 = VERTEX_POINT('',#8697);
#8697 = CARTESIAN_POINT('',(52.91,13.5,1.E-02));
#8698 = LINE('',#8699,#8700);
#8699 = CARTESIAN_POINT('',(52.91,11.3,1.E-02));
#8700 = VECTOR('',#8701,1.);
#8701 = DIRECTION('',(0.,1.,0.));
#8702 = ORIENTED_EDGE('',*,*,#8703,.T.);
#8703 = EDGE_CURVE('',#8696,#8704,#8706,.T.);
#8704 = VERTEX_POINT('',#8705);
#8705 = CARTESIAN_POINT('',(54.,13.5,1.1));
#8706 = CIRCLE('',#8707,1.09);
#8707 = AXIS2_PLACEMENT_3D('',#8708,#8709,#8710);
#8708 = CARTESIAN_POINT('',(54.,13.5,1.E-02));
#8709 = DIRECTION('',(0.,1.,-0.));
#8710 = DIRECTION('',(-1.,0.,0.));
#8711 = ORIENTED_EDGE('',*,*,#8712,.T.);
#8712 = EDGE_CURVE('',#8704,#6954,#8713,.T.);
#8713 = LINE('',#8714,#8715);
#8714 = CARTESIAN_POINT('',(54.,11.3,1.1));
#8715 = VECTOR('',#8716,1.);
#8716 = DIRECTION('',(0.,1.,0.));
#8717 = ORIENTED_EDGE('',*,*,#6951,.F.);
#8718 = CYLINDRICAL_SURFACE('',#8719,1.09);
#8719 = AXIS2_PLACEMENT_3D('',#8720,#8721,#8722);
#8720 = CARTESIAN_POINT('',(54.,11.3,1.E-02));
#8721 = DIRECTION('',(0.,1.,0.));
#8722 = DIRECTION('',(-1.,0.,0.));
#8723 = ADVANCED_FACE('',(#8724),#8742,.F.);
#8724 = FACE_BOUND('',#8725,.F.);
#8725 = EDGE_LOOP('',(#8726,#8734,#8735,#8736));
#8726 = ORIENTED_EDGE('',*,*,#8727,.T.);
#8727 = EDGE_CURVE('',#8728,#7005,#8730,.T.);
#8728 = VERTEX_POINT('',#8729);
#8729 = CARTESIAN_POINT('',(55.02,13.5,1.1));
#8730 = LINE('',#8731,#8732);
#8731 = CARTESIAN_POINT('',(55.02,11.3,1.1));
#8732 = VECTOR('',#8733,1.);
#8733 = DIRECTION('',(0.,1.,0.));
#8734 = ORIENTED_EDGE('',*,*,#7013,.F.);
#8735 = ORIENTED_EDGE('',*,*,#8712,.F.);
#8736 = ORIENTED_EDGE('',*,*,#8737,.T.);
#8737 = EDGE_CURVE('',#8704,#8728,#8738,.T.);
#8738 = LINE('',#8739,#8740);
#8739 = CARTESIAN_POINT('',(54.,13.5,1.1));
#8740 = VECTOR('',#8741,1.);
#8741 = DIRECTION('',(1.,0.,0.));
#8742 = PLANE('',#8743);
#8743 = AXIS2_PLACEMENT_3D('',#8744,#8745,#8746);
#8744 = CARTESIAN_POINT('',(52.91,11.3,1.1));
#8745 = DIRECTION('',(0.,0.,1.));
#8746 = DIRECTION('',(1.,0.,0.));
#8747 = ADVANCED_FACE('',(#8748),#8767,.F.);
#8748 = FACE_BOUND('',#8749,.T.);
#8749 = EDGE_LOOP('',(#8750,#8758,#8765,#8766));
#8750 = ORIENTED_EDGE('',*,*,#8751,.F.);
#8751 = EDGE_CURVE('',#8752,#6997,#8754,.T.);
#8752 = VERTEX_POINT('',#8753);
#8753 = CARTESIAN_POINT('',(56.11,13.5,1.E-02));
#8754 = LINE('',#8755,#8756);
#8755 = CARTESIAN_POINT('',(56.11,11.3,1.E-02));
#8756 = VECTOR('',#8757,1.);
#8757 = DIRECTION('',(0.,1.,0.));
#8758 = ORIENTED_EDGE('',*,*,#8759,.F.);
#8759 = EDGE_CURVE('',#8728,#8752,#8760,.T.);
#8760 = CIRCLE('',#8761,1.09);
#8761 = AXIS2_PLACEMENT_3D('',#8762,#8763,#8764);
#8762 = CARTESIAN_POINT('',(55.02,13.5,1.E-02));
#8763 = DIRECTION('',(0.,1.,0.));
#8764 = DIRECTION('',(0.,0.,1.));
#8765 = ORIENTED_EDGE('',*,*,#8727,.T.);
#8766 = ORIENTED_EDGE('',*,*,#7004,.T.);
#8767 = CYLINDRICAL_SURFACE('',#8768,1.09);
#8768 = AXIS2_PLACEMENT_3D('',#8769,#8770,#8771);
#8769 = CARTESIAN_POINT('',(55.02,11.3,1.E-02));
#8770 = DIRECTION('',(0.,1.,0.));
#8771 = DIRECTION('',(1.,0.,0.));
#8772 = ADVANCED_FACE('',(#8773),#8791,.F.);
#8773 = FACE_BOUND('',#8774,.F.);
#8774 = EDGE_LOOP('',(#8775,#8776,#8784,#8790));
#8775 = ORIENTED_EDGE('',*,*,#8751,.F.);
#8776 = ORIENTED_EDGE('',*,*,#8777,.T.);
#8777 = EDGE_CURVE('',#8752,#8778,#8780,.T.);
#8778 = VERTEX_POINT('',#8779);
#8779 = CARTESIAN_POINT('',(56.11,13.5,-1.E-02));
#8780 = LINE('',#8781,#8782);
#8781 = CARTESIAN_POINT('',(56.11,13.5,1.E-02));
#8782 = VECTOR('',#8783,1.);
#8783 = DIRECTION('',(0.,0.,-1.));
#8784 = ORIENTED_EDGE('',*,*,#8785,.T.);
#8785 = EDGE_CURVE('',#8778,#6988,#8786,.T.);
#8786 = LINE('',#8787,#8788);
#8787 = CARTESIAN_POINT('',(56.11,11.3,-1.E-02));
#8788 = VECTOR('',#8789,1.);
#8789 = DIRECTION('',(0.,1.,0.));
#8790 = ORIENTED_EDGE('',*,*,#6996,.F.);
#8791 = PLANE('',#8792);
#8792 = AXIS2_PLACEMENT_3D('',#8793,#8794,#8795);
#8793 = CARTESIAN_POINT('',(56.11,11.3,-1.1));
#8794 = DIRECTION('',(1.,0.,0.));
#8795 = DIRECTION('',(0.,0.,1.));
#8796 = ADVANCED_FACE('',(#8797),#8816,.F.);
#8797 = FACE_BOUND('',#8798,.F.);
#8798 = EDGE_LOOP('',(#8799,#8800,#8809,#8815));
#8799 = ORIENTED_EDGE('',*,*,#8785,.F.);
#8800 = ORIENTED_EDGE('',*,*,#8801,.T.);
#8801 = EDGE_CURVE('',#8778,#8802,#8804,.T.);
#8802 = VERTEX_POINT('',#8803);
#8803 = CARTESIAN_POINT('',(55.02,13.5,-1.1));
#8804 = CIRCLE('',#8805,1.09);
#8805 = AXIS2_PLACEMENT_3D('',#8806,#8807,#8808);
#8806 = CARTESIAN_POINT('',(55.02,13.5,-1.E-02));
#8807 = DIRECTION('',(-0.,1.,0.));
#8808 = DIRECTION('',(1.,0.,0.));
#8809 = ORIENTED_EDGE('',*,*,#8810,.T.);
#8810 = EDGE_CURVE('',#8802,#6980,#8811,.T.);
#8811 = LINE('',#8812,#8813);
#8812 = CARTESIAN_POINT('',(55.02,11.3,-1.1));
#8813 = VECTOR('',#8814,1.);
#8814 = DIRECTION('',(0.,1.,0.));
#8815 = ORIENTED_EDGE('',*,*,#6987,.F.);
#8816 = CYLINDRICAL_SURFACE('',#8817,1.09);
#8817 = AXIS2_PLACEMENT_3D('',#8818,#8819,#8820);
#8818 = CARTESIAN_POINT('',(55.02,11.3,-1.E-02));
#8819 = DIRECTION('',(0.,1.,0.));
#8820 = DIRECTION('',(1.,0.,0.));
#8821 = ADVANCED_FACE('',(#8822),#8840,.T.);
#8822 = FACE_BOUND('',#8823,.T.);
#8823 = EDGE_LOOP('',(#8824,#8825,#8826,#8834));
#8824 = ORIENTED_EDGE('',*,*,#8810,.T.);
#8825 = ORIENTED_EDGE('',*,*,#6979,.F.);
#8826 = ORIENTED_EDGE('',*,*,#8827,.F.);
#8827 = EDGE_CURVE('',#8828,#6971,#8830,.T.);
#8828 = VERTEX_POINT('',#8829);
#8829 = CARTESIAN_POINT('',(54.,13.5,-1.1));
#8830 = LINE('',#8831,#8832);
#8831 = CARTESIAN_POINT('',(54.,11.3,-1.1));
#8832 = VECTOR('',#8833,1.);
#8833 = DIRECTION('',(0.,1.,0.));
#8834 = ORIENTED_EDGE('',*,*,#8835,.F.);
#8835 = EDGE_CURVE('',#8802,#8828,#8836,.T.);
#8836 = LINE('',#8837,#8838);
#8837 = CARTESIAN_POINT('',(55.02,13.5,-1.1));
#8838 = VECTOR('',#8839,1.);
#8839 = DIRECTION('',(-1.,-0.,-0.));
#8840 = PLANE('',#8841);
#8841 = AXIS2_PLACEMENT_3D('',#8842,#8843,#8844);
#8842 = CARTESIAN_POINT('',(52.91,11.3,-1.1));
#8843 = DIRECTION('',(0.,0.,1.));
#8844 = DIRECTION('',(1.,0.,0.));
#8845 = ADVANCED_FACE('',(#8846),#8865,.F.);
#8846 = FACE_BOUND('',#8847,.T.);
#8847 = EDGE_LOOP('',(#8848,#8856,#8863,#8864));
#8848 = ORIENTED_EDGE('',*,*,#8849,.F.);
#8849 = EDGE_CURVE('',#8850,#6963,#8852,.T.);
#8850 = VERTEX_POINT('',#8851);
#8851 = CARTESIAN_POINT('',(52.91,13.5,-1.E-02));
#8852 = LINE('',#8853,#8854);
#8853 = CARTESIAN_POINT('',(52.91,11.3,-1.E-02));
#8854 = VECTOR('',#8855,1.);
#8855 = DIRECTION('',(0.,1.,0.));
#8856 = ORIENTED_EDGE('',*,*,#8857,.F.);
#8857 = EDGE_CURVE('',#8828,#8850,#8858,.T.);
#8858 = CIRCLE('',#8859,1.09);
#8859 = AXIS2_PLACEMENT_3D('',#8860,#8861,#8862);
#8860 = CARTESIAN_POINT('',(54.,13.5,-1.E-02));
#8861 = DIRECTION('',(0.,1.,0.));
#8862 = DIRECTION('',(0.,0.,-1.));
#8863 = ORIENTED_EDGE('',*,*,#8827,.T.);
#8864 = ORIENTED_EDGE('',*,*,#6970,.T.);
#8865 = CYLINDRICAL_SURFACE('',#8866,1.09);
#8866 = AXIS2_PLACEMENT_3D('',#8867,#8868,#8869);
#8867 = CARTESIAN_POINT('',(54.,11.3,-1.E-02));
#8868 = DIRECTION('',(0.,1.,0.));
#8869 = DIRECTION('',(-1.,0.,0.));
#8870 = ADVANCED_FACE('',(#8871),#8882,.T.);
#8871 = FACE_BOUND('',#8872,.T.);
#8872 = EDGE_LOOP('',(#8873,#8874,#8880,#8881));
#8873 = ORIENTED_EDGE('',*,*,#8695,.F.);
#8874 = ORIENTED_EDGE('',*,*,#8875,.F.);
#8875 = EDGE_CURVE('',#8850,#8696,#8876,.T.);
#8876 = LINE('',#8877,#8878);
#8877 = CARTESIAN_POINT('',(52.91,13.5,-1.E-02));
#8878 = VECTOR('',#8879,1.);
#8879 = DIRECTION('',(0.,0.,1.));
#8880 = ORIENTED_EDGE('',*,*,#8849,.T.);
#8881 = ORIENTED_EDGE('',*,*,#6962,.F.);
#8882 = PLANE('',#8883);
#8883 = AXIS2_PLACEMENT_3D('',#8884,#8885,#8886);
#8884 = CARTESIAN_POINT('',(52.91,11.3,-1.1));
#8885 = DIRECTION('',(1.,0.,0.));
#8886 = DIRECTION('',(0.,0.,1.));
#8887 = ADVANCED_FACE('',(#8888),#8929,.F.);
#8888 = FACE_BOUND('',#8889,.F.);
#8889 = EDGE_LOOP('',(#8890,#8900,#8908,#8916,#8922,#8923));
#8890 = ORIENTED_EDGE('',*,*,#8891,.F.);
#8891 = EDGE_CURVE('',#8892,#8894,#8896,.T.);
#8892 = VERTEX_POINT('',#8893);
#8893 = CARTESIAN_POINT('',(52.21,13.,2.2));
#8894 = VERTEX_POINT('',#8895);
#8895 = CARTESIAN_POINT('',(58.01,13.,2.2));
#8896 = LINE('',#8897,#8898);
#8897 = CARTESIAN_POINT('',(51.71,13.,2.2));
#8898 = VECTOR('',#8899,1.);
#8899 = DIRECTION('',(1.,0.,0.));
#8900 = ORIENTED_EDGE('',*,*,#8901,.F.);
#8901 = EDGE_CURVE('',#8902,#8892,#8904,.T.);
#8902 = VERTEX_POINT('',#8903);
#8903 = CARTESIAN_POINT('',(52.21,11.3,2.2));
#8904 = LINE('',#8905,#8906);
#8905 = CARTESIAN_POINT('',(52.21,11.3,2.2));
#8906 = VECTOR('',#8907,1.);
#8907 = DIRECTION('',(0.,1.,0.));
#8908 = ORIENTED_EDGE('',*,*,#8909,.T.);
#8909 = EDGE_CURVE('',#8902,#8910,#8912,.T.);
#8910 = VERTEX_POINT('',#8911);
#8911 = CARTESIAN_POINT('',(63.01,11.3,2.2));
#8912 = LINE('',#8913,#8914);
#8913 = CARTESIAN_POINT('',(58.01,11.3,2.2));
#8914 = VECTOR('',#8915,1.);
#8915 = DIRECTION('',(1.,0.,0.));
#8916 = ORIENTED_EDGE('',*,*,#8917,.T.);
#8917 = EDGE_CURVE('',#8910,#7024,#8918,.T.);
#8918 = LINE('',#8919,#8920);
#8919 = CARTESIAN_POINT('',(63.01,11.3,2.2));
#8920 = VECTOR('',#8921,1.);
#8921 = DIRECTION('',(0.,1.,0.));
#8922 = ORIENTED_EDGE('',*,*,#7021,.F.);
#8923 = ORIENTED_EDGE('',*,*,#8924,.F.);
#8924 = EDGE_CURVE('',#8894,#7022,#8925,.T.);
#8925 = LINE('',#8926,#8927);
#8926 = CARTESIAN_POINT('',(58.01,11.3,2.2));
#8927 = VECTOR('',#8928,1.);
#8928 = DIRECTION('',(0.,1.,0.));
#8929 = PLANE('',#8930);
#8930 = AXIS2_PLACEMENT_3D('',#8931,#8932,#8933);
#8931 = CARTESIAN_POINT('',(58.56,14.95,2.2));
#8932 = DIRECTION('',(0.,0.,1.));
#8933 = DIRECTION('',(1.,0.,0.));
#8934 = ADVANCED_FACE('',(#8935),#8953,.F.);
#8935 = FACE_BOUND('',#8936,.F.);
#8936 = EDGE_LOOP('',(#8937,#8938,#8946,#8952));
#8937 = ORIENTED_EDGE('',*,*,#8917,.F.);
#8938 = ORIENTED_EDGE('',*,*,#8939,.F.);
#8939 = EDGE_CURVE('',#8940,#8910,#8942,.T.);
#8940 = VERTEX_POINT('',#8941);
#8941 = CARTESIAN_POINT('',(63.01,11.3,-2.2));
#8942 = LINE('',#8943,#8944);
#8943 = CARTESIAN_POINT('',(63.01,11.3,-2.2));
#8944 = VECTOR('',#8945,1.);
#8945 = DIRECTION('',(0.,0.,1.));
#8946 = ORIENTED_EDGE('',*,*,#8947,.T.);
#8947 = EDGE_CURVE('',#8940,#7040,#8948,.T.);
#8948 = LINE('',#8949,#8950);
#8949 = CARTESIAN_POINT('',(63.01,11.3,-2.2));
#8950 = VECTOR('',#8951,1.);
#8951 = DIRECTION('',(0.,1.,0.));
#8952 = ORIENTED_EDGE('',*,*,#7047,.F.);
#8953 = PLANE('',#8954);
#8954 = AXIS2_PLACEMENT_3D('',#8955,#8956,#8957);
#8955 = CARTESIAN_POINT('',(63.01,11.3,-2.2));
#8956 = DIRECTION('',(1.,0.,0.));
#8957 = DIRECTION('',(0.,0.,1.));
#8958 = ADVANCED_FACE('',(#8959),#8993,.F.);
#8959 = FACE_BOUND('',#8960,.F.);
#8960 = EDGE_LOOP('',(#8961,#8971,#8979,#8985,#8986,#8987));
#8961 = ORIENTED_EDGE('',*,*,#8962,.T.);
#8962 = EDGE_CURVE('',#8963,#8965,#8967,.T.);
#8963 = VERTEX_POINT('',#8964);
#8964 = CARTESIAN_POINT('',(51.71,11.3,-2.2));
#8965 = VERTEX_POINT('',#8966);
#8966 = CARTESIAN_POINT('',(51.71,13.,-2.2));
#8967 = LINE('',#8968,#8969);
#8968 = CARTESIAN_POINT('',(51.71,11.3,-2.2));
#8969 = VECTOR('',#8970,1.);
#8970 = DIRECTION('',(0.,1.,0.));
#8971 = ORIENTED_EDGE('',*,*,#8972,.T.);
#8972 = EDGE_CURVE('',#8965,#8973,#8975,.T.);
#8973 = VERTEX_POINT('',#8974);
#8974 = CARTESIAN_POINT('',(58.01,13.,-2.2));
#8975 = LINE('',#8976,#8977);
#8976 = CARTESIAN_POINT('',(51.71,13.,-2.2));
#8977 = VECTOR('',#8978,1.);
#8978 = DIRECTION('',(1.,0.,0.));
#8979 = ORIENTED_EDGE('',*,*,#8980,.T.);
#8980 = EDGE_CURVE('',#8973,#7032,#8981,.T.);
#8981 = LINE('',#8982,#8983);
#8982 = CARTESIAN_POINT('',(58.01,11.3,-2.2));
#8983 = VECTOR('',#8984,1.);
#8984 = DIRECTION('',(0.,1.,0.));
#8985 = ORIENTED_EDGE('',*,*,#7039,.F.);
#8986 = ORIENTED_EDGE('',*,*,#8947,.F.);
#8987 = ORIENTED_EDGE('',*,*,#8988,.F.);
#8988 = EDGE_CURVE('',#8963,#8940,#8989,.T.);
#8989 = LINE('',#8990,#8991);
#8990 = CARTESIAN_POINT('',(51.71,11.3,-2.2));
#8991 = VECTOR('',#8992,1.);
#8992 = DIRECTION('',(1.,0.,0.));
#8993 = PLANE('',#8994);
#8994 = AXIS2_PLACEMENT_3D('',#8995,#8996,#8997);
#8995 = CARTESIAN_POINT('',(58.56,14.95,-2.2));
#8996 = DIRECTION('',(-0.,-0.,-1.));
#8997 = DIRECTION('',(-1.,0.,0.));
#8998 = ADVANCED_FACE('',(#8999),#9010,.T.);
#8999 = FACE_BOUND('',#9000,.T.);
#9000 = EDGE_LOOP('',(#9001,#9002,#9008,#9009));
#9001 = ORIENTED_EDGE('',*,*,#8924,.F.);
#9002 = ORIENTED_EDGE('',*,*,#9003,.T.);
#9003 = EDGE_CURVE('',#8894,#8973,#9004,.T.);
#9004 = LINE('',#9005,#9006);
#9005 = CARTESIAN_POINT('',(58.01,13.,-2.2));
#9006 = VECTOR('',#9007,1.);
#9007 = DIRECTION('',(0.,0.,-1.));
#9008 = ORIENTED_EDGE('',*,*,#8980,.T.);
#9009 = ORIENTED_EDGE('',*,*,#7031,.F.);
#9010 = PLANE('',#9011);
#9011 = AXIS2_PLACEMENT_3D('',#9012,#9013,#9014);
#9012 = CARTESIAN_POINT('',(58.01,11.3,-2.2));
#9013 = DIRECTION('',(1.,0.,0.));
#9014 = DIRECTION('',(0.,0.,1.));
#9015 = ADVANCED_FACE('',(#9016),#9041,.F.);
#9016 = FACE_BOUND('',#9017,.T.);
#9017 = EDGE_LOOP('',(#9018,#9026,#9027,#9035));
#9018 = ORIENTED_EDGE('',*,*,#9019,.F.);
#9019 = EDGE_CURVE('',#7724,#9020,#9022,.T.);
#9020 = VERTEX_POINT('',#9021);
#9021 = CARTESIAN_POINT('',(37.41,7.,1.01));
#9022 = LINE('',#9023,#9024);
#9023 = CARTESIAN_POINT('',(37.91,6.5,1.01));
#9024 = VECTOR('',#9025,1.);
#9025 = DIRECTION('',(-0.707106781187,0.707106781187,-4.E-17));
#9026 = ORIENTED_EDGE('',*,*,#7723,.T.);
#9027 = ORIENTED_EDGE('',*,*,#9028,.T.);
#9028 = EDGE_CURVE('',#7716,#9029,#9031,.T.);
#9029 = VERTEX_POINT('',#9030);
#9030 = CARTESIAN_POINT('',(37.41,7.,0.99));
#9031 = LINE('',#9032,#9033);
#9032 = CARTESIAN_POINT('',(37.66,6.75,0.99));
#9033 = VECTOR('',#9034,1.);
#9034 = DIRECTION('',(-0.707106781187,0.707106781187,-9.E-17));
#9035 = ORIENTED_EDGE('',*,*,#9036,.F.);
#9036 = EDGE_CURVE('',#9020,#9029,#9037,.T.);
#9037 = LINE('',#9038,#9039);
#9038 = CARTESIAN_POINT('',(37.41,7.,1.01));
#9039 = VECTOR('',#9040,1.);
#9040 = DIRECTION('',(-0.,-1.2E-16,-1.));
#9041 = PLANE('',#9042);
#9042 = AXIS2_PLACEMENT_3D('',#9043,#9044,#9045);
#9043 = CARTESIAN_POINT('',(37.66,6.75,1.01));
#9044 = DIRECTION('',(-0.707106781187,-0.707106781187,1.3E-16));
#9045 = DIRECTION('',(3.192388155425E-17,1.519238815543E-16,1.));
#9046 = ADVANCED_FACE('',(#9047),#9066,.F.);
#9047 = FACE_BOUND('',#9048,.T.);
#9048 = EDGE_LOOP('',(#9049,#9057,#9058,#9059));
#9049 = ORIENTED_EDGE('',*,*,#9050,.F.);
#9050 = EDGE_CURVE('',#7748,#9051,#9053,.T.);
#9051 = VERTEX_POINT('',#9052);
#9052 = CARTESIAN_POINT('',(39.,7.,2.6));
#9053 = LINE('',#9054,#9055);
#9054 = CARTESIAN_POINT('',(39.,6.75,2.35));
#9055 = VECTOR('',#9056,1.);
#9056 = DIRECTION('',(0.,0.707106781187,0.707106781187));
#9057 = ORIENTED_EDGE('',*,*,#7747,.T.);
#9058 = ORIENTED_EDGE('',*,*,#9019,.T.);
#9059 = ORIENTED_EDGE('',*,*,#9060,.F.);
#9060 = EDGE_CURVE('',#9051,#9020,#9061,.T.);
#9061 = CIRCLE('',#9062,1.59);
#9062 = AXIS2_PLACEMENT_3D('',#9063,#9064,#9065);
#9063 = CARTESIAN_POINT('',(39.,7.,1.01));
#9064 = DIRECTION('',(0.,-1.,1.2E-16));
#9065 = DIRECTION('',(0.,1.2E-16,1.));
#9066 = CONICAL_SURFACE('',#9067,1.09,0.785398163397);
#9067 = AXIS2_PLACEMENT_3D('',#9068,#9069,#9070);
#9068 = CARTESIAN_POINT('',(39.,6.5,1.01));
#9069 = DIRECTION('',(0.,1.,-1.2E-16));
#9070 = DIRECTION('',(0.,1.2E-16,1.));
#9071 = ADVANCED_FACE('',(#9072),#9090,.F.);
#9072 = FACE_BOUND('',#9073,.T.);
#9073 = EDGE_LOOP('',(#9074,#9082,#9083,#9084));
#9074 = ORIENTED_EDGE('',*,*,#9075,.F.);
#9075 = EDGE_CURVE('',#7772,#9076,#9078,.T.);
#9076 = VERTEX_POINT('',#9077);
#9077 = CARTESIAN_POINT('',(40.02,7.,2.6));
#9078 = LINE('',#9079,#9080);
#9079 = CARTESIAN_POINT('',(40.02,6.5,2.1));
#9080 = VECTOR('',#9081,1.);
#9081 = DIRECTION('',(1.9E-16,0.707106781187,0.707106781187));
#9082 = ORIENTED_EDGE('',*,*,#7781,.T.);
#9083 = ORIENTED_EDGE('',*,*,#9050,.T.);
#9084 = ORIENTED_EDGE('',*,*,#9085,.F.);
#9085 = EDGE_CURVE('',#9076,#9051,#9086,.T.);
#9086 = LINE('',#9087,#9088);
#9087 = CARTESIAN_POINT('',(40.02,7.,2.6));
#9088 = VECTOR('',#9089,1.);
#9089 = DIRECTION('',(-1.,-0.,-0.));
#9090 = PLANE('',#9091);
#9091 = AXIS2_PLACEMENT_3D('',#9092,#9093,#9094);
#9092 = CARTESIAN_POINT('',(40.02,6.75,2.35));
#9093 = DIRECTION('',(0.,-0.707106781187,0.707106781187));
#9094 = DIRECTION('',(1.,0.,0.));
#9095 = ADVANCED_FACE('',(#9096),#9115,.F.);
#9096 = FACE_BOUND('',#9097,.T.);
#9097 = EDGE_LOOP('',(#9098,#9106,#9107,#9108));
#9098 = ORIENTED_EDGE('',*,*,#9099,.F.);
#9099 = EDGE_CURVE('',#7796,#9100,#9102,.T.);
#9100 = VERTEX_POINT('',#9101);
#9101 = CARTESIAN_POINT('',(41.61,7.,1.01));
#9102 = LINE('',#9103,#9104);
#9103 = CARTESIAN_POINT('',(41.11,6.5,1.01));
#9104 = VECTOR('',#9105,1.);
#9105 = DIRECTION('',(0.707106781187,0.707106781187,-2.3E-16));
#9106 = ORIENTED_EDGE('',*,*,#7803,.T.);
#9107 = ORIENTED_EDGE('',*,*,#9075,.T.);
#9108 = ORIENTED_EDGE('',*,*,#9109,.F.);
#9109 = EDGE_CURVE('',#9100,#9076,#9110,.T.);
#9110 = CIRCLE('',#9111,1.59);
#9111 = AXIS2_PLACEMENT_3D('',#9112,#9113,#9114);
#9112 = CARTESIAN_POINT('',(40.02,7.,1.01));
#9113 = DIRECTION('',(0.,-1.,1.2E-16));
#9114 = DIRECTION('',(1.,-2.4E-32,-2.E-16));
#9115 = CONICAL_SURFACE('',#9116,1.09,0.785398163397);
#9116 = AXIS2_PLACEMENT_3D('',#9117,#9118,#9119);
#9117 = CARTESIAN_POINT('',(40.02,6.5,1.01));
#9118 = DIRECTION('',(0.,1.,-1.2E-16));
#9119 = DIRECTION('',(1.,-2.4E-32,-2.E-16));
#9120 = ADVANCED_FACE('',(#9121),#9139,.T.);
#9121 = FACE_BOUND('',#9122,.T.);
#9122 = EDGE_LOOP('',(#9123,#9131,#9132,#9133));
#9123 = ORIENTED_EDGE('',*,*,#9124,.F.);
#9124 = EDGE_CURVE('',#7821,#9125,#9127,.T.);
#9125 = VERTEX_POINT('',#9126);
#9126 = CARTESIAN_POINT('',(41.61,7.,0.99));
#9127 = LINE('',#9128,#9129);
#9128 = CARTESIAN_POINT('',(41.11,6.5,0.99));
#9129 = VECTOR('',#9130,1.);
#9130 = DIRECTION('',(0.707106781187,0.707106781187,-1.3E-16));
#9131 = ORIENTED_EDGE('',*,*,#7828,.T.);
#9132 = ORIENTED_EDGE('',*,*,#9099,.T.);
#9133 = ORIENTED_EDGE('',*,*,#9134,.F.);
#9134 = EDGE_CURVE('',#9125,#9100,#9135,.T.);
#9135 = LINE('',#9136,#9137);
#9136 = CARTESIAN_POINT('',(41.61,7.,0.99));
#9137 = VECTOR('',#9138,1.);
#9138 = DIRECTION('',(0.,1.2E-16,1.));
#9139 = PLANE('',#9140);
#9140 = AXIS2_PLACEMENT_3D('',#9141,#9142,#9143);
#9141 = CARTESIAN_POINT('',(41.36,6.75,0.99));
#9142 = DIRECTION('',(-0.707106781187,0.707106781187,-1.3E-16));
#9143 = DIRECTION('',(-3.192388155425E-17,1.519238815543E-16,1.));
#9144 = ADVANCED_FACE('',(#9145),#9164,.F.);
#9145 = FACE_BOUND('',#9146,.T.);
#9146 = EDGE_LOOP('',(#9147,#9155,#9156,#9157));
#9147 = ORIENTED_EDGE('',*,*,#9148,.F.);
#9148 = EDGE_CURVE('',#7846,#9149,#9151,.T.);
#9149 = VERTEX_POINT('',#9150);
#9150 = CARTESIAN_POINT('',(40.02,7.,-0.6));
#9151 = LINE('',#9152,#9153);
#9152 = CARTESIAN_POINT('',(40.02,6.75,-0.35));
#9153 = VECTOR('',#9154,1.);
#9154 = DIRECTION('',(0.,0.707106781187,-0.707106781187));
#9155 = ORIENTED_EDGE('',*,*,#7845,.T.);
#9156 = ORIENTED_EDGE('',*,*,#9124,.T.);
#9157 = ORIENTED_EDGE('',*,*,#9158,.F.);
#9158 = EDGE_CURVE('',#9149,#9125,#9159,.T.);
#9159 = CIRCLE('',#9160,1.59);
#9160 = AXIS2_PLACEMENT_3D('',#9161,#9162,#9163);
#9161 = CARTESIAN_POINT('',(40.02,7.,0.99));
#9162 = DIRECTION('',(0.,-1.,1.2E-16));
#9163 = DIRECTION('',(0.,-1.2E-16,-1.));
#9164 = CONICAL_SURFACE('',#9165,1.09,0.785398163397);
#9165 = AXIS2_PLACEMENT_3D('',#9166,#9167,#9168);
#9166 = CARTESIAN_POINT('',(40.02,6.5,0.99));
#9167 = DIRECTION('',(0.,1.,-1.2E-16));
#9168 = DIRECTION('',(0.,-1.2E-16,-1.));
#9169 = ADVANCED_FACE('',(#9170),#9188,.T.);
#9170 = FACE_BOUND('',#9171,.T.);
#9171 = EDGE_LOOP('',(#9172,#9180,#9181,#9182));
#9172 = ORIENTED_EDGE('',*,*,#9173,.F.);
#9173 = EDGE_CURVE('',#7872,#9174,#9176,.T.);
#9174 = VERTEX_POINT('',#9175);
#9175 = CARTESIAN_POINT('',(39.,7.,-0.6));
#9176 = LINE('',#9177,#9178);
#9177 = CARTESIAN_POINT('',(39.,6.5,-1.E-01));
#9178 = VECTOR('',#9179,1.);
#9179 = DIRECTION('',(1.E-16,0.707106781187,-0.707106781187));
#9180 = ORIENTED_EDGE('',*,*,#7879,.T.);
#9181 = ORIENTED_EDGE('',*,*,#9148,.T.);
#9182 = ORIENTED_EDGE('',*,*,#9183,.F.);
#9183 = EDGE_CURVE('',#9174,#9149,#9184,.T.);
#9184 = LINE('',#9185,#9186);
#9185 = CARTESIAN_POINT('',(39.,7.,-0.6));
#9186 = VECTOR('',#9187,1.);
#9187 = DIRECTION('',(1.,0.,0.));
#9188 = PLANE('',#9189);
#9189 = AXIS2_PLACEMENT_3D('',#9190,#9191,#9192);
#9190 = CARTESIAN_POINT('',(39.,6.75,-0.35));
#9191 = DIRECTION('',(0.,0.707106781187,0.707106781187));
#9192 = DIRECTION('',(1.,0.,0.));
#9193 = ADVANCED_FACE('',(#9194),#9206,.F.);
#9194 = FACE_BOUND('',#9195,.T.);
#9195 = EDGE_LOOP('',(#9196,#9197,#9198,#9199));
#9196 = ORIENTED_EDGE('',*,*,#9028,.F.);
#9197 = ORIENTED_EDGE('',*,*,#7894,.T.);
#9198 = ORIENTED_EDGE('',*,*,#9173,.T.);
#9199 = ORIENTED_EDGE('',*,*,#9200,.F.);
#9200 = EDGE_CURVE('',#9029,#9174,#9201,.T.);
#9201 = CIRCLE('',#9202,1.59);
#9202 = AXIS2_PLACEMENT_3D('',#9203,#9204,#9205);
#9203 = CARTESIAN_POINT('',(39.,7.,0.99));
#9204 = DIRECTION('',(0.,-1.,1.2E-16));
#9205 = DIRECTION('',(-1.,-2.4E-32,-2.E-16));
#9206 = CONICAL_SURFACE('',#9207,1.09,0.785398163397);
#9207 = AXIS2_PLACEMENT_3D('',#9208,#9209,#9210);
#9208 = CARTESIAN_POINT('',(39.,6.5,0.99));
#9209 = DIRECTION('',(0.,1.,-1.2E-16));
#9210 = DIRECTION('',(-1.,-2.4E-32,-2.E-16));
#9211 = ADVANCED_FACE('',(#9212),#9236,.T.);
#9212 = FACE_BOUND('',#9213,.T.);
#9213 = EDGE_LOOP('',(#9214,#9222,#9223,#9229,#9230));
#9214 = ORIENTED_EDGE('',*,*,#9215,.T.);
#9215 = EDGE_CURVE('',#9216,#7983,#9218,.T.);
#9216 = VERTEX_POINT('',#9217);
#9217 = CARTESIAN_POINT('',(36.71,7.,2.7));
#9218 = LINE('',#9219,#9220);
#9219 = CARTESIAN_POINT('',(36.71,7.,3.2));
#9220 = VECTOR('',#9221,1.);
#9221 = DIRECTION('',(0.,0.,-1.));
#9222 = ORIENTED_EDGE('',*,*,#7992,.F.);
#9223 = ORIENTED_EDGE('',*,*,#9224,.F.);
#9224 = EDGE_CURVE('',#7912,#7993,#9225,.T.);
#9225 = LINE('',#9226,#9227);
#9226 = CARTESIAN_POINT('',(36.71,8.7,3.2));
#9227 = VECTOR('',#9228,1.);
#9228 = DIRECTION('',(0.,0.,-1.));
#9229 = ORIENTED_EDGE('',*,*,#7911,.T.);
#9230 = ORIENTED_EDGE('',*,*,#9231,.T.);
#9231 = EDGE_CURVE('',#7914,#9216,#9232,.T.);
#9232 = LINE('',#9233,#9234);
#9233 = CARTESIAN_POINT('',(36.71,7.675,3.375));
#9234 = VECTOR('',#9235,1.);
#9235 = DIRECTION('',(0.,-0.707106781187,-0.707106781187));
#9236 = PLANE('',#9237);
#9237 = AXIS2_PLACEMENT_3D('',#9238,#9239,#9240);
#9238 = CARTESIAN_POINT('',(36.71,8.7,3.2));
#9239 = DIRECTION('',(1.,0.,0.));
#9240 = DIRECTION('',(0.,0.,-1.));
#9241 = ADVANCED_FACE('',(#9242),#9253,.F.);
#9242 = FACE_BOUND('',#9243,.T.);
#9243 = EDGE_LOOP('',(#9244,#9245,#9246,#9247));
#9244 = ORIENTED_EDGE('',*,*,#9231,.F.);
#9245 = ORIENTED_EDGE('',*,*,#7921,.T.);
#9246 = ORIENTED_EDGE('',*,*,#8030,.T.);
#9247 = ORIENTED_EDGE('',*,*,#9248,.F.);
#9248 = EDGE_CURVE('',#9216,#8023,#9249,.T.);
#9249 = LINE('',#9250,#9251);
#9250 = CARTESIAN_POINT('',(36.71,7.,2.7));
#9251 = VECTOR('',#9252,1.);
#9252 = DIRECTION('',(1.,0.,0.));
#9253 = PLANE('',#9254);
#9254 = AXIS2_PLACEMENT_3D('',#9255,#9256,#9257);
#9255 = CARTESIAN_POINT('',(36.71,7.25,2.95));
#9256 = DIRECTION('',(0.,-0.707106781187,0.707106781187));
#9257 = DIRECTION('',(-1.,-0.,-0.));
#9258 = ADVANCED_FACE('',(#9259),#9265,.F.);
#9259 = FACE_BOUND('',#9260,.F.);
#9260 = EDGE_LOOP('',(#9261,#9262,#9263,#9264));
#9261 = ORIENTED_EDGE('',*,*,#7944,.T.);
#9262 = ORIENTED_EDGE('',*,*,#7966,.T.);
#9263 = ORIENTED_EDGE('',*,*,#8000,.F.);
#9264 = ORIENTED_EDGE('',*,*,#9224,.F.);
#9265 = PLANE('',#9266);
#9266 = AXIS2_PLACEMENT_3D('',#9267,#9268,#9269);
#9267 = CARTESIAN_POINT('',(42.36,8.7,1.));
#9268 = DIRECTION('',(-0.,1.,0.));
#9269 = DIRECTION('',(0.,0.,1.));
#9270 = ADVANCED_FACE('',(#9271,#9277),#9287,.F.);
#9271 = FACE_BOUND('',#9272,.F.);
#9272 = EDGE_LOOP('',(#9273,#9274,#9275,#9276));
#9273 = ORIENTED_EDGE('',*,*,#8022,.T.);
#9274 = ORIENTED_EDGE('',*,*,#9248,.F.);
#9275 = ORIENTED_EDGE('',*,*,#9215,.T.);
#9276 = ORIENTED_EDGE('',*,*,#7982,.T.);
#9277 = FACE_BOUND('',#9278,.F.);
#9278 = EDGE_LOOP('',(#9279,#9280,#9281,#9282,#9283,#9284,#9285,#9286));
#9279 = ORIENTED_EDGE('',*,*,#9109,.F.);
#9280 = ORIENTED_EDGE('',*,*,#9134,.F.);
#9281 = ORIENTED_EDGE('',*,*,#9158,.F.);
#9282 = ORIENTED_EDGE('',*,*,#9183,.F.);
#9283 = ORIENTED_EDGE('',*,*,#9200,.F.);
#9284 = ORIENTED_EDGE('',*,*,#9036,.F.);
#9285 = ORIENTED_EDGE('',*,*,#9060,.F.);
#9286 = ORIENTED_EDGE('',*,*,#9085,.F.);
#9287 = PLANE('',#9288);
#9288 = AXIS2_PLACEMENT_3D('',#9289,#9290,#9291);
#9289 = CARTESIAN_POINT('',(36.71,7.,3.2));
#9290 = DIRECTION('',(0.,-1.,0.));
#9291 = DIRECTION('',(0.,0.,-1.));
#9292 = ADVANCED_FACE('',(#9293,#9304),#9314,.F.);
#9293 = FACE_BOUND('',#9294,.F.);
#9294 = EDGE_LOOP('',(#9295,#9296,#9302,#9303));
#9295 = ORIENTED_EDGE('',*,*,#8253,.F.);
#9296 = ORIENTED_EDGE('',*,*,#9297,.T.);
#9297 = EDGE_CURVE('',#8246,#8315,#9298,.T.);
#9298 = LINE('',#9299,#9300);
#9299 = CARTESIAN_POINT('',(51.71,7.,3.2));
#9300 = VECTOR('',#9301,1.);
#9301 = DIRECTION('',(0.,0.,-1.));
#9302 = ORIENTED_EDGE('',*,*,#8314,.T.);
#9303 = ORIENTED_EDGE('',*,*,#8355,.T.);
#9304 = FACE_BOUND('',#9305,.F.);
#9305 = EDGE_LOOP('',(#9306,#9307,#9308,#9309,#9310,#9311,#9312,#9313));
#9306 = ORIENTED_EDGE('',*,*,#8226,.F.);
#9307 = ORIENTED_EDGE('',*,*,#8055,.T.);
#9308 = ORIENTED_EDGE('',*,*,#8079,.F.);
#9309 = ORIENTED_EDGE('',*,*,#8105,.T.);
#9310 = ORIENTED_EDGE('',*,*,#8135,.F.);
#9311 = ORIENTED_EDGE('',*,*,#8160,.F.);
#9312 = ORIENTED_EDGE('',*,*,#8177,.F.);
#9313 = ORIENTED_EDGE('',*,*,#8210,.F.);
#9314 = PLANE('',#9315);
#9315 = AXIS2_PLACEMENT_3D('',#9316,#9317,#9318);
#9316 = CARTESIAN_POINT('',(51.71,7.,3.2));
#9317 = DIRECTION('',(0.,-1.,0.));
#9318 = DIRECTION('',(0.,0.,-1.));
#9319 = ADVANCED_FACE('',(#9320),#9331,.T.);
#9320 = FACE_BOUND('',#9321,.T.);
#9321 = EDGE_LOOP('',(#9322,#9328,#9329,#9330));
#9322 = ORIENTED_EDGE('',*,*,#9323,.F.);
#9323 = EDGE_CURVE('',#8244,#8325,#9324,.T.);
#9324 = LINE('',#9325,#9326);
#9325 = CARTESIAN_POINT('',(51.71,8.7,3.2));
#9326 = VECTOR('',#9327,1.);
#9327 = DIRECTION('',(0.,0.,-1.));
#9328 = ORIENTED_EDGE('',*,*,#8243,.T.);
#9329 = ORIENTED_EDGE('',*,*,#9297,.T.);
#9330 = ORIENTED_EDGE('',*,*,#8324,.F.);
#9331 = PLANE('',#9332);
#9332 = AXIS2_PLACEMENT_3D('',#9333,#9334,#9335);
#9333 = CARTESIAN_POINT('',(51.71,8.7,3.2));
#9334 = DIRECTION('',(1.,0.,0.));
#9335 = DIRECTION('',(0.,0.,-1.));
#9336 = ADVANCED_FACE('',(#9337),#9343,.F.);
#9337 = FACE_BOUND('',#9338,.F.);
#9338 = EDGE_LOOP('',(#9339,#9340,#9341,#9342));
#9339 = ORIENTED_EDGE('',*,*,#8276,.T.);
#9340 = ORIENTED_EDGE('',*,*,#8298,.T.);
#9341 = ORIENTED_EDGE('',*,*,#8332,.F.);
#9342 = ORIENTED_EDGE('',*,*,#9323,.F.);
#9343 = PLANE('',#9344);
#9344 = AXIS2_PLACEMENT_3D('',#9345,#9346,#9347);
#9345 = CARTESIAN_POINT('',(57.36,8.7,1.));
#9346 = DIRECTION('',(-0.,1.,0.));
#9347 = DIRECTION('',(0.,0.,1.));
#9348 = ADVANCED_FACE('',(#9349,#9360),#9370,.F.);
#9349 = FACE_BOUND('',#9350,.F.);
#9350 = EDGE_LOOP('',(#9351,#9352,#9358,#9359));
#9351 = ORIENTED_EDGE('',*,*,#8648,.F.);
#9352 = ORIENTED_EDGE('',*,*,#9353,.T.);
#9353 = EDGE_CURVE('',#8641,#8568,#9354,.T.);
#9354 = LINE('',#9355,#9356);
#9355 = CARTESIAN_POINT('',(36.71,13.,-2.2));
#9356 = VECTOR('',#9357,1.);
#9357 = DIRECTION('',(0.,0.,1.));
#9358 = ORIENTED_EDGE('',*,*,#8567,.T.);
#9359 = ORIENTED_EDGE('',*,*,#8679,.T.);
#9360 = FACE_BOUND('',#9361,.F.);
#9361 = EDGE_LOOP('',(#9362,#9363,#9364,#9365,#9366,#9367,#9368,#9369));
#9362 = ORIENTED_EDGE('',*,*,#8379,.F.);
#9363 = ORIENTED_EDGE('',*,*,#8551,.T.);
#9364 = ORIENTED_EDGE('',*,*,#8533,.F.);
#9365 = ORIENTED_EDGE('',*,*,#8510,.T.);
#9366 = ORIENTED_EDGE('',*,*,#8477,.F.);
#9367 = ORIENTED_EDGE('',*,*,#8453,.F.);
#9368 = ORIENTED_EDGE('',*,*,#8435,.F.);
#9369 = ORIENTED_EDGE('',*,*,#8405,.F.);
#9370 = PLANE('',#9371);
#9371 = AXIS2_PLACEMENT_3D('',#9372,#9373,#9374);
#9372 = CARTESIAN_POINT('',(36.71,13.,-2.2));
#9373 = DIRECTION('',(0.,1.,0.));
#9374 = DIRECTION('',(0.,0.,1.));
#9375 = ADVANCED_FACE('',(#9376),#9387,.F.);
#9376 = FACE_BOUND('',#9377,.F.);
#9377 = EDGE_LOOP('',(#9378,#9379,#9380,#9381));
#9378 = ORIENTED_EDGE('',*,*,#8664,.T.);
#9379 = ORIENTED_EDGE('',*,*,#8615,.T.);
#9380 = ORIENTED_EDGE('',*,*,#8585,.F.);
#9381 = ORIENTED_EDGE('',*,*,#9382,.F.);
#9382 = EDGE_CURVE('',#8639,#8578,#9383,.T.);
#9383 = LINE('',#9384,#9385);
#9384 = CARTESIAN_POINT('',(36.71,11.3,-2.2));
#9385 = VECTOR('',#9386,1.);
#9386 = DIRECTION('',(0.,0.,1.));
#9387 = PLANE('',#9388);
#9388 = AXIS2_PLACEMENT_3D('',#9389,#9390,#9391);
#9389 = CARTESIAN_POINT('',(42.36,11.3,6.E-17));
#9390 = DIRECTION('',(-0.,-1.,-0.));
#9391 = DIRECTION('',(0.,0.,-1.));
#9392 = ADVANCED_FACE('',(#9393),#9399,.T.);
#9393 = FACE_BOUND('',#9394,.T.);
#9394 = EDGE_LOOP('',(#9395,#9396,#9397,#9398));
#9395 = ORIENTED_EDGE('',*,*,#9382,.F.);
#9396 = ORIENTED_EDGE('',*,*,#8638,.T.);
#9397 = ORIENTED_EDGE('',*,*,#9353,.T.);
#9398 = ORIENTED_EDGE('',*,*,#8577,.F.);
#9399 = PLANE('',#9400);
#9400 = AXIS2_PLACEMENT_3D('',#9401,#9402,#9403);
#9401 = CARTESIAN_POINT('',(36.71,11.3,-2.2));
#9402 = DIRECTION('',(1.,0.,0.));
#9403 = DIRECTION('',(0.,0.,1.));
#9404 = ADVANCED_FACE('',(#9405),#9431,.F.);
#9405 = FACE_BOUND('',#9406,.T.);
#9406 = EDGE_LOOP('',(#9407,#9415,#9416,#9424));
#9407 = ORIENTED_EDGE('',*,*,#9408,.F.);
#9408 = EDGE_CURVE('',#8696,#9409,#9411,.T.);
#9409 = VERTEX_POINT('',#9410);
#9410 = CARTESIAN_POINT('',(52.41,13.,1.E-02));
#9411 = LINE('',#9412,#9413);
#9412 = CARTESIAN_POINT('',(52.66,13.25,1.E-02));
#9413 = VECTOR('',#9414,1.);
#9414 = DIRECTION('',(-0.707106781187,-0.707106781187,-0.));
#9415 = ORIENTED_EDGE('',*,*,#8703,.T.);
#9416 = ORIENTED_EDGE('',*,*,#9417,.T.);
#9417 = EDGE_CURVE('',#8704,#9418,#9420,.T.);
#9418 = VERTEX_POINT('',#9419);
#9419 = CARTESIAN_POINT('',(54.,13.,1.6));
#9420 = LINE('',#9421,#9422);
#9421 = CARTESIAN_POINT('',(54.,13.5,1.1));
#9422 = VECTOR('',#9423,1.);
#9423 = DIRECTION('',(-4.E-17,-0.707106781187,0.707106781187));
#9424 = ORIENTED_EDGE('',*,*,#9425,.F.);
#9425 = EDGE_CURVE('',#9409,#9418,#9426,.T.);
#9426 = CIRCLE('',#9427,1.59);
#9427 = AXIS2_PLACEMENT_3D('',#9428,#9429,#9430);
#9428 = CARTESIAN_POINT('',(54.,13.,1.E-02));
#9429 = DIRECTION('',(0.,1.,-0.));
#9430 = DIRECTION('',(-1.,0.,0.));
#9431 = CONICAL_SURFACE('',#9432,1.09,0.785398163397);
#9432 = AXIS2_PLACEMENT_3D('',#9433,#9434,#9435);
#9433 = CARTESIAN_POINT('',(54.,13.5,1.E-02));
#9434 = DIRECTION('',(-0.,-1.,-0.));
#9435 = DIRECTION('',(-1.,0.,0.));
#9436 = ADVANCED_FACE('',(#9437),#9455,.T.);
#9437 = FACE_BOUND('',#9438,.T.);
#9438 = EDGE_LOOP('',(#9439,#9440,#9441,#9449));
#9439 = ORIENTED_EDGE('',*,*,#9417,.F.);
#9440 = ORIENTED_EDGE('',*,*,#8737,.T.);
#9441 = ORIENTED_EDGE('',*,*,#9442,.T.);
#9442 = EDGE_CURVE('',#8728,#9443,#9445,.T.);
#9443 = VERTEX_POINT('',#9444);
#9444 = CARTESIAN_POINT('',(55.02,13.,1.6));
#9445 = LINE('',#9446,#9447);
#9446 = CARTESIAN_POINT('',(55.02,13.25,1.35));
#9447 = VECTOR('',#9448,1.);
#9448 = DIRECTION('',(0.,-0.707106781187,0.707106781187));
#9449 = ORIENTED_EDGE('',*,*,#9450,.F.);
#9450 = EDGE_CURVE('',#9418,#9443,#9451,.T.);
#9451 = LINE('',#9452,#9453);
#9452 = CARTESIAN_POINT('',(54.,13.,1.6));
#9453 = VECTOR('',#9454,1.);
#9454 = DIRECTION('',(1.,0.,0.));
#9455 = PLANE('',#9456);
#9456 = AXIS2_PLACEMENT_3D('',#9457,#9458,#9459);
#9457 = CARTESIAN_POINT('',(54.,13.25,1.35));
#9458 = DIRECTION('',(0.,-0.707106781187,-0.707106781187));
#9459 = DIRECTION('',(1.,0.,0.));
#9460 = ADVANCED_FACE('',(#9461),#9480,.F.);
#9461 = FACE_BOUND('',#9462,.T.);
#9462 = EDGE_LOOP('',(#9463,#9464,#9465,#9473));
#9463 = ORIENTED_EDGE('',*,*,#9442,.F.);
#9464 = ORIENTED_EDGE('',*,*,#8759,.T.);
#9465 = ORIENTED_EDGE('',*,*,#9466,.T.);
#9466 = EDGE_CURVE('',#8752,#9467,#9469,.T.);
#9467 = VERTEX_POINT('',#9468);
#9468 = CARTESIAN_POINT('',(56.61,13.,1.E-02));
#9469 = LINE('',#9470,#9471);
#9470 = CARTESIAN_POINT('',(56.36,13.25,1.E-02));
#9471 = VECTOR('',#9472,1.);
#9472 = DIRECTION('',(0.707106781187,-0.707106781187,0.));
#9473 = ORIENTED_EDGE('',*,*,#9474,.F.);
#9474 = EDGE_CURVE('',#9443,#9467,#9475,.T.);
#9475 = CIRCLE('',#9476,1.59);
#9476 = AXIS2_PLACEMENT_3D('',#9477,#9478,#9479);
#9477 = CARTESIAN_POINT('',(55.02,13.,1.E-02));
#9478 = DIRECTION('',(0.,1.,0.));
#9479 = DIRECTION('',(0.,0.,1.));
#9480 = CONICAL_SURFACE('',#9481,1.09,0.785398163397);
#9481 = AXIS2_PLACEMENT_3D('',#9482,#9483,#9484);
#9482 = CARTESIAN_POINT('',(55.02,13.5,1.E-02));
#9483 = DIRECTION('',(-0.,-1.,-0.));
#9484 = DIRECTION('',(0.,0.,1.));
#9485 = ADVANCED_FACE('',(#9486),#9504,.T.);
#9486 = FACE_BOUND('',#9487,.T.);
#9487 = EDGE_LOOP('',(#9488,#9489,#9490,#9498));
#9488 = ORIENTED_EDGE('',*,*,#9466,.F.);
#9489 = ORIENTED_EDGE('',*,*,#8777,.T.);
#9490 = ORIENTED_EDGE('',*,*,#9491,.T.);
#9491 = EDGE_CURVE('',#8778,#9492,#9494,.T.);
#9492 = VERTEX_POINT('',#9493);
#9493 = CARTESIAN_POINT('',(56.61,13.,-1.E-02));
#9494 = LINE('',#9495,#9496);
#9495 = CARTESIAN_POINT('',(56.36,13.25,-1.E-02));
#9496 = VECTOR('',#9497,1.);
#9497 = DIRECTION('',(0.707106781187,-0.707106781187,0.));
#9498 = ORIENTED_EDGE('',*,*,#9499,.F.);
#9499 = EDGE_CURVE('',#9467,#9492,#9500,.T.);
#9500 = LINE('',#9501,#9502);
#9501 = CARTESIAN_POINT('',(56.61,13.,1.E-02));
#9502 = VECTOR('',#9503,1.);
#9503 = DIRECTION('',(0.,0.,-1.));
#9504 = PLANE('',#9505);
#9505 = AXIS2_PLACEMENT_3D('',#9506,#9507,#9508);
#9506 = CARTESIAN_POINT('',(56.36,13.25,1.E-02));
#9507 = DIRECTION('',(-0.707106781187,-0.707106781187,0.));
#9508 = DIRECTION('',(0.,0.,-1.));
#9509 = ADVANCED_FACE('',(#9510),#9529,.F.);
#9510 = FACE_BOUND('',#9511,.T.);
#9511 = EDGE_LOOP('',(#9512,#9513,#9514,#9522));
#9512 = ORIENTED_EDGE('',*,*,#9491,.F.);
#9513 = ORIENTED_EDGE('',*,*,#8801,.T.);
#9514 = ORIENTED_EDGE('',*,*,#9515,.T.);
#9515 = EDGE_CURVE('',#8802,#9516,#9518,.T.);
#9516 = VERTEX_POINT('',#9517);
#9517 = CARTESIAN_POINT('',(55.02,13.,-1.6));
#9518 = LINE('',#9519,#9520);
#9519 = CARTESIAN_POINT('',(55.02,13.5,-1.1));
#9520 = VECTOR('',#9521,1.);
#9521 = DIRECTION('',(4.E-17,-0.707106781187,-0.707106781187));
#9522 = ORIENTED_EDGE('',*,*,#9523,.F.);
#9523 = EDGE_CURVE('',#9492,#9516,#9524,.T.);
#9524 = CIRCLE('',#9525,1.59);
#9525 = AXIS2_PLACEMENT_3D('',#9526,#9527,#9528);
#9526 = CARTESIAN_POINT('',(55.02,13.,-1.E-02));
#9527 = DIRECTION('',(-0.,1.,0.));
#9528 = DIRECTION('',(1.,0.,0.));
#9529 = CONICAL_SURFACE('',#9530,1.09,0.785398163397);
#9530 = AXIS2_PLACEMENT_3D('',#9531,#9532,#9533);
#9531 = CARTESIAN_POINT('',(55.02,13.5,-1.E-02));
#9532 = DIRECTION('',(-0.,-1.,-0.));
#9533 = DIRECTION('',(1.,0.,0.));
#9534 = ADVANCED_FACE('',(#9535),#9553,.F.);
#9535 = FACE_BOUND('',#9536,.T.);
#9536 = EDGE_LOOP('',(#9537,#9538,#9539,#9547));
#9537 = ORIENTED_EDGE('',*,*,#9515,.F.);
#9538 = ORIENTED_EDGE('',*,*,#8835,.T.);
#9539 = ORIENTED_EDGE('',*,*,#9540,.T.);
#9540 = EDGE_CURVE('',#8828,#9541,#9543,.T.);
#9541 = VERTEX_POINT('',#9542);
#9542 = CARTESIAN_POINT('',(54.,13.,-1.6));
#9543 = LINE('',#9544,#9545);
#9544 = CARTESIAN_POINT('',(54.,13.25,-1.35));
#9545 = VECTOR('',#9546,1.);
#9546 = DIRECTION('',(-0.,-0.707106781187,-0.707106781187));
#9547 = ORIENTED_EDGE('',*,*,#9548,.F.);
#9548 = EDGE_CURVE('',#9516,#9541,#9549,.T.);
#9549 = LINE('',#9550,#9551);
#9550 = CARTESIAN_POINT('',(55.02,13.,-1.6));
#9551 = VECTOR('',#9552,1.);
#9552 = DIRECTION('',(-1.,-0.,-0.));
#9553 = PLANE('',#9554);
#9554 = AXIS2_PLACEMENT_3D('',#9555,#9556,#9557);
#9555 = CARTESIAN_POINT('',(55.02,13.25,-1.35));
#9556 = DIRECTION('',(0.,0.707106781187,-0.707106781187));
#9557 = DIRECTION('',(1.,0.,0.));
#9558 = ADVANCED_FACE('',(#9559),#9578,.F.);
#9559 = FACE_BOUND('',#9560,.T.);
#9560 = EDGE_LOOP('',(#9561,#9562,#9563,#9571));
#9561 = ORIENTED_EDGE('',*,*,#9540,.F.);
#9562 = ORIENTED_EDGE('',*,*,#8857,.T.);
#9563 = ORIENTED_EDGE('',*,*,#9564,.T.);
#9564 = EDGE_CURVE('',#8850,#9565,#9567,.T.);
#9565 = VERTEX_POINT('',#9566);
#9566 = CARTESIAN_POINT('',(52.41,13.,-1.E-02));
#9567 = LINE('',#9568,#9569);
#9568 = CARTESIAN_POINT('',(52.91,13.5,-1.E-02));
#9569 = VECTOR('',#9570,1.);
#9570 = DIRECTION('',(-0.707106781187,-0.707106781187,-4.E-17));
#9571 = ORIENTED_EDGE('',*,*,#9572,.F.);
#9572 = EDGE_CURVE('',#9541,#9565,#9573,.T.);
#9573 = CIRCLE('',#9574,1.59);
#9574 = AXIS2_PLACEMENT_3D('',#9575,#9576,#9577);
#9575 = CARTESIAN_POINT('',(54.,13.,-1.E-02));
#9576 = DIRECTION('',(0.,1.,0.));
#9577 = DIRECTION('',(0.,0.,-1.));
#9578 = CONICAL_SURFACE('',#9579,1.09,0.785398163397);
#9579 = AXIS2_PLACEMENT_3D('',#9580,#9581,#9582);
#9580 = CARTESIAN_POINT('',(54.,13.5,-1.E-02));
#9581 = DIRECTION('',(-0.,-1.,-0.));
#9582 = DIRECTION('',(0.,0.,-1.));
#9583 = ADVANCED_FACE('',(#9584),#9595,.F.);
#9584 = FACE_BOUND('',#9585,.T.);
#9585 = EDGE_LOOP('',(#9586,#9587,#9588,#9589));
#9586 = ORIENTED_EDGE('',*,*,#9564,.F.);
#9587 = ORIENTED_EDGE('',*,*,#8875,.T.);
#9588 = ORIENTED_EDGE('',*,*,#9408,.T.);
#9589 = ORIENTED_EDGE('',*,*,#9590,.F.);
#9590 = EDGE_CURVE('',#9565,#9409,#9591,.T.);
#9591 = LINE('',#9592,#9593);
#9592 = CARTESIAN_POINT('',(52.41,13.,-1.E-02));
#9593 = VECTOR('',#9594,1.);
#9594 = DIRECTION('',(0.,0.,1.));
#9595 = PLANE('',#9596);
#9596 = AXIS2_PLACEMENT_3D('',#9597,#9598,#9599);
#9597 = CARTESIAN_POINT('',(52.66,13.25,-1.E-02));
#9598 = DIRECTION('',(-0.707106781187,0.707106781187,0.));
#9599 = DIRECTION('',(-0.,-0.,-1.));
#9600 = ADVANCED_FACE('',(#9601,#9620),#9630,.F.);
#9601 = FACE_BOUND('',#9602,.F.);
#9602 = EDGE_LOOP('',(#9603,#9604,#9605,#9606,#9614));
#9603 = ORIENTED_EDGE('',*,*,#8891,.T.);
#9604 = ORIENTED_EDGE('',*,*,#9003,.T.);
#9605 = ORIENTED_EDGE('',*,*,#8972,.F.);
#9606 = ORIENTED_EDGE('',*,*,#9607,.T.);
#9607 = EDGE_CURVE('',#8965,#9608,#9610,.T.);
#9608 = VERTEX_POINT('',#9609);
#9609 = CARTESIAN_POINT('',(51.71,13.,1.7));
#9610 = LINE('',#9611,#9612);
#9611 = CARTESIAN_POINT('',(51.71,13.,-2.2));
#9612 = VECTOR('',#9613,1.);
#9613 = DIRECTION('',(0.,0.,1.));
#9614 = ORIENTED_EDGE('',*,*,#9615,.F.);
#9615 = EDGE_CURVE('',#8892,#9608,#9616,.T.);
#9616 = LINE('',#9617,#9618);
#9617 = CARTESIAN_POINT('',(50.86,13.,0.85));
#9618 = VECTOR('',#9619,1.);
#9619 = DIRECTION('',(-0.707106781187,0.,-0.707106781187));
#9620 = FACE_BOUND('',#9621,.F.);
#9621 = EDGE_LOOP('',(#9622,#9623,#9624,#9625,#9626,#9627,#9628,#9629));
#9622 = ORIENTED_EDGE('',*,*,#9499,.F.);
#9623 = ORIENTED_EDGE('',*,*,#9474,.F.);
#9624 = ORIENTED_EDGE('',*,*,#9450,.F.);
#9625 = ORIENTED_EDGE('',*,*,#9425,.F.);
#9626 = ORIENTED_EDGE('',*,*,#9590,.F.);
#9627 = ORIENTED_EDGE('',*,*,#9572,.F.);
#9628 = ORIENTED_EDGE('',*,*,#9548,.F.);
#9629 = ORIENTED_EDGE('',*,*,#9523,.F.);
#9630 = PLANE('',#9631);
#9631 = AXIS2_PLACEMENT_3D('',#9632,#9633,#9634);
#9632 = CARTESIAN_POINT('',(51.71,13.,-2.2));
#9633 = DIRECTION('',(0.,1.,0.));
#9634 = DIRECTION('',(0.,0.,1.));
#9635 = ADVANCED_FACE('',(#9636),#9654,.T.);
#9636 = FACE_BOUND('',#9637,.F.);
#9637 = EDGE_LOOP('',(#9638,#9646,#9647,#9648));
#9638 = ORIENTED_EDGE('',*,*,#9639,.F.);
#9639 = EDGE_CURVE('',#8902,#9640,#9642,.T.);
#9640 = VERTEX_POINT('',#9641);
#9641 = CARTESIAN_POINT('',(51.71,11.3,1.7));
#9642 = LINE('',#9643,#9644);
#9643 = CARTESIAN_POINT('',(52.8225,11.3,2.8125));
#9644 = VECTOR('',#9645,1.);
#9645 = DIRECTION('',(-0.707106781187,0.,-0.707106781187));
#9646 = ORIENTED_EDGE('',*,*,#8901,.T.);
#9647 = ORIENTED_EDGE('',*,*,#9615,.T.);
#9648 = ORIENTED_EDGE('',*,*,#9649,.F.);
#9649 = EDGE_CURVE('',#9640,#9608,#9650,.T.);
#9650 = LINE('',#9651,#9652);
#9651 = CARTESIAN_POINT('',(51.71,11.3,1.7));
#9652 = VECTOR('',#9653,1.);
#9653 = DIRECTION('',(0.,1.,0.));
#9654 = PLANE('',#9655);
#9655 = AXIS2_PLACEMENT_3D('',#9656,#9657,#9658);
#9656 = CARTESIAN_POINT('',(51.96,11.3,1.95));
#9657 = DIRECTION('',(0.707106781187,0.,-0.707106781187));
#9658 = DIRECTION('',(-0.,-1.,-0.));
#9659 = ADVANCED_FACE('',(#9660),#9672,.F.);
#9660 = FACE_BOUND('',#9661,.F.);
#9661 = EDGE_LOOP('',(#9662,#9663,#9664,#9670,#9671));
#9662 = ORIENTED_EDGE('',*,*,#8909,.F.);
#9663 = ORIENTED_EDGE('',*,*,#9639,.T.);
#9664 = ORIENTED_EDGE('',*,*,#9665,.F.);
#9665 = EDGE_CURVE('',#8963,#9640,#9666,.T.);
#9666 = LINE('',#9667,#9668);
#9667 = CARTESIAN_POINT('',(51.71,11.3,-2.2));
#9668 = VECTOR('',#9669,1.);
#9669 = DIRECTION('',(0.,0.,1.));
#9670 = ORIENTED_EDGE('',*,*,#8988,.T.);
#9671 = ORIENTED_EDGE('',*,*,#8939,.T.);
#9672 = PLANE('',#9673);
#9673 = AXIS2_PLACEMENT_3D('',#9674,#9675,#9676);
#9674 = CARTESIAN_POINT('',(57.36,11.3,6.E-17));
#9675 = DIRECTION('',(-0.,-1.,-0.));
#9676 = DIRECTION('',(0.,0.,-1.));
#9677 = ADVANCED_FACE('',(#9678),#9684,.T.);
#9678 = FACE_BOUND('',#9679,.T.);
#9679 = EDGE_LOOP('',(#9680,#9681,#9682,#9683));
#9680 = ORIENTED_EDGE('',*,*,#9665,.F.);
#9681 = ORIENTED_EDGE('',*,*,#8962,.T.);
#9682 = ORIENTED_EDGE('',*,*,#9607,.T.);
#9683 = ORIENTED_EDGE('',*,*,#9649,.F.);
#9684 = PLANE('',#9685);
#9685 = AXIS2_PLACEMENT_3D('',#9686,#9687,#9688);
#9686 = CARTESIAN_POINT('',(51.71,11.3,-2.2));
#9687 = DIRECTION('',(1.,0.,0.));
#9688 = DIRECTION('',(0.,0.,1.));
#9689 = ADVANCED_FACE('',(#9690,#9712,#9718,#9723),#9728,.T.);
#9690 = FACE_BOUND('',#9691,.T.);
#9691 = EDGE_LOOP('',(#9692,#9698,#9699,#9700,#9701,#9702,#9703,#9704,
    #9705,#9706,#9707,#9708,#9709,#9710,#9711));
#9692 = ORIENTED_EDGE('',*,*,#9693,.F.);
#9693 = EDGE_CURVE('',#775,#806,#9694,.T.);
#9694 = LINE('',#9695,#9696);
#9695 = CARTESIAN_POINT('',(18.5,8.7,12.03));
#9696 = VECTOR('',#9697,1.);
#9697 = DIRECTION('',(0.,-1.,0.));
#9698 = ORIENTED_EDGE('',*,*,#782,.F.);
#9699 = ORIENTED_EDGE('',*,*,#870,.T.);
#9700 = ORIENTED_EDGE('',*,*,#1141,.F.);
#9701 = ORIENTED_EDGE('',*,*,#1213,.T.);
#9702 = ORIENTED_EDGE('',*,*,#2025,.T.);
#9703 = ORIENTED_EDGE('',*,*,#1966,.T.);
#9704 = ORIENTED_EDGE('',*,*,#513,.F.);
#9705 = ORIENTED_EDGE('',*,*,#583,.F.);
#9706 = ORIENTED_EDGE('',*,*,#913,.T.);
#9707 = ORIENTED_EDGE('',*,*,#1180,.F.);
#9708 = ORIENTED_EDGE('',*,*,#1097,.T.);
#9709 = ORIENTED_EDGE('',*,*,#1009,.F.);
#9710 = ORIENTED_EDGE('',*,*,#881,.T.);
#9711 = ORIENTED_EDGE('',*,*,#813,.T.);
#9712 = FACE_BOUND('',#9713,.T.);
#9713 = EDGE_LOOP('',(#9714,#9715,#9716,#9717));
#9714 = ORIENTED_EDGE('',*,*,#3746,.F.);
#9715 = ORIENTED_EDGE('',*,*,#3955,.F.);
#9716 = ORIENTED_EDGE('',*,*,#3915,.F.);
#9717 = ORIENTED_EDGE('',*,*,#3868,.F.);
#9718 = FACE_BOUND('',#9719,.T.);
#9719 = EDGE_LOOP('',(#9720,#9721,#9722));
#9720 = ORIENTED_EDGE('',*,*,#276,.F.);
#9721 = ORIENTED_EDGE('',*,*,#315,.T.);
#9722 = ORIENTED_EDGE('',*,*,#338,.F.);
#9723 = FACE_BOUND('',#9724,.T.);
#9724 = EDGE_LOOP('',(#9725,#9726,#9727));
#9725 = ORIENTED_EDGE('',*,*,#39,.F.);
#9726 = ORIENTED_EDGE('',*,*,#78,.T.);
#9727 = ORIENTED_EDGE('',*,*,#101,.F.);
#9728 = PLANE('',#9729);
#9729 = AXIS2_PLACEMENT_3D('',#9730,#9731,#9732);
#9730 = CARTESIAN_POINT('',(18.5,6.293917827044,17.052014756584));
#9731 = DIRECTION('',(1.,0.,0.));
#9732 = DIRECTION('',(-0.,0.,1.));
#9733 = ADVANCED_FACE('',(#9734),#9744,.T.);
#9734 = FACE_BOUND('',#9735,.T.);
#9735 = EDGE_LOOP('',(#9736,#9737,#9738,#9739,#9740,#9741,#9742,#9743));
#9736 = ORIENTED_EDGE('',*,*,#628,.T.);
#9737 = ORIENTED_EDGE('',*,*,#725,.F.);
#9738 = ORIENTED_EDGE('',*,*,#774,.T.);
#9739 = ORIENTED_EDGE('',*,*,#9693,.T.);
#9740 = ORIENTED_EDGE('',*,*,#805,.F.);
#9741 = ORIENTED_EDGE('',*,*,#689,.F.);
#9742 = ORIENTED_EDGE('',*,*,#828,.F.);
#9743 = ORIENTED_EDGE('',*,*,#1275,.F.);
#9744 = PLANE('',#9745);
#9745 = AXIS2_PLACEMENT_3D('',#9746,#9747,#9748);
#9746 = CARTESIAN_POINT('',(5.666790490342,14.,12.03));
#9747 = DIRECTION('',(-0.,-0.,-1.));
#9748 = DIRECTION('',(-1.,0.,0.));
#9749 = ADVANCED_FACE('',(#9750),#9758,.T.);
#9750 = FACE_BOUND('',#9751,.F.);
#9751 = EDGE_LOOP('',(#9752,#9753,#9754,#9755,#9756,#9757));
#9752 = ORIENTED_EDGE('',*,*,#3812,.F.);
#9753 = ORIENTED_EDGE('',*,*,#3970,.T.);
#9754 = ORIENTED_EDGE('',*,*,#3979,.T.);
#9755 = ORIENTED_EDGE('',*,*,#3828,.T.);
#9756 = ORIENTED_EDGE('',*,*,#3947,.T.);
#9757 = ORIENTED_EDGE('',*,*,#3938,.T.);
#9758 = CYLINDRICAL_SURFACE('',#9759,3.6);
#9759 = AXIS2_PLACEMENT_3D('',#9760,#9761,#9762);
#9760 = CARTESIAN_POINT('',(10.27,-4.E-02,15.4));
#9761 = DIRECTION('',(-0.,-1.,2.22044604925E-16));
#9762 = DIRECTION('',(1.,0.,0.));
#9763 = ADVANCED_FACE('',(#9764),#9772,.T.);
#9764 = FACE_BOUND('',#9765,.F.);
#9765 = EDGE_LOOP('',(#9766,#9767,#9768,#9769,#9770,#9771));
#9766 = ORIENTED_EDGE('',*,*,#3764,.T.);
#9767 = ORIENTED_EDGE('',*,*,#4079,.F.);
#9768 = ORIENTED_EDGE('',*,*,#4070,.F.);
#9769 = ORIENTED_EDGE('',*,*,#3780,.F.);
#9770 = ORIENTED_EDGE('',*,*,#3884,.F.);
#9771 = ORIENTED_EDGE('',*,*,#3875,.F.);
#9772 = CYLINDRICAL_SURFACE('',#9773,3.6);
#9773 = AXIS2_PLACEMENT_3D('',#9774,#9775,#9776);
#9774 = CARTESIAN_POINT('',(10.27,9.04,15.4));
#9775 = DIRECTION('',(-0.,-1.,2.22044604925E-16));
#9776 = DIRECTION('',(1.,0.,0.));
#9777 = ( GEOMETRIC_REPRESENTATION_CONTEXT(3) 
GLOBAL_UNCERTAINTY_ASSIGNED_CONTEXT((#9781)) 
GLOBAL_UNIT_ASSIGNED_CONTEXT((#9778,#9779,#9780)) REPRESENTATION_CONTEXT
('Context #1','3D Context with UNIT and UNCERTAINTY') );
#9778 = ( LENGTH_UNIT() NAMED_UNIT(*) SI_UNIT(.MILLI.,.METRE.) );
#9779 = ( NAMED_UNIT(*) PLANE_ANGLE_UNIT() SI_UNIT($,.RADIAN.) );
#9780 = ( NAMED_UNIT(*) SI_UNIT($,.STERADIAN.) SOLID_ANGLE_UNIT() );
#9781 = UNCERTAINTY_MEASURE_WITH_UNIT(LENGTH_MEASURE(2.E-05),#9778,
  'distance_accuracy_value','confusion accuracy');
#9782 = PRODUCT_RELATED_PRODUCT_CATEGORY('part',$,(#7));
#9783 = MECHANICAL_DESIGN_GEOMETRIC_PRESENTATION_REPRESENTATION('',(
    #9784,#9795,#9804,#9813,#9822,#9831,#9840,#9849,#9858,#9867,#9876,
    #9885,#9894,#9903,#9912,#9921,#9930,#9939,#9948,#9957,#9966,#9975,
    #9984,#9993,#10002,#10011,#10020,#10029,#10038,#10047,#10056,#10065,
    #10074,#10083,#10092,#10101,#10110,#10119,#10128,#10137,#10146,
    #10155,#10164,#10173,#10182,#10191,#10200,#10209,#10218,#10227,
    #10236,#10245,#10254,#10263,#10272,#10281,#10290,#10299,#10308,
    #10317,#10326,#10335,#10344,#10353,#10362,#10371,#10380,#10389,
    #10398,#10407,#10416,#10425,#10434,#10443,#10452,#10461,#10470,
    #10479,#10488,#10497,#10506,#10515,#10524,#10533,#10542,#10551,
    #10560,#10569,#10578,#10587,#10596,#10605,#10614,#10623,#10632,
    #10641,#10650,#10659,#10668,#10677,#10686,#10695,#10704,#10713,
    #10722,#10731,#10740,#10749,#10758,#10767,#10776,#10785,#10794,
    #10803,#10812,#10821,#10830,#10839,#10848,#10857,#10866,#10875,
    #10884,#10893,#10902,#10911,#10920,#10929,#10938,#10947,#10956,
    #10965,#10974,#10983,#10992,#11001,#11010,#11019,#11028,#11037,
    #11046,#11055,#11064,#11073,#11082,#11091,#11100,#11109,#11118,
    #11127,#11136,#11145,#11154,#11163,#11172,#11181,#11190,#11199,
    #11208,#11217,#11226,#11235,#11244,#11253,#11262,#11271,#11280,
    #11289,#11298,#11307,#11316,#11325,#11334,#11343,#11352,#11361,
    #11370,#11379,#11388,#11397,#11406,#11415,#11424,#11433,#11442,
    #11451,#11460,#11469,#11478,#11487,#11496,#11505,#11514,#11523,
    #11532,#11541,#11550,#11559,#11568,#11577,#11586,#11595,#11604,
    #11613,#11622,#11631,#11640,#11649,#11658,#11667,#11676,#11685,
    #11694,#11703,#11712,#11721,#11730,#11739,#11748,#11757,#11766,
    #11775,#11784,#11793,#11802,#11811,#11820,#11829,#11838,#11847,
    #11856,#11865,#11874,#11883,#11892,#11901,#11910,#11919,#11928,
    #11937,#11946,#11955,#11964,#11973,#11982,#11991,#12000,#12009,
    #12018,#12027,#12036,#12045,#12054,#12063,#12072,#12081,#12090,
    #12099,#12108,#12117,#12126,#12135,#12144,#12153,#12162,#12171,
    #12180,#12189,#12198,#12207,#12216,#12225,#12234,#12243,#12252,
    #12261,#12270,#12279,#12288,#12297,#12306,#12315,#12324,#12333,
    #12342,#12351,#12360,#12369,#12378,#12387,#12396,#12405,#12414,
    #12423,#12432,#12441,#12450,#12459,#12468,#12477,#12486,#12495,
    #12504,#12513,#12522,#12531,#12540,#12549,#12558,#12567,#12576,
    #12585,#12594,#12603,#12612,#12621,#12630,#12639,#12648,#12657),
  #9777);
#9784 = STYLED_ITEM('color',(#9785),#15);
#9785 = PRESENTATION_STYLE_ASSIGNMENT((#9786,#9792));
#9786 = SURFACE_STYLE_USAGE(.BOTH.,#9787);
#9787 = SURFACE_SIDE_STYLE('',(#9788));
#9788 = SURFACE_STYLE_FILL_AREA(#9789);
#9789 = FILL_AREA_STYLE('',(#9790));
#9790 = FILL_AREA_STYLE_COLOUR('',#9791);
#9791 = COLOUR_RGB('',0.800000010877,0.800000010877,0.800000010877);
#9792 = CURVE_STYLE('',#9793,POSITIVE_LENGTH_MEASURE(0.1),#9794);
#9793 = DRAUGHTING_PRE_DEFINED_CURVE_FONT('continuous');
#9794 = COLOUR_RGB('',9.803921802644E-02,9.803921802644E-02,
  9.803921802644E-02);
#9795 = OVER_RIDING_STYLED_ITEM('overriding color',(#9796),#17,#9784);
#9796 = PRESENTATION_STYLE_ASSIGNMENT((#9797));
#9797 = SURFACE_STYLE_USAGE(.BOTH.,#9798);
#9798 = SURFACE_SIDE_STYLE('',(#9799,#9802));
#9799 = SURFACE_STYLE_FILL_AREA(#9800);
#9800 = FILL_AREA_STYLE('',(#9801));
#9801 = FILL_AREA_STYLE_COLOUR('',#9791);
#9802 = SURFACE_STYLE_RENDERING_WITH_PROPERTIES(.NORMAL_SHADING.,#9791,(
    #9803));
#9803 = SURFACE_STYLE_TRANSPARENT(1.);
#9804 = OVER_RIDING_STYLED_ITEM('overriding color',(#9805),#57,#9784);
#9805 = PRESENTATION_STYLE_ASSIGNMENT((#9806));
#9806 = SURFACE_STYLE_USAGE(.BOTH.,#9807);
#9807 = SURFACE_SIDE_STYLE('',(#9808,#9811));
#9808 = SURFACE_STYLE_FILL_AREA(#9809);
#9809 = FILL_AREA_STYLE('',(#9810));
#9810 = FILL_AREA_STYLE_COLOUR('',#9791);
#9811 = SURFACE_STYLE_RENDERING_WITH_PROPERTIES(.NORMAL_SHADING.,#9791,(
    #9812));
#9812 = SURFACE_STYLE_TRANSPARENT(1.);
#9813 = OVER_RIDING_STYLED_ITEM('overriding color',(#9814),#90,#9784);
#9814 = PRESENTATION_STYLE_ASSIGNMENT((#9815));
#9815 = SURFACE_STYLE_USAGE(.BOTH.,#9816);
#9816 = SURFACE_SIDE_STYLE('',(#9817,#9820));
#9817 = SURFACE_STYLE_FILL_AREA(#9818);
#9818 = FILL_AREA_STYLE('',(#9819));
#9819 = FILL_AREA_STYLE_COLOUR('',#9791);
#9820 = SURFACE_STYLE_RENDERING_WITH_PROPERTIES(.NORMAL_SHADING.,#9791,(
    #9821));
#9821 = SURFACE_STYLE_TRANSPARENT(1.);
#9822 = OVER_RIDING_STYLED_ITEM('overriding color',(#9823),#112,#9784);
#9823 = PRESENTATION_STYLE_ASSIGNMENT((#9824));
#9824 = SURFACE_STYLE_USAGE(.BOTH.,#9825);
#9825 = SURFACE_SIDE_STYLE('',(#9826,#9829));
#9826 = SURFACE_STYLE_FILL_AREA(#9827);
#9827 = FILL_AREA_STYLE('',(#9828));
#9828 = FILL_AREA_STYLE_COLOUR('',#9791);
#9829 = SURFACE_STYLE_RENDERING_WITH_PROPERTIES(.NORMAL_SHADING.,#9791,(
    #9830));
#9830 = SURFACE_STYLE_TRANSPARENT(1.);
#9831 = OVER_RIDING_STYLED_ITEM('overriding color',(#9832),#150,#9784);
#9832 = PRESENTATION_STYLE_ASSIGNMENT((#9833));
#9833 = SURFACE_STYLE_USAGE(.BOTH.,#9834);
#9834 = SURFACE_SIDE_STYLE('',(#9835,#9838));
#9835 = SURFACE_STYLE_FILL_AREA(#9836);
#9836 = FILL_AREA_STYLE('',(#9837));
#9837 = FILL_AREA_STYLE_COLOUR('',#9791);
#9838 = SURFACE_STYLE_RENDERING_WITH_PROPERTIES(.NORMAL_SHADING.,#9791,(
    #9839));
#9839 = SURFACE_STYLE_TRANSPARENT(1.);
#9840 = OVER_RIDING_STYLED_ITEM('overriding color',(#9841),#181,#9784);
#9841 = PRESENTATION_STYLE_ASSIGNMENT((#9842));
#9842 = SURFACE_STYLE_USAGE(.BOTH.,#9843);
#9843 = SURFACE_SIDE_STYLE('',(#9844,#9847));
#9844 = SURFACE_STYLE_FILL_AREA(#9845);
#9845 = FILL_AREA_STYLE('',(#9846));
#9846 = FILL_AREA_STYLE_COLOUR('',#9791);
#9847 = SURFACE_STYLE_RENDERING_WITH_PROPERTIES(.NORMAL_SHADING.,#9791,(
    #9848));
#9848 = SURFACE_STYLE_TRANSPARENT(1.);
#9849 = OVER_RIDING_STYLED_ITEM('overriding color',(#9850),#205,#9784);
#9850 = PRESENTATION_STYLE_ASSIGNMENT((#9851));
#9851 = SURFACE_STYLE_USAGE(.BOTH.,#9852);
#9852 = SURFACE_SIDE_STYLE('',(#9853,#9856));
#9853 = SURFACE_STYLE_FILL_AREA(#9854);
#9854 = FILL_AREA_STYLE('',(#9855));
#9855 = FILL_AREA_STYLE_COLOUR('',#9791);
#9856 = SURFACE_STYLE_RENDERING_WITH_PROPERTIES(.NORMAL_SHADING.,#9791,(
    #9857));
#9857 = SURFACE_STYLE_TRANSPARENT(1.);
#9858 = OVER_RIDING_STYLED_ITEM('overriding color',(#9859),#223,#9784);
#9859 = PRESENTATION_STYLE_ASSIGNMENT((#9860));
#9860 = SURFACE_STYLE_USAGE(.BOTH.,#9861);
#9861 = SURFACE_SIDE_STYLE('',(#9862,#9865));
#9862 = SURFACE_STYLE_FILL_AREA(#9863);
#9863 = FILL_AREA_STYLE('',(#9864));
#9864 = FILL_AREA_STYLE_COLOUR('',#9791);
#9865 = SURFACE_STYLE_RENDERING_WITH_PROPERTIES(.NORMAL_SHADING.,#9791,(
    #9866));
#9866 = SURFACE_STYLE_TRANSPARENT(1.);
#9867 = OVER_RIDING_STYLED_ITEM('overriding color',(#9868),#254,#9784);
#9868 = PRESENTATION_STYLE_ASSIGNMENT((#9869));
#9869 = SURFACE_STYLE_USAGE(.BOTH.,#9870);
#9870 = SURFACE_SIDE_STYLE('',(#9871,#9874));
#9871 = SURFACE_STYLE_FILL_AREA(#9872);
#9872 = FILL_AREA_STYLE('',(#9873));
#9873 = FILL_AREA_STYLE_COLOUR('',#9791);
#9874 = SURFACE_STYLE_RENDERING_WITH_PROPERTIES(.NORMAL_SHADING.,#9791,(
    #9875));
#9875 = SURFACE_STYLE_TRANSPARENT(1.);
#9876 = OVER_RIDING_STYLED_ITEM('overriding color',(#9877),#294,#9784);
#9877 = PRESENTATION_STYLE_ASSIGNMENT((#9878));
#9878 = SURFACE_STYLE_USAGE(.BOTH.,#9879);
#9879 = SURFACE_SIDE_STYLE('',(#9880,#9883));
#9880 = SURFACE_STYLE_FILL_AREA(#9881);
#9881 = FILL_AREA_STYLE('',(#9882));
#9882 = FILL_AREA_STYLE_COLOUR('',#9791);
#9883 = SURFACE_STYLE_RENDERING_WITH_PROPERTIES(.NORMAL_SHADING.,#9791,(
    #9884));
#9884 = SURFACE_STYLE_TRANSPARENT(1.);
#9885 = OVER_RIDING_STYLED_ITEM('overriding color',(#9886),#327,#9784);
#9886 = PRESENTATION_STYLE_ASSIGNMENT((#9887));
#9887 = SURFACE_STYLE_USAGE(.BOTH.,#9888);
#9888 = SURFACE_SIDE_STYLE('',(#9889,#9892));
#9889 = SURFACE_STYLE_FILL_AREA(#9890);
#9890 = FILL_AREA_STYLE('',(#9891));
#9891 = FILL_AREA_STYLE_COLOUR('',#9791);
#9892 = SURFACE_STYLE_RENDERING_WITH_PROPERTIES(.NORMAL_SHADING.,#9791,(
    #9893));
#9893 = SURFACE_STYLE_TRANSPARENT(1.);
#9894 = OVER_RIDING_STYLED_ITEM('overriding color',(#9895),#112,#9784);
#9895 = PRESENTATION_STYLE_ASSIGNMENT((#9896));
#9896 = SURFACE_STYLE_USAGE(.BOTH.,#9897);
#9897 = SURFACE_SIDE_STYLE('',(#9898,#9901));
#9898 = SURFACE_STYLE_FILL_AREA(#9899);
#9899 = FILL_AREA_STYLE('',(#9900));
#9900 = FILL_AREA_STYLE_COLOUR('',#9791);
#9901 = SURFACE_STYLE_RENDERING_WITH_PROPERTIES(.NORMAL_SHADING.,#9791,(
    #9902));
#9902 = SURFACE_STYLE_TRANSPARENT(1.);
#9903 = OVER_RIDING_STYLED_ITEM('overriding color',(#9904),#150,#9784);
#9904 = PRESENTATION_STYLE_ASSIGNMENT((#9905));
#9905 = SURFACE_STYLE_USAGE(.BOTH.,#9906);
#9906 = SURFACE_SIDE_STYLE('',(#9907,#9910));
#9907 = SURFACE_STYLE_FILL_AREA(#9908);
#9908 = FILL_AREA_STYLE('',(#9909));
#9909 = FILL_AREA_STYLE_COLOUR('',#9791);
#9910 = SURFACE_STYLE_RENDERING_WITH_PROPERTIES(.NORMAL_SHADING.,#9791,(
    #9911));
#9911 = SURFACE_STYLE_TRANSPARENT(1.);
#9912 = OVER_RIDING_STYLED_ITEM('overriding color',(#9913),#181,#9784);
#9913 = PRESENTATION_STYLE_ASSIGNMENT((#9914));
#9914 = SURFACE_STYLE_USAGE(.BOTH.,#9915);
#9915 = SURFACE_SIDE_STYLE('',(#9916,#9919));
#9916 = SURFACE_STYLE_FILL_AREA(#9917);
#9917 = FILL_AREA_STYLE('',(#9918));
#9918 = FILL_AREA_STYLE_COLOUR('',#9791);
#9919 = SURFACE_STYLE_RENDERING_WITH_PROPERTIES(.NORMAL_SHADING.,#9791,(
    #9920));
#9920 = SURFACE_STYLE_TRANSPARENT(1.);
#9921 = OVER_RIDING_STYLED_ITEM('overriding color',(#9922),#205,#9784);
#9922 = PRESENTATION_STYLE_ASSIGNMENT((#9923));
#9923 = SURFACE_STYLE_USAGE(.BOTH.,#9924);
#9924 = SURFACE_SIDE_STYLE('',(#9925,#9928));
#9925 = SURFACE_STYLE_FILL_AREA(#9926);
#9926 = FILL_AREA_STYLE('',(#9927));
#9927 = FILL_AREA_STYLE_COLOUR('',#9791);
#9928 = SURFACE_STYLE_RENDERING_WITH_PROPERTIES(.NORMAL_SHADING.,#9791,(
    #9929));
#9929 = SURFACE_STYLE_TRANSPARENT(1.);
#9930 = OVER_RIDING_STYLED_ITEM('overriding color',(#9931),#460,#9784);
#9931 = PRESENTATION_STYLE_ASSIGNMENT((#9932));
#9932 = SURFACE_STYLE_USAGE(.BOTH.,#9933);
#9933 = SURFACE_SIDE_STYLE('',(#9934,#9937));
#9934 = SURFACE_STYLE_FILL_AREA(#9935);
#9935 = FILL_AREA_STYLE('',(#9936));
#9936 = FILL_AREA_STYLE_COLOUR('',#9791);
#9937 = SURFACE_STYLE_RENDERING_WITH_PROPERTIES(.NORMAL_SHADING.,#9791,(
    #9938));
#9938 = SURFACE_STYLE_TRANSPARENT(1.);
#9939 = OVER_RIDING_STYLED_ITEM('overriding color',(#9940),#491,#9784);
#9940 = PRESENTATION_STYLE_ASSIGNMENT((#9941));
#9941 = SURFACE_STYLE_USAGE(.BOTH.,#9942);
#9942 = SURFACE_SIDE_STYLE('',(#9943,#9946));
#9943 = SURFACE_STYLE_FILL_AREA(#9944);
#9944 = FILL_AREA_STYLE('',(#9945));
#9945 = FILL_AREA_STYLE_COLOUR('',#9791);
#9946 = SURFACE_STYLE_RENDERING_WITH_PROPERTIES(.NORMAL_SHADING.,#9791,(
    #9947));
#9947 = SURFACE_STYLE_TRANSPARENT(1.);
#9948 = OVER_RIDING_STYLED_ITEM('overriding color',(#9949),#531,#9784);
#9949 = PRESENTATION_STYLE_ASSIGNMENT((#9950));
#9950 = SURFACE_STYLE_USAGE(.BOTH.,#9951);
#9951 = SURFACE_SIDE_STYLE('',(#9952,#9955));
#9952 = SURFACE_STYLE_FILL_AREA(#9953);
#9953 = FILL_AREA_STYLE('',(#9954));
#9954 = FILL_AREA_STYLE_COLOUR('',#9791);
#9955 = SURFACE_STYLE_RENDERING_WITH_PROPERTIES(.NORMAL_SHADING.,#9791,(
    #9956));
#9956 = SURFACE_STYLE_TRANSPARENT(1.);
#9957 = OVER_RIDING_STYLED_ITEM('overriding color',(#9958),#562,#9784);
#9958 = PRESENTATION_STYLE_ASSIGNMENT((#9959));
#9959 = SURFACE_STYLE_USAGE(.BOTH.,#9960);
#9960 = SURFACE_SIDE_STYLE('',(#9961,#9964));
#9961 = SURFACE_STYLE_FILL_AREA(#9962);
#9962 = FILL_AREA_STYLE('',(#9963));
#9963 = FILL_AREA_STYLE_COLOUR('',#9791);
#9964 = SURFACE_STYLE_RENDERING_WITH_PROPERTIES(.NORMAL_SHADING.,#9791,(
    #9965));
#9965 = SURFACE_STYLE_TRANSPARENT(1.);
#9966 = OVER_RIDING_STYLED_ITEM('overriding color',(#9967),#593,#9784);
#9967 = PRESENTATION_STYLE_ASSIGNMENT((#9968));
#9968 = SURFACE_STYLE_USAGE(.BOTH.,#9969);
#9969 = SURFACE_SIDE_STYLE('',(#9970,#9973));
#9970 = SURFACE_STYLE_FILL_AREA(#9971);
#9971 = FILL_AREA_STYLE('',(#9972));
#9972 = FILL_AREA_STYLE_COLOUR('',#9791);
#9973 = SURFACE_STYLE_RENDERING_WITH_PROPERTIES(.NORMAL_SHADING.,#9791,(
    #9974));
#9974 = SURFACE_STYLE_TRANSPARENT(1.);
#9975 = OVER_RIDING_STYLED_ITEM('overriding color',(#9976),#624,#9784);
#9976 = PRESENTATION_STYLE_ASSIGNMENT((#9977));
#9977 = SURFACE_STYLE_USAGE(.BOTH.,#9978);
#9978 = SURFACE_SIDE_STYLE('',(#9979,#9982));
#9979 = SURFACE_STYLE_FILL_AREA(#9980);
#9980 = FILL_AREA_STYLE('',(#9981));
#9981 = FILL_AREA_STYLE_COLOUR('',#9791);
#9982 = SURFACE_STYLE_RENDERING_WITH_PROPERTIES(.NORMAL_SHADING.,#9791,(
    #9983));
#9983 = SURFACE_STYLE_TRANSPARENT(1.);
#9984 = OVER_RIDING_STYLED_ITEM('overriding color',(#9985),#685,#9784);
#9985 = PRESENTATION_STYLE_ASSIGNMENT((#9986));
#9986 = SURFACE_STYLE_USAGE(.BOTH.,#9987);
#9987 = SURFACE_SIDE_STYLE('',(#9988,#9991));
#9988 = SURFACE_STYLE_FILL_AREA(#9989);
#9989 = FILL_AREA_STYLE('',(#9990));
#9990 = FILL_AREA_STYLE_COLOUR('',#9791);
#9991 = SURFACE_STYLE_RENDERING_WITH_PROPERTIES(.NORMAL_SHADING.,#9791,(
    #9992));
#9992 = SURFACE_STYLE_TRANSPARENT(1.);
#9993 = OVER_RIDING_STYLED_ITEM('overriding color',(#9994),#761,#9784);
#9994 = PRESENTATION_STYLE_ASSIGNMENT((#9995));
#9995 = SURFACE_STYLE_USAGE(.BOTH.,#9996);
#9996 = SURFACE_SIDE_STYLE('',(#9997,#10000));
#9997 = SURFACE_STYLE_FILL_AREA(#9998);
#9998 = FILL_AREA_STYLE('',(#9999));
#9999 = FILL_AREA_STYLE_COLOUR('',#9791);
#10000 = SURFACE_STYLE_RENDERING_WITH_PROPERTIES(.NORMAL_SHADING.,#9791,
  (#10001));
#10001 = SURFACE_STYLE_TRANSPARENT(1.);
#10002 = OVER_RIDING_STYLED_ITEM('overriding color',(#10003),#792,#9784
  );
#10003 = PRESENTATION_STYLE_ASSIGNMENT((#10004));
#10004 = SURFACE_STYLE_USAGE(.BOTH.,#10005);
#10005 = SURFACE_SIDE_STYLE('',(#10006,#10009));
#10006 = SURFACE_STYLE_FILL_AREA(#10007);
#10007 = FILL_AREA_STYLE('',(#10008));
#10008 = FILL_AREA_STYLE_COLOUR('',#9791);
#10009 = SURFACE_STYLE_RENDERING_WITH_PROPERTIES(.NORMAL_SHADING.,#9791,
  (#10010));
#10010 = SURFACE_STYLE_TRANSPARENT(1.);
#10011 = OVER_RIDING_STYLED_ITEM('overriding color',(#10012),#823,#9784
  );
#10012 = PRESENTATION_STYLE_ASSIGNMENT((#10013));
#10013 = SURFACE_STYLE_USAGE(.BOTH.,#10014);
#10014 = SURFACE_SIDE_STYLE('',(#10015,#10018));
#10015 = SURFACE_STYLE_FILL_AREA(#10016);
#10016 = FILL_AREA_STYLE('',(#10017));
#10017 = FILL_AREA_STYLE_COLOUR('',#9791);
#10018 = SURFACE_STYLE_RENDERING_WITH_PROPERTIES(.NORMAL_SHADING.,#9791,
  (#10019));
#10019 = SURFACE_STYLE_TRANSPARENT(1.);
#10020 = OVER_RIDING_STYLED_ITEM('overriding color',(#10021),#866,#9784
  );
#10021 = PRESENTATION_STYLE_ASSIGNMENT((#10022));
#10022 = SURFACE_STYLE_USAGE(.BOTH.,#10023);
#10023 = SURFACE_SIDE_STYLE('',(#10024,#10027));
#10024 = SURFACE_STYLE_FILL_AREA(#10025);
#10025 = FILL_AREA_STYLE('',(#10026));
#10026 = FILL_AREA_STYLE_COLOUR('',#9791);
#10027 = SURFACE_STYLE_RENDERING_WITH_PROPERTIES(.NORMAL_SHADING.,#9791,
  (#10028));
#10028 = SURFACE_STYLE_TRANSPARENT(1.);
#10029 = OVER_RIDING_STYLED_ITEM('overriding color',(#10030),#970,#9784
  );
#10030 = PRESENTATION_STYLE_ASSIGNMENT((#10031));
#10031 = SURFACE_STYLE_USAGE(.BOTH.,#10032);
#10032 = SURFACE_SIDE_STYLE('',(#10033,#10036));
#10033 = SURFACE_STYLE_FILL_AREA(#10034);
#10034 = FILL_AREA_STYLE('',(#10035));
#10035 = FILL_AREA_STYLE_COLOUR('',#9791);
#10036 = SURFACE_STYLE_RENDERING_WITH_PROPERTIES(.NORMAL_SHADING.,#9791,
  (#10037));
#10037 = SURFACE_STYLE_TRANSPARENT(1.);
#10038 = OVER_RIDING_STYLED_ITEM('overriding color',(#10039),#1137,#9784
  );
#10039 = PRESENTATION_STYLE_ASSIGNMENT((#10040));
#10040 = SURFACE_STYLE_USAGE(.BOTH.,#10041);
#10041 = SURFACE_SIDE_STYLE('',(#10042,#10045));
#10042 = SURFACE_STYLE_FILL_AREA(#10043);
#10043 = FILL_AREA_STYLE('',(#10044));
#10044 = FILL_AREA_STYLE_COLOUR('',#9791);
#10045 = SURFACE_STYLE_RENDERING_WITH_PROPERTIES(.NORMAL_SHADING.,#9791,
  (#10046));
#10046 = SURFACE_STYLE_TRANSPARENT(1.);
#10047 = OVER_RIDING_STYLED_ITEM('overriding color',(#10048),#1168,#9784
  );
#10048 = PRESENTATION_STYLE_ASSIGNMENT((#10049));
#10049 = SURFACE_STYLE_USAGE(.BOTH.,#10050);
#10050 = SURFACE_SIDE_STYLE('',(#10051,#10054));
#10051 = SURFACE_STYLE_FILL_AREA(#10052);
#10052 = FILL_AREA_STYLE('',(#10053));
#10053 = FILL_AREA_STYLE_COLOUR('',#9791);
#10054 = SURFACE_STYLE_RENDERING_WITH_PROPERTIES(.NORMAL_SHADING.,#9791,
  (#10055));
#10055 = SURFACE_STYLE_TRANSPARENT(1.);
#10056 = OVER_RIDING_STYLED_ITEM('overriding color',(#10057),#1199,#9784
  );
#10057 = PRESENTATION_STYLE_ASSIGNMENT((#10058));
#10058 = SURFACE_STYLE_USAGE(.BOTH.,#10059);
#10059 = SURFACE_SIDE_STYLE('',(#10060,#10063));
#10060 = SURFACE_STYLE_FILL_AREA(#10061);
#10061 = FILL_AREA_STYLE('',(#10062));
#10062 = FILL_AREA_STYLE_COLOUR('',#9791);
#10063 = SURFACE_STYLE_RENDERING_WITH_PROPERTIES(.NORMAL_SHADING.,#9791,
  (#10064));
#10064 = SURFACE_STYLE_TRANSPARENT(1.);
#10065 = OVER_RIDING_STYLED_ITEM('overriding color',(#10066),#1230,#9784
  );
#10066 = PRESENTATION_STYLE_ASSIGNMENT((#10067));
#10067 = SURFACE_STYLE_USAGE(.BOTH.,#10068);
#10068 = SURFACE_SIDE_STYLE('',(#10069,#10072));
#10069 = SURFACE_STYLE_FILL_AREA(#10070);
#10070 = FILL_AREA_STYLE('',(#10071));
#10071 = FILL_AREA_STYLE_COLOUR('',#9791);
#10072 = SURFACE_STYLE_RENDERING_WITH_PROPERTIES(.NORMAL_SHADING.,#9791,
  (#10073));
#10073 = SURFACE_STYLE_TRANSPARENT(1.);
#10074 = OVER_RIDING_STYLED_ITEM('overriding color',(#10075),#1327,#9784
  );
#10075 = PRESENTATION_STYLE_ASSIGNMENT((#10076));
#10076 = SURFACE_STYLE_USAGE(.BOTH.,#10077);
#10077 = SURFACE_SIDE_STYLE('',(#10078,#10081));
#10078 = SURFACE_STYLE_FILL_AREA(#10079);
#10079 = FILL_AREA_STYLE('',(#10080));
#10080 = FILL_AREA_STYLE_COLOUR('',#9791);
#10081 = SURFACE_STYLE_RENDERING_WITH_PROPERTIES(.NORMAL_SHADING.,#9791,
  (#10082));
#10082 = SURFACE_STYLE_TRANSPARENT(1.);
#10083 = OVER_RIDING_STYLED_ITEM('overriding color',(#10084),#1362,#9784
  );
#10084 = PRESENTATION_STYLE_ASSIGNMENT((#10085));
#10085 = SURFACE_STYLE_USAGE(.BOTH.,#10086);
#10086 = SURFACE_SIDE_STYLE('',(#10087,#10090));
#10087 = SURFACE_STYLE_FILL_AREA(#10088);
#10088 = FILL_AREA_STYLE('',(#10089));
#10089 = FILL_AREA_STYLE_COLOUR('',#9791);
#10090 = SURFACE_STYLE_RENDERING_WITH_PROPERTIES(.NORMAL_SHADING.,#9791,
  (#10091));
#10091 = SURFACE_STYLE_TRANSPARENT(1.);
#10092 = OVER_RIDING_STYLED_ITEM('overriding color',(#10093),#1387,#9784
  );
#10093 = PRESENTATION_STYLE_ASSIGNMENT((#10094));
#10094 = SURFACE_STYLE_USAGE(.BOTH.,#10095);
#10095 = SURFACE_SIDE_STYLE('',(#10096,#10099));
#10096 = SURFACE_STYLE_FILL_AREA(#10097);
#10097 = FILL_AREA_STYLE('',(#10098));
#10098 = FILL_AREA_STYLE_COLOUR('',#9791);
#10099 = SURFACE_STYLE_RENDERING_WITH_PROPERTIES(.NORMAL_SHADING.,#9791,
  (#10100));
#10100 = SURFACE_STYLE_TRANSPARENT(1.);
#10101 = OVER_RIDING_STYLED_ITEM('overriding color',(#10102),#1412,#9784
  );
#10102 = PRESENTATION_STYLE_ASSIGNMENT((#10103));
#10103 = SURFACE_STYLE_USAGE(.BOTH.,#10104);
#10104 = SURFACE_SIDE_STYLE('',(#10105,#10108));
#10105 = SURFACE_STYLE_FILL_AREA(#10106);
#10106 = FILL_AREA_STYLE('',(#10107));
#10107 = FILL_AREA_STYLE_COLOUR('',#9791);
#10108 = SURFACE_STYLE_RENDERING_WITH_PROPERTIES(.NORMAL_SHADING.,#9791,
  (#10109));
#10109 = SURFACE_STYLE_TRANSPARENT(1.);
#10110 = OVER_RIDING_STYLED_ITEM('overriding color',(#10111),#1510,#9784
  );
#10111 = PRESENTATION_STYLE_ASSIGNMENT((#10112));
#10112 = SURFACE_STYLE_USAGE(.BOTH.,#10113);
#10113 = SURFACE_SIDE_STYLE('',(#10114,#10117));
#10114 = SURFACE_STYLE_FILL_AREA(#10115);
#10115 = FILL_AREA_STYLE('',(#10116));
#10116 = FILL_AREA_STYLE_COLOUR('',#9791);
#10117 = SURFACE_STYLE_RENDERING_WITH_PROPERTIES(.NORMAL_SHADING.,#9791,
  (#10118));
#10118 = SURFACE_STYLE_TRANSPARENT(1.);
#10119 = OVER_RIDING_STYLED_ITEM('overriding color',(#10120),#1549,#9784
  );
#10120 = PRESENTATION_STYLE_ASSIGNMENT((#10121));
#10121 = SURFACE_STYLE_USAGE(.BOTH.,#10122);
#10122 = SURFACE_SIDE_STYLE('',(#10123,#10126));
#10123 = SURFACE_STYLE_FILL_AREA(#10124);
#10124 = FILL_AREA_STYLE('',(#10125));
#10125 = FILL_AREA_STYLE_COLOUR('',#9791);
#10126 = SURFACE_STYLE_RENDERING_WITH_PROPERTIES(.NORMAL_SHADING.,#9791,
  (#10127));
#10127 = SURFACE_STYLE_TRANSPARENT(1.);
#10128 = OVER_RIDING_STYLED_ITEM('overriding color',(#10129),#1573,#9784
  );
#10129 = PRESENTATION_STYLE_ASSIGNMENT((#10130));
#10130 = SURFACE_STYLE_USAGE(.BOTH.,#10131);
#10131 = SURFACE_SIDE_STYLE('',(#10132,#10135));
#10132 = SURFACE_STYLE_FILL_AREA(#10133);
#10133 = FILL_AREA_STYLE('',(#10134));
#10134 = FILL_AREA_STYLE_COLOUR('',#9791);
#10135 = SURFACE_STYLE_RENDERING_WITH_PROPERTIES(.NORMAL_SHADING.,#9791,
  (#10136));
#10136 = SURFACE_STYLE_TRANSPARENT(1.);
#10137 = OVER_RIDING_STYLED_ITEM('overriding color',(#10138),#1604,#9784
  );
#10138 = PRESENTATION_STYLE_ASSIGNMENT((#10139));
#10139 = SURFACE_STYLE_USAGE(.BOTH.,#10140);
#10140 = SURFACE_SIDE_STYLE('',(#10141,#10144));
#10141 = SURFACE_STYLE_FILL_AREA(#10142);
#10142 = FILL_AREA_STYLE('',(#10143));
#10143 = FILL_AREA_STYLE_COLOUR('',#9791);
#10144 = SURFACE_STYLE_RENDERING_WITH_PROPERTIES(.NORMAL_SHADING.,#9791,
  (#10145));
#10145 = SURFACE_STYLE_TRANSPARENT(1.);
#10146 = OVER_RIDING_STYLED_ITEM('overriding color',(#10147),#1635,#9784
  );
#10147 = PRESENTATION_STYLE_ASSIGNMENT((#10148));
#10148 = SURFACE_STYLE_USAGE(.BOTH.,#10149);
#10149 = SURFACE_SIDE_STYLE('',(#10150,#10153));
#10150 = SURFACE_STYLE_FILL_AREA(#10151);
#10151 = FILL_AREA_STYLE('',(#10152));
#10152 = FILL_AREA_STYLE_COLOUR('',#9791);
#10153 = SURFACE_STYLE_RENDERING_WITH_PROPERTIES(.NORMAL_SHADING.,#9791,
  (#10154));
#10154 = SURFACE_STYLE_TRANSPARENT(1.);
#10155 = OVER_RIDING_STYLED_ITEM('overriding color',(#10156),#1667,#9784
  );
#10156 = PRESENTATION_STYLE_ASSIGNMENT((#10157));
#10157 = SURFACE_STYLE_USAGE(.BOTH.,#10158);
#10158 = SURFACE_SIDE_STYLE('',(#10159,#10162));
#10159 = SURFACE_STYLE_FILL_AREA(#10160);
#10160 = FILL_AREA_STYLE('',(#10161));
#10161 = FILL_AREA_STYLE_COLOUR('',#9791);
#10162 = SURFACE_STYLE_RENDERING_WITH_PROPERTIES(.NORMAL_SHADING.,#9791,
  (#10163));
#10163 = SURFACE_STYLE_TRANSPARENT(1.);
#10164 = OVER_RIDING_STYLED_ITEM('overriding color',(#10165),#1685,#9784
  );
#10165 = PRESENTATION_STYLE_ASSIGNMENT((#10166));
#10166 = SURFACE_STYLE_USAGE(.BOTH.,#10167);
#10167 = SURFACE_SIDE_STYLE('',(#10168,#10171));
#10168 = SURFACE_STYLE_FILL_AREA(#10169);
#10169 = FILL_AREA_STYLE('',(#10170));
#10170 = FILL_AREA_STYLE_COLOUR('',#9791);
#10171 = SURFACE_STYLE_RENDERING_WITH_PROPERTIES(.NORMAL_SHADING.,#9791,
  (#10172));
#10172 = SURFACE_STYLE_TRANSPARENT(1.);
#10173 = OVER_RIDING_STYLED_ITEM('overriding color',(#10174),#1720,#9784
  );
#10174 = PRESENTATION_STYLE_ASSIGNMENT((#10175));
#10175 = SURFACE_STYLE_USAGE(.BOTH.,#10176);
#10176 = SURFACE_SIDE_STYLE('',(#10177,#10180));
#10177 = SURFACE_STYLE_FILL_AREA(#10178);
#10178 = FILL_AREA_STYLE('',(#10179));
#10179 = FILL_AREA_STYLE_COLOUR('',#9791);
#10180 = SURFACE_STYLE_RENDERING_WITH_PROPERTIES(.NORMAL_SHADING.,#9791,
  (#10181));
#10181 = SURFACE_STYLE_TRANSPARENT(1.);
#10182 = OVER_RIDING_STYLED_ITEM('overriding color',(#10183),#1730,#9784
  );
#10183 = PRESENTATION_STYLE_ASSIGNMENT((#10184));
#10184 = SURFACE_STYLE_USAGE(.BOTH.,#10185);
#10185 = SURFACE_SIDE_STYLE('',(#10186,#10189));
#10186 = SURFACE_STYLE_FILL_AREA(#10187);
#10187 = FILL_AREA_STYLE('',(#10188));
#10188 = FILL_AREA_STYLE_COLOUR('',#9791);
#10189 = SURFACE_STYLE_RENDERING_WITH_PROPERTIES(.NORMAL_SHADING.,#9791,
  (#10190));
#10190 = SURFACE_STYLE_TRANSPARENT(1.);
#10191 = OVER_RIDING_STYLED_ITEM('overriding color',(#10192),#1748,#9784
  );
#10192 = PRESENTATION_STYLE_ASSIGNMENT((#10193));
#10193 = SURFACE_STYLE_USAGE(.BOTH.,#10194);
#10194 = SURFACE_SIDE_STYLE('',(#10195,#10198));
#10195 = SURFACE_STYLE_FILL_AREA(#10196);
#10196 = FILL_AREA_STYLE('',(#10197));
#10197 = FILL_AREA_STYLE_COLOUR('',#9791);
#10198 = SURFACE_STYLE_RENDERING_WITH_PROPERTIES(.NORMAL_SHADING.,#9791,
  (#10199));
#10199 = SURFACE_STYLE_TRANSPARENT(1.);
#10200 = OVER_RIDING_STYLED_ITEM('overriding color',(#10201),#1769,#9784
  );
#10201 = PRESENTATION_STYLE_ASSIGNMENT((#10202));
#10202 = SURFACE_STYLE_USAGE(.BOTH.,#10203);
#10203 = SURFACE_SIDE_STYLE('',(#10204,#10207));
#10204 = SURFACE_STYLE_FILL_AREA(#10205);
#10205 = FILL_AREA_STYLE('',(#10206));
#10206 = FILL_AREA_STYLE_COLOUR('',#9791);
#10207 = SURFACE_STYLE_RENDERING_WITH_PROPERTIES(.NORMAL_SHADING.,#9791,
  (#10208));
#10208 = SURFACE_STYLE_TRANSPARENT(1.);
#10209 = OVER_RIDING_STYLED_ITEM('overriding color',(#10210),#1785,#9784
  );
#10210 = PRESENTATION_STYLE_ASSIGNMENT((#10211));
#10211 = SURFACE_STYLE_USAGE(.BOTH.,#10212);
#10212 = SURFACE_SIDE_STYLE('',(#10213,#10216));
#10213 = SURFACE_STYLE_FILL_AREA(#10214);
#10214 = FILL_AREA_STYLE('',(#10215));
#10215 = FILL_AREA_STYLE_COLOUR('',#9791);
#10216 = SURFACE_STYLE_RENDERING_WITH_PROPERTIES(.NORMAL_SHADING.,#9791,
  (#10217));
#10217 = SURFACE_STYLE_TRANSPARENT(1.);
#10218 = OVER_RIDING_STYLED_ITEM('overriding color',(#10219),#1858,#9784
  );
#10219 = PRESENTATION_STYLE_ASSIGNMENT((#10220));
#10220 = SURFACE_STYLE_USAGE(.BOTH.,#10221);
#10221 = SURFACE_SIDE_STYLE('',(#10222,#10225));
#10222 = SURFACE_STYLE_FILL_AREA(#10223);
#10223 = FILL_AREA_STYLE('',(#10224));
#10224 = FILL_AREA_STYLE_COLOUR('',#9791);
#10225 = SURFACE_STYLE_RENDERING_WITH_PROPERTIES(.NORMAL_SHADING.,#9791,
  (#10226));
#10226 = SURFACE_STYLE_TRANSPARENT(1.);
#10227 = OVER_RIDING_STYLED_ITEM('overriding color',(#10228),#1929,#9784
  );
#10228 = PRESENTATION_STYLE_ASSIGNMENT((#10229));
#10229 = SURFACE_STYLE_USAGE(.BOTH.,#10230);
#10230 = SURFACE_SIDE_STYLE('',(#10231,#10234));
#10231 = SURFACE_STYLE_FILL_AREA(#10232);
#10232 = FILL_AREA_STYLE('',(#10233));
#10233 = FILL_AREA_STYLE_COLOUR('',#9791);
#10234 = SURFACE_STYLE_RENDERING_WITH_PROPERTIES(.NORMAL_SHADING.,#9791,
  (#10235));
#10235 = SURFACE_STYLE_TRANSPARENT(1.);
#10236 = OVER_RIDING_STYLED_ITEM('overriding color',(#10237),#1952,#9784
  );
#10237 = PRESENTATION_STYLE_ASSIGNMENT((#10238));
#10238 = SURFACE_STYLE_USAGE(.BOTH.,#10239);
#10239 = SURFACE_SIDE_STYLE('',(#10240,#10243));
#10240 = SURFACE_STYLE_FILL_AREA(#10241);
#10241 = FILL_AREA_STYLE('',(#10242));
#10242 = FILL_AREA_STYLE_COLOUR('',#9791);
#10243 = SURFACE_STYLE_RENDERING_WITH_PROPERTIES(.NORMAL_SHADING.,#9791,
  (#10244));
#10244 = SURFACE_STYLE_TRANSPARENT(1.);
#10245 = OVER_RIDING_STYLED_ITEM('overriding color',(#10246),#1983,#9784
  );
#10246 = PRESENTATION_STYLE_ASSIGNMENT((#10247));
#10247 = SURFACE_STYLE_USAGE(.BOTH.,#10248);
#10248 = SURFACE_SIDE_STYLE('',(#10249,#10252));
#10249 = SURFACE_STYLE_FILL_AREA(#10250);
#10250 = FILL_AREA_STYLE('',(#10251));
#10251 = FILL_AREA_STYLE_COLOUR('',#9791);
#10252 = SURFACE_STYLE_RENDERING_WITH_PROPERTIES(.NORMAL_SHADING.,#9791,
  (#10253));
#10253 = SURFACE_STYLE_TRANSPARENT(1.);
#10254 = OVER_RIDING_STYLED_ITEM('overriding color',(#10255),#2006,#9784
  );
#10255 = PRESENTATION_STYLE_ASSIGNMENT((#10256));
#10256 = SURFACE_STYLE_USAGE(.BOTH.,#10257);
#10257 = SURFACE_SIDE_STYLE('',(#10258,#10261));
#10258 = SURFACE_STYLE_FILL_AREA(#10259);
#10259 = FILL_AREA_STYLE('',(#10260));
#10260 = FILL_AREA_STYLE_COLOUR('',#9791);
#10261 = SURFACE_STYLE_RENDERING_WITH_PROPERTIES(.NORMAL_SHADING.,#9791,
  (#10262));
#10262 = SURFACE_STYLE_TRANSPARENT(1.);
#10263 = OVER_RIDING_STYLED_ITEM('overriding color',(#10264),#2035,#9784
  );
#10264 = PRESENTATION_STYLE_ASSIGNMENT((#10265));
#10265 = SURFACE_STYLE_USAGE(.BOTH.,#10266);
#10266 = SURFACE_SIDE_STYLE('',(#10267,#10270));
#10267 = SURFACE_STYLE_FILL_AREA(#10268);
#10268 = FILL_AREA_STYLE('',(#10269));
#10269 = FILL_AREA_STYLE_COLOUR('',#9791);
#10270 = SURFACE_STYLE_RENDERING_WITH_PROPERTIES(.NORMAL_SHADING.,#9791,
  (#10271));
#10271 = SURFACE_STYLE_TRANSPARENT(1.);
#10272 = OVER_RIDING_STYLED_ITEM('overriding color',(#10273),#2092,#9784
  );
#10273 = PRESENTATION_STYLE_ASSIGNMENT((#10274));
#10274 = SURFACE_STYLE_USAGE(.BOTH.,#10275);
#10275 = SURFACE_SIDE_STYLE('',(#10276,#10279));
#10276 = SURFACE_STYLE_FILL_AREA(#10277);
#10277 = FILL_AREA_STYLE('',(#10278));
#10278 = FILL_AREA_STYLE_COLOUR('',#9791);
#10279 = SURFACE_STYLE_RENDERING_WITH_PROPERTIES(.NORMAL_SHADING.,#9791,
  (#10280));
#10280 = SURFACE_STYLE_TRANSPARENT(1.);
#10281 = OVER_RIDING_STYLED_ITEM('overriding color',(#10282),#2116,#9784
  );
#10282 = PRESENTATION_STYLE_ASSIGNMENT((#10283));
#10283 = SURFACE_STYLE_USAGE(.BOTH.,#10284);
#10284 = SURFACE_SIDE_STYLE('',(#10285,#10288));
#10285 = SURFACE_STYLE_FILL_AREA(#10286);
#10286 = FILL_AREA_STYLE('',(#10287));
#10287 = FILL_AREA_STYLE_COLOUR('',#9791);
#10288 = SURFACE_STYLE_RENDERING_WITH_PROPERTIES(.NORMAL_SHADING.,#9791,
  (#10289));
#10289 = SURFACE_STYLE_TRANSPARENT(1.);
#10290 = OVER_RIDING_STYLED_ITEM('overriding color',(#10291),#2252,#9784
  );
#10291 = PRESENTATION_STYLE_ASSIGNMENT((#10292));
#10292 = SURFACE_STYLE_USAGE(.BOTH.,#10293);
#10293 = SURFACE_SIDE_STYLE('',(#10294,#10297));
#10294 = SURFACE_STYLE_FILL_AREA(#10295);
#10295 = FILL_AREA_STYLE('',(#10296));
#10296 = FILL_AREA_STYLE_COLOUR('',#9791);
#10297 = SURFACE_STYLE_RENDERING_WITH_PROPERTIES(.NORMAL_SHADING.,#9791,
  (#10298));
#10298 = SURFACE_STYLE_TRANSPARENT(1.);
#10299 = OVER_RIDING_STYLED_ITEM('overriding color',(#10300),#2276,#9784
  );
#10300 = PRESENTATION_STYLE_ASSIGNMENT((#10301));
#10301 = SURFACE_STYLE_USAGE(.BOTH.,#10302);
#10302 = SURFACE_SIDE_STYLE('',(#10303,#10306));
#10303 = SURFACE_STYLE_FILL_AREA(#10304);
#10304 = FILL_AREA_STYLE('',(#10305));
#10305 = FILL_AREA_STYLE_COLOUR('',#9791);
#10306 = SURFACE_STYLE_RENDERING_WITH_PROPERTIES(.NORMAL_SHADING.,#9791,
  (#10307));
#10307 = SURFACE_STYLE_TRANSPARENT(1.);
#10308 = OVER_RIDING_STYLED_ITEM('overriding color',(#10309),#2309,#9784
  );
#10309 = PRESENTATION_STYLE_ASSIGNMENT((#10310));
#10310 = SURFACE_STYLE_USAGE(.BOTH.,#10311);
#10311 = SURFACE_SIDE_STYLE('',(#10312,#10315));
#10312 = SURFACE_STYLE_FILL_AREA(#10313);
#10313 = FILL_AREA_STYLE('',(#10314));
#10314 = FILL_AREA_STYLE_COLOUR('',#9791);
#10315 = SURFACE_STYLE_RENDERING_WITH_PROPERTIES(.NORMAL_SHADING.,#9791,
  (#10316));
#10316 = SURFACE_STYLE_TRANSPARENT(1.);
#10317 = OVER_RIDING_STYLED_ITEM('overriding color',(#10318),#2340,#9784
  );
#10318 = PRESENTATION_STYLE_ASSIGNMENT((#10319));
#10319 = SURFACE_STYLE_USAGE(.BOTH.,#10320);
#10320 = SURFACE_SIDE_STYLE('',(#10321,#10324));
#10321 = SURFACE_STYLE_FILL_AREA(#10322);
#10322 = FILL_AREA_STYLE('',(#10323));
#10323 = FILL_AREA_STYLE_COLOUR('',#9791);
#10324 = SURFACE_STYLE_RENDERING_WITH_PROPERTIES(.NORMAL_SHADING.,#9791,
  (#10325));
#10325 = SURFACE_STYLE_TRANSPARENT(1.);
#10326 = OVER_RIDING_STYLED_ITEM('overriding color',(#10327),#2362,#9784
  );
#10327 = PRESENTATION_STYLE_ASSIGNMENT((#10328));
#10328 = SURFACE_STYLE_USAGE(.BOTH.,#10329);
#10329 = SURFACE_SIDE_STYLE('',(#10330,#10333));
#10330 = SURFACE_STYLE_FILL_AREA(#10331);
#10331 = FILL_AREA_STYLE('',(#10332));
#10332 = FILL_AREA_STYLE_COLOUR('',#9791);
#10333 = SURFACE_STYLE_RENDERING_WITH_PROPERTIES(.NORMAL_SHADING.,#9791,
  (#10334));
#10334 = SURFACE_STYLE_TRANSPARENT(1.);
#10335 = OVER_RIDING_STYLED_ITEM('overriding color',(#10336),#2380,#9784
  );
#10336 = PRESENTATION_STYLE_ASSIGNMENT((#10337));
#10337 = SURFACE_STYLE_USAGE(.BOTH.,#10338);
#10338 = SURFACE_SIDE_STYLE('',(#10339,#10342));
#10339 = SURFACE_STYLE_FILL_AREA(#10340);
#10340 = FILL_AREA_STYLE('',(#10341));
#10341 = FILL_AREA_STYLE_COLOUR('',#9791);
#10342 = SURFACE_STYLE_RENDERING_WITH_PROPERTIES(.NORMAL_SHADING.,#9791,
  (#10343));
#10343 = SURFACE_STYLE_TRANSPARENT(1.);
#10344 = OVER_RIDING_STYLED_ITEM('overriding color',(#10345),#2403,#9784
  );
#10345 = PRESENTATION_STYLE_ASSIGNMENT((#10346));
#10346 = SURFACE_STYLE_USAGE(.BOTH.,#10347);
#10347 = SURFACE_SIDE_STYLE('',(#10348,#10351));
#10348 = SURFACE_STYLE_FILL_AREA(#10349);
#10349 = FILL_AREA_STYLE('',(#10350));
#10350 = FILL_AREA_STYLE_COLOUR('',#9791);
#10351 = SURFACE_STYLE_RENDERING_WITH_PROPERTIES(.NORMAL_SHADING.,#9791,
  (#10352));
#10352 = SURFACE_STYLE_TRANSPARENT(1.);
#10353 = OVER_RIDING_STYLED_ITEM('overriding color',(#10354),#2420,#9784
  );
#10354 = PRESENTATION_STYLE_ASSIGNMENT((#10355));
#10355 = SURFACE_STYLE_USAGE(.BOTH.,#10356);
#10356 = SURFACE_SIDE_STYLE('',(#10357,#10360));
#10357 = SURFACE_STYLE_FILL_AREA(#10358);
#10358 = FILL_AREA_STYLE('',(#10359));
#10359 = FILL_AREA_STYLE_COLOUR('',#9791);
#10360 = SURFACE_STYLE_RENDERING_WITH_PROPERTIES(.NORMAL_SHADING.,#9791,
  (#10361));
#10361 = SURFACE_STYLE_TRANSPARENT(1.);
#10362 = OVER_RIDING_STYLED_ITEM('overriding color',(#10363),#2451,#9784
  );
#10363 = PRESENTATION_STYLE_ASSIGNMENT((#10364));
#10364 = SURFACE_STYLE_USAGE(.BOTH.,#10365);
#10365 = SURFACE_SIDE_STYLE('',(#10366,#10369));
#10366 = SURFACE_STYLE_FILL_AREA(#10367);
#10367 = FILL_AREA_STYLE('',(#10368));
#10368 = FILL_AREA_STYLE_COLOUR('',#9791);
#10369 = SURFACE_STYLE_RENDERING_WITH_PROPERTIES(.NORMAL_SHADING.,#9791,
  (#10370));
#10370 = SURFACE_STYLE_TRANSPARENT(1.);
#10371 = OVER_RIDING_STYLED_ITEM('overriding color',(#10372),#2463,#9784
  );
#10372 = PRESENTATION_STYLE_ASSIGNMENT((#10373));
#10373 = SURFACE_STYLE_USAGE(.BOTH.,#10374);
#10374 = SURFACE_SIDE_STYLE('',(#10375,#10378));
#10375 = SURFACE_STYLE_FILL_AREA(#10376);
#10376 = FILL_AREA_STYLE('',(#10377));
#10377 = FILL_AREA_STYLE_COLOUR('',#9791);
#10378 = SURFACE_STYLE_RENDERING_WITH_PROPERTIES(.NORMAL_SHADING.,#9791,
  (#10379));
#10379 = SURFACE_STYLE_TRANSPARENT(1.);
#10380 = OVER_RIDING_STYLED_ITEM('overriding color',(#10381),#2499,#9784
  );
#10381 = PRESENTATION_STYLE_ASSIGNMENT((#10382));
#10382 = SURFACE_STYLE_USAGE(.BOTH.,#10383);
#10383 = SURFACE_SIDE_STYLE('',(#10384,#10387));
#10384 = SURFACE_STYLE_FILL_AREA(#10385);
#10385 = FILL_AREA_STYLE('',(#10386));
#10386 = FILL_AREA_STYLE_COLOUR('',#9791);
#10387 = SURFACE_STYLE_RENDERING_WITH_PROPERTIES(.NORMAL_SHADING.,#9791,
  (#10388));
#10388 = SURFACE_STYLE_TRANSPARENT(1.);
#10389 = OVER_RIDING_STYLED_ITEM('overriding color',(#10390),#2535,#9784
  );
#10390 = PRESENTATION_STYLE_ASSIGNMENT((#10391));
#10391 = SURFACE_STYLE_USAGE(.BOTH.,#10392);
#10392 = SURFACE_SIDE_STYLE('',(#10393,#10396));
#10393 = SURFACE_STYLE_FILL_AREA(#10394);
#10394 = FILL_AREA_STYLE('',(#10395));
#10395 = FILL_AREA_STYLE_COLOUR('',#9791);
#10396 = SURFACE_STYLE_RENDERING_WITH_PROPERTIES(.NORMAL_SHADING.,#9791,
  (#10397));
#10397 = SURFACE_STYLE_TRANSPARENT(1.);
#10398 = OVER_RIDING_STYLED_ITEM('overriding color',(#10399),#2552,#9784
  );
#10399 = PRESENTATION_STYLE_ASSIGNMENT((#10400));
#10400 = SURFACE_STYLE_USAGE(.BOTH.,#10401);
#10401 = SURFACE_SIDE_STYLE('',(#10402,#10405));
#10402 = SURFACE_STYLE_FILL_AREA(#10403);
#10403 = FILL_AREA_STYLE('',(#10404));
#10404 = FILL_AREA_STYLE_COLOUR('',#9791);
#10405 = SURFACE_STYLE_RENDERING_WITH_PROPERTIES(.NORMAL_SHADING.,#9791,
  (#10406));
#10406 = SURFACE_STYLE_TRANSPARENT(1.);
#10407 = OVER_RIDING_STYLED_ITEM('overriding color',(#10408),#2584,#9784
  );
#10408 = PRESENTATION_STYLE_ASSIGNMENT((#10409));
#10409 = SURFACE_STYLE_USAGE(.BOTH.,#10410);
#10410 = SURFACE_SIDE_STYLE('',(#10411,#10414));
#10411 = SURFACE_STYLE_FILL_AREA(#10412);
#10412 = FILL_AREA_STYLE('',(#10413));
#10413 = FILL_AREA_STYLE_COLOUR('',#9791);
#10414 = SURFACE_STYLE_RENDERING_WITH_PROPERTIES(.NORMAL_SHADING.,#9791,
  (#10415));
#10415 = SURFACE_STYLE_TRANSPARENT(1.);
#10416 = OVER_RIDING_STYLED_ITEM('overriding color',(#10417),#2694,#9784
  );
#10417 = PRESENTATION_STYLE_ASSIGNMENT((#10418));
#10418 = SURFACE_STYLE_USAGE(.BOTH.,#10419);
#10419 = SURFACE_SIDE_STYLE('',(#10420,#10423));
#10420 = SURFACE_STYLE_FILL_AREA(#10421);
#10421 = FILL_AREA_STYLE('',(#10422));
#10422 = FILL_AREA_STYLE_COLOUR('',#9791);
#10423 = SURFACE_STYLE_RENDERING_WITH_PROPERTIES(.NORMAL_SHADING.,#9791,
  (#10424));
#10424 = SURFACE_STYLE_TRANSPARENT(1.);
#10425 = OVER_RIDING_STYLED_ITEM('overriding color',(#10426),#2710,#9784
  );
#10426 = PRESENTATION_STYLE_ASSIGNMENT((#10427));
#10427 = SURFACE_STYLE_USAGE(.BOTH.,#10428);
#10428 = SURFACE_SIDE_STYLE('',(#10429,#10432));
#10429 = SURFACE_STYLE_FILL_AREA(#10430);
#10430 = FILL_AREA_STYLE('',(#10431));
#10431 = FILL_AREA_STYLE_COLOUR('',#9791);
#10432 = SURFACE_STYLE_RENDERING_WITH_PROPERTIES(.NORMAL_SHADING.,#9791,
  (#10433));
#10433 = SURFACE_STYLE_TRANSPARENT(1.);
#10434 = OVER_RIDING_STYLED_ITEM('overriding color',(#10435),#2873,#9784
  );
#10435 = PRESENTATION_STYLE_ASSIGNMENT((#10436));
#10436 = SURFACE_STYLE_USAGE(.BOTH.,#10437);
#10437 = SURFACE_SIDE_STYLE('',(#10438,#10441));
#10438 = SURFACE_STYLE_FILL_AREA(#10439);
#10439 = FILL_AREA_STYLE('',(#10440));
#10440 = FILL_AREA_STYLE_COLOUR('',#9791);
#10441 = SURFACE_STYLE_RENDERING_WITH_PROPERTIES(.NORMAL_SHADING.,#9791,
  (#10442));
#10442 = SURFACE_STYLE_TRANSPARENT(1.);
#10443 = OVER_RIDING_STYLED_ITEM('overriding color',(#10444),#2889,#9784
  );
#10444 = PRESENTATION_STYLE_ASSIGNMENT((#10445));
#10445 = SURFACE_STYLE_USAGE(.BOTH.,#10446);
#10446 = SURFACE_SIDE_STYLE('',(#10447,#10450));
#10447 = SURFACE_STYLE_FILL_AREA(#10448);
#10448 = FILL_AREA_STYLE('',(#10449));
#10449 = FILL_AREA_STYLE_COLOUR('',#9791);
#10450 = SURFACE_STYLE_RENDERING_WITH_PROPERTIES(.NORMAL_SHADING.,#9791,
  (#10451));
#10451 = SURFACE_STYLE_TRANSPARENT(1.);
#10452 = OVER_RIDING_STYLED_ITEM('overriding color',(#10453),#2921,#9784
  );
#10453 = PRESENTATION_STYLE_ASSIGNMENT((#10454));
#10454 = SURFACE_STYLE_USAGE(.BOTH.,#10455);
#10455 = SURFACE_SIDE_STYLE('',(#10456,#10459));
#10456 = SURFACE_STYLE_FILL_AREA(#10457);
#10457 = FILL_AREA_STYLE('',(#10458));
#10458 = FILL_AREA_STYLE_COLOUR('',#9791);
#10459 = SURFACE_STYLE_RENDERING_WITH_PROPERTIES(.NORMAL_SHADING.,#9791,
  (#10460));
#10460 = SURFACE_STYLE_TRANSPARENT(1.);
#10461 = OVER_RIDING_STYLED_ITEM('overriding color',(#10462),#2970,#9784
  );
#10462 = PRESENTATION_STYLE_ASSIGNMENT((#10463));
#10463 = SURFACE_STYLE_USAGE(.BOTH.,#10464);
#10464 = SURFACE_SIDE_STYLE('',(#10465,#10468));
#10465 = SURFACE_STYLE_FILL_AREA(#10466);
#10466 = FILL_AREA_STYLE('',(#10467));
#10467 = FILL_AREA_STYLE_COLOUR('',#9791);
#10468 = SURFACE_STYLE_RENDERING_WITH_PROPERTIES(.NORMAL_SHADING.,#9791,
  (#10469));
#10469 = SURFACE_STYLE_TRANSPARENT(1.);
#10470 = OVER_RIDING_STYLED_ITEM('overriding color',(#10471),#2987,#9784
  );
#10471 = PRESENTATION_STYLE_ASSIGNMENT((#10472));
#10472 = SURFACE_STYLE_USAGE(.BOTH.,#10473);
#10473 = SURFACE_SIDE_STYLE('',(#10474,#10477));
#10474 = SURFACE_STYLE_FILL_AREA(#10475);
#10475 = FILL_AREA_STYLE('',(#10476));
#10476 = FILL_AREA_STYLE_COLOUR('',#9791);
#10477 = SURFACE_STYLE_RENDERING_WITH_PROPERTIES(.NORMAL_SHADING.,#9791,
  (#10478));
#10478 = SURFACE_STYLE_TRANSPARENT(1.);
#10479 = OVER_RIDING_STYLED_ITEM('overriding color',(#10480),#3009,#9784
  );
#10480 = PRESENTATION_STYLE_ASSIGNMENT((#10481));
#10481 = SURFACE_STYLE_USAGE(.BOTH.,#10482);
#10482 = SURFACE_SIDE_STYLE('',(#10483,#10486));
#10483 = SURFACE_STYLE_FILL_AREA(#10484);
#10484 = FILL_AREA_STYLE('',(#10485));
#10485 = FILL_AREA_STYLE_COLOUR('',#9791);
#10486 = SURFACE_STYLE_RENDERING_WITH_PROPERTIES(.NORMAL_SHADING.,#9791,
  (#10487));
#10487 = SURFACE_STYLE_TRANSPARENT(1.);
#10488 = OVER_RIDING_STYLED_ITEM('overriding color',(#10489),#3040,#9784
  );
#10489 = PRESENTATION_STYLE_ASSIGNMENT((#10490));
#10490 = SURFACE_STYLE_USAGE(.BOTH.,#10491);
#10491 = SURFACE_SIDE_STYLE('',(#10492,#10495));
#10492 = SURFACE_STYLE_FILL_AREA(#10493);
#10493 = FILL_AREA_STYLE('',(#10494));
#10494 = FILL_AREA_STYLE_COLOUR('',#9791);
#10495 = SURFACE_STYLE_RENDERING_WITH_PROPERTIES(.NORMAL_SHADING.,#9791,
  (#10496));
#10496 = SURFACE_STYLE_TRANSPARENT(1.);
#10497 = OVER_RIDING_STYLED_ITEM('overriding color',(#10498),#3064,#9784
  );
#10498 = PRESENTATION_STYLE_ASSIGNMENT((#10499));
#10499 = SURFACE_STYLE_USAGE(.BOTH.,#10500);
#10500 = SURFACE_SIDE_STYLE('',(#10501,#10504));
#10501 = SURFACE_STYLE_FILL_AREA(#10502);
#10502 = FILL_AREA_STYLE('',(#10503));
#10503 = FILL_AREA_STYLE_COLOUR('',#9791);
#10504 = SURFACE_STYLE_RENDERING_WITH_PROPERTIES(.NORMAL_SHADING.,#9791,
  (#10505));
#10505 = SURFACE_STYLE_TRANSPARENT(1.);
#10506 = OVER_RIDING_STYLED_ITEM('overriding color',(#10507),#3090,#9784
  );
#10507 = PRESENTATION_STYLE_ASSIGNMENT((#10508));
#10508 = SURFACE_STYLE_USAGE(.BOTH.,#10509);
#10509 = SURFACE_SIDE_STYLE('',(#10510,#10513));
#10510 = SURFACE_STYLE_FILL_AREA(#10511);
#10511 = FILL_AREA_STYLE('',(#10512));
#10512 = FILL_AREA_STYLE_COLOUR('',#9791);
#10513 = SURFACE_STYLE_RENDERING_WITH_PROPERTIES(.NORMAL_SHADING.,#9791,
  (#10514));
#10514 = SURFACE_STYLE_TRANSPARENT(1.);
#10515 = OVER_RIDING_STYLED_ITEM('overriding color',(#10516),#3107,#9784
  );
#10516 = PRESENTATION_STYLE_ASSIGNMENT((#10517));
#10517 = SURFACE_STYLE_USAGE(.BOTH.,#10518);
#10518 = SURFACE_SIDE_STYLE('',(#10519,#10522));
#10519 = SURFACE_STYLE_FILL_AREA(#10520);
#10520 = FILL_AREA_STYLE('',(#10521));
#10521 = FILL_AREA_STYLE_COLOUR('',#9791);
#10522 = SURFACE_STYLE_RENDERING_WITH_PROPERTIES(.NORMAL_SHADING.,#9791,
  (#10523));
#10523 = SURFACE_STYLE_TRANSPARENT(1.);
#10524 = OVER_RIDING_STYLED_ITEM('overriding color',(#10525),#3124,#9784
  );
#10525 = PRESENTATION_STYLE_ASSIGNMENT((#10526));
#10526 = SURFACE_STYLE_USAGE(.BOTH.,#10527);
#10527 = SURFACE_SIDE_STYLE('',(#10528,#10531));
#10528 = SURFACE_STYLE_FILL_AREA(#10529);
#10529 = FILL_AREA_STYLE('',(#10530));
#10530 = FILL_AREA_STYLE_COLOUR('',#9791);
#10531 = SURFACE_STYLE_RENDERING_WITH_PROPERTIES(.NORMAL_SHADING.,#9791,
  (#10532));
#10532 = SURFACE_STYLE_TRANSPARENT(1.);
#10533 = OVER_RIDING_STYLED_ITEM('overriding color',(#10534),#3155,#9784
  );
#10534 = PRESENTATION_STYLE_ASSIGNMENT((#10535));
#10535 = SURFACE_STYLE_USAGE(.BOTH.,#10536);
#10536 = SURFACE_SIDE_STYLE('',(#10537,#10540));
#10537 = SURFACE_STYLE_FILL_AREA(#10538);
#10538 = FILL_AREA_STYLE('',(#10539));
#10539 = FILL_AREA_STYLE_COLOUR('',#9791);
#10540 = SURFACE_STYLE_RENDERING_WITH_PROPERTIES(.NORMAL_SHADING.,#9791,
  (#10541));
#10541 = SURFACE_STYLE_TRANSPARENT(1.);
#10542 = OVER_RIDING_STYLED_ITEM('overriding color',(#10543),#3179,#9784
  );
#10543 = PRESENTATION_STYLE_ASSIGNMENT((#10544));
#10544 = SURFACE_STYLE_USAGE(.BOTH.,#10545);
#10545 = SURFACE_SIDE_STYLE('',(#10546,#10549));
#10546 = SURFACE_STYLE_FILL_AREA(#10547);
#10547 = FILL_AREA_STYLE('',(#10548));
#10548 = FILL_AREA_STYLE_COLOUR('',#9791);
#10549 = SURFACE_STYLE_RENDERING_WITH_PROPERTIES(.NORMAL_SHADING.,#9791,
  (#10550));
#10550 = SURFACE_STYLE_TRANSPARENT(1.);
#10551 = OVER_RIDING_STYLED_ITEM('overriding color',(#10552),#3203,#9784
  );
#10552 = PRESENTATION_STYLE_ASSIGNMENT((#10553));
#10553 = SURFACE_STYLE_USAGE(.BOTH.,#10554);
#10554 = SURFACE_SIDE_STYLE('',(#10555,#10558));
#10555 = SURFACE_STYLE_FILL_AREA(#10556);
#10556 = FILL_AREA_STYLE('',(#10557));
#10557 = FILL_AREA_STYLE_COLOUR('',#9791);
#10558 = SURFACE_STYLE_RENDERING_WITH_PROPERTIES(.NORMAL_SHADING.,#9791,
  (#10559));
#10559 = SURFACE_STYLE_TRANSPARENT(1.);
#10560 = OVER_RIDING_STYLED_ITEM('overriding color',(#10561),#3227,#9784
  );
#10561 = PRESENTATION_STYLE_ASSIGNMENT((#10562));
#10562 = SURFACE_STYLE_USAGE(.BOTH.,#10563);
#10563 = SURFACE_SIDE_STYLE('',(#10564,#10567));
#10564 = SURFACE_STYLE_FILL_AREA(#10565);
#10565 = FILL_AREA_STYLE('',(#10566));
#10566 = FILL_AREA_STYLE_COLOUR('',#9791);
#10567 = SURFACE_STYLE_RENDERING_WITH_PROPERTIES(.NORMAL_SHADING.,#9791,
  (#10568));
#10568 = SURFACE_STYLE_TRANSPARENT(1.);
#10569 = OVER_RIDING_STYLED_ITEM('overriding color',(#10570),#3244,#9784
  );
#10570 = PRESENTATION_STYLE_ASSIGNMENT((#10571));
#10571 = SURFACE_STYLE_USAGE(.BOTH.,#10572);
#10572 = SURFACE_SIDE_STYLE('',(#10573,#10576));
#10573 = SURFACE_STYLE_FILL_AREA(#10574);
#10574 = FILL_AREA_STYLE('',(#10575));
#10575 = FILL_AREA_STYLE_COLOUR('',#9791);
#10576 = SURFACE_STYLE_RENDERING_WITH_PROPERTIES(.NORMAL_SHADING.,#9791,
  (#10577));
#10577 = SURFACE_STYLE_TRANSPARENT(1.);
#10578 = OVER_RIDING_STYLED_ITEM('overriding color',(#10579),#3269,#9784
  );
#10579 = PRESENTATION_STYLE_ASSIGNMENT((#10580));
#10580 = SURFACE_STYLE_USAGE(.BOTH.,#10581);
#10581 = SURFACE_SIDE_STYLE('',(#10582,#10585));
#10582 = SURFACE_STYLE_FILL_AREA(#10583);
#10583 = FILL_AREA_STYLE('',(#10584));
#10584 = FILL_AREA_STYLE_COLOUR('',#9791);
#10585 = SURFACE_STYLE_RENDERING_WITH_PROPERTIES(.NORMAL_SHADING.,#9791,
  (#10586));
#10586 = SURFACE_STYLE_TRANSPARENT(1.);
#10587 = OVER_RIDING_STYLED_ITEM('overriding color',(#10588),#3286,#9784
  );
#10588 = PRESENTATION_STYLE_ASSIGNMENT((#10589));
#10589 = SURFACE_STYLE_USAGE(.BOTH.,#10590);
#10590 = SURFACE_SIDE_STYLE('',(#10591,#10594));
#10591 = SURFACE_STYLE_FILL_AREA(#10592);
#10592 = FILL_AREA_STYLE('',(#10593));
#10593 = FILL_AREA_STYLE_COLOUR('',#9791);
#10594 = SURFACE_STYLE_RENDERING_WITH_PROPERTIES(.NORMAL_SHADING.,#9791,
  (#10595));
#10595 = SURFACE_STYLE_TRANSPARENT(1.);
#10596 = OVER_RIDING_STYLED_ITEM('overriding color',(#10597),#3317,#9784
  );
#10597 = PRESENTATION_STYLE_ASSIGNMENT((#10598));
#10598 = SURFACE_STYLE_USAGE(.BOTH.,#10599);
#10599 = SURFACE_SIDE_STYLE('',(#10600,#10603));
#10600 = SURFACE_STYLE_FILL_AREA(#10601);
#10601 = FILL_AREA_STYLE('',(#10602));
#10602 = FILL_AREA_STYLE_COLOUR('',#9791);
#10603 = SURFACE_STYLE_RENDERING_WITH_PROPERTIES(.NORMAL_SHADING.,#9791,
  (#10604));
#10604 = SURFACE_STYLE_TRANSPARENT(1.);
#10605 = OVER_RIDING_STYLED_ITEM('overriding color',(#10606),#3342,#9784
  );
#10606 = PRESENTATION_STYLE_ASSIGNMENT((#10607));
#10607 = SURFACE_STYLE_USAGE(.BOTH.,#10608);
#10608 = SURFACE_SIDE_STYLE('',(#10609,#10612));
#10609 = SURFACE_STYLE_FILL_AREA(#10610);
#10610 = FILL_AREA_STYLE('',(#10611));
#10611 = FILL_AREA_STYLE_COLOUR('',#9791);
#10612 = SURFACE_STYLE_RENDERING_WITH_PROPERTIES(.NORMAL_SHADING.,#9791,
  (#10613));
#10613 = SURFACE_STYLE_TRANSPARENT(1.);
#10614 = OVER_RIDING_STYLED_ITEM('overriding color',(#10615),#3402,#9784
  );
#10615 = PRESENTATION_STYLE_ASSIGNMENT((#10616));
#10616 = SURFACE_STYLE_USAGE(.BOTH.,#10617);
#10617 = SURFACE_SIDE_STYLE('',(#10618,#10621));
#10618 = SURFACE_STYLE_FILL_AREA(#10619);
#10619 = FILL_AREA_STYLE('',(#10620));
#10620 = FILL_AREA_STYLE_COLOUR('',#9791);
#10621 = SURFACE_STYLE_RENDERING_WITH_PROPERTIES(.NORMAL_SHADING.,#9791,
  (#10622));
#10622 = SURFACE_STYLE_TRANSPARENT(1.);
#10623 = OVER_RIDING_STYLED_ITEM('overriding color',(#10624),#3443,#9784
  );
#10624 = PRESENTATION_STYLE_ASSIGNMENT((#10625));
#10625 = SURFACE_STYLE_USAGE(.BOTH.,#10626);
#10626 = SURFACE_SIDE_STYLE('',(#10627,#10630));
#10627 = SURFACE_STYLE_FILL_AREA(#10628);
#10628 = FILL_AREA_STYLE('',(#10629));
#10629 = FILL_AREA_STYLE_COLOUR('',#9791);
#10630 = SURFACE_STYLE_RENDERING_WITH_PROPERTIES(.NORMAL_SHADING.,#9791,
  (#10631));
#10631 = SURFACE_STYLE_TRANSPARENT(1.);
#10632 = OVER_RIDING_STYLED_ITEM('overriding color',(#10633),#3459,#9784
  );
#10633 = PRESENTATION_STYLE_ASSIGNMENT((#10634));
#10634 = SURFACE_STYLE_USAGE(.BOTH.,#10635);
#10635 = SURFACE_SIDE_STYLE('',(#10636,#10639));
#10636 = SURFACE_STYLE_FILL_AREA(#10637);
#10637 = FILL_AREA_STYLE('',(#10638));
#10638 = FILL_AREA_STYLE_COLOUR('',#9791);
#10639 = SURFACE_STYLE_RENDERING_WITH_PROPERTIES(.NORMAL_SHADING.,#9791,
  (#10640));
#10640 = SURFACE_STYLE_TRANSPARENT(1.);
#10641 = OVER_RIDING_STYLED_ITEM('overriding color',(#10642),#3484,#9784
  );
#10642 = PRESENTATION_STYLE_ASSIGNMENT((#10643));
#10643 = SURFACE_STYLE_USAGE(.BOTH.,#10644);
#10644 = SURFACE_SIDE_STYLE('',(#10645,#10648));
#10645 = SURFACE_STYLE_FILL_AREA(#10646);
#10646 = FILL_AREA_STYLE('',(#10647));
#10647 = FILL_AREA_STYLE_COLOUR('',#9791);
#10648 = SURFACE_STYLE_RENDERING_WITH_PROPERTIES(.NORMAL_SHADING.,#9791,
  (#10649));
#10649 = SURFACE_STYLE_TRANSPARENT(1.);
#10650 = OVER_RIDING_STYLED_ITEM('overriding color',(#10651),#3501,#9784
  );
#10651 = PRESENTATION_STYLE_ASSIGNMENT((#10652));
#10652 = SURFACE_STYLE_USAGE(.BOTH.,#10653);
#10653 = SURFACE_SIDE_STYLE('',(#10654,#10657));
#10654 = SURFACE_STYLE_FILL_AREA(#10655);
#10655 = FILL_AREA_STYLE('',(#10656));
#10656 = FILL_AREA_STYLE_COLOUR('',#9791);
#10657 = SURFACE_STYLE_RENDERING_WITH_PROPERTIES(.NORMAL_SHADING.,#9791,
  (#10658));
#10658 = SURFACE_STYLE_TRANSPARENT(1.);
#10659 = OVER_RIDING_STYLED_ITEM('overriding color',(#10660),#3523,#9784
  );
#10660 = PRESENTATION_STYLE_ASSIGNMENT((#10661));
#10661 = SURFACE_STYLE_USAGE(.BOTH.,#10662);
#10662 = SURFACE_SIDE_STYLE('',(#10663,#10666));
#10663 = SURFACE_STYLE_FILL_AREA(#10664);
#10664 = FILL_AREA_STYLE('',(#10665));
#10665 = FILL_AREA_STYLE_COLOUR('',#9791);
#10666 = SURFACE_STYLE_RENDERING_WITH_PROPERTIES(.NORMAL_SHADING.,#9791,
  (#10667));
#10667 = SURFACE_STYLE_TRANSPARENT(1.);
#10668 = OVER_RIDING_STYLED_ITEM('overriding color',(#10669),#3560,#9784
  );
#10669 = PRESENTATION_STYLE_ASSIGNMENT((#10670));
#10670 = SURFACE_STYLE_USAGE(.BOTH.,#10671);
#10671 = SURFACE_SIDE_STYLE('',(#10672,#10675));
#10672 = SURFACE_STYLE_FILL_AREA(#10673);
#10673 = FILL_AREA_STYLE('',(#10674));
#10674 = FILL_AREA_STYLE_COLOUR('',#9791);
#10675 = SURFACE_STYLE_RENDERING_WITH_PROPERTIES(.NORMAL_SHADING.,#9791,
  (#10676));
#10676 = SURFACE_STYLE_TRANSPARENT(1.);
#10677 = OVER_RIDING_STYLED_ITEM('overriding color',(#10678),#3582,#9784
  );
#10678 = PRESENTATION_STYLE_ASSIGNMENT((#10679));
#10679 = SURFACE_STYLE_USAGE(.BOTH.,#10680);
#10680 = SURFACE_SIDE_STYLE('',(#10681,#10684));
#10681 = SURFACE_STYLE_FILL_AREA(#10682);
#10682 = FILL_AREA_STYLE('',(#10683));
#10683 = FILL_AREA_STYLE_COLOUR('',#9791);
#10684 = SURFACE_STYLE_RENDERING_WITH_PROPERTIES(.NORMAL_SHADING.,#9791,
  (#10685));
#10685 = SURFACE_STYLE_TRANSPARENT(1.);
#10686 = OVER_RIDING_STYLED_ITEM('overriding color',(#10687),#3607,#9784
  );
#10687 = PRESENTATION_STYLE_ASSIGNMENT((#10688));
#10688 = SURFACE_STYLE_USAGE(.BOTH.,#10689);
#10689 = SURFACE_SIDE_STYLE('',(#10690,#10693));
#10690 = SURFACE_STYLE_FILL_AREA(#10691);
#10691 = FILL_AREA_STYLE('',(#10692));
#10692 = FILL_AREA_STYLE_COLOUR('',#9791);
#10693 = SURFACE_STYLE_RENDERING_WITH_PROPERTIES(.NORMAL_SHADING.,#9791,
  (#10694));
#10694 = SURFACE_STYLE_TRANSPARENT(1.);
#10695 = OVER_RIDING_STYLED_ITEM('overriding color',(#10696),#3631,#9784
  );
#10696 = PRESENTATION_STYLE_ASSIGNMENT((#10697));
#10697 = SURFACE_STYLE_USAGE(.BOTH.,#10698);
#10698 = SURFACE_SIDE_STYLE('',(#10699,#10702));
#10699 = SURFACE_STYLE_FILL_AREA(#10700);
#10700 = FILL_AREA_STYLE('',(#10701));
#10701 = FILL_AREA_STYLE_COLOUR('',#9791);
#10702 = SURFACE_STYLE_RENDERING_WITH_PROPERTIES(.NORMAL_SHADING.,#9791,
  (#10703));
#10703 = SURFACE_STYLE_TRANSPARENT(1.);
#10704 = OVER_RIDING_STYLED_ITEM('overriding color',(#10705),#3653,#9784
  );
#10705 = PRESENTATION_STYLE_ASSIGNMENT((#10706));
#10706 = SURFACE_STYLE_USAGE(.BOTH.,#10707);
#10707 = SURFACE_SIDE_STYLE('',(#10708,#10711));
#10708 = SURFACE_STYLE_FILL_AREA(#10709);
#10709 = FILL_AREA_STYLE('',(#10710));
#10710 = FILL_AREA_STYLE_COLOUR('',#9791);
#10711 = SURFACE_STYLE_RENDERING_WITH_PROPERTIES(.NORMAL_SHADING.,#9791,
  (#10712));
#10712 = SURFACE_STYLE_TRANSPARENT(1.);
#10713 = OVER_RIDING_STYLED_ITEM('overriding color',(#10714),#3677,#9784
  );
#10714 = PRESENTATION_STYLE_ASSIGNMENT((#10715));
#10715 = SURFACE_STYLE_USAGE(.BOTH.,#10716);
#10716 = SURFACE_SIDE_STYLE('',(#10717,#10720));
#10717 = SURFACE_STYLE_FILL_AREA(#10718);
#10718 = FILL_AREA_STYLE('',(#10719));
#10719 = FILL_AREA_STYLE_COLOUR('',#9791);
#10720 = SURFACE_STYLE_RENDERING_WITH_PROPERTIES(.NORMAL_SHADING.,#9791,
  (#10721));
#10721 = SURFACE_STYLE_TRANSPARENT(1.);
#10722 = OVER_RIDING_STYLED_ITEM('overriding color',(#10723),#3846,#9784
  );
#10723 = PRESENTATION_STYLE_ASSIGNMENT((#10724));
#10724 = SURFACE_STYLE_USAGE(.BOTH.,#10725);
#10725 = SURFACE_SIDE_STYLE('',(#10726,#10729));
#10726 = SURFACE_STYLE_FILL_AREA(#10727);
#10727 = FILL_AREA_STYLE('',(#10728));
#10728 = FILL_AREA_STYLE_COLOUR('',#9791);
#10729 = SURFACE_STYLE_RENDERING_WITH_PROPERTIES(.NORMAL_SHADING.,#9791,
  (#10730));
#10730 = SURFACE_STYLE_TRANSPARENT(1.);
#10731 = OVER_RIDING_STYLED_ITEM('overriding color',(#10732),#3895,#9784
  );
#10732 = PRESENTATION_STYLE_ASSIGNMENT((#10733));
#10733 = SURFACE_STYLE_USAGE(.BOTH.,#10734);
#10734 = SURFACE_SIDE_STYLE('',(#10735,#10738));
#10735 = SURFACE_STYLE_FILL_AREA(#10736);
#10736 = FILL_AREA_STYLE('',(#10737));
#10737 = FILL_AREA_STYLE_COLOUR('',#9791);
#10738 = SURFACE_STYLE_RENDERING_WITH_PROPERTIES(.NORMAL_SHADING.,#9791,
  (#10739));
#10739 = SURFACE_STYLE_TRANSPARENT(1.);
#10740 = OVER_RIDING_STYLED_ITEM('overriding color',(#10741),#3926,#9784
  );
#10741 = PRESENTATION_STYLE_ASSIGNMENT((#10742));
#10742 = SURFACE_STYLE_USAGE(.BOTH.,#10743);
#10743 = SURFACE_SIDE_STYLE('',(#10744,#10747));
#10744 = SURFACE_STYLE_FILL_AREA(#10745);
#10745 = FILL_AREA_STYLE('',(#10746));
#10746 = FILL_AREA_STYLE_COLOUR('',#9791);
#10747 = SURFACE_STYLE_RENDERING_WITH_PROPERTIES(.NORMAL_SHADING.,#9791,
  (#10748));
#10748 = SURFACE_STYLE_TRANSPARENT(1.);
#10749 = OVER_RIDING_STYLED_ITEM('overriding color',(#10750),#3966,#9784
  );
#10750 = PRESENTATION_STYLE_ASSIGNMENT((#10751));
#10751 = SURFACE_STYLE_USAGE(.BOTH.,#10752);
#10752 = SURFACE_SIDE_STYLE('',(#10753,#10756));
#10753 = SURFACE_STYLE_FILL_AREA(#10754);
#10754 = FILL_AREA_STYLE('',(#10755));
#10755 = FILL_AREA_STYLE_COLOUR('',#9791);
#10756 = SURFACE_STYLE_RENDERING_WITH_PROPERTIES(.NORMAL_SHADING.,#9791,
  (#10757));
#10757 = SURFACE_STYLE_TRANSPARENT(1.);
#10758 = OVER_RIDING_STYLED_ITEM('overriding color',(#10759),#4018,#9784
  );
#10759 = PRESENTATION_STYLE_ASSIGNMENT((#10760));
#10760 = SURFACE_STYLE_USAGE(.BOTH.,#10761);
#10761 = SURFACE_SIDE_STYLE('',(#10762,#10765));
#10762 = SURFACE_STYLE_FILL_AREA(#10763);
#10763 = FILL_AREA_STYLE('',(#10764));
#10764 = FILL_AREA_STYLE_COLOUR('',#9791);
#10765 = SURFACE_STYLE_RENDERING_WITH_PROPERTIES(.NORMAL_SHADING.,#9791,
  (#10766));
#10766 = SURFACE_STYLE_TRANSPARENT(1.);
#10767 = OVER_RIDING_STYLED_ITEM('overriding color',(#10768),#4066,#9784
  );
#10768 = PRESENTATION_STYLE_ASSIGNMENT((#10769));
#10769 = SURFACE_STYLE_USAGE(.BOTH.,#10770);
#10770 = SURFACE_SIDE_STYLE('',(#10771,#10774));
#10771 = SURFACE_STYLE_FILL_AREA(#10772);
#10772 = FILL_AREA_STYLE('',(#10773));
#10773 = FILL_AREA_STYLE_COLOUR('',#9791);
#10774 = SURFACE_STYLE_RENDERING_WITH_PROPERTIES(.NORMAL_SHADING.,#9791,
  (#10775));
#10775 = SURFACE_STYLE_TRANSPARENT(1.);
#10776 = OVER_RIDING_STYLED_ITEM('overriding color',(#10777),#4118,#9784
  );
#10777 = PRESENTATION_STYLE_ASSIGNMENT((#10778));
#10778 = SURFACE_STYLE_USAGE(.BOTH.,#10779);
#10779 = SURFACE_SIDE_STYLE('',(#10780,#10783));
#10780 = SURFACE_STYLE_FILL_AREA(#10781);
#10781 = FILL_AREA_STYLE('',(#10782));
#10782 = FILL_AREA_STYLE_COLOUR('',#9791);
#10783 = SURFACE_STYLE_RENDERING_WITH_PROPERTIES(.NORMAL_SHADING.,#9791,
  (#10784));
#10784 = SURFACE_STYLE_TRANSPARENT(1.);
#10785 = OVER_RIDING_STYLED_ITEM('overriding color',(#10786),#4150,#9784
  );
#10786 = PRESENTATION_STYLE_ASSIGNMENT((#10787));
#10787 = SURFACE_STYLE_USAGE(.BOTH.,#10788);
#10788 = SURFACE_SIDE_STYLE('',(#10789,#10792));
#10789 = SURFACE_STYLE_FILL_AREA(#10790);
#10790 = FILL_AREA_STYLE('',(#10791));
#10791 = FILL_AREA_STYLE_COLOUR('',#9791);
#10792 = SURFACE_STYLE_RENDERING_WITH_PROPERTIES(.NORMAL_SHADING.,#9791,
  (#10793));
#10793 = SURFACE_STYLE_TRANSPARENT(1.);
#10794 = OVER_RIDING_STYLED_ITEM('overriding color',(#10795),#4174,#9784
  );
#10795 = PRESENTATION_STYLE_ASSIGNMENT((#10796));
#10796 = SURFACE_STYLE_USAGE(.BOTH.,#10797);
#10797 = SURFACE_SIDE_STYLE('',(#10798,#10801));
#10798 = SURFACE_STYLE_FILL_AREA(#10799);
#10799 = FILL_AREA_STYLE('',(#10800));
#10800 = FILL_AREA_STYLE_COLOUR('',#9791);
#10801 = SURFACE_STYLE_RENDERING_WITH_PROPERTIES(.NORMAL_SHADING.,#9791,
  (#10802));
#10802 = SURFACE_STYLE_TRANSPARENT(1.);
#10803 = OVER_RIDING_STYLED_ITEM('overriding color',(#10804),#4191,#9784
  );
#10804 = PRESENTATION_STYLE_ASSIGNMENT((#10805));
#10805 = SURFACE_STYLE_USAGE(.BOTH.,#10806);
#10806 = SURFACE_SIDE_STYLE('',(#10807,#10810));
#10807 = SURFACE_STYLE_FILL_AREA(#10808);
#10808 = FILL_AREA_STYLE('',(#10809));
#10809 = FILL_AREA_STYLE_COLOUR('',#9791);
#10810 = SURFACE_STYLE_RENDERING_WITH_PROPERTIES(.NORMAL_SHADING.,#9791,
  (#10811));
#10811 = SURFACE_STYLE_TRANSPARENT(1.);
#10812 = OVER_RIDING_STYLED_ITEM('overriding color',(#10813),#4213,#9784
  );
#10813 = PRESENTATION_STYLE_ASSIGNMENT((#10814));
#10814 = SURFACE_STYLE_USAGE(.BOTH.,#10815);
#10815 = SURFACE_SIDE_STYLE('',(#10816,#10819));
#10816 = SURFACE_STYLE_FILL_AREA(#10817);
#10817 = FILL_AREA_STYLE('',(#10818));
#10818 = FILL_AREA_STYLE_COLOUR('',#9791);
#10819 = SURFACE_STYLE_RENDERING_WITH_PROPERTIES(.NORMAL_SHADING.,#9791,
  (#10820));
#10820 = SURFACE_STYLE_TRANSPARENT(1.);
#10821 = OVER_RIDING_STYLED_ITEM('overriding color',(#10822),#4230,#9784
  );
#10822 = PRESENTATION_STYLE_ASSIGNMENT((#10823));
#10823 = SURFACE_STYLE_USAGE(.BOTH.,#10824);
#10824 = SURFACE_SIDE_STYLE('',(#10825,#10828));
#10825 = SURFACE_STYLE_FILL_AREA(#10826);
#10826 = FILL_AREA_STYLE('',(#10827));
#10827 = FILL_AREA_STYLE_COLOUR('',#9791);
#10828 = SURFACE_STYLE_RENDERING_WITH_PROPERTIES(.NORMAL_SHADING.,#9791,
  (#10829));
#10829 = SURFACE_STYLE_TRANSPARENT(1.);
#10830 = OVER_RIDING_STYLED_ITEM('overriding color',(#10831),#4247,#9784
  );
#10831 = PRESENTATION_STYLE_ASSIGNMENT((#10832));
#10832 = SURFACE_STYLE_USAGE(.BOTH.,#10833);
#10833 = SURFACE_SIDE_STYLE('',(#10834,#10837));
#10834 = SURFACE_STYLE_FILL_AREA(#10835);
#10835 = FILL_AREA_STYLE('',(#10836));
#10836 = FILL_AREA_STYLE_COLOUR('',#9791);
#10837 = SURFACE_STYLE_RENDERING_WITH_PROPERTIES(.NORMAL_SHADING.,#9791,
  (#10838));
#10838 = SURFACE_STYLE_TRANSPARENT(1.);
#10839 = OVER_RIDING_STYLED_ITEM('overriding color',(#10840),#4259,#9784
  );
#10840 = PRESENTATION_STYLE_ASSIGNMENT((#10841));
#10841 = SURFACE_STYLE_USAGE(.BOTH.,#10842);
#10842 = SURFACE_SIDE_STYLE('',(#10843,#10846));
#10843 = SURFACE_STYLE_FILL_AREA(#10844);
#10844 = FILL_AREA_STYLE('',(#10845));
#10845 = FILL_AREA_STYLE_COLOUR('',#9791);
#10846 = SURFACE_STYLE_RENDERING_WITH_PROPERTIES(.NORMAL_SHADING.,#9791,
  (#10847));
#10847 = SURFACE_STYLE_TRANSPARENT(1.);
#10848 = OVER_RIDING_STYLED_ITEM('overriding color',(#10849),#4291,#9784
  );
#10849 = PRESENTATION_STYLE_ASSIGNMENT((#10850));
#10850 = SURFACE_STYLE_USAGE(.BOTH.,#10851);
#10851 = SURFACE_SIDE_STYLE('',(#10852,#10855));
#10852 = SURFACE_STYLE_FILL_AREA(#10853);
#10853 = FILL_AREA_STYLE('',(#10854));
#10854 = FILL_AREA_STYLE_COLOUR('',#9791);
#10855 = SURFACE_STYLE_RENDERING_WITH_PROPERTIES(.NORMAL_SHADING.,#9791,
  (#10856));
#10856 = SURFACE_STYLE_TRANSPARENT(1.);
#10857 = OVER_RIDING_STYLED_ITEM('overriding color',(#10858),#4315,#9784
  );
#10858 = PRESENTATION_STYLE_ASSIGNMENT((#10859));
#10859 = SURFACE_STYLE_USAGE(.BOTH.,#10860);
#10860 = SURFACE_SIDE_STYLE('',(#10861,#10864));
#10861 = SURFACE_STYLE_FILL_AREA(#10862);
#10862 = FILL_AREA_STYLE('',(#10863));
#10863 = FILL_AREA_STYLE_COLOUR('',#9791);
#10864 = SURFACE_STYLE_RENDERING_WITH_PROPERTIES(.NORMAL_SHADING.,#9791,
  (#10865));
#10865 = SURFACE_STYLE_TRANSPARENT(1.);
#10866 = OVER_RIDING_STYLED_ITEM('overriding color',(#10867),#4332,#9784
  );
#10867 = PRESENTATION_STYLE_ASSIGNMENT((#10868));
#10868 = SURFACE_STYLE_USAGE(.BOTH.,#10869);
#10869 = SURFACE_SIDE_STYLE('',(#10870,#10873));
#10870 = SURFACE_STYLE_FILL_AREA(#10871);
#10871 = FILL_AREA_STYLE('',(#10872));
#10872 = FILL_AREA_STYLE_COLOUR('',#9791);
#10873 = SURFACE_STYLE_RENDERING_WITH_PROPERTIES(.NORMAL_SHADING.,#9791,
  (#10874));
#10874 = SURFACE_STYLE_TRANSPARENT(1.);
#10875 = OVER_RIDING_STYLED_ITEM('overriding color',(#10876),#4357,#9784
  );
#10876 = PRESENTATION_STYLE_ASSIGNMENT((#10877));
#10877 = SURFACE_STYLE_USAGE(.BOTH.,#10878);
#10878 = SURFACE_SIDE_STYLE('',(#10879,#10882));
#10879 = SURFACE_STYLE_FILL_AREA(#10880);
#10880 = FILL_AREA_STYLE('',(#10881));
#10881 = FILL_AREA_STYLE_COLOUR('',#9791);
#10882 = SURFACE_STYLE_RENDERING_WITH_PROPERTIES(.NORMAL_SHADING.,#9791,
  (#10883));
#10883 = SURFACE_STYLE_TRANSPARENT(1.);
#10884 = OVER_RIDING_STYLED_ITEM('overriding color',(#10885),#4382,#9784
  );
#10885 = PRESENTATION_STYLE_ASSIGNMENT((#10886));
#10886 = SURFACE_STYLE_USAGE(.BOTH.,#10887);
#10887 = SURFACE_SIDE_STYLE('',(#10888,#10891));
#10888 = SURFACE_STYLE_FILL_AREA(#10889);
#10889 = FILL_AREA_STYLE('',(#10890));
#10890 = FILL_AREA_STYLE_COLOUR('',#9791);
#10891 = SURFACE_STYLE_RENDERING_WITH_PROPERTIES(.NORMAL_SHADING.,#9791,
  (#10892));
#10892 = SURFACE_STYLE_TRANSPARENT(1.);
#10893 = OVER_RIDING_STYLED_ITEM('overriding color',(#10894),#4470,#9784
  );
#10894 = PRESENTATION_STYLE_ASSIGNMENT((#10895));
#10895 = SURFACE_STYLE_USAGE(.BOTH.,#10896);
#10896 = SURFACE_SIDE_STYLE('',(#10897,#10900));
#10897 = SURFACE_STYLE_FILL_AREA(#10898);
#10898 = FILL_AREA_STYLE('',(#10899));
#10899 = FILL_AREA_STYLE_COLOUR('',#9791);
#10900 = SURFACE_STYLE_RENDERING_WITH_PROPERTIES(.NORMAL_SHADING.,#9791,
  (#10901));
#10901 = SURFACE_STYLE_TRANSPARENT(1.);
#10902 = OVER_RIDING_STYLED_ITEM('overriding color',(#10903),#4481,#9784
  );
#10903 = PRESENTATION_STYLE_ASSIGNMENT((#10904));
#10904 = SURFACE_STYLE_USAGE(.BOTH.,#10905);
#10905 = SURFACE_SIDE_STYLE('',(#10906,#10909));
#10906 = SURFACE_STYLE_FILL_AREA(#10907);
#10907 = FILL_AREA_STYLE('',(#10908));
#10908 = FILL_AREA_STYLE_COLOUR('',#9791);
#10909 = SURFACE_STYLE_RENDERING_WITH_PROPERTIES(.NORMAL_SHADING.,#9791,
  (#10910));
#10910 = SURFACE_STYLE_TRANSPARENT(1.);
#10911 = OVER_RIDING_STYLED_ITEM('overriding color',(#10912),#4492,#9784
  );
#10912 = PRESENTATION_STYLE_ASSIGNMENT((#10913));
#10913 = SURFACE_STYLE_USAGE(.BOTH.,#10914);
#10914 = SURFACE_SIDE_STYLE('',(#10915,#10918));
#10915 = SURFACE_STYLE_FILL_AREA(#10916);
#10916 = FILL_AREA_STYLE('',(#10917));
#10917 = FILL_AREA_STYLE_COLOUR('',#9791);
#10918 = SURFACE_STYLE_RENDERING_WITH_PROPERTIES(.NORMAL_SHADING.,#9791,
  (#10919));
#10919 = SURFACE_STYLE_TRANSPARENT(1.);
#10920 = OVER_RIDING_STYLED_ITEM('overriding color',(#10921),#4587,#9784
  );
#10921 = PRESENTATION_STYLE_ASSIGNMENT((#10922));
#10922 = SURFACE_STYLE_USAGE(.BOTH.,#10923);
#10923 = SURFACE_SIDE_STYLE('',(#10924,#10927));
#10924 = SURFACE_STYLE_FILL_AREA(#10925);
#10925 = FILL_AREA_STYLE('',(#10926));
#10926 = FILL_AREA_STYLE_COLOUR('',#9791);
#10927 = SURFACE_STYLE_RENDERING_WITH_PROPERTIES(.NORMAL_SHADING.,#9791,
  (#10928));
#10928 = SURFACE_STYLE_TRANSPARENT(1.);
#10929 = OVER_RIDING_STYLED_ITEM('overriding color',(#10930),#4619,#9784
  );
#10930 = PRESENTATION_STYLE_ASSIGNMENT((#10931));
#10931 = SURFACE_STYLE_USAGE(.BOTH.,#10932);
#10932 = SURFACE_SIDE_STYLE('',(#10933,#10936));
#10933 = SURFACE_STYLE_FILL_AREA(#10934);
#10934 = FILL_AREA_STYLE('',(#10935));
#10935 = FILL_AREA_STYLE_COLOUR('',#9791);
#10936 = SURFACE_STYLE_RENDERING_WITH_PROPERTIES(.NORMAL_SHADING.,#9791,
  (#10937));
#10937 = SURFACE_STYLE_TRANSPARENT(1.);
#10938 = OVER_RIDING_STYLED_ITEM('overriding color',(#10939),#4643,#9784
  );
#10939 = PRESENTATION_STYLE_ASSIGNMENT((#10940));
#10940 = SURFACE_STYLE_USAGE(.BOTH.,#10941);
#10941 = SURFACE_SIDE_STYLE('',(#10942,#10945));
#10942 = SURFACE_STYLE_FILL_AREA(#10943);
#10943 = FILL_AREA_STYLE('',(#10944));
#10944 = FILL_AREA_STYLE_COLOUR('',#9791);
#10945 = SURFACE_STYLE_RENDERING_WITH_PROPERTIES(.NORMAL_SHADING.,#9791,
  (#10946));
#10946 = SURFACE_STYLE_TRANSPARENT(1.);
#10947 = OVER_RIDING_STYLED_ITEM('overriding color',(#10948),#4660,#9784
  );
#10948 = PRESENTATION_STYLE_ASSIGNMENT((#10949));
#10949 = SURFACE_STYLE_USAGE(.BOTH.,#10950);
#10950 = SURFACE_SIDE_STYLE('',(#10951,#10954));
#10951 = SURFACE_STYLE_FILL_AREA(#10952);
#10952 = FILL_AREA_STYLE('',(#10953));
#10953 = FILL_AREA_STYLE_COLOUR('',#9791);
#10954 = SURFACE_STYLE_RENDERING_WITH_PROPERTIES(.NORMAL_SHADING.,#9791,
  (#10955));
#10955 = SURFACE_STYLE_TRANSPARENT(1.);
#10956 = OVER_RIDING_STYLED_ITEM('overriding color',(#10957),#4692,#9784
  );
#10957 = PRESENTATION_STYLE_ASSIGNMENT((#10958));
#10958 = SURFACE_STYLE_USAGE(.BOTH.,#10959);
#10959 = SURFACE_SIDE_STYLE('',(#10960,#10963));
#10960 = SURFACE_STYLE_FILL_AREA(#10961);
#10961 = FILL_AREA_STYLE('',(#10962));
#10962 = FILL_AREA_STYLE_COLOUR('',#9791);
#10963 = SURFACE_STYLE_RENDERING_WITH_PROPERTIES(.NORMAL_SHADING.,#9791,
  (#10964));
#10964 = SURFACE_STYLE_TRANSPARENT(1.);
#10965 = OVER_RIDING_STYLED_ITEM('overriding color',(#10966),#4716,#9784
  );
#10966 = PRESENTATION_STYLE_ASSIGNMENT((#10967));
#10967 = SURFACE_STYLE_USAGE(.BOTH.,#10968);
#10968 = SURFACE_SIDE_STYLE('',(#10969,#10972));
#10969 = SURFACE_STYLE_FILL_AREA(#10970);
#10970 = FILL_AREA_STYLE('',(#10971));
#10971 = FILL_AREA_STYLE_COLOUR('',#9791);
#10972 = SURFACE_STYLE_RENDERING_WITH_PROPERTIES(.NORMAL_SHADING.,#9791,
  (#10973));
#10973 = SURFACE_STYLE_TRANSPARENT(1.);
#10974 = OVER_RIDING_STYLED_ITEM('overriding color',(#10975),#4733,#9784
  );
#10975 = PRESENTATION_STYLE_ASSIGNMENT((#10976));
#10976 = SURFACE_STYLE_USAGE(.BOTH.,#10977);
#10977 = SURFACE_SIDE_STYLE('',(#10978,#10981));
#10978 = SURFACE_STYLE_FILL_AREA(#10979);
#10979 = FILL_AREA_STYLE('',(#10980));
#10980 = FILL_AREA_STYLE_COLOUR('',#9791);
#10981 = SURFACE_STYLE_RENDERING_WITH_PROPERTIES(.NORMAL_SHADING.,#9791,
  (#10982));
#10982 = SURFACE_STYLE_TRANSPARENT(1.);
#10983 = OVER_RIDING_STYLED_ITEM('overriding color',(#10984),#4765,#9784
  );
#10984 = PRESENTATION_STYLE_ASSIGNMENT((#10985));
#10985 = SURFACE_STYLE_USAGE(.BOTH.,#10986);
#10986 = SURFACE_SIDE_STYLE('',(#10987,#10990));
#10987 = SURFACE_STYLE_FILL_AREA(#10988);
#10988 = FILL_AREA_STYLE('',(#10989));
#10989 = FILL_AREA_STYLE_COLOUR('',#9791);
#10990 = SURFACE_STYLE_RENDERING_WITH_PROPERTIES(.NORMAL_SHADING.,#9791,
  (#10991));
#10991 = SURFACE_STYLE_TRANSPARENT(1.);
#10992 = OVER_RIDING_STYLED_ITEM('overriding color',(#10993),#4782,#9784
  );
#10993 = PRESENTATION_STYLE_ASSIGNMENT((#10994));
#10994 = SURFACE_STYLE_USAGE(.BOTH.,#10995);
#10995 = SURFACE_SIDE_STYLE('',(#10996,#10999));
#10996 = SURFACE_STYLE_FILL_AREA(#10997);
#10997 = FILL_AREA_STYLE('',(#10998));
#10998 = FILL_AREA_STYLE_COLOUR('',#9791);
#10999 = SURFACE_STYLE_RENDERING_WITH_PROPERTIES(.NORMAL_SHADING.,#9791,
  (#11000));
#11000 = SURFACE_STYLE_TRANSPARENT(1.);
#11001 = OVER_RIDING_STYLED_ITEM('overriding color',(#11002),#4807,#9784
  );
#11002 = PRESENTATION_STYLE_ASSIGNMENT((#11003));
#11003 = SURFACE_STYLE_USAGE(.BOTH.,#11004);
#11004 = SURFACE_SIDE_STYLE('',(#11005,#11008));
#11005 = SURFACE_STYLE_FILL_AREA(#11006);
#11006 = FILL_AREA_STYLE('',(#11007));
#11007 = FILL_AREA_STYLE_COLOUR('',#9791);
#11008 = SURFACE_STYLE_RENDERING_WITH_PROPERTIES(.NORMAL_SHADING.,#9791,
  (#11009));
#11009 = SURFACE_STYLE_TRANSPARENT(1.);
#11010 = OVER_RIDING_STYLED_ITEM('overriding color',(#11011),#4839,#9784
  );
#11011 = PRESENTATION_STYLE_ASSIGNMENT((#11012));
#11012 = SURFACE_STYLE_USAGE(.BOTH.,#11013);
#11013 = SURFACE_SIDE_STYLE('',(#11014,#11017));
#11014 = SURFACE_STYLE_FILL_AREA(#11015);
#11015 = FILL_AREA_STYLE('',(#11016));
#11016 = FILL_AREA_STYLE_COLOUR('',#9791);
#11017 = SURFACE_STYLE_RENDERING_WITH_PROPERTIES(.NORMAL_SHADING.,#9791,
  (#11018));
#11018 = SURFACE_STYLE_TRANSPARENT(1.);
#11019 = OVER_RIDING_STYLED_ITEM('overriding color',(#11020),#4856,#9784
  );
#11020 = PRESENTATION_STYLE_ASSIGNMENT((#11021));
#11021 = SURFACE_STYLE_USAGE(.BOTH.,#11022);
#11022 = SURFACE_SIDE_STYLE('',(#11023,#11026));
#11023 = SURFACE_STYLE_FILL_AREA(#11024);
#11024 = FILL_AREA_STYLE('',(#11025));
#11025 = FILL_AREA_STYLE_COLOUR('',#9791);
#11026 = SURFACE_STYLE_RENDERING_WITH_PROPERTIES(.NORMAL_SHADING.,#9791,
  (#11027));
#11027 = SURFACE_STYLE_TRANSPARENT(1.);
#11028 = OVER_RIDING_STYLED_ITEM('overriding color',(#11029),#4887,#9784
  );
#11029 = PRESENTATION_STYLE_ASSIGNMENT((#11030));
#11030 = SURFACE_STYLE_USAGE(.BOTH.,#11031);
#11031 = SURFACE_SIDE_STYLE('',(#11032,#11035));
#11032 = SURFACE_STYLE_FILL_AREA(#11033);
#11033 = FILL_AREA_STYLE('',(#11034));
#11034 = FILL_AREA_STYLE_COLOUR('',#9791);
#11035 = SURFACE_STYLE_RENDERING_WITH_PROPERTIES(.NORMAL_SHADING.,#9791,
  (#11036));
#11036 = SURFACE_STYLE_TRANSPARENT(1.);
#11037 = OVER_RIDING_STYLED_ITEM('overriding color',(#11038),#4911,#9784
  );
#11038 = PRESENTATION_STYLE_ASSIGNMENT((#11039));
#11039 = SURFACE_STYLE_USAGE(.BOTH.,#11040);
#11040 = SURFACE_SIDE_STYLE('',(#11041,#11044));
#11041 = SURFACE_STYLE_FILL_AREA(#11042);
#11042 = FILL_AREA_STYLE('',(#11043));
#11043 = FILL_AREA_STYLE_COLOUR('',#9791);
#11044 = SURFACE_STYLE_RENDERING_WITH_PROPERTIES(.NORMAL_SHADING.,#9791,
  (#11045));
#11045 = SURFACE_STYLE_TRANSPARENT(1.);
#11046 = OVER_RIDING_STYLED_ITEM('overriding color',(#11047),#4929,#9784
  );
#11047 = PRESENTATION_STYLE_ASSIGNMENT((#11048));
#11048 = SURFACE_STYLE_USAGE(.BOTH.,#11049);
#11049 = SURFACE_SIDE_STYLE('',(#11050,#11053));
#11050 = SURFACE_STYLE_FILL_AREA(#11051);
#11051 = FILL_AREA_STYLE('',(#11052));
#11052 = FILL_AREA_STYLE_COLOUR('',#9791);
#11053 = SURFACE_STYLE_RENDERING_WITH_PROPERTIES(.NORMAL_SHADING.,#9791,
  (#11054));
#11054 = SURFACE_STYLE_TRANSPARENT(1.);
#11055 = OVER_RIDING_STYLED_ITEM('overriding color',(#11056),#4960,#9784
  );
#11056 = PRESENTATION_STYLE_ASSIGNMENT((#11057));
#11057 = SURFACE_STYLE_USAGE(.BOTH.,#11058);
#11058 = SURFACE_SIDE_STYLE('',(#11059,#11062));
#11059 = SURFACE_STYLE_FILL_AREA(#11060);
#11060 = FILL_AREA_STYLE('',(#11061));
#11061 = FILL_AREA_STYLE_COLOUR('',#9791);
#11062 = SURFACE_STYLE_RENDERING_WITH_PROPERTIES(.NORMAL_SHADING.,#9791,
  (#11063));
#11063 = SURFACE_STYLE_TRANSPARENT(1.);
#11064 = OVER_RIDING_STYLED_ITEM('overriding color',(#11065),#4984,#9784
  );
#11065 = PRESENTATION_STYLE_ASSIGNMENT((#11066));
#11066 = SURFACE_STYLE_USAGE(.BOTH.,#11067);
#11067 = SURFACE_SIDE_STYLE('',(#11068,#11071));
#11068 = SURFACE_STYLE_FILL_AREA(#11069);
#11069 = FILL_AREA_STYLE('',(#11070));
#11070 = FILL_AREA_STYLE_COLOUR('',#9791);
#11071 = SURFACE_STYLE_RENDERING_WITH_PROPERTIES(.NORMAL_SHADING.,#9791,
  (#11072));
#11072 = SURFACE_STYLE_TRANSPARENT(1.);
#11073 = OVER_RIDING_STYLED_ITEM('overriding color',(#11074),#5002,#9784
  );
#11074 = PRESENTATION_STYLE_ASSIGNMENT((#11075));
#11075 = SURFACE_STYLE_USAGE(.BOTH.,#11076);
#11076 = SURFACE_SIDE_STYLE('',(#11077,#11080));
#11077 = SURFACE_STYLE_FILL_AREA(#11078);
#11078 = FILL_AREA_STYLE('',(#11079));
#11079 = FILL_AREA_STYLE_COLOUR('',#9791);
#11080 = SURFACE_STYLE_RENDERING_WITH_PROPERTIES(.NORMAL_SHADING.,#9791,
  (#11081));
#11081 = SURFACE_STYLE_TRANSPARENT(1.);
#11082 = OVER_RIDING_STYLED_ITEM('overriding color',(#11083),#5024,#9784
  );
#11083 = PRESENTATION_STYLE_ASSIGNMENT((#11084));
#11084 = SURFACE_STYLE_USAGE(.BOTH.,#11085);
#11085 = SURFACE_SIDE_STYLE('',(#11086,#11089));
#11086 = SURFACE_STYLE_FILL_AREA(#11087);
#11087 = FILL_AREA_STYLE('',(#11088));
#11088 = FILL_AREA_STYLE_COLOUR('',#9791);
#11089 = SURFACE_STYLE_RENDERING_WITH_PROPERTIES(.NORMAL_SHADING.,#9791,
  (#11090));
#11090 = SURFACE_STYLE_TRANSPARENT(1.);
#11091 = OVER_RIDING_STYLED_ITEM('overriding color',(#11092),#5053,#9784
  );
#11092 = PRESENTATION_STYLE_ASSIGNMENT((#11093));
#11093 = SURFACE_STYLE_USAGE(.BOTH.,#11094);
#11094 = SURFACE_SIDE_STYLE('',(#11095,#11098));
#11095 = SURFACE_STYLE_FILL_AREA(#11096);
#11096 = FILL_AREA_STYLE('',(#11097));
#11097 = FILL_AREA_STYLE_COLOUR('',#9791);
#11098 = SURFACE_STYLE_RENDERING_WITH_PROPERTIES(.NORMAL_SHADING.,#9791,
  (#11099));
#11099 = SURFACE_STYLE_TRANSPARENT(1.);
#11100 = OVER_RIDING_STYLED_ITEM('overriding color',(#11101),#5082,#9784
  );
#11101 = PRESENTATION_STYLE_ASSIGNMENT((#11102));
#11102 = SURFACE_STYLE_USAGE(.BOTH.,#11103);
#11103 = SURFACE_SIDE_STYLE('',(#11104,#11107));
#11104 = SURFACE_STYLE_FILL_AREA(#11105);
#11105 = FILL_AREA_STYLE('',(#11106));
#11106 = FILL_AREA_STYLE_COLOUR('',#9791);
#11107 = SURFACE_STYLE_RENDERING_WITH_PROPERTIES(.NORMAL_SHADING.,#9791,
  (#11108));
#11108 = SURFACE_STYLE_TRANSPARENT(1.);
#11109 = OVER_RIDING_STYLED_ITEM('overriding color',(#11110),#5106,#9784
  );
#11110 = PRESENTATION_STYLE_ASSIGNMENT((#11111));
#11111 = SURFACE_STYLE_USAGE(.BOTH.,#11112);
#11112 = SURFACE_SIDE_STYLE('',(#11113,#11116));
#11113 = SURFACE_STYLE_FILL_AREA(#11114);
#11114 = FILL_AREA_STYLE('',(#11115));
#11115 = FILL_AREA_STYLE_COLOUR('',#9791);
#11116 = SURFACE_STYLE_RENDERING_WITH_PROPERTIES(.NORMAL_SHADING.,#9791,
  (#11117));
#11117 = SURFACE_STYLE_TRANSPARENT(1.);
#11118 = OVER_RIDING_STYLED_ITEM('overriding color',(#11119),#5137,#9784
  );
#11119 = PRESENTATION_STYLE_ASSIGNMENT((#11120));
#11120 = SURFACE_STYLE_USAGE(.BOTH.,#11121);
#11121 = SURFACE_SIDE_STYLE('',(#11122,#11125));
#11122 = SURFACE_STYLE_FILL_AREA(#11123);
#11123 = FILL_AREA_STYLE('',(#11124));
#11124 = FILL_AREA_STYLE_COLOUR('',#9791);
#11125 = SURFACE_STYLE_RENDERING_WITH_PROPERTIES(.NORMAL_SHADING.,#9791,
  (#11126));
#11126 = SURFACE_STYLE_TRANSPARENT(1.);
#11127 = OVER_RIDING_STYLED_ITEM('overriding color',(#11128),#5159,#9784
  );
#11128 = PRESENTATION_STYLE_ASSIGNMENT((#11129));
#11129 = SURFACE_STYLE_USAGE(.BOTH.,#11130);
#11130 = SURFACE_SIDE_STYLE('',(#11131,#11134));
#11131 = SURFACE_STYLE_FILL_AREA(#11132);
#11132 = FILL_AREA_STYLE('',(#11133));
#11133 = FILL_AREA_STYLE_COLOUR('',#9791);
#11134 = SURFACE_STYLE_RENDERING_WITH_PROPERTIES(.NORMAL_SHADING.,#9791,
  (#11135));
#11135 = SURFACE_STYLE_TRANSPARENT(1.);
#11136 = OVER_RIDING_STYLED_ITEM('overriding color',(#11137),#5183,#9784
  );
#11137 = PRESENTATION_STYLE_ASSIGNMENT((#11138));
#11138 = SURFACE_STYLE_USAGE(.BOTH.,#11139);
#11139 = SURFACE_SIDE_STYLE('',(#11140,#11143));
#11140 = SURFACE_STYLE_FILL_AREA(#11141);
#11141 = FILL_AREA_STYLE('',(#11142));
#11142 = FILL_AREA_STYLE_COLOUR('',#9791);
#11143 = SURFACE_STYLE_RENDERING_WITH_PROPERTIES(.NORMAL_SHADING.,#9791,
  (#11144));
#11144 = SURFACE_STYLE_TRANSPARENT(1.);
#11145 = OVER_RIDING_STYLED_ITEM('overriding color',(#11146),#5207,#9784
  );
#11146 = PRESENTATION_STYLE_ASSIGNMENT((#11147));
#11147 = SURFACE_STYLE_USAGE(.BOTH.,#11148);
#11148 = SURFACE_SIDE_STYLE('',(#11149,#11152));
#11149 = SURFACE_STYLE_FILL_AREA(#11150);
#11150 = FILL_AREA_STYLE('',(#11151));
#11151 = FILL_AREA_STYLE_COLOUR('',#9791);
#11152 = SURFACE_STYLE_RENDERING_WITH_PROPERTIES(.NORMAL_SHADING.,#9791,
  (#11153));
#11153 = SURFACE_STYLE_TRANSPARENT(1.);
#11154 = OVER_RIDING_STYLED_ITEM('overriding color',(#11155),#5224,#9784
  );
#11155 = PRESENTATION_STYLE_ASSIGNMENT((#11156));
#11156 = SURFACE_STYLE_USAGE(.BOTH.,#11157);
#11157 = SURFACE_SIDE_STYLE('',(#11158,#11161));
#11158 = SURFACE_STYLE_FILL_AREA(#11159);
#11159 = FILL_AREA_STYLE('',(#11160));
#11160 = FILL_AREA_STYLE_COLOUR('',#9791);
#11161 = SURFACE_STYLE_RENDERING_WITH_PROPERTIES(.NORMAL_SHADING.,#9791,
  (#11162));
#11162 = SURFACE_STYLE_TRANSPARENT(1.);
#11163 = OVER_RIDING_STYLED_ITEM('overriding color',(#11164),#5325,#9784
  );
#11164 = PRESENTATION_STYLE_ASSIGNMENT((#11165));
#11165 = SURFACE_STYLE_USAGE(.BOTH.,#11166);
#11166 = SURFACE_SIDE_STYLE('',(#11167,#11170));
#11167 = SURFACE_STYLE_FILL_AREA(#11168);
#11168 = FILL_AREA_STYLE('',(#11169));
#11169 = FILL_AREA_STYLE_COLOUR('',#9791);
#11170 = SURFACE_STYLE_RENDERING_WITH_PROPERTIES(.NORMAL_SHADING.,#9791,
  (#11171));
#11171 = SURFACE_STYLE_TRANSPARENT(1.);
#11172 = OVER_RIDING_STYLED_ITEM('overriding color',(#11173),#5349,#9784
  );
#11173 = PRESENTATION_STYLE_ASSIGNMENT((#11174));
#11174 = SURFACE_STYLE_USAGE(.BOTH.,#11175);
#11175 = SURFACE_SIDE_STYLE('',(#11176,#11179));
#11176 = SURFACE_STYLE_FILL_AREA(#11177);
#11177 = FILL_AREA_STYLE('',(#11178));
#11178 = FILL_AREA_STYLE_COLOUR('',#9791);
#11179 = SURFACE_STYLE_RENDERING_WITH_PROPERTIES(.NORMAL_SHADING.,#9791,
  (#11180));
#11180 = SURFACE_STYLE_TRANSPARENT(1.);
#11181 = OVER_RIDING_STYLED_ITEM('overriding color',(#11182),#5373,#9784
  );
#11182 = PRESENTATION_STYLE_ASSIGNMENT((#11183));
#11183 = SURFACE_STYLE_USAGE(.BOTH.,#11184);
#11184 = SURFACE_SIDE_STYLE('',(#11185,#11188));
#11185 = SURFACE_STYLE_FILL_AREA(#11186);
#11186 = FILL_AREA_STYLE('',(#11187));
#11187 = FILL_AREA_STYLE_COLOUR('',#9791);
#11188 = SURFACE_STYLE_RENDERING_WITH_PROPERTIES(.NORMAL_SHADING.,#9791,
  (#11189));
#11189 = SURFACE_STYLE_TRANSPARENT(1.);
#11190 = OVER_RIDING_STYLED_ITEM('overriding color',(#11191),#5390,#9784
  );
#11191 = PRESENTATION_STYLE_ASSIGNMENT((#11192));
#11192 = SURFACE_STYLE_USAGE(.BOTH.,#11193);
#11193 = SURFACE_SIDE_STYLE('',(#11194,#11197));
#11194 = SURFACE_STYLE_FILL_AREA(#11195);
#11195 = FILL_AREA_STYLE('',(#11196));
#11196 = FILL_AREA_STYLE_COLOUR('',#9791);
#11197 = SURFACE_STYLE_RENDERING_WITH_PROPERTIES(.NORMAL_SHADING.,#9791,
  (#11198));
#11198 = SURFACE_STYLE_TRANSPARENT(1.);
#11199 = OVER_RIDING_STYLED_ITEM('overriding color',(#11200),#5491,#9784
  );
#11200 = PRESENTATION_STYLE_ASSIGNMENT((#11201));
#11201 = SURFACE_STYLE_USAGE(.BOTH.,#11202);
#11202 = SURFACE_SIDE_STYLE('',(#11203,#11206));
#11203 = SURFACE_STYLE_FILL_AREA(#11204);
#11204 = FILL_AREA_STYLE('',(#11205));
#11205 = FILL_AREA_STYLE_COLOUR('',#9791);
#11206 = SURFACE_STYLE_RENDERING_WITH_PROPERTIES(.NORMAL_SHADING.,#9791,
  (#11207));
#11207 = SURFACE_STYLE_TRANSPARENT(1.);
#11208 = OVER_RIDING_STYLED_ITEM('overriding color',(#11209),#5515,#9784
  );
#11209 = PRESENTATION_STYLE_ASSIGNMENT((#11210));
#11210 = SURFACE_STYLE_USAGE(.BOTH.,#11211);
#11211 = SURFACE_SIDE_STYLE('',(#11212,#11215));
#11212 = SURFACE_STYLE_FILL_AREA(#11213);
#11213 = FILL_AREA_STYLE('',(#11214));
#11214 = FILL_AREA_STYLE_COLOUR('',#9791);
#11215 = SURFACE_STYLE_RENDERING_WITH_PROPERTIES(.NORMAL_SHADING.,#9791,
  (#11216));
#11216 = SURFACE_STYLE_TRANSPARENT(1.);
#11217 = OVER_RIDING_STYLED_ITEM('overriding color',(#11218),#5539,#9784
  );
#11218 = PRESENTATION_STYLE_ASSIGNMENT((#11219));
#11219 = SURFACE_STYLE_USAGE(.BOTH.,#11220);
#11220 = SURFACE_SIDE_STYLE('',(#11221,#11224));
#11221 = SURFACE_STYLE_FILL_AREA(#11222);
#11222 = FILL_AREA_STYLE('',(#11223));
#11223 = FILL_AREA_STYLE_COLOUR('',#9791);
#11224 = SURFACE_STYLE_RENDERING_WITH_PROPERTIES(.NORMAL_SHADING.,#9791,
  (#11225));
#11225 = SURFACE_STYLE_TRANSPARENT(1.);
#11226 = OVER_RIDING_STYLED_ITEM('overriding color',(#11227),#5556,#9784
  );
#11227 = PRESENTATION_STYLE_ASSIGNMENT((#11228));
#11228 = SURFACE_STYLE_USAGE(.BOTH.,#11229);
#11229 = SURFACE_SIDE_STYLE('',(#11230,#11233));
#11230 = SURFACE_STYLE_FILL_AREA(#11231);
#11231 = FILL_AREA_STYLE('',(#11232));
#11232 = FILL_AREA_STYLE_COLOUR('',#9791);
#11233 = SURFACE_STYLE_RENDERING_WITH_PROPERTIES(.NORMAL_SHADING.,#9791,
  (#11234));
#11234 = SURFACE_STYLE_TRANSPARENT(1.);
#11235 = OVER_RIDING_STYLED_ITEM('overriding color',(#11236),#5586,#9784
  );
#11236 = PRESENTATION_STYLE_ASSIGNMENT((#11237));
#11237 = SURFACE_STYLE_USAGE(.BOTH.,#11238);
#11238 = SURFACE_SIDE_STYLE('',(#11239,#11242));
#11239 = SURFACE_STYLE_FILL_AREA(#11240);
#11240 = FILL_AREA_STYLE('',(#11241));
#11241 = FILL_AREA_STYLE_COLOUR('',#9791);
#11242 = SURFACE_STYLE_RENDERING_WITH_PROPERTIES(.NORMAL_SHADING.,#9791,
  (#11243));
#11243 = SURFACE_STYLE_TRANSPARENT(1.);
#11244 = OVER_RIDING_STYLED_ITEM('overriding color',(#11245),#5604,#9784
  );
#11245 = PRESENTATION_STYLE_ASSIGNMENT((#11246));
#11246 = SURFACE_STYLE_USAGE(.BOTH.,#11247);
#11247 = SURFACE_SIDE_STYLE('',(#11248,#11251));
#11248 = SURFACE_STYLE_FILL_AREA(#11249);
#11249 = FILL_AREA_STYLE('',(#11250));
#11250 = FILL_AREA_STYLE_COLOUR('',#9791);
#11251 = SURFACE_STYLE_RENDERING_WITH_PROPERTIES(.NORMAL_SHADING.,#9791,
  (#11252));
#11252 = SURFACE_STYLE_TRANSPARENT(1.);
#11253 = OVER_RIDING_STYLED_ITEM('overriding color',(#11254),#5634,#9784
  );
#11254 = PRESENTATION_STYLE_ASSIGNMENT((#11255));
#11255 = SURFACE_STYLE_USAGE(.BOTH.,#11256);
#11256 = SURFACE_SIDE_STYLE('',(#11257,#11260));
#11257 = SURFACE_STYLE_FILL_AREA(#11258);
#11258 = FILL_AREA_STYLE('',(#11259));
#11259 = FILL_AREA_STYLE_COLOUR('',#9791);
#11260 = SURFACE_STYLE_RENDERING_WITH_PROPERTIES(.NORMAL_SHADING.,#9791,
  (#11261));
#11261 = SURFACE_STYLE_TRANSPARENT(1.);
#11262 = OVER_RIDING_STYLED_ITEM('overriding color',(#11263),#5651,#9784
  );
#11263 = PRESENTATION_STYLE_ASSIGNMENT((#11264));
#11264 = SURFACE_STYLE_USAGE(.BOTH.,#11265);
#11265 = SURFACE_SIDE_STYLE('',(#11266,#11269));
#11266 = SURFACE_STYLE_FILL_AREA(#11267);
#11267 = FILL_AREA_STYLE('',(#11268));
#11268 = FILL_AREA_STYLE_COLOUR('',#9791);
#11269 = SURFACE_STYLE_RENDERING_WITH_PROPERTIES(.NORMAL_SHADING.,#9791,
  (#11270));
#11270 = SURFACE_STYLE_TRANSPARENT(1.);
#11271 = OVER_RIDING_STYLED_ITEM('overriding color',(#11272),#5689,#9784
  );
#11272 = PRESENTATION_STYLE_ASSIGNMENT((#11273));
#11273 = SURFACE_STYLE_USAGE(.BOTH.,#11274);
#11274 = SURFACE_SIDE_STYLE('',(#11275,#11278));
#11275 = SURFACE_STYLE_FILL_AREA(#11276);
#11276 = FILL_AREA_STYLE('',(#11277));
#11277 = FILL_AREA_STYLE_COLOUR('',#9791);
#11278 = SURFACE_STYLE_RENDERING_WITH_PROPERTIES(.NORMAL_SHADING.,#9791,
  (#11279));
#11279 = SURFACE_STYLE_TRANSPARENT(1.);
#11280 = OVER_RIDING_STYLED_ITEM('overriding color',(#11281),#5717,#9784
  );
#11281 = PRESENTATION_STYLE_ASSIGNMENT((#11282));
#11282 = SURFACE_STYLE_USAGE(.BOTH.,#11283);
#11283 = SURFACE_SIDE_STYLE('',(#11284,#11287));
#11284 = SURFACE_STYLE_FILL_AREA(#11285);
#11285 = FILL_AREA_STYLE('',(#11286));
#11286 = FILL_AREA_STYLE_COLOUR('',#9791);
#11287 = SURFACE_STYLE_RENDERING_WITH_PROPERTIES(.NORMAL_SHADING.,#9791,
  (#11288));
#11288 = SURFACE_STYLE_TRANSPARENT(1.);
#11289 = OVER_RIDING_STYLED_ITEM('overriding color',(#11290),#5728,#9784
  );
#11290 = PRESENTATION_STYLE_ASSIGNMENT((#11291));
#11291 = SURFACE_STYLE_USAGE(.BOTH.,#11292);
#11292 = SURFACE_SIDE_STYLE('',(#11293,#11296));
#11293 = SURFACE_STYLE_FILL_AREA(#11294);
#11294 = FILL_AREA_STYLE('',(#11295));
#11295 = FILL_AREA_STYLE_COLOUR('',#9791);
#11296 = SURFACE_STYLE_RENDERING_WITH_PROPERTIES(.NORMAL_SHADING.,#9791,
  (#11297));
#11297 = SURFACE_STYLE_TRANSPARENT(1.);
#11298 = OVER_RIDING_STYLED_ITEM('overriding color',(#11299),#5836,#9784
  );
#11299 = PRESENTATION_STYLE_ASSIGNMENT((#11300));
#11300 = SURFACE_STYLE_USAGE(.BOTH.,#11301);
#11301 = SURFACE_SIDE_STYLE('',(#11302,#11305));
#11302 = SURFACE_STYLE_FILL_AREA(#11303);
#11303 = FILL_AREA_STYLE('',(#11304));
#11304 = FILL_AREA_STYLE_COLOUR('',#9791);
#11305 = SURFACE_STYLE_RENDERING_WITH_PROPERTIES(.NORMAL_SHADING.,#9791,
  (#11306));
#11306 = SURFACE_STYLE_TRANSPARENT(1.);
#11307 = OVER_RIDING_STYLED_ITEM('overriding color',(#11308),#5863,#9784
  );
#11308 = PRESENTATION_STYLE_ASSIGNMENT((#11309));
#11309 = SURFACE_STYLE_USAGE(.BOTH.,#11310);
#11310 = SURFACE_SIDE_STYLE('',(#11311,#11314));
#11311 = SURFACE_STYLE_FILL_AREA(#11312);
#11312 = FILL_AREA_STYLE('',(#11313));
#11313 = FILL_AREA_STYLE_COLOUR('',#9791);
#11314 = SURFACE_STYLE_RENDERING_WITH_PROPERTIES(.NORMAL_SHADING.,#9791,
  (#11315));
#11315 = SURFACE_STYLE_TRANSPARENT(1.);
#11316 = OVER_RIDING_STYLED_ITEM('overriding color',(#11317),#5887,#9784
  );
#11317 = PRESENTATION_STYLE_ASSIGNMENT((#11318));
#11318 = SURFACE_STYLE_USAGE(.BOTH.,#11319);
#11319 = SURFACE_SIDE_STYLE('',(#11320,#11323));
#11320 = SURFACE_STYLE_FILL_AREA(#11321);
#11321 = FILL_AREA_STYLE('',(#11322));
#11322 = FILL_AREA_STYLE_COLOUR('',#9791);
#11323 = SURFACE_STYLE_RENDERING_WITH_PROPERTIES(.NORMAL_SHADING.,#9791,
  (#11324));
#11324 = SURFACE_STYLE_TRANSPARENT(1.);
#11325 = OVER_RIDING_STYLED_ITEM('overriding color',(#11326),#5904,#9784
  );
#11326 = PRESENTATION_STYLE_ASSIGNMENT((#11327));
#11327 = SURFACE_STYLE_USAGE(.BOTH.,#11328);
#11328 = SURFACE_SIDE_STYLE('',(#11329,#11332));
#11329 = SURFACE_STYLE_FILL_AREA(#11330);
#11330 = FILL_AREA_STYLE('',(#11331));
#11331 = FILL_AREA_STYLE_COLOUR('',#9791);
#11332 = SURFACE_STYLE_RENDERING_WITH_PROPERTIES(.NORMAL_SHADING.,#9791,
  (#11333));
#11333 = SURFACE_STYLE_TRANSPARENT(1.);
#11334 = OVER_RIDING_STYLED_ITEM('overriding color',(#11335),#5927,#9784
  );
#11335 = PRESENTATION_STYLE_ASSIGNMENT((#11336));
#11336 = SURFACE_STYLE_USAGE(.BOTH.,#11337);
#11337 = SURFACE_SIDE_STYLE('',(#11338,#11341));
#11338 = SURFACE_STYLE_FILL_AREA(#11339);
#11339 = FILL_AREA_STYLE('',(#11340));
#11340 = FILL_AREA_STYLE_COLOUR('',#9791);
#11341 = SURFACE_STYLE_RENDERING_WITH_PROPERTIES(.NORMAL_SHADING.,#9791,
  (#11342));
#11342 = SURFACE_STYLE_TRANSPARENT(1.);
#11343 = OVER_RIDING_STYLED_ITEM('overriding color',(#11344),#5939,#9784
  );
#11344 = PRESENTATION_STYLE_ASSIGNMENT((#11345));
#11345 = SURFACE_STYLE_USAGE(.BOTH.,#11346);
#11346 = SURFACE_SIDE_STYLE('',(#11347,#11350));
#11347 = SURFACE_STYLE_FILL_AREA(#11348);
#11348 = FILL_AREA_STYLE('',(#11349));
#11349 = FILL_AREA_STYLE_COLOUR('',#9791);
#11350 = SURFACE_STYLE_RENDERING_WITH_PROPERTIES(.NORMAL_SHADING.,#9791,
  (#11351));
#11351 = SURFACE_STYLE_TRANSPARENT(1.);
#11352 = OVER_RIDING_STYLED_ITEM('overriding color',(#11353),#5963,#9784
  );
#11353 = PRESENTATION_STYLE_ASSIGNMENT((#11354));
#11354 = SURFACE_STYLE_USAGE(.BOTH.,#11355);
#11355 = SURFACE_SIDE_STYLE('',(#11356,#11359));
#11356 = SURFACE_STYLE_FILL_AREA(#11357);
#11357 = FILL_AREA_STYLE('',(#11358));
#11358 = FILL_AREA_STYLE_COLOUR('',#9791);
#11359 = SURFACE_STYLE_RENDERING_WITH_PROPERTIES(.NORMAL_SHADING.,#9791,
  (#11360));
#11360 = SURFACE_STYLE_TRANSPARENT(1.);
#11361 = OVER_RIDING_STYLED_ITEM('overriding color',(#11362),#5975,#9784
  );
#11362 = PRESENTATION_STYLE_ASSIGNMENT((#11363));
#11363 = SURFACE_STYLE_USAGE(.BOTH.,#11364);
#11364 = SURFACE_SIDE_STYLE('',(#11365,#11368));
#11365 = SURFACE_STYLE_FILL_AREA(#11366);
#11366 = FILL_AREA_STYLE('',(#11367));
#11367 = FILL_AREA_STYLE_COLOUR('',#9791);
#11368 = SURFACE_STYLE_RENDERING_WITH_PROPERTIES(.NORMAL_SHADING.,#9791,
  (#11369));
#11369 = SURFACE_STYLE_TRANSPARENT(1.);
#11370 = OVER_RIDING_STYLED_ITEM('overriding color',(#11371),#5987,#9784
  );
#11371 = PRESENTATION_STYLE_ASSIGNMENT((#11372));
#11372 = SURFACE_STYLE_USAGE(.BOTH.,#11373);
#11373 = SURFACE_SIDE_STYLE('',(#11374,#11377));
#11374 = SURFACE_STYLE_FILL_AREA(#11375);
#11375 = FILL_AREA_STYLE('',(#11376));
#11376 = FILL_AREA_STYLE_COLOUR('',#9791);
#11377 = SURFACE_STYLE_RENDERING_WITH_PROPERTIES(.NORMAL_SHADING.,#9791,
  (#11378));
#11378 = SURFACE_STYLE_TRANSPARENT(1.);
#11379 = OVER_RIDING_STYLED_ITEM('overriding color',(#11380),#5998,#9784
  );
#11380 = PRESENTATION_STYLE_ASSIGNMENT((#11381));
#11381 = SURFACE_STYLE_USAGE(.BOTH.,#11382);
#11382 = SURFACE_SIDE_STYLE('',(#11383,#11386));
#11383 = SURFACE_STYLE_FILL_AREA(#11384);
#11384 = FILL_AREA_STYLE('',(#11385));
#11385 = FILL_AREA_STYLE_COLOUR('',#9791);
#11386 = SURFACE_STYLE_RENDERING_WITH_PROPERTIES(.NORMAL_SHADING.,#9791,
  (#11387));
#11387 = SURFACE_STYLE_TRANSPARENT(1.);
#11388 = OVER_RIDING_STYLED_ITEM('overriding color',(#11389),#6009,#9784
  );
#11389 = PRESENTATION_STYLE_ASSIGNMENT((#11390));
#11390 = SURFACE_STYLE_USAGE(.BOTH.,#11391);
#11391 = SURFACE_SIDE_STYLE('',(#11392,#11395));
#11392 = SURFACE_STYLE_FILL_AREA(#11393);
#11393 = FILL_AREA_STYLE('',(#11394));
#11394 = FILL_AREA_STYLE_COLOUR('',#9791);
#11395 = SURFACE_STYLE_RENDERING_WITH_PROPERTIES(.NORMAL_SHADING.,#9791,
  (#11396));
#11396 = SURFACE_STYLE_TRANSPARENT(1.);
#11397 = OVER_RIDING_STYLED_ITEM('overriding color',(#11398),#6026,#9784
  );
#11398 = PRESENTATION_STYLE_ASSIGNMENT((#11399));
#11399 = SURFACE_STYLE_USAGE(.BOTH.,#11400);
#11400 = SURFACE_SIDE_STYLE('',(#11401,#11404));
#11401 = SURFACE_STYLE_FILL_AREA(#11402);
#11402 = FILL_AREA_STYLE('',(#11403));
#11403 = FILL_AREA_STYLE_COLOUR('',#9791);
#11404 = SURFACE_STYLE_RENDERING_WITH_PROPERTIES(.NORMAL_SHADING.,#9791,
  (#11405));
#11405 = SURFACE_STYLE_TRANSPARENT(1.);
#11406 = OVER_RIDING_STYLED_ITEM('overriding color',(#11407),#6038,#9784
  );
#11407 = PRESENTATION_STYLE_ASSIGNMENT((#11408));
#11408 = SURFACE_STYLE_USAGE(.BOTH.,#11409);
#11409 = SURFACE_SIDE_STYLE('',(#11410,#11413));
#11410 = SURFACE_STYLE_FILL_AREA(#11411);
#11411 = FILL_AREA_STYLE('',(#11412));
#11412 = FILL_AREA_STYLE_COLOUR('',#9791);
#11413 = SURFACE_STYLE_RENDERING_WITH_PROPERTIES(.NORMAL_SHADING.,#9791,
  (#11414));
#11414 = SURFACE_STYLE_TRANSPARENT(1.);
#11415 = OVER_RIDING_STYLED_ITEM('overriding color',(#11416),#6055,#9784
  );
#11416 = PRESENTATION_STYLE_ASSIGNMENT((#11417));
#11417 = SURFACE_STYLE_USAGE(.BOTH.,#11418);
#11418 = SURFACE_SIDE_STYLE('',(#11419,#11422));
#11419 = SURFACE_STYLE_FILL_AREA(#11420);
#11420 = FILL_AREA_STYLE('',(#11421));
#11421 = FILL_AREA_STYLE_COLOUR('',#9791);
#11422 = SURFACE_STYLE_RENDERING_WITH_PROPERTIES(.NORMAL_SHADING.,#9791,
  (#11423));
#11423 = SURFACE_STYLE_TRANSPARENT(1.);
#11424 = OVER_RIDING_STYLED_ITEM('overriding color',(#11425),#6067,#9784
  );
#11425 = PRESENTATION_STYLE_ASSIGNMENT((#11426));
#11426 = SURFACE_STYLE_USAGE(.BOTH.,#11427);
#11427 = SURFACE_SIDE_STYLE('',(#11428,#11431));
#11428 = SURFACE_STYLE_FILL_AREA(#11429);
#11429 = FILL_AREA_STYLE('',(#11430));
#11430 = FILL_AREA_STYLE_COLOUR('',#9791);
#11431 = SURFACE_STYLE_RENDERING_WITH_PROPERTIES(.NORMAL_SHADING.,#9791,
  (#11432));
#11432 = SURFACE_STYLE_TRANSPARENT(1.);
#11433 = OVER_RIDING_STYLED_ITEM('overriding color',(#11434),#6084,#9784
  );
#11434 = PRESENTATION_STYLE_ASSIGNMENT((#11435));
#11435 = SURFACE_STYLE_USAGE(.BOTH.,#11436);
#11436 = SURFACE_SIDE_STYLE('',(#11437,#11440));
#11437 = SURFACE_STYLE_FILL_AREA(#11438);
#11438 = FILL_AREA_STYLE('',(#11439));
#11439 = FILL_AREA_STYLE_COLOUR('',#9791);
#11440 = SURFACE_STYLE_RENDERING_WITH_PROPERTIES(.NORMAL_SHADING.,#9791,
  (#11441));
#11441 = SURFACE_STYLE_TRANSPARENT(1.);
#11442 = OVER_RIDING_STYLED_ITEM('overriding color',(#11443),#6096,#9784
  );
#11443 = PRESENTATION_STYLE_ASSIGNMENT((#11444));
#11444 = SURFACE_STYLE_USAGE(.BOTH.,#11445);
#11445 = SURFACE_SIDE_STYLE('',(#11446,#11449));
#11446 = SURFACE_STYLE_FILL_AREA(#11447);
#11447 = FILL_AREA_STYLE('',(#11448));
#11448 = FILL_AREA_STYLE_COLOUR('',#9791);
#11449 = SURFACE_STYLE_RENDERING_WITH_PROPERTIES(.NORMAL_SHADING.,#9791,
  (#11450));
#11450 = SURFACE_STYLE_TRANSPARENT(1.);
#11451 = OVER_RIDING_STYLED_ITEM('overriding color',(#11452),#6128,#9784
  );
#11452 = PRESENTATION_STYLE_ASSIGNMENT((#11453));
#11453 = SURFACE_STYLE_USAGE(.BOTH.,#11454);
#11454 = SURFACE_SIDE_STYLE('',(#11455,#11458));
#11455 = SURFACE_STYLE_FILL_AREA(#11456);
#11456 = FILL_AREA_STYLE('',(#11457));
#11457 = FILL_AREA_STYLE_COLOUR('',#9791);
#11458 = SURFACE_STYLE_RENDERING_WITH_PROPERTIES(.NORMAL_SHADING.,#9791,
  (#11459));
#11459 = SURFACE_STYLE_TRANSPARENT(1.);
#11460 = OVER_RIDING_STYLED_ITEM('overriding color',(#11461),#6152,#9784
  );
#11461 = PRESENTATION_STYLE_ASSIGNMENT((#11462));
#11462 = SURFACE_STYLE_USAGE(.BOTH.,#11463);
#11463 = SURFACE_SIDE_STYLE('',(#11464,#11467));
#11464 = SURFACE_STYLE_FILL_AREA(#11465);
#11465 = FILL_AREA_STYLE('',(#11466));
#11466 = FILL_AREA_STYLE_COLOUR('',#9791);
#11467 = SURFACE_STYLE_RENDERING_WITH_PROPERTIES(.NORMAL_SHADING.,#9791,
  (#11468));
#11468 = SURFACE_STYLE_TRANSPARENT(1.);
#11469 = OVER_RIDING_STYLED_ITEM('overriding color',(#11470),#6169,#9784
  );
#11470 = PRESENTATION_STYLE_ASSIGNMENT((#11471));
#11471 = SURFACE_STYLE_USAGE(.BOTH.,#11472);
#11472 = SURFACE_SIDE_STYLE('',(#11473,#11476));
#11473 = SURFACE_STYLE_FILL_AREA(#11474);
#11474 = FILL_AREA_STYLE('',(#11475));
#11475 = FILL_AREA_STYLE_COLOUR('',#9791);
#11476 = SURFACE_STYLE_RENDERING_WITH_PROPERTIES(.NORMAL_SHADING.,#9791,
  (#11477));
#11477 = SURFACE_STYLE_TRANSPARENT(1.);
#11478 = OVER_RIDING_STYLED_ITEM('overriding color',(#11479),#6181,#9784
  );
#11479 = PRESENTATION_STYLE_ASSIGNMENT((#11480));
#11480 = SURFACE_STYLE_USAGE(.BOTH.,#11481);
#11481 = SURFACE_SIDE_STYLE('',(#11482,#11485));
#11482 = SURFACE_STYLE_FILL_AREA(#11483);
#11483 = FILL_AREA_STYLE('',(#11484));
#11484 = FILL_AREA_STYLE_COLOUR('',#9791);
#11485 = SURFACE_STYLE_RENDERING_WITH_PROPERTIES(.NORMAL_SHADING.,#9791,
  (#11486));
#11486 = SURFACE_STYLE_TRANSPARENT(1.);
#11487 = OVER_RIDING_STYLED_ITEM('overriding color',(#11488),#6212,#9784
  );
#11488 = PRESENTATION_STYLE_ASSIGNMENT((#11489));
#11489 = SURFACE_STYLE_USAGE(.BOTH.,#11490);
#11490 = SURFACE_SIDE_STYLE('',(#11491,#11494));
#11491 = SURFACE_STYLE_FILL_AREA(#11492);
#11492 = FILL_AREA_STYLE('',(#11493));
#11493 = FILL_AREA_STYLE_COLOUR('',#9791);
#11494 = SURFACE_STYLE_RENDERING_WITH_PROPERTIES(.NORMAL_SHADING.,#9791,
  (#11495));
#11495 = SURFACE_STYLE_TRANSPARENT(1.);
#11496 = OVER_RIDING_STYLED_ITEM('overriding color',(#11497),#6236,#9784
  );
#11497 = PRESENTATION_STYLE_ASSIGNMENT((#11498));
#11498 = SURFACE_STYLE_USAGE(.BOTH.,#11499);
#11499 = SURFACE_SIDE_STYLE('',(#11500,#11503));
#11500 = SURFACE_STYLE_FILL_AREA(#11501);
#11501 = FILL_AREA_STYLE('',(#11502));
#11502 = FILL_AREA_STYLE_COLOUR('',#9791);
#11503 = SURFACE_STYLE_RENDERING_WITH_PROPERTIES(.NORMAL_SHADING.,#9791,
  (#11504));
#11504 = SURFACE_STYLE_TRANSPARENT(1.);
#11505 = OVER_RIDING_STYLED_ITEM('overriding color',(#11506),#6254,#9784
  );
#11506 = PRESENTATION_STYLE_ASSIGNMENT((#11507));
#11507 = SURFACE_STYLE_USAGE(.BOTH.,#11508);
#11508 = SURFACE_SIDE_STYLE('',(#11509,#11512));
#11509 = SURFACE_STYLE_FILL_AREA(#11510);
#11510 = FILL_AREA_STYLE('',(#11511));
#11511 = FILL_AREA_STYLE_COLOUR('',#9791);
#11512 = SURFACE_STYLE_RENDERING_WITH_PROPERTIES(.NORMAL_SHADING.,#9791,
  (#11513));
#11513 = SURFACE_STYLE_TRANSPARENT(1.);
#11514 = OVER_RIDING_STYLED_ITEM('overriding color',(#11515),#6276,#9784
  );
#11515 = PRESENTATION_STYLE_ASSIGNMENT((#11516));
#11516 = SURFACE_STYLE_USAGE(.BOTH.,#11517);
#11517 = SURFACE_SIDE_STYLE('',(#11518,#11521));
#11518 = SURFACE_STYLE_FILL_AREA(#11519);
#11519 = FILL_AREA_STYLE('',(#11520));
#11520 = FILL_AREA_STYLE_COLOUR('',#9791);
#11521 = SURFACE_STYLE_RENDERING_WITH_PROPERTIES(.NORMAL_SHADING.,#9791,
  (#11522));
#11522 = SURFACE_STYLE_TRANSPARENT(1.);
#11523 = OVER_RIDING_STYLED_ITEM('overriding color',(#11524),#6293,#9784
  );
#11524 = PRESENTATION_STYLE_ASSIGNMENT((#11525));
#11525 = SURFACE_STYLE_USAGE(.BOTH.,#11526);
#11526 = SURFACE_SIDE_STYLE('',(#11527,#11530));
#11527 = SURFACE_STYLE_FILL_AREA(#11528);
#11528 = FILL_AREA_STYLE('',(#11529));
#11529 = FILL_AREA_STYLE_COLOUR('',#9791);
#11530 = SURFACE_STYLE_RENDERING_WITH_PROPERTIES(.NORMAL_SHADING.,#9791,
  (#11531));
#11531 = SURFACE_STYLE_TRANSPARENT(1.);
#11532 = OVER_RIDING_STYLED_ITEM('overriding color',(#11533),#5689,#9784
  );
#11533 = PRESENTATION_STYLE_ASSIGNMENT((#11534));
#11534 = SURFACE_STYLE_USAGE(.BOTH.,#11535);
#11535 = SURFACE_SIDE_STYLE('',(#11536,#11539));
#11536 = SURFACE_STYLE_FILL_AREA(#11537);
#11537 = FILL_AREA_STYLE('',(#11538));
#11538 = FILL_AREA_STYLE_COLOUR('',#9791);
#11539 = SURFACE_STYLE_RENDERING_WITH_PROPERTIES(.NORMAL_SHADING.,#9791,
  (#11540));
#11540 = SURFACE_STYLE_TRANSPARENT(1.);
#11541 = OVER_RIDING_STYLED_ITEM('overriding color',(#11542),#5651,#9784
  );
#11542 = PRESENTATION_STYLE_ASSIGNMENT((#11543));
#11543 = SURFACE_STYLE_USAGE(.BOTH.,#11544);
#11544 = SURFACE_SIDE_STYLE('',(#11545,#11548));
#11545 = SURFACE_STYLE_FILL_AREA(#11546);
#11546 = FILL_AREA_STYLE('',(#11547));
#11547 = FILL_AREA_STYLE_COLOUR('',#9791);
#11548 = SURFACE_STYLE_RENDERING_WITH_PROPERTIES(.NORMAL_SHADING.,#9791,
  (#11549));
#11549 = SURFACE_STYLE_TRANSPARENT(1.);
#11550 = OVER_RIDING_STYLED_ITEM('overriding color',(#11551),#6337,#9784
  );
#11551 = PRESENTATION_STYLE_ASSIGNMENT((#11552));
#11552 = SURFACE_STYLE_USAGE(.BOTH.,#11553);
#11553 = SURFACE_SIDE_STYLE('',(#11554,#11557));
#11554 = SURFACE_STYLE_FILL_AREA(#11555);
#11555 = FILL_AREA_STYLE('',(#11556));
#11556 = FILL_AREA_STYLE_COLOUR('',#9791);
#11557 = SURFACE_STYLE_RENDERING_WITH_PROPERTIES(.NORMAL_SHADING.,#9791,
  (#11558));
#11558 = SURFACE_STYLE_TRANSPARENT(1.);
#11559 = OVER_RIDING_STYLED_ITEM('overriding color',(#11560),#6361,#9784
  );
#11560 = PRESENTATION_STYLE_ASSIGNMENT((#11561));
#11561 = SURFACE_STYLE_USAGE(.BOTH.,#11562);
#11562 = SURFACE_SIDE_STYLE('',(#11563,#11566));
#11563 = SURFACE_STYLE_FILL_AREA(#11564);
#11564 = FILL_AREA_STYLE('',(#11565));
#11565 = FILL_AREA_STYLE_COLOUR('',#9791);
#11566 = SURFACE_STYLE_RENDERING_WITH_PROPERTIES(.NORMAL_SHADING.,#9791,
  (#11567));
#11567 = SURFACE_STYLE_TRANSPARENT(1.);
#11568 = OVER_RIDING_STYLED_ITEM('overriding color',(#11569),#6372,#9784
  );
#11569 = PRESENTATION_STYLE_ASSIGNMENT((#11570));
#11570 = SURFACE_STYLE_USAGE(.BOTH.,#11571);
#11571 = SURFACE_SIDE_STYLE('',(#11572,#11575));
#11572 = SURFACE_STYLE_FILL_AREA(#11573);
#11573 = FILL_AREA_STYLE('',(#11574));
#11574 = FILL_AREA_STYLE_COLOUR('',#9791);
#11575 = SURFACE_STYLE_RENDERING_WITH_PROPERTIES(.NORMAL_SHADING.,#9791,
  (#11576));
#11576 = SURFACE_STYLE_TRANSPARENT(1.);
#11577 = OVER_RIDING_STYLED_ITEM('overriding color',(#11578),#6396,#9784
  );
#11578 = PRESENTATION_STYLE_ASSIGNMENT((#11579));
#11579 = SURFACE_STYLE_USAGE(.BOTH.,#11580);
#11580 = SURFACE_SIDE_STYLE('',(#11581,#11584));
#11581 = SURFACE_STYLE_FILL_AREA(#11582);
#11582 = FILL_AREA_STYLE('',(#11583));
#11583 = FILL_AREA_STYLE_COLOUR('',#9791);
#11584 = SURFACE_STYLE_RENDERING_WITH_PROPERTIES(.NORMAL_SHADING.,#9791,
  (#11585));
#11585 = SURFACE_STYLE_TRANSPARENT(1.);
#11586 = OVER_RIDING_STYLED_ITEM('overriding color',(#11587),#6407,#9784
  );
#11587 = PRESENTATION_STYLE_ASSIGNMENT((#11588));
#11588 = SURFACE_STYLE_USAGE(.BOTH.,#11589);
#11589 = SURFACE_SIDE_STYLE('',(#11590,#11593));
#11590 = SURFACE_STYLE_FILL_AREA(#11591);
#11591 = FILL_AREA_STYLE('',(#11592));
#11592 = FILL_AREA_STYLE_COLOUR('',#9791);
#11593 = SURFACE_STYLE_RENDERING_WITH_PROPERTIES(.NORMAL_SHADING.,#9791,
  (#11594));
#11594 = SURFACE_STYLE_TRANSPARENT(1.);
#11595 = OVER_RIDING_STYLED_ITEM('overriding color',(#11596),#112,#9784
  );
#11596 = PRESENTATION_STYLE_ASSIGNMENT((#11597));
#11597 = SURFACE_STYLE_USAGE(.BOTH.,#11598);
#11598 = SURFACE_SIDE_STYLE('',(#11599,#11602));
#11599 = SURFACE_STYLE_FILL_AREA(#11600);
#11600 = FILL_AREA_STYLE('',(#11601));
#11601 = FILL_AREA_STYLE_COLOUR('',#9791);
#11602 = SURFACE_STYLE_RENDERING_WITH_PROPERTIES(.NORMAL_SHADING.,#9791,
  (#11603));
#11603 = SURFACE_STYLE_TRANSPARENT(1.);
#11604 = OVER_RIDING_STYLED_ITEM('overriding color',(#11605),#112,#9784
  );
#11605 = PRESENTATION_STYLE_ASSIGNMENT((#11606));
#11606 = SURFACE_STYLE_USAGE(.BOTH.,#11607);
#11607 = SURFACE_SIDE_STYLE('',(#11608,#11611));
#11608 = SURFACE_STYLE_FILL_AREA(#11609);
#11609 = FILL_AREA_STYLE('',(#11610));
#11610 = FILL_AREA_STYLE_COLOUR('',#9791);
#11611 = SURFACE_STYLE_RENDERING_WITH_PROPERTIES(.NORMAL_SHADING.,#9791,
  (#11612));
#11612 = SURFACE_STYLE_TRANSPARENT(1.);
#11613 = OVER_RIDING_STYLED_ITEM('overriding color',(#11614),#6500,#9784
  );
#11614 = PRESENTATION_STYLE_ASSIGNMENT((#11615));
#11615 = SURFACE_STYLE_USAGE(.BOTH.,#11616);
#11616 = SURFACE_SIDE_STYLE('',(#11617,#11620));
#11617 = SURFACE_STYLE_FILL_AREA(#11618);
#11618 = FILL_AREA_STYLE('',(#11619));
#11619 = FILL_AREA_STYLE_COLOUR('',#9791);
#11620 = SURFACE_STYLE_RENDERING_WITH_PROPERTIES(.NORMAL_SHADING.,#9791,
  (#11621));
#11621 = SURFACE_STYLE_TRANSPARENT(1.);
#11622 = OVER_RIDING_STYLED_ITEM('overriding color',(#11623),#6511,#9784
  );
#11623 = PRESENTATION_STYLE_ASSIGNMENT((#11624));
#11624 = SURFACE_STYLE_USAGE(.BOTH.,#11625);
#11625 = SURFACE_SIDE_STYLE('',(#11626,#11629));
#11626 = SURFACE_STYLE_FILL_AREA(#11627);
#11627 = FILL_AREA_STYLE('',(#11628));
#11628 = FILL_AREA_STYLE_COLOUR('',#9791);
#11629 = SURFACE_STYLE_RENDERING_WITH_PROPERTIES(.NORMAL_SHADING.,#9791,
  (#11630));
#11630 = SURFACE_STYLE_TRANSPARENT(1.);
#11631 = OVER_RIDING_STYLED_ITEM('overriding color',(#11632),#6801,#9784
  );
#11632 = PRESENTATION_STYLE_ASSIGNMENT((#11633));
#11633 = SURFACE_STYLE_USAGE(.BOTH.,#11634);
#11634 = SURFACE_SIDE_STYLE('',(#11635,#11638));
#11635 = SURFACE_STYLE_FILL_AREA(#11636);
#11636 = FILL_AREA_STYLE('',(#11637));
#11637 = FILL_AREA_STYLE_COLOUR('',#9791);
#11638 = SURFACE_STYLE_RENDERING_WITH_PROPERTIES(.NORMAL_SHADING.,#9791,
  (#11639));
#11639 = SURFACE_STYLE_TRANSPARENT(1.);
#11640 = OVER_RIDING_STYLED_ITEM('overriding color',(#11641),#6825,#9784
  );
#11641 = PRESENTATION_STYLE_ASSIGNMENT((#11642));
#11642 = SURFACE_STYLE_USAGE(.BOTH.,#11643);
#11643 = SURFACE_SIDE_STYLE('',(#11644,#11647));
#11644 = SURFACE_STYLE_FILL_AREA(#11645);
#11645 = FILL_AREA_STYLE('',(#11646));
#11646 = FILL_AREA_STYLE_COLOUR('',#9791);
#11647 = SURFACE_STYLE_RENDERING_WITH_PROPERTIES(.NORMAL_SHADING.,#9791,
  (#11648));
#11648 = SURFACE_STYLE_TRANSPARENT(1.);
#11649 = OVER_RIDING_STYLED_ITEM('overriding color',(#11650),#7127,#9784
  );
#11650 = PRESENTATION_STYLE_ASSIGNMENT((#11651));
#11651 = SURFACE_STYLE_USAGE(.BOTH.,#11652);
#11652 = SURFACE_SIDE_STYLE('',(#11653,#11656));
#11653 = SURFACE_STYLE_FILL_AREA(#11654);
#11654 = FILL_AREA_STYLE('',(#11655));
#11655 = FILL_AREA_STYLE_COLOUR('',#9791);
#11656 = SURFACE_STYLE_RENDERING_WITH_PROPERTIES(.NORMAL_SHADING.,#9791,
  (#11657));
#11657 = SURFACE_STYLE_TRANSPARENT(1.);
#11658 = OVER_RIDING_STYLED_ITEM('overriding color',(#11659),#7138,#9784
  );
#11659 = PRESENTATION_STYLE_ASSIGNMENT((#11660));
#11660 = SURFACE_STYLE_USAGE(.BOTH.,#11661);
#11661 = SURFACE_SIDE_STYLE('',(#11662,#11665));
#11662 = SURFACE_STYLE_FILL_AREA(#11663);
#11663 = FILL_AREA_STYLE('',(#11664));
#11664 = FILL_AREA_STYLE_COLOUR('',#9791);
#11665 = SURFACE_STYLE_RENDERING_WITH_PROPERTIES(.NORMAL_SHADING.,#9791,
  (#11666));
#11666 = SURFACE_STYLE_TRANSPARENT(1.);
#11667 = OVER_RIDING_STYLED_ITEM('overriding color',(#11668),#7155,#9784
  );
#11668 = PRESENTATION_STYLE_ASSIGNMENT((#11669));
#11669 = SURFACE_STYLE_USAGE(.BOTH.,#11670);
#11670 = SURFACE_SIDE_STYLE('',(#11671,#11674));
#11671 = SURFACE_STYLE_FILL_AREA(#11672);
#11672 = FILL_AREA_STYLE('',(#11673));
#11673 = FILL_AREA_STYLE_COLOUR('',#9791);
#11674 = SURFACE_STYLE_RENDERING_WITH_PROPERTIES(.NORMAL_SHADING.,#9791,
  (#11675));
#11675 = SURFACE_STYLE_TRANSPARENT(1.);
#11676 = OVER_RIDING_STYLED_ITEM('overriding color',(#11677),#7167,#9784
  );
#11677 = PRESENTATION_STYLE_ASSIGNMENT((#11678));
#11678 = SURFACE_STYLE_USAGE(.BOTH.,#11679);
#11679 = SURFACE_SIDE_STYLE('',(#11680,#11683));
#11680 = SURFACE_STYLE_FILL_AREA(#11681);
#11681 = FILL_AREA_STYLE('',(#11682));
#11682 = FILL_AREA_STYLE_COLOUR('',#9791);
#11683 = SURFACE_STYLE_RENDERING_WITH_PROPERTIES(.NORMAL_SHADING.,#9791,
  (#11684));
#11684 = SURFACE_STYLE_TRANSPARENT(1.);
#11685 = OVER_RIDING_STYLED_ITEM('overriding color',(#11686),#7189,#9784
  );
#11686 = PRESENTATION_STYLE_ASSIGNMENT((#11687));
#11687 = SURFACE_STYLE_USAGE(.BOTH.,#11688);
#11688 = SURFACE_SIDE_STYLE('',(#11689,#11692));
#11689 = SURFACE_STYLE_FILL_AREA(#11690);
#11690 = FILL_AREA_STYLE('',(#11691));
#11691 = FILL_AREA_STYLE_COLOUR('',#9791);
#11692 = SURFACE_STYLE_RENDERING_WITH_PROPERTIES(.NORMAL_SHADING.,#9791,
  (#11693));
#11693 = SURFACE_STYLE_TRANSPARENT(1.);
#11694 = OVER_RIDING_STYLED_ITEM('overriding color',(#11695),#7206,#9784
  );
#11695 = PRESENTATION_STYLE_ASSIGNMENT((#11696));
#11696 = SURFACE_STYLE_USAGE(.BOTH.,#11697);
#11697 = SURFACE_SIDE_STYLE('',(#11698,#11701));
#11698 = SURFACE_STYLE_FILL_AREA(#11699);
#11699 = FILL_AREA_STYLE('',(#11700));
#11700 = FILL_AREA_STYLE_COLOUR('',#9791);
#11701 = SURFACE_STYLE_RENDERING_WITH_PROPERTIES(.NORMAL_SHADING.,#9791,
  (#11702));
#11702 = SURFACE_STYLE_TRANSPARENT(1.);
#11703 = OVER_RIDING_STYLED_ITEM('overriding color',(#11704),#7223,#9784
  );
#11704 = PRESENTATION_STYLE_ASSIGNMENT((#11705));
#11705 = SURFACE_STYLE_USAGE(.BOTH.,#11706);
#11706 = SURFACE_SIDE_STYLE('',(#11707,#11710));
#11707 = SURFACE_STYLE_FILL_AREA(#11708);
#11708 = FILL_AREA_STYLE('',(#11709));
#11709 = FILL_AREA_STYLE_COLOUR('',#9791);
#11710 = SURFACE_STYLE_RENDERING_WITH_PROPERTIES(.NORMAL_SHADING.,#9791,
  (#11711));
#11711 = SURFACE_STYLE_TRANSPARENT(1.);
#11712 = OVER_RIDING_STYLED_ITEM('overriding color',(#11713),#7240,#9784
  );
#11713 = PRESENTATION_STYLE_ASSIGNMENT((#11714));
#11714 = SURFACE_STYLE_USAGE(.BOTH.,#11715);
#11715 = SURFACE_SIDE_STYLE('',(#11716,#11719));
#11716 = SURFACE_STYLE_FILL_AREA(#11717);
#11717 = FILL_AREA_STYLE('',(#11718));
#11718 = FILL_AREA_STYLE_COLOUR('',#9791);
#11719 = SURFACE_STYLE_RENDERING_WITH_PROPERTIES(.NORMAL_SHADING.,#9791,
  (#11720));
#11720 = SURFACE_STYLE_TRANSPARENT(1.);
#11721 = OVER_RIDING_STYLED_ITEM('overriding color',(#11722),#7257,#9784
  );
#11722 = PRESENTATION_STYLE_ASSIGNMENT((#11723));
#11723 = SURFACE_STYLE_USAGE(.BOTH.,#11724);
#11724 = SURFACE_SIDE_STYLE('',(#11725,#11728));
#11725 = SURFACE_STYLE_FILL_AREA(#11726);
#11726 = FILL_AREA_STYLE('',(#11727));
#11727 = FILL_AREA_STYLE_COLOUR('',#9791);
#11728 = SURFACE_STYLE_RENDERING_WITH_PROPERTIES(.NORMAL_SHADING.,#9791,
  (#11729));
#11729 = SURFACE_STYLE_TRANSPARENT(1.);
#11730 = OVER_RIDING_STYLED_ITEM('overriding color',(#11731),#7274,#9784
  );
#11731 = PRESENTATION_STYLE_ASSIGNMENT((#11732));
#11732 = SURFACE_STYLE_USAGE(.BOTH.,#11733);
#11733 = SURFACE_SIDE_STYLE('',(#11734,#11737));
#11734 = SURFACE_STYLE_FILL_AREA(#11735);
#11735 = FILL_AREA_STYLE('',(#11736));
#11736 = FILL_AREA_STYLE_COLOUR('',#9791);
#11737 = SURFACE_STYLE_RENDERING_WITH_PROPERTIES(.NORMAL_SHADING.,#9791,
  (#11738));
#11738 = SURFACE_STYLE_TRANSPARENT(1.);
#11739 = OVER_RIDING_STYLED_ITEM('overriding color',(#11740),#7291,#9784
  );
#11740 = PRESENTATION_STYLE_ASSIGNMENT((#11741));
#11741 = SURFACE_STYLE_USAGE(.BOTH.,#11742);
#11742 = SURFACE_SIDE_STYLE('',(#11743,#11746));
#11743 = SURFACE_STYLE_FILL_AREA(#11744);
#11744 = FILL_AREA_STYLE('',(#11745));
#11745 = FILL_AREA_STYLE_COLOUR('',#9791);
#11746 = SURFACE_STYLE_RENDERING_WITH_PROPERTIES(.NORMAL_SHADING.,#9791,
  (#11747));
#11747 = SURFACE_STYLE_TRANSPARENT(1.);
#11748 = OVER_RIDING_STYLED_ITEM('overriding color',(#11749),#7303,#9784
  );
#11749 = PRESENTATION_STYLE_ASSIGNMENT((#11750));
#11750 = SURFACE_STYLE_USAGE(.BOTH.,#11751);
#11751 = SURFACE_SIDE_STYLE('',(#11752,#11755));
#11752 = SURFACE_STYLE_FILL_AREA(#11753);
#11753 = FILL_AREA_STYLE('',(#11754));
#11754 = FILL_AREA_STYLE_COLOUR('',#9791);
#11755 = SURFACE_STYLE_RENDERING_WITH_PROPERTIES(.NORMAL_SHADING.,#9791,
  (#11756));
#11756 = SURFACE_STYLE_TRANSPARENT(1.);
#11757 = OVER_RIDING_STYLED_ITEM('overriding color',(#11758),#7315,#9784
  );
#11758 = PRESENTATION_STYLE_ASSIGNMENT((#11759));
#11759 = SURFACE_STYLE_USAGE(.BOTH.,#11760);
#11760 = SURFACE_SIDE_STYLE('',(#11761,#11764));
#11761 = SURFACE_STYLE_FILL_AREA(#11762);
#11762 = FILL_AREA_STYLE('',(#11763));
#11763 = FILL_AREA_STYLE_COLOUR('',#9791);
#11764 = SURFACE_STYLE_RENDERING_WITH_PROPERTIES(.NORMAL_SHADING.,#9791,
  (#11765));
#11765 = SURFACE_STYLE_TRANSPARENT(1.);
#11766 = OVER_RIDING_STYLED_ITEM('overriding color',(#11767),#7337,#9784
  );
#11767 = PRESENTATION_STYLE_ASSIGNMENT((#11768));
#11768 = SURFACE_STYLE_USAGE(.BOTH.,#11769);
#11769 = SURFACE_SIDE_STYLE('',(#11770,#11773));
#11770 = SURFACE_STYLE_FILL_AREA(#11771);
#11771 = FILL_AREA_STYLE('',(#11772));
#11772 = FILL_AREA_STYLE_COLOUR('',#9791);
#11773 = SURFACE_STYLE_RENDERING_WITH_PROPERTIES(.NORMAL_SHADING.,#9791,
  (#11774));
#11774 = SURFACE_STYLE_TRANSPARENT(1.);
#11775 = OVER_RIDING_STYLED_ITEM('overriding color',(#11776),#7354,#9784
  );
#11776 = PRESENTATION_STYLE_ASSIGNMENT((#11777));
#11777 = SURFACE_STYLE_USAGE(.BOTH.,#11778);
#11778 = SURFACE_SIDE_STYLE('',(#11779,#11782));
#11779 = SURFACE_STYLE_FILL_AREA(#11780);
#11780 = FILL_AREA_STYLE('',(#11781));
#11781 = FILL_AREA_STYLE_COLOUR('',#9791);
#11782 = SURFACE_STYLE_RENDERING_WITH_PROPERTIES(.NORMAL_SHADING.,#9791,
  (#11783));
#11783 = SURFACE_STYLE_TRANSPARENT(1.);
#11784 = OVER_RIDING_STYLED_ITEM('overriding color',(#11785),#7371,#9784
  );
#11785 = PRESENTATION_STYLE_ASSIGNMENT((#11786));
#11786 = SURFACE_STYLE_USAGE(.BOTH.,#11787);
#11787 = SURFACE_SIDE_STYLE('',(#11788,#11791));
#11788 = SURFACE_STYLE_FILL_AREA(#11789);
#11789 = FILL_AREA_STYLE('',(#11790));
#11790 = FILL_AREA_STYLE_COLOUR('',#9791);
#11791 = SURFACE_STYLE_RENDERING_WITH_PROPERTIES(.NORMAL_SHADING.,#9791,
  (#11792));
#11792 = SURFACE_STYLE_TRANSPARENT(1.);
#11793 = OVER_RIDING_STYLED_ITEM('overriding color',(#11794),#7388,#9784
  );
#11794 = PRESENTATION_STYLE_ASSIGNMENT((#11795));
#11795 = SURFACE_STYLE_USAGE(.BOTH.,#11796);
#11796 = SURFACE_SIDE_STYLE('',(#11797,#11800));
#11797 = SURFACE_STYLE_FILL_AREA(#11798);
#11798 = FILL_AREA_STYLE('',(#11799));
#11799 = FILL_AREA_STYLE_COLOUR('',#9791);
#11800 = SURFACE_STYLE_RENDERING_WITH_PROPERTIES(.NORMAL_SHADING.,#9791,
  (#11801));
#11801 = SURFACE_STYLE_TRANSPARENT(1.);
#11802 = OVER_RIDING_STYLED_ITEM('overriding color',(#11803),#7405,#9784
  );
#11803 = PRESENTATION_STYLE_ASSIGNMENT((#11804));
#11804 = SURFACE_STYLE_USAGE(.BOTH.,#11805);
#11805 = SURFACE_SIDE_STYLE('',(#11806,#11809));
#11806 = SURFACE_STYLE_FILL_AREA(#11807);
#11807 = FILL_AREA_STYLE('',(#11808));
#11808 = FILL_AREA_STYLE_COLOUR('',#9791);
#11809 = SURFACE_STYLE_RENDERING_WITH_PROPERTIES(.NORMAL_SHADING.,#9791,
  (#11810));
#11810 = SURFACE_STYLE_TRANSPARENT(1.);
#11811 = OVER_RIDING_STYLED_ITEM('overriding color',(#11812),#7422,#9784
  );
#11812 = PRESENTATION_STYLE_ASSIGNMENT((#11813));
#11813 = SURFACE_STYLE_USAGE(.BOTH.,#11814);
#11814 = SURFACE_SIDE_STYLE('',(#11815,#11818));
#11815 = SURFACE_STYLE_FILL_AREA(#11816);
#11816 = FILL_AREA_STYLE('',(#11817));
#11817 = FILL_AREA_STYLE_COLOUR('',#9791);
#11818 = SURFACE_STYLE_RENDERING_WITH_PROPERTIES(.NORMAL_SHADING.,#9791,
  (#11819));
#11819 = SURFACE_STYLE_TRANSPARENT(1.);
#11820 = OVER_RIDING_STYLED_ITEM('overriding color',(#11821),#7439,#9784
  );
#11821 = PRESENTATION_STYLE_ASSIGNMENT((#11822));
#11822 = SURFACE_STYLE_USAGE(.BOTH.,#11823);
#11823 = SURFACE_SIDE_STYLE('',(#11824,#11827));
#11824 = SURFACE_STYLE_FILL_AREA(#11825);
#11825 = FILL_AREA_STYLE('',(#11826));
#11826 = FILL_AREA_STYLE_COLOUR('',#9791);
#11827 = SURFACE_STYLE_RENDERING_WITH_PROPERTIES(.NORMAL_SHADING.,#9791,
  (#11828));
#11828 = SURFACE_STYLE_TRANSPARENT(1.);
#11829 = OVER_RIDING_STYLED_ITEM('overriding color',(#11830),#7451,#9784
  );
#11830 = PRESENTATION_STYLE_ASSIGNMENT((#11831));
#11831 = SURFACE_STYLE_USAGE(.BOTH.,#11832);
#11832 = SURFACE_SIDE_STYLE('',(#11833,#11836));
#11833 = SURFACE_STYLE_FILL_AREA(#11834);
#11834 = FILL_AREA_STYLE('',(#11835));
#11835 = FILL_AREA_STYLE_COLOUR('',#9791);
#11836 = SURFACE_STYLE_RENDERING_WITH_PROPERTIES(.NORMAL_SHADING.,#9791,
  (#11837));
#11837 = SURFACE_STYLE_TRANSPARENT(1.);
#11838 = OVER_RIDING_STYLED_ITEM('overriding color',(#11839),#7463,#9784
  );
#11839 = PRESENTATION_STYLE_ASSIGNMENT((#11840));
#11840 = SURFACE_STYLE_USAGE(.BOTH.,#11841);
#11841 = SURFACE_SIDE_STYLE('',(#11842,#11845));
#11842 = SURFACE_STYLE_FILL_AREA(#11843);
#11843 = FILL_AREA_STYLE('',(#11844));
#11844 = FILL_AREA_STYLE_COLOUR('',#9791);
#11845 = SURFACE_STYLE_RENDERING_WITH_PROPERTIES(.NORMAL_SHADING.,#9791,
  (#11846));
#11846 = SURFACE_STYLE_TRANSPARENT(1.);
#11847 = OVER_RIDING_STYLED_ITEM('overriding color',(#11848),#7495,#9784
  );
#11848 = PRESENTATION_STYLE_ASSIGNMENT((#11849));
#11849 = SURFACE_STYLE_USAGE(.BOTH.,#11850);
#11850 = SURFACE_SIDE_STYLE('',(#11851,#11854));
#11851 = SURFACE_STYLE_FILL_AREA(#11852);
#11852 = FILL_AREA_STYLE('',(#11853));
#11853 = FILL_AREA_STYLE_COLOUR('',#9791);
#11854 = SURFACE_STYLE_RENDERING_WITH_PROPERTIES(.NORMAL_SHADING.,#9791,
  (#11855));
#11855 = SURFACE_STYLE_TRANSPARENT(1.);
#11856 = OVER_RIDING_STYLED_ITEM('overriding color',(#11857),#7519,#9784
  );
#11857 = PRESENTATION_STYLE_ASSIGNMENT((#11858));
#11858 = SURFACE_STYLE_USAGE(.BOTH.,#11859);
#11859 = SURFACE_SIDE_STYLE('',(#11860,#11863));
#11860 = SURFACE_STYLE_FILL_AREA(#11861);
#11861 = FILL_AREA_STYLE('',(#11862));
#11862 = FILL_AREA_STYLE_COLOUR('',#9791);
#11863 = SURFACE_STYLE_RENDERING_WITH_PROPERTIES(.NORMAL_SHADING.,#9791,
  (#11864));
#11864 = SURFACE_STYLE_TRANSPARENT(1.);
#11865 = OVER_RIDING_STYLED_ITEM('overriding color',(#11866),#7536,#9784
  );
#11866 = PRESENTATION_STYLE_ASSIGNMENT((#11867));
#11867 = SURFACE_STYLE_USAGE(.BOTH.,#11868);
#11868 = SURFACE_SIDE_STYLE('',(#11869,#11872));
#11869 = SURFACE_STYLE_FILL_AREA(#11870);
#11870 = FILL_AREA_STYLE('',(#11871));
#11871 = FILL_AREA_STYLE_COLOUR('',#9791);
#11872 = SURFACE_STYLE_RENDERING_WITH_PROPERTIES(.NORMAL_SHADING.,#9791,
  (#11873));
#11873 = SURFACE_STYLE_TRANSPARENT(1.);
#11874 = OVER_RIDING_STYLED_ITEM('overriding color',(#11875),#7568,#9784
  );
#11875 = PRESENTATION_STYLE_ASSIGNMENT((#11876));
#11876 = SURFACE_STYLE_USAGE(.BOTH.,#11877);
#11877 = SURFACE_SIDE_STYLE('',(#11878,#11881));
#11878 = SURFACE_STYLE_FILL_AREA(#11879);
#11879 = FILL_AREA_STYLE('',(#11880));
#11880 = FILL_AREA_STYLE_COLOUR('',#9791);
#11881 = SURFACE_STYLE_RENDERING_WITH_PROPERTIES(.NORMAL_SHADING.,#9791,
  (#11882));
#11882 = SURFACE_STYLE_TRANSPARENT(1.);
#11883 = OVER_RIDING_STYLED_ITEM('overriding color',(#11884),#7592,#9784
  );
#11884 = PRESENTATION_STYLE_ASSIGNMENT((#11885));
#11885 = SURFACE_STYLE_USAGE(.BOTH.,#11886);
#11886 = SURFACE_SIDE_STYLE('',(#11887,#11890));
#11887 = SURFACE_STYLE_FILL_AREA(#11888);
#11888 = FILL_AREA_STYLE('',(#11889));
#11889 = FILL_AREA_STYLE_COLOUR('',#9791);
#11890 = SURFACE_STYLE_RENDERING_WITH_PROPERTIES(.NORMAL_SHADING.,#9791,
  (#11891));
#11891 = SURFACE_STYLE_TRANSPARENT(1.);
#11892 = OVER_RIDING_STYLED_ITEM('overriding color',(#11893),#150,#9784
  );
#11893 = PRESENTATION_STYLE_ASSIGNMENT((#11894));
#11894 = SURFACE_STYLE_USAGE(.BOTH.,#11895);
#11895 = SURFACE_SIDE_STYLE('',(#11896,#11899));
#11896 = SURFACE_STYLE_FILL_AREA(#11897);
#11897 = FILL_AREA_STYLE('',(#11898));
#11898 = FILL_AREA_STYLE_COLOUR('',#9791);
#11899 = SURFACE_STYLE_RENDERING_WITH_PROPERTIES(.NORMAL_SHADING.,#9791,
  (#11900));
#11900 = SURFACE_STYLE_TRANSPARENT(1.);
#11901 = OVER_RIDING_STYLED_ITEM('overriding color',(#11902),#181,#9784
  );
#11902 = PRESENTATION_STYLE_ASSIGNMENT((#11903));
#11903 = SURFACE_STYLE_USAGE(.BOTH.,#11904);
#11904 = SURFACE_SIDE_STYLE('',(#11905,#11908));
#11905 = SURFACE_STYLE_FILL_AREA(#11906);
#11906 = FILL_AREA_STYLE('',(#11907));
#11907 = FILL_AREA_STYLE_COLOUR('',#9791);
#11908 = SURFACE_STYLE_RENDERING_WITH_PROPERTIES(.NORMAL_SHADING.,#9791,
  (#11909));
#11909 = SURFACE_STYLE_TRANSPARENT(1.);
#11910 = OVER_RIDING_STYLED_ITEM('overriding color',(#11911),#205,#9784
  );
#11911 = PRESENTATION_STYLE_ASSIGNMENT((#11912));
#11912 = SURFACE_STYLE_USAGE(.BOTH.,#11913);
#11913 = SURFACE_SIDE_STYLE('',(#11914,#11917));
#11914 = SURFACE_STYLE_FILL_AREA(#11915);
#11915 = FILL_AREA_STYLE('',(#11916));
#11916 = FILL_AREA_STYLE_COLOUR('',#9791);
#11917 = SURFACE_STYLE_RENDERING_WITH_PROPERTIES(.NORMAL_SHADING.,#9791,
  (#11918));
#11918 = SURFACE_STYLE_TRANSPARENT(1.);
#11919 = OVER_RIDING_STYLED_ITEM('overriding color',(#11920),#150,#9784
  );
#11920 = PRESENTATION_STYLE_ASSIGNMENT((#11921));
#11921 = SURFACE_STYLE_USAGE(.BOTH.,#11922);
#11922 = SURFACE_SIDE_STYLE('',(#11923,#11926));
#11923 = SURFACE_STYLE_FILL_AREA(#11924);
#11924 = FILL_AREA_STYLE('',(#11925));
#11925 = FILL_AREA_STYLE_COLOUR('',#9791);
#11926 = SURFACE_STYLE_RENDERING_WITH_PROPERTIES(.NORMAL_SHADING.,#9791,
  (#11927));
#11927 = SURFACE_STYLE_TRANSPARENT(1.);
#11928 = OVER_RIDING_STYLED_ITEM('overriding color',(#11929),#181,#9784
  );
#11929 = PRESENTATION_STYLE_ASSIGNMENT((#11930));
#11930 = SURFACE_STYLE_USAGE(.BOTH.,#11931);
#11931 = SURFACE_SIDE_STYLE('',(#11932,#11935));
#11932 = SURFACE_STYLE_FILL_AREA(#11933);
#11933 = FILL_AREA_STYLE('',(#11934));
#11934 = FILL_AREA_STYLE_COLOUR('',#9791);
#11935 = SURFACE_STYLE_RENDERING_WITH_PROPERTIES(.NORMAL_SHADING.,#9791,
  (#11936));
#11936 = SURFACE_STYLE_TRANSPARENT(1.);
#11937 = OVER_RIDING_STYLED_ITEM('overriding color',(#11938),#205,#9784
  );
#11938 = PRESENTATION_STYLE_ASSIGNMENT((#11939));
#11939 = SURFACE_STYLE_USAGE(.BOTH.,#11940);
#11940 = SURFACE_SIDE_STYLE('',(#11941,#11944));
#11941 = SURFACE_STYLE_FILL_AREA(#11942);
#11942 = FILL_AREA_STYLE('',(#11943));
#11943 = FILL_AREA_STYLE_COLOUR('',#9791);
#11944 = SURFACE_STYLE_RENDERING_WITH_PROPERTIES(.NORMAL_SHADING.,#9791,
  (#11945));
#11945 = SURFACE_STYLE_TRANSPARENT(1.);
#11946 = OVER_RIDING_STYLED_ITEM('overriding color',(#11947),#7711,#9784
  );
#11947 = PRESENTATION_STYLE_ASSIGNMENT((#11948));
#11948 = SURFACE_STYLE_USAGE(.BOTH.,#11949);
#11949 = SURFACE_SIDE_STYLE('',(#11950,#11953));
#11950 = SURFACE_STYLE_FILL_AREA(#11951);
#11951 = FILL_AREA_STYLE('',(#11952));
#11952 = FILL_AREA_STYLE_COLOUR('',#9791);
#11953 = SURFACE_STYLE_RENDERING_WITH_PROPERTIES(.NORMAL_SHADING.,#9791,
  (#11954));
#11954 = SURFACE_STYLE_TRANSPARENT(1.);
#11955 = OVER_RIDING_STYLED_ITEM('overriding color',(#11956),#7742,#9784
  );
#11956 = PRESENTATION_STYLE_ASSIGNMENT((#11957));
#11957 = SURFACE_STYLE_USAGE(.BOTH.,#11958);
#11958 = SURFACE_SIDE_STYLE('',(#11959,#11962));
#11959 = SURFACE_STYLE_FILL_AREA(#11960);
#11960 = FILL_AREA_STYLE('',(#11961));
#11961 = FILL_AREA_STYLE_COLOUR('',#9791);
#11962 = SURFACE_STYLE_RENDERING_WITH_PROPERTIES(.NORMAL_SHADING.,#9791,
  (#11963));
#11963 = SURFACE_STYLE_TRANSPARENT(1.);
#11964 = OVER_RIDING_STYLED_ITEM('overriding color',(#11965),#7767,#9784
  );
#11965 = PRESENTATION_STYLE_ASSIGNMENT((#11966));
#11966 = SURFACE_STYLE_USAGE(.BOTH.,#11967);
#11967 = SURFACE_SIDE_STYLE('',(#11968,#11971));
#11968 = SURFACE_STYLE_FILL_AREA(#11969);
#11969 = FILL_AREA_STYLE('',(#11970));
#11970 = FILL_AREA_STYLE_COLOUR('',#9791);
#11971 = SURFACE_STYLE_RENDERING_WITH_PROPERTIES(.NORMAL_SHADING.,#9791,
  (#11972));
#11972 = SURFACE_STYLE_TRANSPARENT(1.);
#11973 = OVER_RIDING_STYLED_ITEM('overriding color',(#11974),#7791,#9784
  );
#11974 = PRESENTATION_STYLE_ASSIGNMENT((#11975));
#11975 = SURFACE_STYLE_USAGE(.BOTH.,#11976);
#11976 = SURFACE_SIDE_STYLE('',(#11977,#11980));
#11977 = SURFACE_STYLE_FILL_AREA(#11978);
#11978 = FILL_AREA_STYLE('',(#11979));
#11979 = FILL_AREA_STYLE_COLOUR('',#9791);
#11980 = SURFACE_STYLE_RENDERING_WITH_PROPERTIES(.NORMAL_SHADING.,#9791,
  (#11981));
#11981 = SURFACE_STYLE_TRANSPARENT(1.);
#11982 = OVER_RIDING_STYLED_ITEM('overriding color',(#11983),#7816,#9784
  );
#11983 = PRESENTATION_STYLE_ASSIGNMENT((#11984));
#11984 = SURFACE_STYLE_USAGE(.BOTH.,#11985);
#11985 = SURFACE_SIDE_STYLE('',(#11986,#11989));
#11986 = SURFACE_STYLE_FILL_AREA(#11987);
#11987 = FILL_AREA_STYLE('',(#11988));
#11988 = FILL_AREA_STYLE_COLOUR('',#9791);
#11989 = SURFACE_STYLE_RENDERING_WITH_PROPERTIES(.NORMAL_SHADING.,#9791,
  (#11990));
#11990 = SURFACE_STYLE_TRANSPARENT(1.);
#11991 = OVER_RIDING_STYLED_ITEM('overriding color',(#11992),#7840,#9784
  );
#11992 = PRESENTATION_STYLE_ASSIGNMENT((#11993));
#11993 = SURFACE_STYLE_USAGE(.BOTH.,#11994);
#11994 = SURFACE_SIDE_STYLE('',(#11995,#11998));
#11995 = SURFACE_STYLE_FILL_AREA(#11996);
#11996 = FILL_AREA_STYLE('',(#11997));
#11997 = FILL_AREA_STYLE_COLOUR('',#9791);
#11998 = SURFACE_STYLE_RENDERING_WITH_PROPERTIES(.NORMAL_SHADING.,#9791,
  (#11999));
#11999 = SURFACE_STYLE_TRANSPARENT(1.);
#12000 = OVER_RIDING_STYLED_ITEM('overriding color',(#12001),#7865,#9784
  );
#12001 = PRESENTATION_STYLE_ASSIGNMENT((#12002));
#12002 = SURFACE_STYLE_USAGE(.BOTH.,#12003);
#12003 = SURFACE_SIDE_STYLE('',(#12004,#12007));
#12004 = SURFACE_STYLE_FILL_AREA(#12005);
#12005 = FILL_AREA_STYLE('',(#12006));
#12006 = FILL_AREA_STYLE_COLOUR('',#9791);
#12007 = SURFACE_STYLE_RENDERING_WITH_PROPERTIES(.NORMAL_SHADING.,#9791,
  (#12008));
#12008 = SURFACE_STYLE_TRANSPARENT(1.);
#12009 = OVER_RIDING_STYLED_ITEM('overriding color',(#12010),#7889,#9784
  );
#12010 = PRESENTATION_STYLE_ASSIGNMENT((#12011));
#12011 = SURFACE_STYLE_USAGE(.BOTH.,#12012);
#12012 = SURFACE_SIDE_STYLE('',(#12013,#12016));
#12013 = SURFACE_STYLE_FILL_AREA(#12014);
#12014 = FILL_AREA_STYLE('',(#12015));
#12015 = FILL_AREA_STYLE_COLOUR('',#9791);
#12016 = SURFACE_STYLE_RENDERING_WITH_PROPERTIES(.NORMAL_SHADING.,#9791,
  (#12017));
#12017 = SURFACE_STYLE_TRANSPARENT(1.);
#12018 = OVER_RIDING_STYLED_ITEM('overriding color',(#12019),#7907,#9784
  );
#12019 = PRESENTATION_STYLE_ASSIGNMENT((#12020));
#12020 = SURFACE_STYLE_USAGE(.BOTH.,#12021);
#12021 = SURFACE_SIDE_STYLE('',(#12022,#12025));
#12022 = SURFACE_STYLE_FILL_AREA(#12023);
#12023 = FILL_AREA_STYLE('',(#12024));
#12024 = FILL_AREA_STYLE_COLOUR('',#9791);
#12025 = SURFACE_STYLE_RENDERING_WITH_PROPERTIES(.NORMAL_SHADING.,#9791,
  (#12026));
#12026 = SURFACE_STYLE_TRANSPARENT(1.);
#12027 = OVER_RIDING_STYLED_ITEM('overriding color',(#12028),#7954,#9784
  );
#12028 = PRESENTATION_STYLE_ASSIGNMENT((#12029));
#12029 = SURFACE_STYLE_USAGE(.BOTH.,#12030);
#12030 = SURFACE_SIDE_STYLE('',(#12031,#12034));
#12031 = SURFACE_STYLE_FILL_AREA(#12032);
#12032 = FILL_AREA_STYLE('',(#12033));
#12033 = FILL_AREA_STYLE_COLOUR('',#9791);
#12034 = SURFACE_STYLE_RENDERING_WITH_PROPERTIES(.NORMAL_SHADING.,#9791,
  (#12035));
#12035 = SURFACE_STYLE_TRANSPARENT(1.);
#12036 = OVER_RIDING_STYLED_ITEM('overriding color',(#12037),#7978,#9784
  );
#12037 = PRESENTATION_STYLE_ASSIGNMENT((#12038));
#12038 = SURFACE_STYLE_USAGE(.BOTH.,#12039);
#12039 = SURFACE_SIDE_STYLE('',(#12040,#12043));
#12040 = SURFACE_STYLE_FILL_AREA(#12041);
#12041 = FILL_AREA_STYLE('',(#12042));
#12042 = FILL_AREA_STYLE_COLOUR('',#9791);
#12043 = SURFACE_STYLE_RENDERING_WITH_PROPERTIES(.NORMAL_SHADING.,#9791,
  (#12044));
#12044 = SURFACE_STYLE_TRANSPARENT(1.);
#12045 = OVER_RIDING_STYLED_ITEM('overriding color',(#12046),#8018,#9784
  );
#12046 = PRESENTATION_STYLE_ASSIGNMENT((#12047));
#12047 = SURFACE_STYLE_USAGE(.BOTH.,#12048);
#12048 = SURFACE_SIDE_STYLE('',(#12049,#12052));
#12049 = SURFACE_STYLE_FILL_AREA(#12050);
#12050 = FILL_AREA_STYLE('',(#12051));
#12051 = FILL_AREA_STYLE_COLOUR('',#9791);
#12052 = SURFACE_STYLE_RENDERING_WITH_PROPERTIES(.NORMAL_SHADING.,#9791,
  (#12053));
#12053 = SURFACE_STYLE_TRANSPARENT(1.);
#12054 = OVER_RIDING_STYLED_ITEM('overriding color',(#12055),#8043,#9784
  );
#12055 = PRESENTATION_STYLE_ASSIGNMENT((#12056));
#12056 = SURFACE_STYLE_USAGE(.BOTH.,#12057);
#12057 = SURFACE_SIDE_STYLE('',(#12058,#12061));
#12058 = SURFACE_STYLE_FILL_AREA(#12059);
#12059 = FILL_AREA_STYLE('',(#12060));
#12060 = FILL_AREA_STYLE_COLOUR('',#9791);
#12061 = SURFACE_STYLE_RENDERING_WITH_PROPERTIES(.NORMAL_SHADING.,#9791,
  (#12062));
#12062 = SURFACE_STYLE_TRANSPARENT(1.);
#12063 = OVER_RIDING_STYLED_ITEM('overriding color',(#12064),#8074,#9784
  );
#12064 = PRESENTATION_STYLE_ASSIGNMENT((#12065));
#12065 = SURFACE_STYLE_USAGE(.BOTH.,#12066);
#12066 = SURFACE_SIDE_STYLE('',(#12067,#12070));
#12067 = SURFACE_STYLE_FILL_AREA(#12068);
#12068 = FILL_AREA_STYLE('',(#12069));
#12069 = FILL_AREA_STYLE_COLOUR('',#9791);
#12070 = SURFACE_STYLE_RENDERING_WITH_PROPERTIES(.NORMAL_SHADING.,#9791,
  (#12071));
#12071 = SURFACE_STYLE_TRANSPARENT(1.);
#12072 = OVER_RIDING_STYLED_ITEM('overriding color',(#12073),#8099,#9784
  );
#12073 = PRESENTATION_STYLE_ASSIGNMENT((#12074));
#12074 = SURFACE_STYLE_USAGE(.BOTH.,#12075);
#12075 = SURFACE_SIDE_STYLE('',(#12076,#12079));
#12076 = SURFACE_STYLE_FILL_AREA(#12077);
#12077 = FILL_AREA_STYLE('',(#12078));
#12078 = FILL_AREA_STYLE_COLOUR('',#9791);
#12079 = SURFACE_STYLE_RENDERING_WITH_PROPERTIES(.NORMAL_SHADING.,#9791,
  (#12080));
#12080 = SURFACE_STYLE_TRANSPARENT(1.);
#12081 = OVER_RIDING_STYLED_ITEM('overriding color',(#12082),#8123,#9784
  );
#12082 = PRESENTATION_STYLE_ASSIGNMENT((#12083));
#12083 = SURFACE_STYLE_USAGE(.BOTH.,#12084);
#12084 = SURFACE_SIDE_STYLE('',(#12085,#12088));
#12085 = SURFACE_STYLE_FILL_AREA(#12086);
#12086 = FILL_AREA_STYLE('',(#12087));
#12087 = FILL_AREA_STYLE_COLOUR('',#9791);
#12088 = SURFACE_STYLE_RENDERING_WITH_PROPERTIES(.NORMAL_SHADING.,#9791,
  (#12089));
#12089 = SURFACE_STYLE_TRANSPARENT(1.);
#12090 = OVER_RIDING_STYLED_ITEM('overriding color',(#12091),#8148,#9784
  );
#12091 = PRESENTATION_STYLE_ASSIGNMENT((#12092));
#12092 = SURFACE_STYLE_USAGE(.BOTH.,#12093);
#12093 = SURFACE_SIDE_STYLE('',(#12094,#12097));
#12094 = SURFACE_STYLE_FILL_AREA(#12095);
#12095 = FILL_AREA_STYLE('',(#12096));
#12096 = FILL_AREA_STYLE_COLOUR('',#9791);
#12097 = SURFACE_STYLE_RENDERING_WITH_PROPERTIES(.NORMAL_SHADING.,#9791,
  (#12098));
#12098 = SURFACE_STYLE_TRANSPARENT(1.);
#12099 = OVER_RIDING_STYLED_ITEM('overriding color',(#12100),#8172,#9784
  );
#12100 = PRESENTATION_STYLE_ASSIGNMENT((#12101));
#12101 = SURFACE_STYLE_USAGE(.BOTH.,#12102);
#12102 = SURFACE_SIDE_STYLE('',(#12103,#12106));
#12103 = SURFACE_STYLE_FILL_AREA(#12104);
#12104 = FILL_AREA_STYLE('',(#12105));
#12105 = FILL_AREA_STYLE_COLOUR('',#9791);
#12106 = SURFACE_STYLE_RENDERING_WITH_PROPERTIES(.NORMAL_SHADING.,#9791,
  (#12107));
#12107 = SURFACE_STYLE_TRANSPARENT(1.);
#12108 = OVER_RIDING_STYLED_ITEM('overriding color',(#12109),#8197,#9784
  );
#12109 = PRESENTATION_STYLE_ASSIGNMENT((#12110));
#12110 = SURFACE_STYLE_USAGE(.BOTH.,#12111);
#12111 = SURFACE_SIDE_STYLE('',(#12112,#12115));
#12112 = SURFACE_STYLE_FILL_AREA(#12113);
#12113 = FILL_AREA_STYLE('',(#12114));
#12114 = FILL_AREA_STYLE_COLOUR('',#9791);
#12115 = SURFACE_STYLE_RENDERING_WITH_PROPERTIES(.NORMAL_SHADING.,#9791,
  (#12116));
#12116 = SURFACE_STYLE_TRANSPARENT(1.);
#12117 = OVER_RIDING_STYLED_ITEM('overriding color',(#12118),#8221,#9784
  );
#12118 = PRESENTATION_STYLE_ASSIGNMENT((#12119));
#12119 = SURFACE_STYLE_USAGE(.BOTH.,#12120);
#12120 = SURFACE_SIDE_STYLE('',(#12121,#12124));
#12121 = SURFACE_STYLE_FILL_AREA(#12122);
#12122 = FILL_AREA_STYLE('',(#12123));
#12123 = FILL_AREA_STYLE_COLOUR('',#9791);
#12124 = SURFACE_STYLE_RENDERING_WITH_PROPERTIES(.NORMAL_SHADING.,#9791,
  (#12125));
#12125 = SURFACE_STYLE_TRANSPARENT(1.);
#12126 = OVER_RIDING_STYLED_ITEM('overriding color',(#12127),#8239,#9784
  );
#12127 = PRESENTATION_STYLE_ASSIGNMENT((#12128));
#12128 = SURFACE_STYLE_USAGE(.BOTH.,#12129);
#12129 = SURFACE_SIDE_STYLE('',(#12130,#12133));
#12130 = SURFACE_STYLE_FILL_AREA(#12131);
#12131 = FILL_AREA_STYLE('',(#12132));
#12132 = FILL_AREA_STYLE_COLOUR('',#9791);
#12133 = SURFACE_STYLE_RENDERING_WITH_PROPERTIES(.NORMAL_SHADING.,#9791,
  (#12134));
#12134 = SURFACE_STYLE_TRANSPARENT(1.);
#12135 = OVER_RIDING_STYLED_ITEM('overriding color',(#12136),#8286,#9784
  );
#12136 = PRESENTATION_STYLE_ASSIGNMENT((#12137));
#12137 = SURFACE_STYLE_USAGE(.BOTH.,#12138);
#12138 = SURFACE_SIDE_STYLE('',(#12139,#12142));
#12139 = SURFACE_STYLE_FILL_AREA(#12140);
#12140 = FILL_AREA_STYLE('',(#12141));
#12141 = FILL_AREA_STYLE_COLOUR('',#9791);
#12142 = SURFACE_STYLE_RENDERING_WITH_PROPERTIES(.NORMAL_SHADING.,#9791,
  (#12143));
#12143 = SURFACE_STYLE_TRANSPARENT(1.);
#12144 = OVER_RIDING_STYLED_ITEM('overriding color',(#12145),#8310,#9784
  );
#12145 = PRESENTATION_STYLE_ASSIGNMENT((#12146));
#12146 = SURFACE_STYLE_USAGE(.BOTH.,#12147);
#12147 = SURFACE_SIDE_STYLE('',(#12148,#12151));
#12148 = SURFACE_STYLE_FILL_AREA(#12149);
#12149 = FILL_AREA_STYLE('',(#12150));
#12150 = FILL_AREA_STYLE_COLOUR('',#9791);
#12151 = SURFACE_STYLE_RENDERING_WITH_PROPERTIES(.NORMAL_SHADING.,#9791,
  (#12152));
#12152 = SURFACE_STYLE_TRANSPARENT(1.);
#12153 = OVER_RIDING_STYLED_ITEM('overriding color',(#12154),#8350,#9784
  );
#12154 = PRESENTATION_STYLE_ASSIGNMENT((#12155));
#12155 = SURFACE_STYLE_USAGE(.BOTH.,#12156);
#12156 = SURFACE_SIDE_STYLE('',(#12157,#12160));
#12157 = SURFACE_STYLE_FILL_AREA(#12158);
#12158 = FILL_AREA_STYLE('',(#12159));
#12159 = FILL_AREA_STYLE_COLOUR('',#9791);
#12160 = SURFACE_STYLE_RENDERING_WITH_PROPERTIES(.NORMAL_SHADING.,#9791,
  (#12161));
#12161 = SURFACE_STYLE_TRANSPARENT(1.);
#12162 = OVER_RIDING_STYLED_ITEM('overriding color',(#12163),#8367,#9784
  );
#12163 = PRESENTATION_STYLE_ASSIGNMENT((#12164));
#12164 = SURFACE_STYLE_USAGE(.BOTH.,#12165);
#12165 = SURFACE_SIDE_STYLE('',(#12166,#12169));
#12166 = SURFACE_STYLE_FILL_AREA(#12167);
#12167 = FILL_AREA_STYLE('',(#12168));
#12168 = FILL_AREA_STYLE_COLOUR('',#9791);
#12169 = SURFACE_STYLE_RENDERING_WITH_PROPERTIES(.NORMAL_SHADING.,#9791,
  (#12170));
#12170 = SURFACE_STYLE_TRANSPARENT(1.);
#12171 = OVER_RIDING_STYLED_ITEM('overriding color',(#12172),#8399,#9784
  );
#12172 = PRESENTATION_STYLE_ASSIGNMENT((#12173));
#12173 = SURFACE_STYLE_USAGE(.BOTH.,#12174);
#12174 = SURFACE_SIDE_STYLE('',(#12175,#12178));
#12175 = SURFACE_STYLE_FILL_AREA(#12176);
#12176 = FILL_AREA_STYLE('',(#12177));
#12177 = FILL_AREA_STYLE_COLOUR('',#9791);
#12178 = SURFACE_STYLE_RENDERING_WITH_PROPERTIES(.NORMAL_SHADING.,#9791,
  (#12179));
#12179 = SURFACE_STYLE_TRANSPARENT(1.);
#12180 = OVER_RIDING_STYLED_ITEM('overriding color',(#12181),#8423,#9784
  );
#12181 = PRESENTATION_STYLE_ASSIGNMENT((#12182));
#12182 = SURFACE_STYLE_USAGE(.BOTH.,#12183);
#12183 = SURFACE_SIDE_STYLE('',(#12184,#12187));
#12184 = SURFACE_STYLE_FILL_AREA(#12185);
#12185 = FILL_AREA_STYLE('',(#12186));
#12186 = FILL_AREA_STYLE_COLOUR('',#9791);
#12187 = SURFACE_STYLE_RENDERING_WITH_PROPERTIES(.NORMAL_SHADING.,#9791,
  (#12188));
#12188 = SURFACE_STYLE_TRANSPARENT(1.);
#12189 = OVER_RIDING_STYLED_ITEM('overriding color',(#12190),#8448,#9784
  );
#12190 = PRESENTATION_STYLE_ASSIGNMENT((#12191));
#12191 = SURFACE_STYLE_USAGE(.BOTH.,#12192);
#12192 = SURFACE_SIDE_STYLE('',(#12193,#12196));
#12193 = SURFACE_STYLE_FILL_AREA(#12194);
#12194 = FILL_AREA_STYLE('',(#12195));
#12195 = FILL_AREA_STYLE_COLOUR('',#9791);
#12196 = SURFACE_STYLE_RENDERING_WITH_PROPERTIES(.NORMAL_SHADING.,#9791,
  (#12197));
#12197 = SURFACE_STYLE_TRANSPARENT(1.);
#12198 = OVER_RIDING_STYLED_ITEM('overriding color',(#12199),#8472,#9784
  );
#12199 = PRESENTATION_STYLE_ASSIGNMENT((#12200));
#12200 = SURFACE_STYLE_USAGE(.BOTH.,#12201);
#12201 = SURFACE_SIDE_STYLE('',(#12202,#12205));
#12202 = SURFACE_STYLE_FILL_AREA(#12203);
#12203 = FILL_AREA_STYLE('',(#12204));
#12204 = FILL_AREA_STYLE_COLOUR('',#9791);
#12205 = SURFACE_STYLE_RENDERING_WITH_PROPERTIES(.NORMAL_SHADING.,#9791,
  (#12206));
#12206 = SURFACE_STYLE_TRANSPARENT(1.);
#12207 = OVER_RIDING_STYLED_ITEM('overriding color',(#12208),#8497,#9784
  );
#12208 = PRESENTATION_STYLE_ASSIGNMENT((#12209));
#12209 = SURFACE_STYLE_USAGE(.BOTH.,#12210);
#12210 = SURFACE_SIDE_STYLE('',(#12211,#12214));
#12211 = SURFACE_STYLE_FILL_AREA(#12212);
#12212 = FILL_AREA_STYLE('',(#12213));
#12213 = FILL_AREA_STYLE_COLOUR('',#9791);
#12214 = SURFACE_STYLE_RENDERING_WITH_PROPERTIES(.NORMAL_SHADING.,#9791,
  (#12215));
#12215 = SURFACE_STYLE_TRANSPARENT(1.);
#12216 = OVER_RIDING_STYLED_ITEM('overriding color',(#12217),#8521,#9784
  );
#12217 = PRESENTATION_STYLE_ASSIGNMENT((#12218));
#12218 = SURFACE_STYLE_USAGE(.BOTH.,#12219);
#12219 = SURFACE_SIDE_STYLE('',(#12220,#12223));
#12220 = SURFACE_STYLE_FILL_AREA(#12221);
#12221 = FILL_AREA_STYLE('',(#12222));
#12222 = FILL_AREA_STYLE_COLOUR('',#9791);
#12223 = SURFACE_STYLE_RENDERING_WITH_PROPERTIES(.NORMAL_SHADING.,#9791,
  (#12224));
#12224 = SURFACE_STYLE_TRANSPARENT(1.);
#12225 = OVER_RIDING_STYLED_ITEM('overriding color',(#12226),#8546,#9784
  );
#12226 = PRESENTATION_STYLE_ASSIGNMENT((#12227));
#12227 = SURFACE_STYLE_USAGE(.BOTH.,#12228);
#12228 = SURFACE_SIDE_STYLE('',(#12229,#12232));
#12229 = SURFACE_STYLE_FILL_AREA(#12230);
#12230 = FILL_AREA_STYLE('',(#12231));
#12231 = FILL_AREA_STYLE_COLOUR('',#9791);
#12232 = SURFACE_STYLE_RENDERING_WITH_PROPERTIES(.NORMAL_SHADING.,#9791,
  (#12233));
#12233 = SURFACE_STYLE_TRANSPARENT(1.);
#12234 = OVER_RIDING_STYLED_ITEM('overriding color',(#12235),#8563,#9784
  );
#12235 = PRESENTATION_STYLE_ASSIGNMENT((#12236));
#12236 = SURFACE_STYLE_USAGE(.BOTH.,#12237);
#12237 = SURFACE_SIDE_STYLE('',(#12238,#12241));
#12238 = SURFACE_STYLE_FILL_AREA(#12239);
#12239 = FILL_AREA_STYLE('',(#12240));
#12240 = FILL_AREA_STYLE_COLOUR('',#9791);
#12241 = SURFACE_STYLE_RENDERING_WITH_PROPERTIES(.NORMAL_SHADING.,#9791,
  (#12242));
#12242 = SURFACE_STYLE_TRANSPARENT(1.);
#12243 = OVER_RIDING_STYLED_ITEM('overriding color',(#12244),#8610,#9784
  );
#12244 = PRESENTATION_STYLE_ASSIGNMENT((#12245));
#12245 = SURFACE_STYLE_USAGE(.BOTH.,#12246);
#12246 = SURFACE_SIDE_STYLE('',(#12247,#12250));
#12247 = SURFACE_STYLE_FILL_AREA(#12248);
#12248 = FILL_AREA_STYLE('',(#12249));
#12249 = FILL_AREA_STYLE_COLOUR('',#9791);
#12250 = SURFACE_STYLE_RENDERING_WITH_PROPERTIES(.NORMAL_SHADING.,#9791,
  (#12251));
#12251 = SURFACE_STYLE_TRANSPARENT(1.);
#12252 = OVER_RIDING_STYLED_ITEM('overriding color',(#12253),#8634,#9784
  );
#12253 = PRESENTATION_STYLE_ASSIGNMENT((#12254));
#12254 = SURFACE_STYLE_USAGE(.BOTH.,#12255);
#12255 = SURFACE_SIDE_STYLE('',(#12256,#12259));
#12256 = SURFACE_STYLE_FILL_AREA(#12257);
#12257 = FILL_AREA_STYLE('',(#12258));
#12258 = FILL_AREA_STYLE_COLOUR('',#9791);
#12259 = SURFACE_STYLE_RENDERING_WITH_PROPERTIES(.NORMAL_SHADING.,#9791,
  (#12260));
#12260 = SURFACE_STYLE_TRANSPARENT(1.);
#12261 = OVER_RIDING_STYLED_ITEM('overriding color',(#12262),#8674,#9784
  );
#12262 = PRESENTATION_STYLE_ASSIGNMENT((#12263));
#12263 = SURFACE_STYLE_USAGE(.BOTH.,#12264);
#12264 = SURFACE_SIDE_STYLE('',(#12265,#12268));
#12265 = SURFACE_STYLE_FILL_AREA(#12266);
#12266 = FILL_AREA_STYLE('',(#12267));
#12267 = FILL_AREA_STYLE_COLOUR('',#9791);
#12268 = SURFACE_STYLE_RENDERING_WITH_PROPERTIES(.NORMAL_SHADING.,#9791,
  (#12269));
#12269 = SURFACE_STYLE_TRANSPARENT(1.);
#12270 = OVER_RIDING_STYLED_ITEM('overriding color',(#12271),#8691,#9784
  );
#12271 = PRESENTATION_STYLE_ASSIGNMENT((#12272));
#12272 = SURFACE_STYLE_USAGE(.BOTH.,#12273);
#12273 = SURFACE_SIDE_STYLE('',(#12274,#12277));
#12274 = SURFACE_STYLE_FILL_AREA(#12275);
#12275 = FILL_AREA_STYLE('',(#12276));
#12276 = FILL_AREA_STYLE_COLOUR('',#9791);
#12277 = SURFACE_STYLE_RENDERING_WITH_PROPERTIES(.NORMAL_SHADING.,#9791,
  (#12278));
#12278 = SURFACE_STYLE_TRANSPARENT(1.);
#12279 = OVER_RIDING_STYLED_ITEM('overriding color',(#12280),#8723,#9784
  );
#12280 = PRESENTATION_STYLE_ASSIGNMENT((#12281));
#12281 = SURFACE_STYLE_USAGE(.BOTH.,#12282);
#12282 = SURFACE_SIDE_STYLE('',(#12283,#12286));
#12283 = SURFACE_STYLE_FILL_AREA(#12284);
#12284 = FILL_AREA_STYLE('',(#12285));
#12285 = FILL_AREA_STYLE_COLOUR('',#9791);
#12286 = SURFACE_STYLE_RENDERING_WITH_PROPERTIES(.NORMAL_SHADING.,#9791,
  (#12287));
#12287 = SURFACE_STYLE_TRANSPARENT(1.);
#12288 = OVER_RIDING_STYLED_ITEM('overriding color',(#12289),#8747,#9784
  );
#12289 = PRESENTATION_STYLE_ASSIGNMENT((#12290));
#12290 = SURFACE_STYLE_USAGE(.BOTH.,#12291);
#12291 = SURFACE_SIDE_STYLE('',(#12292,#12295));
#12292 = SURFACE_STYLE_FILL_AREA(#12293);
#12293 = FILL_AREA_STYLE('',(#12294));
#12294 = FILL_AREA_STYLE_COLOUR('',#9791);
#12295 = SURFACE_STYLE_RENDERING_WITH_PROPERTIES(.NORMAL_SHADING.,#9791,
  (#12296));
#12296 = SURFACE_STYLE_TRANSPARENT(1.);
#12297 = OVER_RIDING_STYLED_ITEM('overriding color',(#12298),#8772,#9784
  );
#12298 = PRESENTATION_STYLE_ASSIGNMENT((#12299));
#12299 = SURFACE_STYLE_USAGE(.BOTH.,#12300);
#12300 = SURFACE_SIDE_STYLE('',(#12301,#12304));
#12301 = SURFACE_STYLE_FILL_AREA(#12302);
#12302 = FILL_AREA_STYLE('',(#12303));
#12303 = FILL_AREA_STYLE_COLOUR('',#9791);
#12304 = SURFACE_STYLE_RENDERING_WITH_PROPERTIES(.NORMAL_SHADING.,#9791,
  (#12305));
#12305 = SURFACE_STYLE_TRANSPARENT(1.);
#12306 = OVER_RIDING_STYLED_ITEM('overriding color',(#12307),#8796,#9784
  );
#12307 = PRESENTATION_STYLE_ASSIGNMENT((#12308));
#12308 = SURFACE_STYLE_USAGE(.BOTH.,#12309);
#12309 = SURFACE_SIDE_STYLE('',(#12310,#12313));
#12310 = SURFACE_STYLE_FILL_AREA(#12311);
#12311 = FILL_AREA_STYLE('',(#12312));
#12312 = FILL_AREA_STYLE_COLOUR('',#9791);
#12313 = SURFACE_STYLE_RENDERING_WITH_PROPERTIES(.NORMAL_SHADING.,#9791,
  (#12314));
#12314 = SURFACE_STYLE_TRANSPARENT(1.);
#12315 = OVER_RIDING_STYLED_ITEM('overriding color',(#12316),#8821,#9784
  );
#12316 = PRESENTATION_STYLE_ASSIGNMENT((#12317));
#12317 = SURFACE_STYLE_USAGE(.BOTH.,#12318);
#12318 = SURFACE_SIDE_STYLE('',(#12319,#12322));
#12319 = SURFACE_STYLE_FILL_AREA(#12320);
#12320 = FILL_AREA_STYLE('',(#12321));
#12321 = FILL_AREA_STYLE_COLOUR('',#9791);
#12322 = SURFACE_STYLE_RENDERING_WITH_PROPERTIES(.NORMAL_SHADING.,#9791,
  (#12323));
#12323 = SURFACE_STYLE_TRANSPARENT(1.);
#12324 = OVER_RIDING_STYLED_ITEM('overriding color',(#12325),#8845,#9784
  );
#12325 = PRESENTATION_STYLE_ASSIGNMENT((#12326));
#12326 = SURFACE_STYLE_USAGE(.BOTH.,#12327);
#12327 = SURFACE_SIDE_STYLE('',(#12328,#12331));
#12328 = SURFACE_STYLE_FILL_AREA(#12329);
#12329 = FILL_AREA_STYLE('',(#12330));
#12330 = FILL_AREA_STYLE_COLOUR('',#9791);
#12331 = SURFACE_STYLE_RENDERING_WITH_PROPERTIES(.NORMAL_SHADING.,#9791,
  (#12332));
#12332 = SURFACE_STYLE_TRANSPARENT(1.);
#12333 = OVER_RIDING_STYLED_ITEM('overriding color',(#12334),#8870,#9784
  );
#12334 = PRESENTATION_STYLE_ASSIGNMENT((#12335));
#12335 = SURFACE_STYLE_USAGE(.BOTH.,#12336);
#12336 = SURFACE_SIDE_STYLE('',(#12337,#12340));
#12337 = SURFACE_STYLE_FILL_AREA(#12338);
#12338 = FILL_AREA_STYLE('',(#12339));
#12339 = FILL_AREA_STYLE_COLOUR('',#9791);
#12340 = SURFACE_STYLE_RENDERING_WITH_PROPERTIES(.NORMAL_SHADING.,#9791,
  (#12341));
#12341 = SURFACE_STYLE_TRANSPARENT(1.);
#12342 = OVER_RIDING_STYLED_ITEM('overriding color',(#12343),#8887,#9784
  );
#12343 = PRESENTATION_STYLE_ASSIGNMENT((#12344));
#12344 = SURFACE_STYLE_USAGE(.BOTH.,#12345);
#12345 = SURFACE_SIDE_STYLE('',(#12346,#12349));
#12346 = SURFACE_STYLE_FILL_AREA(#12347);
#12347 = FILL_AREA_STYLE('',(#12348));
#12348 = FILL_AREA_STYLE_COLOUR('',#9791);
#12349 = SURFACE_STYLE_RENDERING_WITH_PROPERTIES(.NORMAL_SHADING.,#9791,
  (#12350));
#12350 = SURFACE_STYLE_TRANSPARENT(1.);
#12351 = OVER_RIDING_STYLED_ITEM('overriding color',(#12352),#8934,#9784
  );
#12352 = PRESENTATION_STYLE_ASSIGNMENT((#12353));
#12353 = SURFACE_STYLE_USAGE(.BOTH.,#12354);
#12354 = SURFACE_SIDE_STYLE('',(#12355,#12358));
#12355 = SURFACE_STYLE_FILL_AREA(#12356);
#12356 = FILL_AREA_STYLE('',(#12357));
#12357 = FILL_AREA_STYLE_COLOUR('',#9791);
#12358 = SURFACE_STYLE_RENDERING_WITH_PROPERTIES(.NORMAL_SHADING.,#9791,
  (#12359));
#12359 = SURFACE_STYLE_TRANSPARENT(1.);
#12360 = OVER_RIDING_STYLED_ITEM('overriding color',(#12361),#8958,#9784
  );
#12361 = PRESENTATION_STYLE_ASSIGNMENT((#12362));
#12362 = SURFACE_STYLE_USAGE(.BOTH.,#12363);
#12363 = SURFACE_SIDE_STYLE('',(#12364,#12367));
#12364 = SURFACE_STYLE_FILL_AREA(#12365);
#12365 = FILL_AREA_STYLE('',(#12366));
#12366 = FILL_AREA_STYLE_COLOUR('',#9791);
#12367 = SURFACE_STYLE_RENDERING_WITH_PROPERTIES(.NORMAL_SHADING.,#9791,
  (#12368));
#12368 = SURFACE_STYLE_TRANSPARENT(1.);
#12369 = OVER_RIDING_STYLED_ITEM('overriding color',(#12370),#8998,#9784
  );
#12370 = PRESENTATION_STYLE_ASSIGNMENT((#12371));
#12371 = SURFACE_STYLE_USAGE(.BOTH.,#12372);
#12372 = SURFACE_SIDE_STYLE('',(#12373,#12376));
#12373 = SURFACE_STYLE_FILL_AREA(#12374);
#12374 = FILL_AREA_STYLE('',(#12375));
#12375 = FILL_AREA_STYLE_COLOUR('',#9791);
#12376 = SURFACE_STYLE_RENDERING_WITH_PROPERTIES(.NORMAL_SHADING.,#9791,
  (#12377));
#12377 = SURFACE_STYLE_TRANSPARENT(1.);
#12378 = OVER_RIDING_STYLED_ITEM('overriding color',(#12379),#9015,#9784
  );
#12379 = PRESENTATION_STYLE_ASSIGNMENT((#12380));
#12380 = SURFACE_STYLE_USAGE(.BOTH.,#12381);
#12381 = SURFACE_SIDE_STYLE('',(#12382,#12385));
#12382 = SURFACE_STYLE_FILL_AREA(#12383);
#12383 = FILL_AREA_STYLE('',(#12384));
#12384 = FILL_AREA_STYLE_COLOUR('',#9791);
#12385 = SURFACE_STYLE_RENDERING_WITH_PROPERTIES(.NORMAL_SHADING.,#9791,
  (#12386));
#12386 = SURFACE_STYLE_TRANSPARENT(1.);
#12387 = OVER_RIDING_STYLED_ITEM('overriding color',(#12388),#9046,#9784
  );
#12388 = PRESENTATION_STYLE_ASSIGNMENT((#12389));
#12389 = SURFACE_STYLE_USAGE(.BOTH.,#12390);
#12390 = SURFACE_SIDE_STYLE('',(#12391,#12394));
#12391 = SURFACE_STYLE_FILL_AREA(#12392);
#12392 = FILL_AREA_STYLE('',(#12393));
#12393 = FILL_AREA_STYLE_COLOUR('',#9791);
#12394 = SURFACE_STYLE_RENDERING_WITH_PROPERTIES(.NORMAL_SHADING.,#9791,
  (#12395));
#12395 = SURFACE_STYLE_TRANSPARENT(1.);
#12396 = OVER_RIDING_STYLED_ITEM('overriding color',(#12397),#9071,#9784
  );
#12397 = PRESENTATION_STYLE_ASSIGNMENT((#12398));
#12398 = SURFACE_STYLE_USAGE(.BOTH.,#12399);
#12399 = SURFACE_SIDE_STYLE('',(#12400,#12403));
#12400 = SURFACE_STYLE_FILL_AREA(#12401);
#12401 = FILL_AREA_STYLE('',(#12402));
#12402 = FILL_AREA_STYLE_COLOUR('',#9791);
#12403 = SURFACE_STYLE_RENDERING_WITH_PROPERTIES(.NORMAL_SHADING.,#9791,
  (#12404));
#12404 = SURFACE_STYLE_TRANSPARENT(1.);
#12405 = OVER_RIDING_STYLED_ITEM('overriding color',(#12406),#9095,#9784
  );
#12406 = PRESENTATION_STYLE_ASSIGNMENT((#12407));
#12407 = SURFACE_STYLE_USAGE(.BOTH.,#12408);
#12408 = SURFACE_SIDE_STYLE('',(#12409,#12412));
#12409 = SURFACE_STYLE_FILL_AREA(#12410);
#12410 = FILL_AREA_STYLE('',(#12411));
#12411 = FILL_AREA_STYLE_COLOUR('',#9791);
#12412 = SURFACE_STYLE_RENDERING_WITH_PROPERTIES(.NORMAL_SHADING.,#9791,
  (#12413));
#12413 = SURFACE_STYLE_TRANSPARENT(1.);
#12414 = OVER_RIDING_STYLED_ITEM('overriding color',(#12415),#9120,#9784
  );
#12415 = PRESENTATION_STYLE_ASSIGNMENT((#12416));
#12416 = SURFACE_STYLE_USAGE(.BOTH.,#12417);
#12417 = SURFACE_SIDE_STYLE('',(#12418,#12421));
#12418 = SURFACE_STYLE_FILL_AREA(#12419);
#12419 = FILL_AREA_STYLE('',(#12420));
#12420 = FILL_AREA_STYLE_COLOUR('',#9791);
#12421 = SURFACE_STYLE_RENDERING_WITH_PROPERTIES(.NORMAL_SHADING.,#9791,
  (#12422));
#12422 = SURFACE_STYLE_TRANSPARENT(1.);
#12423 = OVER_RIDING_STYLED_ITEM('overriding color',(#12424),#9144,#9784
  );
#12424 = PRESENTATION_STYLE_ASSIGNMENT((#12425));
#12425 = SURFACE_STYLE_USAGE(.BOTH.,#12426);
#12426 = SURFACE_SIDE_STYLE('',(#12427,#12430));
#12427 = SURFACE_STYLE_FILL_AREA(#12428);
#12428 = FILL_AREA_STYLE('',(#12429));
#12429 = FILL_AREA_STYLE_COLOUR('',#9791);
#12430 = SURFACE_STYLE_RENDERING_WITH_PROPERTIES(.NORMAL_SHADING.,#9791,
  (#12431));
#12431 = SURFACE_STYLE_TRANSPARENT(1.);
#12432 = OVER_RIDING_STYLED_ITEM('overriding color',(#12433),#9169,#9784
  );
#12433 = PRESENTATION_STYLE_ASSIGNMENT((#12434));
#12434 = SURFACE_STYLE_USAGE(.BOTH.,#12435);
#12435 = SURFACE_SIDE_STYLE('',(#12436,#12439));
#12436 = SURFACE_STYLE_FILL_AREA(#12437);
#12437 = FILL_AREA_STYLE('',(#12438));
#12438 = FILL_AREA_STYLE_COLOUR('',#9791);
#12439 = SURFACE_STYLE_RENDERING_WITH_PROPERTIES(.NORMAL_SHADING.,#9791,
  (#12440));
#12440 = SURFACE_STYLE_TRANSPARENT(1.);
#12441 = OVER_RIDING_STYLED_ITEM('overriding color',(#12442),#9193,#9784
  );
#12442 = PRESENTATION_STYLE_ASSIGNMENT((#12443));
#12443 = SURFACE_STYLE_USAGE(.BOTH.,#12444);
#12444 = SURFACE_SIDE_STYLE('',(#12445,#12448));
#12445 = SURFACE_STYLE_FILL_AREA(#12446);
#12446 = FILL_AREA_STYLE('',(#12447));
#12447 = FILL_AREA_STYLE_COLOUR('',#9791);
#12448 = SURFACE_STYLE_RENDERING_WITH_PROPERTIES(.NORMAL_SHADING.,#9791,
  (#12449));
#12449 = SURFACE_STYLE_TRANSPARENT(1.);
#12450 = OVER_RIDING_STYLED_ITEM('overriding color',(#12451),#9211,#9784
  );
#12451 = PRESENTATION_STYLE_ASSIGNMENT((#12452));
#12452 = SURFACE_STYLE_USAGE(.BOTH.,#12453);
#12453 = SURFACE_SIDE_STYLE('',(#12454,#12457));
#12454 = SURFACE_STYLE_FILL_AREA(#12455);
#12455 = FILL_AREA_STYLE('',(#12456));
#12456 = FILL_AREA_STYLE_COLOUR('',#9791);
#12457 = SURFACE_STYLE_RENDERING_WITH_PROPERTIES(.NORMAL_SHADING.,#9791,
  (#12458));
#12458 = SURFACE_STYLE_TRANSPARENT(1.);
#12459 = OVER_RIDING_STYLED_ITEM('overriding color',(#12460),#9241,#9784
  );
#12460 = PRESENTATION_STYLE_ASSIGNMENT((#12461));
#12461 = SURFACE_STYLE_USAGE(.BOTH.,#12462);
#12462 = SURFACE_SIDE_STYLE('',(#12463,#12466));
#12463 = SURFACE_STYLE_FILL_AREA(#12464);
#12464 = FILL_AREA_STYLE('',(#12465));
#12465 = FILL_AREA_STYLE_COLOUR('',#9791);
#12466 = SURFACE_STYLE_RENDERING_WITH_PROPERTIES(.NORMAL_SHADING.,#9791,
  (#12467));
#12467 = SURFACE_STYLE_TRANSPARENT(1.);
#12468 = OVER_RIDING_STYLED_ITEM('overriding color',(#12469),#9258,#9784
  );
#12469 = PRESENTATION_STYLE_ASSIGNMENT((#12470));
#12470 = SURFACE_STYLE_USAGE(.BOTH.,#12471);
#12471 = SURFACE_SIDE_STYLE('',(#12472,#12475));
#12472 = SURFACE_STYLE_FILL_AREA(#12473);
#12473 = FILL_AREA_STYLE('',(#12474));
#12474 = FILL_AREA_STYLE_COLOUR('',#9791);
#12475 = SURFACE_STYLE_RENDERING_WITH_PROPERTIES(.NORMAL_SHADING.,#9791,
  (#12476));
#12476 = SURFACE_STYLE_TRANSPARENT(1.);
#12477 = OVER_RIDING_STYLED_ITEM('overriding color',(#12478),#9270,#9784
  );
#12478 = PRESENTATION_STYLE_ASSIGNMENT((#12479));
#12479 = SURFACE_STYLE_USAGE(.BOTH.,#12480);
#12480 = SURFACE_SIDE_STYLE('',(#12481,#12484));
#12481 = SURFACE_STYLE_FILL_AREA(#12482);
#12482 = FILL_AREA_STYLE('',(#12483));
#12483 = FILL_AREA_STYLE_COLOUR('',#9791);
#12484 = SURFACE_STYLE_RENDERING_WITH_PROPERTIES(.NORMAL_SHADING.,#9791,
  (#12485));
#12485 = SURFACE_STYLE_TRANSPARENT(1.);
#12486 = OVER_RIDING_STYLED_ITEM('overriding color',(#12487),#9292,#9784
  );
#12487 = PRESENTATION_STYLE_ASSIGNMENT((#12488));
#12488 = SURFACE_STYLE_USAGE(.BOTH.,#12489);
#12489 = SURFACE_SIDE_STYLE('',(#12490,#12493));
#12490 = SURFACE_STYLE_FILL_AREA(#12491);
#12491 = FILL_AREA_STYLE('',(#12492));
#12492 = FILL_AREA_STYLE_COLOUR('',#9791);
#12493 = SURFACE_STYLE_RENDERING_WITH_PROPERTIES(.NORMAL_SHADING.,#9791,
  (#12494));
#12494 = SURFACE_STYLE_TRANSPARENT(1.);
#12495 = OVER_RIDING_STYLED_ITEM('overriding color',(#12496),#9319,#9784
  );
#12496 = PRESENTATION_STYLE_ASSIGNMENT((#12497));
#12497 = SURFACE_STYLE_USAGE(.BOTH.,#12498);
#12498 = SURFACE_SIDE_STYLE('',(#12499,#12502));
#12499 = SURFACE_STYLE_FILL_AREA(#12500);
#12500 = FILL_AREA_STYLE('',(#12501));
#12501 = FILL_AREA_STYLE_COLOUR('',#9791);
#12502 = SURFACE_STYLE_RENDERING_WITH_PROPERTIES(.NORMAL_SHADING.,#9791,
  (#12503));
#12503 = SURFACE_STYLE_TRANSPARENT(1.);
#12504 = OVER_RIDING_STYLED_ITEM('overriding color',(#12505),#9336,#9784
  );
#12505 = PRESENTATION_STYLE_ASSIGNMENT((#12506));
#12506 = SURFACE_STYLE_USAGE(.BOTH.,#12507);
#12507 = SURFACE_SIDE_STYLE('',(#12508,#12511));
#12508 = SURFACE_STYLE_FILL_AREA(#12509);
#12509 = FILL_AREA_STYLE('',(#12510));
#12510 = FILL_AREA_STYLE_COLOUR('',#9791);
#12511 = SURFACE_STYLE_RENDERING_WITH_PROPERTIES(.NORMAL_SHADING.,#9791,
  (#12512));
#12512 = SURFACE_STYLE_TRANSPARENT(1.);
#12513 = OVER_RIDING_STYLED_ITEM('overriding color',(#12514),#9292,#9784
  );
#12514 = PRESENTATION_STYLE_ASSIGNMENT((#12515));
#12515 = SURFACE_STYLE_USAGE(.BOTH.,#12516);
#12516 = SURFACE_SIDE_STYLE('',(#12517,#12520));
#12517 = SURFACE_STYLE_FILL_AREA(#12518);
#12518 = FILL_AREA_STYLE('',(#12519));
#12519 = FILL_AREA_STYLE_COLOUR('',#9791);
#12520 = SURFACE_STYLE_RENDERING_WITH_PROPERTIES(.NORMAL_SHADING.,#9791,
  (#12521));
#12521 = SURFACE_STYLE_TRANSPARENT(1.);
#12522 = OVER_RIDING_STYLED_ITEM('overriding color',(#12523),#9375,#9784
  );
#12523 = PRESENTATION_STYLE_ASSIGNMENT((#12524));
#12524 = SURFACE_STYLE_USAGE(.BOTH.,#12525);
#12525 = SURFACE_SIDE_STYLE('',(#12526,#12529));
#12526 = SURFACE_STYLE_FILL_AREA(#12527);
#12527 = FILL_AREA_STYLE('',(#12528));
#12528 = FILL_AREA_STYLE_COLOUR('',#9791);
#12529 = SURFACE_STYLE_RENDERING_WITH_PROPERTIES(.NORMAL_SHADING.,#9791,
  (#12530));
#12530 = SURFACE_STYLE_TRANSPARENT(1.);
#12531 = OVER_RIDING_STYLED_ITEM('overriding color',(#12532),#9392,#9784
  );
#12532 = PRESENTATION_STYLE_ASSIGNMENT((#12533));
#12533 = SURFACE_STYLE_USAGE(.BOTH.,#12534);
#12534 = SURFACE_SIDE_STYLE('',(#12535,#12538));
#12535 = SURFACE_STYLE_FILL_AREA(#12536);
#12536 = FILL_AREA_STYLE('',(#12537));
#12537 = FILL_AREA_STYLE_COLOUR('',#9791);
#12538 = SURFACE_STYLE_RENDERING_WITH_PROPERTIES(.NORMAL_SHADING.,#9791,
  (#12539));
#12539 = SURFACE_STYLE_TRANSPARENT(1.);
#12540 = OVER_RIDING_STYLED_ITEM('overriding color',(#12541),#9404,#9784
  );
#12541 = PRESENTATION_STYLE_ASSIGNMENT((#12542));
#12542 = SURFACE_STYLE_USAGE(.BOTH.,#12543);
#12543 = SURFACE_SIDE_STYLE('',(#12544,#12547));
#12544 = SURFACE_STYLE_FILL_AREA(#12545);
#12545 = FILL_AREA_STYLE('',(#12546));
#12546 = FILL_AREA_STYLE_COLOUR('',#9791);
#12547 = SURFACE_STYLE_RENDERING_WITH_PROPERTIES(.NORMAL_SHADING.,#9791,
  (#12548));
#12548 = SURFACE_STYLE_TRANSPARENT(1.);
#12549 = OVER_RIDING_STYLED_ITEM('overriding color',(#12550),#9436,#9784
  );
#12550 = PRESENTATION_STYLE_ASSIGNMENT((#12551));
#12551 = SURFACE_STYLE_USAGE(.BOTH.,#12552);
#12552 = SURFACE_SIDE_STYLE('',(#12553,#12556));
#12553 = SURFACE_STYLE_FILL_AREA(#12554);
#12554 = FILL_AREA_STYLE('',(#12555));
#12555 = FILL_AREA_STYLE_COLOUR('',#9791);
#12556 = SURFACE_STYLE_RENDERING_WITH_PROPERTIES(.NORMAL_SHADING.,#9791,
  (#12557));
#12557 = SURFACE_STYLE_TRANSPARENT(1.);
#12558 = OVER_RIDING_STYLED_ITEM('overriding color',(#12559),#9460,#9784
  );
#12559 = PRESENTATION_STYLE_ASSIGNMENT((#12560));
#12560 = SURFACE_STYLE_USAGE(.BOTH.,#12561);
#12561 = SURFACE_SIDE_STYLE('',(#12562,#12565));
#12562 = SURFACE_STYLE_FILL_AREA(#12563);
#12563 = FILL_AREA_STYLE('',(#12564));
#12564 = FILL_AREA_STYLE_COLOUR('',#9791);
#12565 = SURFACE_STYLE_RENDERING_WITH_PROPERTIES(.NORMAL_SHADING.,#9791,
  (#12566));
#12566 = SURFACE_STYLE_TRANSPARENT(1.);
#12567 = OVER_RIDING_STYLED_ITEM('overriding color',(#12568),#9485,#9784
  );
#12568 = PRESENTATION_STYLE_ASSIGNMENT((#12569));
#12569 = SURFACE_STYLE_USAGE(.BOTH.,#12570);
#12570 = SURFACE_SIDE_STYLE('',(#12571,#12574));
#12571 = SURFACE_STYLE_FILL_AREA(#12572);
#12572 = FILL_AREA_STYLE('',(#12573));
#12573 = FILL_AREA_STYLE_COLOUR('',#9791);
#12574 = SURFACE_STYLE_RENDERING_WITH_PROPERTIES(.NORMAL_SHADING.,#9791,
  (#12575));
#12575 = SURFACE_STYLE_TRANSPARENT(1.);
#12576 = OVER_RIDING_STYLED_ITEM('overriding color',(#12577),#9509,#9784
  );
#12577 = PRESENTATION_STYLE_ASSIGNMENT((#12578));
#12578 = SURFACE_STYLE_USAGE(.BOTH.,#12579);
#12579 = SURFACE_SIDE_STYLE('',(#12580,#12583));
#12580 = SURFACE_STYLE_FILL_AREA(#12581);
#12581 = FILL_AREA_STYLE('',(#12582));
#12582 = FILL_AREA_STYLE_COLOUR('',#9791);
#12583 = SURFACE_STYLE_RENDERING_WITH_PROPERTIES(.NORMAL_SHADING.,#9791,
  (#12584));
#12584 = SURFACE_STYLE_TRANSPARENT(1.);
#12585 = OVER_RIDING_STYLED_ITEM('overriding color',(#12586),#9534,#9784
  );
#12586 = PRESENTATION_STYLE_ASSIGNMENT((#12587));
#12587 = SURFACE_STYLE_USAGE(.BOTH.,#12588);
#12588 = SURFACE_SIDE_STYLE('',(#12589,#12592));
#12589 = SURFACE_STYLE_FILL_AREA(#12590);
#12590 = FILL_AREA_STYLE('',(#12591));
#12591 = FILL_AREA_STYLE_COLOUR('',#9791);
#12592 = SURFACE_STYLE_RENDERING_WITH_PROPERTIES(.NORMAL_SHADING.,#9791,
  (#12593));
#12593 = SURFACE_STYLE_TRANSPARENT(1.);
#12594 = OVER_RIDING_STYLED_ITEM('overriding color',(#12595),#9558,#9784
  );
#12595 = PRESENTATION_STYLE_ASSIGNMENT((#12596));
#12596 = SURFACE_STYLE_USAGE(.BOTH.,#12597);
#12597 = SURFACE_SIDE_STYLE('',(#12598,#12601));
#12598 = SURFACE_STYLE_FILL_AREA(#12599);
#12599 = FILL_AREA_STYLE('',(#12600));
#12600 = FILL_AREA_STYLE_COLOUR('',#9791);
#12601 = SURFACE_STYLE_RENDERING_WITH_PROPERTIES(.NORMAL_SHADING.,#9791,
  (#12602));
#12602 = SURFACE_STYLE_TRANSPARENT(1.);
#12603 = OVER_RIDING_STYLED_ITEM('overriding color',(#12604),#9583,#9784
  );
#12604 = PRESENTATION_STYLE_ASSIGNMENT((#12605));
#12605 = SURFACE_STYLE_USAGE(.BOTH.,#12606);
#12606 = SURFACE_SIDE_STYLE('',(#12607,#12610));
#12607 = SURFACE_STYLE_FILL_AREA(#12608);
#12608 = FILL_AREA_STYLE('',(#12609));
#12609 = FILL_AREA_STYLE_COLOUR('',#9791);
#12610 = SURFACE_STYLE_RENDERING_WITH_PROPERTIES(.NORMAL_SHADING.,#9791,
  (#12611));
#12611 = SURFACE_STYLE_TRANSPARENT(1.);
#12612 = OVER_RIDING_STYLED_ITEM('overriding color',(#12613),#9600,#9784
  );
#12613 = PRESENTATION_STYLE_ASSIGNMENT((#12614));
#12614 = SURFACE_STYLE_USAGE(.BOTH.,#12615);
#12615 = SURFACE_SIDE_STYLE('',(#12616,#12619));
#12616 = SURFACE_STYLE_FILL_AREA(#12617);
#12617 = FILL_AREA_STYLE('',(#12618));
#12618 = FILL_AREA_STYLE_COLOUR('',#9791);
#12619 = SURFACE_STYLE_RENDERING_WITH_PROPERTIES(.NORMAL_SHADING.,#9791,
  (#12620));
#12620 = SURFACE_STYLE_TRANSPARENT(1.);
#12621 = OVER_RIDING_STYLED_ITEM('overriding color',(#12622),#9635,#9784
  );
#12622 = PRESENTATION_STYLE_ASSIGNMENT((#12623));
#12623 = SURFACE_STYLE_USAGE(.BOTH.,#12624);
#12624 = SURFACE_SIDE_STYLE('',(#12625,#12628));
#12625 = SURFACE_STYLE_FILL_AREA(#12626);
#12626 = FILL_AREA_STYLE('',(#12627));
#12627 = FILL_AREA_STYLE_COLOUR('',#9791);
#12628 = SURFACE_STYLE_RENDERING_WITH_PROPERTIES(.NORMAL_SHADING.,#9791,
  (#12629));
#12629 = SURFACE_STYLE_TRANSPARENT(1.);
#12630 = OVER_RIDING_STYLED_ITEM('overriding color',(#12631),#9659,#9784
  );
#12631 = PRESENTATION_STYLE_ASSIGNMENT((#12632));
#12632 = SURFACE_STYLE_USAGE(.BOTH.,#12633);
#12633 = SURFACE_SIDE_STYLE('',(#12634,#12637));
#12634 = SURFACE_STYLE_FILL_AREA(#12635);
#12635 = FILL_AREA_STYLE('',(#12636));
#12636 = FILL_AREA_STYLE_COLOUR('',#9791);
#12637 = SURFACE_STYLE_RENDERING_WITH_PROPERTIES(.NORMAL_SHADING.,#9791,
  (#12638));
#12638 = SURFACE_STYLE_TRANSPARENT(1.);
#12639 = OVER_RIDING_STYLED_ITEM('overriding color',(#12640),#9677,#9784
  );
#12640 = PRESENTATION_STYLE_ASSIGNMENT((#12641));
#12641 = SURFACE_STYLE_USAGE(.BOTH.,#12642);
#12642 = SURFACE_SIDE_STYLE('',(#12643,#12646));
#12643 = SURFACE_STYLE_FILL_AREA(#12644);
#12644 = FILL_AREA_STYLE('',(#12645));
#12645 = FILL_AREA_STYLE_COLOUR('',#9791);
#12646 = SURFACE_STYLE_RENDERING_WITH_PROPERTIES(.NORMAL_SHADING.,#9791,
  (#12647));
#12647 = SURFACE_STYLE_TRANSPARENT(1.);
#12648 = OVER_RIDING_STYLED_ITEM('overriding color',(#12649),#9749,#9784
  );
#12649 = PRESENTATION_STYLE_ASSIGNMENT((#12650));
#12650 = SURFACE_STYLE_USAGE(.BOTH.,#12651);
#12651 = SURFACE_SIDE_STYLE('',(#12652,#12655));
#12652 = SURFACE_STYLE_FILL_AREA(#12653);
#12653 = FILL_AREA_STYLE('',(#12654));
#12654 = FILL_AREA_STYLE_COLOUR('',#9791);
#12655 = SURFACE_STYLE_RENDERING_WITH_PROPERTIES(.NORMAL_SHADING.,#9791,
  (#12656));
#12656 = SURFACE_STYLE_TRANSPARENT(1.);
#12657 = OVER_RIDING_STYLED_ITEM('overriding color',(#12658),#9763,#9784
  );
#12658 = PRESENTATION_STYLE_ASSIGNMENT((#12659));
#12659 = SURFACE_STYLE_USAGE(.BOTH.,#12660);
#12660 = SURFACE_SIDE_STYLE('',(#12661,#12664));
#12661 = SURFACE_STYLE_FILL_AREA(#12662);
#12662 = FILL_AREA_STYLE('',(#12663));
#12663 = FILL_AREA_STYLE_COLOUR('',#9791);
#12664 = SURFACE_STYLE_RENDERING_WITH_PROPERTIES(.NORMAL_SHADING.,#9791,
  (#12665));
#12665 = SURFACE_STYLE_TRANSPARENT(1.);
ENDSEC;
END-ISO-10303-21;
