ISO-10303-21;
HEADER;
FILE_DESCRIPTION(('FreeCAD Model'),'2;1');
FILE_NAME('Open CASCADE Shape Model','2026-03-07T12:54:33',(''),(''),
  'Open CASCADE STEP processor 7.8','FreeCAD','Unknown');
FILE_SCHEMA(('AUTOMOTIVE_DESIGN { 1 0 10303 214 1 1 1 1 }'));
ENDSEC;
DATA;
#1 = APPLICATION_PROTOCOL_DEFINITION('international standard',
  'automotive_design',2000,#2);
#2 = APPLICATION_CONTEXT(
  'core data for automotive mechanical design processes');
#3 = SHAPE_DEFINITION_REPRESENTATION(#4,#10);
#4 = PRODUCT_DEFINITION_SHAPE('','',#5);
#5 = PRODUCT_DEFINITION('design','',#6,#9);
#6 = PRODUCT_DEFINITION_FORMATION('','',#7);
#7 = PRODUCT('Width sacrificial layer','Width sacrificial layer','',(#8)
  );
#8 = PRODUCT_CONTEXT('',#2,'mechanical');
#9 = PRODUCT_DEFINITION_CONTEXT('part definition',#2,'design');
#10 = ADVANCED_BREP_SHAPE_REPRESENTATION('',(#11,#15),#10251);
#11 = AXIS2_PLACEMENT_3D('',#12,#13,#14);
#12 = CARTESIAN_POINT('',(0.,0.,0.));
#13 = DIRECTION('',(0.,0.,1.));
#14 = DIRECTION('',(1.,0.,-0.));
#15 = MANIFOLD_SOLID_BREP('',#16);
#16 = CLOSED_SHELL('',(#17,#57,#90,#112,#150,#181,#205,#223,#254,#294,
    #327,#349,#387,#418,#442,#460,#491,#531,#562,#593,#624,#760,#809,
    #840,#880,#913,#1040,#1080,#1198,#1230,#1262,#1293,#1324,#1355,#1708
    ,#1759,#1811,#1863,#1877,#1895,#1905,#1923,#1933,#2002,#2041,#2065,
    #2096,#2127,#2159,#2202,#2245,#2331,#2347,#2420,#2491,#2514,#2545,
    #2568,#2597,#2654,#2678,#2846,#2870,#2904,#2935,#2959,#2983,#3000,
    #3032,#3056,#3073,#3105,#3129,#3146,#3181,#3198,#3230,#3340,#3356,
    #3519,#3535,#3567,#3616,#3641,#3666,#3699,#3723,#3740,#3758,#3781,
    #3798,#3829,#3846,#3868,#3899,#3923,#3949,#3966,#3983,#4014,#4038,
    #4062,#4086,#4103,#4128,#4145,#4176,#4201,#4261,#4302,#4318,#4343,
    #4360,#4384,#4415,#4449,#4461,#4498,#4520,#4545,#4569,#4591,#4615,
    #4663,#4691,#4729,#4761,#4778,#4803,#4835,#4852,#4883,#4907,#4925,
    #4956,#4980,#4998,#5020,#5049,#5078,#5102,#5133,#5155,#5179,#5203,
    #5220,#5321,#5345,#5369,#5386,#5487,#5511,#5535,#5552,#5582,#5600,
    #5630,#5647,#5683,#5719,#5744,#5755,#5850,#5861,#5969,#5996,#6020,
    #6044,#6140,#6163,#6175,#6199,#6211,#6223,#6239,#6263,#6281,#6292,
    #6303,#6320,#6332,#6349,#6361,#6378,#6395,#6417,#6434,#6446,#6470,
    #6481,#6505,#6516,#6533,#6571,#6609,#6620,#6910,#6934,#7236,#7247,
    #7264,#7276,#7298,#7315,#7332,#7349,#7366,#7383,#7400,#7412,#7424,
    #7446,#7463,#7480,#7497,#7514,#7531,#7548,#7560,#7572,#7604,#7628,
    #7645,#7677,#7701,#7718,#7730,#7761,#7785,#7803,#7835,#7859,#7876,
    #7908,#7932,#7949,#7966,#7978,#8010,#8034,#8051,#8073,#8090,#8102,
    #8124,#8141,#8153,#8184,#8209,#8233,#8258,#8282,#8307,#8331,#8349,
    #8396,#8420,#8460,#8485,#8516,#8541,#8565,#8590,#8614,#8639,#8663,
    #8681,#8728,#8752,#8792,#8809,#8841,#8865,#8890,#8914,#8939,#8963,
    #8988,#9005,#9052,#9076,#9116,#9133,#9165,#9189,#9214,#9238,#9263,
    #9287,#9312,#9329,#9376,#9400,#9440,#9457,#9473,#9489,#9520,#9545,
    #9569,#9594,#9618,#9643,#9667,#9685,#9715,#9732,#9744,#9766,#9793,
    #9810,#9822,#9849,#9866,#9878,#9910,#9934,#9959,#9983,#10008,#10032,
    #10057,#10074,#10109,#10133,#10151,#10163,#10207,#10223,#10237));
#17 = ADVANCED_FACE('',(#18),#52,.F.);
#18 = FACE_BOUND('',#19,.F.);
#19 = EDGE_LOOP('',(#20,#30,#38,#46));
#20 = ORIENTED_EDGE('',*,*,#21,.F.);
#21 = EDGE_CURVE('',#22,#24,#26,.T.);
#22 = VERTEX_POINT('',#23);
#23 = CARTESIAN_POINT('',(17.,-20.5,16.94828261405));
#24 = VERTEX_POINT('',#25);
#25 = CARTESIAN_POINT('',(17.,-19.44368898373,16.386632083933));
#26 = LINE('',#27,#28);
#27 = CARTESIAN_POINT('',(17.,-20.5,16.94828261405));
#28 = VECTOR('',#29,1.);
#29 = DIRECTION('',(0.,0.882947592859,-0.469471562786));
#30 = ORIENTED_EDGE('',*,*,#31,.T.);
#31 = EDGE_CURVE('',#22,#32,#34,.T.);
#32 = VERTEX_POINT('',#33);
#33 = CARTESIAN_POINT('',(18.5,-20.5,16.94828261405));
#34 = LINE('',#35,#36);
#35 = CARTESIAN_POINT('',(17.,-20.5,16.94828261405));
#36 = VECTOR('',#37,1.);
#37 = DIRECTION('',(1.,0.,0.));
#38 = ORIENTED_EDGE('',*,*,#39,.F.);
#39 = EDGE_CURVE('',#40,#32,#42,.T.);
#40 = VERTEX_POINT('',#41);
#41 = CARTESIAN_POINT('',(18.5,-19.44368898373,16.386632083933));
#42 = LINE('',#43,#44);
#43 = CARTESIAN_POINT('',(18.5,-10.54581941526,11.655550912685));
#44 = VECTOR('',#45,1.);
#45 = DIRECTION('',(0.,-0.882947592859,0.469471562786));
#46 = ORIENTED_EDGE('',*,*,#47,.F.);
#47 = EDGE_CURVE('',#24,#40,#48,.T.);
#48 = LINE('',#49,#50);
#49 = CARTESIAN_POINT('',(17.,-19.44368898373,16.386632083933));
#50 = VECTOR('',#51,1.);
#51 = DIRECTION('',(1.,0.,0.));
#52 = PLANE('',#53);
#53 = AXIS2_PLACEMENT_3D('',#54,#55,#56);
#54 = CARTESIAN_POINT('',(17.,-20.5,16.94828261405));
#55 = DIRECTION('',(0.,0.469471562786,0.882947592859));
#56 = DIRECTION('',(0.,0.882947592859,-0.469471562786));
#57 = ADVANCED_FACE('',(#58),#85,.F.);
#58 = FACE_BOUND('',#59,.T.);
#59 = EDGE_LOOP('',(#60,#69,#77,#84));
#60 = ORIENTED_EDGE('',*,*,#61,.F.);
#61 = EDGE_CURVE('',#62,#24,#64,.T.);
#62 = VERTEX_POINT('',#63);
#63 = CARTESIAN_POINT('',(17.,-21.55631101626,16.386632083933));
#64 = CIRCLE('',#65,2.25);
#65 = AXIS2_PLACEMENT_3D('',#66,#67,#68);
#66 = CARTESIAN_POINT('',(17.,-20.5,14.4));
#67 = DIRECTION('',(1.,0.,0.));
#68 = DIRECTION('',(0.,1.,0.));
#69 = ORIENTED_EDGE('',*,*,#70,.T.);
#70 = EDGE_CURVE('',#62,#71,#73,.T.);
#71 = VERTEX_POINT('',#72);
#72 = CARTESIAN_POINT('',(18.5,-21.55631101626,16.386632083933));
#73 = LINE('',#74,#75);
#74 = CARTESIAN_POINT('',(17.,-21.55631101626,16.386632083933));
#75 = VECTOR('',#76,1.);
#76 = DIRECTION('',(1.,0.,0.));
#77 = ORIENTED_EDGE('',*,*,#78,.F.);
#78 = EDGE_CURVE('',#40,#71,#79,.T.);
#79 = CIRCLE('',#80,2.25);
#80 = AXIS2_PLACEMENT_3D('',#81,#82,#83);
#81 = CARTESIAN_POINT('',(18.5,-20.5,14.4));
#82 = DIRECTION('',(-1.,0.,4.4E-16));
#83 = DIRECTION('',(-4.4E-33,1.,-1.E-17));
#84 = ORIENTED_EDGE('',*,*,#47,.F.);
#85 = CYLINDRICAL_SURFACE('',#86,2.25);
#86 = AXIS2_PLACEMENT_3D('',#87,#88,#89);
#87 = CARTESIAN_POINT('',(17.,-20.5,14.4));
#88 = DIRECTION('',(-1.,-0.,-0.));
#89 = DIRECTION('',(0.,1.,0.));
#90 = ADVANCED_FACE('',(#91),#107,.F.);
#91 = FACE_BOUND('',#92,.F.);
#92 = EDGE_LOOP('',(#93,#99,#100,#106));
#93 = ORIENTED_EDGE('',*,*,#94,.F.);
#94 = EDGE_CURVE('',#62,#22,#95,.T.);
#95 = LINE('',#96,#97);
#96 = CARTESIAN_POINT('',(17.,-21.55631101626,16.386632083933));
#97 = VECTOR('',#98,1.);
#98 = DIRECTION('',(0.,0.882947592859,0.469471562786));
#99 = ORIENTED_EDGE('',*,*,#70,.T.);
#100 = ORIENTED_EDGE('',*,*,#101,.F.);
#101 = EDGE_CURVE('',#32,#71,#102,.T.);
#102 = LINE('',#103,#104);
#103 = CARTESIAN_POINT('',(18.5,-12.34998089639,21.281724639659));
#104 = VECTOR('',#105,1.);
#105 = DIRECTION('',(0.,-0.882947592859,-0.469471562786));
#106 = ORIENTED_EDGE('',*,*,#31,.F.);
#107 = PLANE('',#108);
#108 = AXIS2_PLACEMENT_3D('',#109,#110,#111);
#109 = CARTESIAN_POINT('',(17.,-21.55631101626,16.386632083933));
#110 = DIRECTION('',(0.,-0.469471562786,0.882947592859));
#111 = DIRECTION('',(0.,0.882947592859,0.469471562786));
#112 = ADVANCED_FACE('',(#113,#140),#145,.T.);
#113 = FACE_BOUND('',#114,.T.);
#114 = EDGE_LOOP('',(#115,#125,#134));
#115 = ORIENTED_EDGE('',*,*,#116,.T.);
#116 = EDGE_CURVE('',#117,#119,#121,.T.);
#117 = VERTEX_POINT('',#118);
#118 = CARTESIAN_POINT('',(17.,-20.5,16.933057691858));
#119 = VERTEX_POINT('',#120);
#120 = CARTESIAN_POINT('',(17.,-19.32569490271,16.140978902366));
#121 = LINE('',#122,#123);
#122 = CARTESIAN_POINT('',(17.,-19.94080709653,16.55587731591));
#123 = VECTOR('',#124,1.);
#124 = DIRECTION('',(0.,0.829037572555,-0.55919290347));
#125 = ORIENTED_EDGE('',*,*,#126,.T.);
#126 = EDGE_CURVE('',#119,#127,#129,.T.);
#127 = VERTEX_POINT('',#128);
#128 = CARTESIAN_POINT('',(17.,-21.67430509728,16.140978902366));
#129 = CIRCLE('',#130,2.1);
#130 = AXIS2_PLACEMENT_3D('',#131,#132,#133);
#131 = CARTESIAN_POINT('',(17.,-20.5,14.4));
#132 = DIRECTION('',(-1.,0.,0.));
#133 = DIRECTION('',(0.,0.559192903471,0.829037572555));
#134 = ORIENTED_EDGE('',*,*,#135,.T.);
#135 = EDGE_CURVE('',#127,#117,#136,.T.);
#136 = LINE('',#137,#138);
#137 = CARTESIAN_POINT('',(17.,-21.67430509728,16.140978902366));
#138 = VECTOR('',#139,1.);
#139 = DIRECTION('',(0.,0.829037572555,0.559192903471));
#140 = FACE_BOUND('',#141,.T.);
#141 = EDGE_LOOP('',(#142,#143,#144));
#142 = ORIENTED_EDGE('',*,*,#61,.T.);
#143 = ORIENTED_EDGE('',*,*,#21,.F.);
#144 = ORIENTED_EDGE('',*,*,#94,.F.);
#145 = PLANE('',#146);
#146 = AXIS2_PLACEMENT_3D('',#147,#148,#149);
#147 = CARTESIAN_POINT('',(17.,-20.5,14.587967208153));
#148 = DIRECTION('',(1.,0.,0.));
#149 = DIRECTION('',(0.,1.,0.));
#150 = ADVANCED_FACE('',(#151),#176,.F.);
#151 = FACE_BOUND('',#152,.T.);
#152 = EDGE_LOOP('',(#153,#161,#169,#175));
#153 = ORIENTED_EDGE('',*,*,#154,.F.);
#154 = EDGE_CURVE('',#155,#117,#157,.T.);
#155 = VERTEX_POINT('',#156);
#156 = CARTESIAN_POINT('',(16.,-20.5,15.726839743354));
#157 = LINE('',#158,#159);
#158 = CARTESIAN_POINT('',(16.305410480086,-20.5,16.095231346095));
#159 = VECTOR('',#160,1.);
#160 = DIRECTION('',(0.638230619643,-2.3332E-13,0.769845228698));
#161 = ORIENTED_EDGE('',*,*,#162,.T.);
#162 = EDGE_CURVE('',#155,#163,#165,.T.);
#163 = VERTEX_POINT('',#164);
#164 = CARTESIAN_POINT('',(16.,-19.88488780618,15.311941329811));
#165 = LINE('',#166,#167);
#166 = CARTESIAN_POINT('',(16.,-20.5,15.726839743354));
#167 = VECTOR('',#168,1.);
#168 = DIRECTION('',(0.,0.829037572555,-0.55919290347));
#169 = ORIENTED_EDGE('',*,*,#170,.T.);
#170 = EDGE_CURVE('',#163,#119,#171,.T.);
#171 = LINE('',#172,#173);
#172 = CARTESIAN_POINT('',(16.5,-19.60529135444,15.726460116088));
#173 = VECTOR('',#174,1.);
#174 = DIRECTION('',(0.707106781187,0.395409094035,0.586218089412));
#175 = ORIENTED_EDGE('',*,*,#116,.F.);
#176 = PLANE('',#177);
#177 = AXIS2_PLACEMENT_3D('',#178,#179,#180);
#178 = CARTESIAN_POINT('',(16.5,-20.22040354826,16.141358529632));
#179 = DIRECTION('',(-0.707106781187,0.395409094035,0.586218089412));
#180 = DIRECTION('',(1.110223024625E-16,-0.829037572555,0.55919290347));
#181 = ADVANCED_FACE('',(#182),#200,.F.);
#182 = FACE_BOUND('',#183,.T.);
#183 = EDGE_LOOP('',(#184,#192,#198,#199));
#184 = ORIENTED_EDGE('',*,*,#185,.F.);
#185 = EDGE_CURVE('',#186,#127,#188,.T.);
#186 = VERTEX_POINT('',#187);
#187 = CARTESIAN_POINT('',(16.,-21.11511219381,15.311941329811));
#188 = LINE('',#189,#190);
#189 = CARTESIAN_POINT('',(16.,-21.11511219381,15.311941329811));
#190 = VECTOR('',#191,1.);
#191 = DIRECTION('',(0.707106781187,-0.395409094036,0.586218089412));
#192 = ORIENTED_EDGE('',*,*,#193,.T.);
#193 = EDGE_CURVE('',#186,#155,#194,.T.);
#194 = LINE('',#195,#196);
#195 = CARTESIAN_POINT('',(16.,-21.11511219381,15.311941329811));
#196 = VECTOR('',#197,1.);
#197 = DIRECTION('',(0.,0.829037572555,0.559192903471));
#198 = ORIENTED_EDGE('',*,*,#154,.T.);
#199 = ORIENTED_EDGE('',*,*,#135,.F.);
#200 = PLANE('',#201);
#201 = AXIS2_PLACEMENT_3D('',#202,#203,#204);
#202 = CARTESIAN_POINT('',(16.5,-21.39470864555,15.726460116088));
#203 = DIRECTION('',(-0.707106781187,-0.395409094035,0.586218089412));
#204 = DIRECTION('',(2.775557561563E-17,-0.829037572555,-0.559192903471)
  );
#205 = ADVANCED_FACE('',(#206),#218,.F.);
#206 = FACE_BOUND('',#207,.T.);
#207 = EDGE_LOOP('',(#208,#209,#216,#217));
#208 = ORIENTED_EDGE('',*,*,#170,.F.);
#209 = ORIENTED_EDGE('',*,*,#210,.T.);
#210 = EDGE_CURVE('',#163,#186,#211,.T.);
#211 = CIRCLE('',#212,1.1);
#212 = AXIS2_PLACEMENT_3D('',#213,#214,#215);
#213 = CARTESIAN_POINT('',(16.,-20.5,14.4));
#214 = DIRECTION('',(-1.,0.,0.));
#215 = DIRECTION('',(0.,0.559192903471,0.829037572555));
#216 = ORIENTED_EDGE('',*,*,#185,.T.);
#217 = ORIENTED_EDGE('',*,*,#126,.F.);
#218 = CONICAL_SURFACE('',#219,1.1,0.785398163397);
#219 = AXIS2_PLACEMENT_3D('',#220,#221,#222);
#220 = CARTESIAN_POINT('',(16.,-20.5,14.4));
#221 = DIRECTION('',(1.,0.,0.));
#222 = DIRECTION('',(0.,0.559192903471,0.829037572555));
#223 = ADVANCED_FACE('',(#224),#249,.F.);
#224 = FACE_BOUND('',#225,.F.);
#225 = EDGE_LOOP('',(#226,#234,#242,#248));
#226 = ORIENTED_EDGE('',*,*,#227,.F.);
#227 = EDGE_CURVE('',#228,#163,#230,.T.);
#228 = VERTEX_POINT('',#229);
#229 = CARTESIAN_POINT('',(14.5,-19.88488780618,15.311941329811));
#230 = LINE('',#231,#232);
#231 = CARTESIAN_POINT('',(14.5,-19.88488780618,15.311941329811));
#232 = VECTOR('',#233,1.);
#233 = DIRECTION('',(1.,0.,0.));
#234 = ORIENTED_EDGE('',*,*,#235,.F.);
#235 = EDGE_CURVE('',#236,#228,#238,.T.);
#236 = VERTEX_POINT('',#237);
#237 = CARTESIAN_POINT('',(14.5,-20.5,15.726839743354));
#238 = LINE('',#239,#240);
#239 = CARTESIAN_POINT('',(14.5,-20.5,15.726839743354));
#240 = VECTOR('',#241,1.);
#241 = DIRECTION('',(0.,0.829037572555,-0.55919290347));
#242 = ORIENTED_EDGE('',*,*,#243,.T.);
#243 = EDGE_CURVE('',#236,#155,#244,.T.);
#244 = LINE('',#245,#246);
#245 = CARTESIAN_POINT('',(14.5,-20.5,15.726839743354));
#246 = VECTOR('',#247,1.);
#247 = DIRECTION('',(1.,0.,0.));
#248 = ORIENTED_EDGE('',*,*,#162,.T.);
#249 = PLANE('',#250);
#250 = AXIS2_PLACEMENT_3D('',#251,#252,#253);
#251 = CARTESIAN_POINT('',(14.5,-20.5,15.726839743354));
#252 = DIRECTION('',(0.,0.55919290347,0.829037572555));
#253 = DIRECTION('',(0.,0.829037572555,-0.55919290347));
#254 = ADVANCED_FACE('',(#255),#289,.F.);
#255 = FACE_BOUND('',#256,.F.);
#256 = EDGE_LOOP('',(#257,#267,#275,#283));
#257 = ORIENTED_EDGE('',*,*,#258,.F.);
#258 = EDGE_CURVE('',#259,#261,#263,.T.);
#259 = VERTEX_POINT('',#260);
#260 = CARTESIAN_POINT('',(17.,-8.5,16.94828261405));
#261 = VERTEX_POINT('',#262);
#262 = CARTESIAN_POINT('',(17.,-7.443688983732,16.386632083933));
#263 = LINE('',#264,#265);
#264 = CARTESIAN_POINT('',(17.,-8.5,16.94828261405));
#265 = VECTOR('',#266,1.);
#266 = DIRECTION('',(0.,0.882947592859,-0.469471562786));
#267 = ORIENTED_EDGE('',*,*,#268,.T.);
#268 = EDGE_CURVE('',#259,#269,#271,.T.);
#269 = VERTEX_POINT('',#270);
#270 = CARTESIAN_POINT('',(18.5,-8.5,16.94828261405));
#271 = LINE('',#272,#273);
#272 = CARTESIAN_POINT('',(17.,-8.5,16.94828261405));
#273 = VECTOR('',#274,1.);
#274 = DIRECTION('',(1.,0.,0.));
#275 = ORIENTED_EDGE('',*,*,#276,.F.);
#276 = EDGE_CURVE('',#277,#269,#279,.T.);
#277 = VERTEX_POINT('',#278);
#278 = CARTESIAN_POINT('',(18.5,-7.443688983732,16.386632083933));
#279 = LINE('',#280,#281);
#280 = CARTESIAN_POINT('',(18.5,-3.223398125677,14.14266363035));
#281 = VECTOR('',#282,1.);
#282 = DIRECTION('',(0.,-0.882947592859,0.469471562786));
#283 = ORIENTED_EDGE('',*,*,#284,.F.);
#284 = EDGE_CURVE('',#261,#277,#285,.T.);
#285 = LINE('',#286,#287);
#286 = CARTESIAN_POINT('',(17.,-7.443688983732,16.386632083933));
#287 = VECTOR('',#288,1.);
#288 = DIRECTION('',(1.,0.,0.));
#289 = PLANE('',#290);
#290 = AXIS2_PLACEMENT_3D('',#291,#292,#293);
#291 = CARTESIAN_POINT('',(17.,-8.5,16.94828261405));
#292 = DIRECTION('',(0.,0.469471562786,0.882947592859));
#293 = DIRECTION('',(0.,0.882947592859,-0.469471562786));
#294 = ADVANCED_FACE('',(#295),#322,.F.);
#295 = FACE_BOUND('',#296,.T.);
#296 = EDGE_LOOP('',(#297,#306,#314,#321));
#297 = ORIENTED_EDGE('',*,*,#298,.F.);
#298 = EDGE_CURVE('',#299,#261,#301,.T.);
#299 = VERTEX_POINT('',#300);
#300 = CARTESIAN_POINT('',(17.,-9.556311016268,16.386632083933));
#301 = CIRCLE('',#302,2.25);
#302 = AXIS2_PLACEMENT_3D('',#303,#304,#305);
#303 = CARTESIAN_POINT('',(17.,-8.5,14.4));
#304 = DIRECTION('',(1.,0.,0.));
#305 = DIRECTION('',(0.,1.,0.));
#306 = ORIENTED_EDGE('',*,*,#307,.T.);
#307 = EDGE_CURVE('',#299,#308,#310,.T.);
#308 = VERTEX_POINT('',#309);
#309 = CARTESIAN_POINT('',(18.5,-9.556311016268,16.386632083933));
#310 = LINE('',#311,#312);
#311 = CARTESIAN_POINT('',(17.,-9.556311016268,16.386632083933));
#312 = VECTOR('',#313,1.);
#313 = DIRECTION('',(1.,0.,0.));
#314 = ORIENTED_EDGE('',*,*,#315,.F.);
#315 = EDGE_CURVE('',#277,#308,#316,.T.);
#316 = CIRCLE('',#317,2.25);
#317 = AXIS2_PLACEMENT_3D('',#318,#319,#320);
#318 = CARTESIAN_POINT('',(18.5,-8.5,14.4));
#319 = DIRECTION('',(-1.,0.,4.4E-16));
#320 = DIRECTION('',(-4.4E-33,1.,-1.E-17));
#321 = ORIENTED_EDGE('',*,*,#284,.F.);
#322 = CYLINDRICAL_SURFACE('',#323,2.25);
#323 = AXIS2_PLACEMENT_3D('',#324,#325,#326);
#324 = CARTESIAN_POINT('',(17.,-8.5,14.4));
#325 = DIRECTION('',(-1.,-0.,-0.));
#326 = DIRECTION('',(0.,1.,0.));
#327 = ADVANCED_FACE('',(#328),#344,.F.);
#328 = FACE_BOUND('',#329,.F.);
#329 = EDGE_LOOP('',(#330,#336,#337,#343));
#330 = ORIENTED_EDGE('',*,*,#331,.F.);
#331 = EDGE_CURVE('',#299,#259,#332,.T.);
#332 = LINE('',#333,#334);
#333 = CARTESIAN_POINT('',(17.,-9.556311016268,16.386632083933));
#334 = VECTOR('',#335,1.);
#335 = DIRECTION('',(0.,0.882947592859,0.469471562786));
#336 = ORIENTED_EDGE('',*,*,#307,.T.);
#337 = ORIENTED_EDGE('',*,*,#338,.F.);
#338 = EDGE_CURVE('',#269,#308,#339,.T.);
#339 = LINE('',#340,#341);
#340 = CARTESIAN_POINT('',(18.5,-5.027559606806,18.794611921994));
#341 = VECTOR('',#342,1.);
#342 = DIRECTION('',(0.,-0.882947592859,-0.469471562786));
#343 = ORIENTED_EDGE('',*,*,#268,.F.);
#344 = PLANE('',#345);
#345 = AXIS2_PLACEMENT_3D('',#346,#347,#348);
#346 = CARTESIAN_POINT('',(17.,-9.556311016268,16.386632083933));
#347 = DIRECTION('',(0.,-0.469471562786,0.882947592859));
#348 = DIRECTION('',(0.,0.882947592859,0.469471562786));
#349 = ADVANCED_FACE('',(#350,#377),#382,.T.);
#350 = FACE_BOUND('',#351,.T.);
#351 = EDGE_LOOP('',(#352,#362,#371));
#352 = ORIENTED_EDGE('',*,*,#353,.T.);
#353 = EDGE_CURVE('',#354,#356,#358,.T.);
#354 = VERTEX_POINT('',#355);
#355 = CARTESIAN_POINT('',(17.,-8.5,16.933057691858));
#356 = VERTEX_POINT('',#357);
#357 = CARTESIAN_POINT('',(17.,-7.325694902712,16.140978902366));
#358 = LINE('',#359,#360);
#359 = CARTESIAN_POINT('',(17.,-7.94080709653,16.55587731591));
#360 = VECTOR('',#361,1.);
#361 = DIRECTION('',(0.,0.829037572555,-0.55919290347));
#362 = ORIENTED_EDGE('',*,*,#363,.T.);
#363 = EDGE_CURVE('',#356,#364,#366,.T.);
#364 = VERTEX_POINT('',#365);
#365 = CARTESIAN_POINT('',(17.,-9.674305097289,16.140978902366));
#366 = CIRCLE('',#367,2.1);
#367 = AXIS2_PLACEMENT_3D('',#368,#369,#370);
#368 = CARTESIAN_POINT('',(17.,-8.5,14.4));
#369 = DIRECTION('',(-1.,0.,0.));
#370 = DIRECTION('',(0.,0.559192903471,0.829037572555));
#371 = ORIENTED_EDGE('',*,*,#372,.T.);
#372 = EDGE_CURVE('',#364,#354,#373,.T.);
#373 = LINE('',#374,#375);
#374 = CARTESIAN_POINT('',(17.,-9.674305097288,16.140978902366));
#375 = VECTOR('',#376,1.);
#376 = DIRECTION('',(0.,0.829037572555,0.559192903471));
#377 = FACE_BOUND('',#378,.T.);
#378 = EDGE_LOOP('',(#379,#380,#381));
#379 = ORIENTED_EDGE('',*,*,#298,.T.);
#380 = ORIENTED_EDGE('',*,*,#258,.F.);
#381 = ORIENTED_EDGE('',*,*,#331,.F.);
#382 = PLANE('',#383);
#383 = AXIS2_PLACEMENT_3D('',#384,#385,#386);
#384 = CARTESIAN_POINT('',(17.,-8.5,14.587967208153));
#385 = DIRECTION('',(1.,0.,0.));
#386 = DIRECTION('',(0.,1.,0.));
#387 = ADVANCED_FACE('',(#388),#413,.F.);
#388 = FACE_BOUND('',#389,.T.);
#389 = EDGE_LOOP('',(#390,#398,#406,#412));
#390 = ORIENTED_EDGE('',*,*,#391,.F.);
#391 = EDGE_CURVE('',#392,#354,#394,.T.);
#392 = VERTEX_POINT('',#393);
#393 = CARTESIAN_POINT('',(16.,-8.5,15.726839743354));
#394 = LINE('',#395,#396);
#395 = CARTESIAN_POINT('',(16.305410480086,-8.5,16.095231346095));
#396 = VECTOR('',#397,1.);
#397 = DIRECTION('',(0.638230619643,-2.3332E-13,0.769845228698));
#398 = ORIENTED_EDGE('',*,*,#399,.T.);
#399 = EDGE_CURVE('',#392,#400,#402,.T.);
#400 = VERTEX_POINT('',#401);
#401 = CARTESIAN_POINT('',(16.,-7.884887806182,15.311941329811));
#402 = LINE('',#403,#404);
#403 = CARTESIAN_POINT('',(16.,-8.5,15.726839743354));
#404 = VECTOR('',#405,1.);
#405 = DIRECTION('',(0.,0.829037572555,-0.55919290347));
#406 = ORIENTED_EDGE('',*,*,#407,.T.);
#407 = EDGE_CURVE('',#400,#356,#408,.T.);
#408 = LINE('',#409,#410);
#409 = CARTESIAN_POINT('',(16.5,-7.605291354447,15.726460116088));
#410 = VECTOR('',#411,1.);
#411 = DIRECTION('',(0.707106781187,0.395409094035,0.586218089412));
#412 = ORIENTED_EDGE('',*,*,#353,.F.);
#413 = PLANE('',#414);
#414 = AXIS2_PLACEMENT_3D('',#415,#416,#417);
#415 = CARTESIAN_POINT('',(16.5,-8.220403548265,16.141358529632));
#416 = DIRECTION('',(-0.707106781187,0.395409094035,0.586218089412));
#417 = DIRECTION('',(1.110223024625E-16,-0.829037572555,0.55919290347));
#418 = ADVANCED_FACE('',(#419),#437,.F.);
#419 = FACE_BOUND('',#420,.T.);
#420 = EDGE_LOOP('',(#421,#429,#435,#436));
#421 = ORIENTED_EDGE('',*,*,#422,.F.);
#422 = EDGE_CURVE('',#423,#364,#425,.T.);
#423 = VERTEX_POINT('',#424);
#424 = CARTESIAN_POINT('',(16.,-9.115112193818,15.311941329811));
#425 = LINE('',#426,#427);
#426 = CARTESIAN_POINT('',(16.,-9.115112193818,15.311941329811));
#427 = VECTOR('',#428,1.);
#428 = DIRECTION('',(0.707106781187,-0.395409094036,0.586218089412));
#429 = ORIENTED_EDGE('',*,*,#430,.T.);
#430 = EDGE_CURVE('',#423,#392,#431,.T.);
#431 = LINE('',#432,#433);
#432 = CARTESIAN_POINT('',(16.,-9.115112193818,15.311941329811));
#433 = VECTOR('',#434,1.);
#434 = DIRECTION('',(0.,0.829037572555,0.559192903471));
#435 = ORIENTED_EDGE('',*,*,#391,.T.);
#436 = ORIENTED_EDGE('',*,*,#372,.F.);
#437 = PLANE('',#438);
#438 = AXIS2_PLACEMENT_3D('',#439,#440,#441);
#439 = CARTESIAN_POINT('',(16.5,-9.394708645553,15.726460116088));
#440 = DIRECTION('',(-0.707106781187,-0.395409094035,0.586218089412));
#441 = DIRECTION('',(2.775557561563E-17,-0.829037572555,-0.559192903471)
  );
#442 = ADVANCED_FACE('',(#443),#455,.F.);
#443 = FACE_BOUND('',#444,.T.);
#444 = EDGE_LOOP('',(#445,#446,#453,#454));
#445 = ORIENTED_EDGE('',*,*,#407,.F.);
#446 = ORIENTED_EDGE('',*,*,#447,.T.);
#447 = EDGE_CURVE('',#400,#423,#448,.T.);
#448 = CIRCLE('',#449,1.1);
#449 = AXIS2_PLACEMENT_3D('',#450,#451,#452);
#450 = CARTESIAN_POINT('',(16.,-8.5,14.4));
#451 = DIRECTION('',(-1.,0.,0.));
#452 = DIRECTION('',(0.,0.559192903471,0.829037572555));
#453 = ORIENTED_EDGE('',*,*,#422,.T.);
#454 = ORIENTED_EDGE('',*,*,#363,.F.);
#455 = CONICAL_SURFACE('',#456,1.1,0.785398163397);
#456 = AXIS2_PLACEMENT_3D('',#457,#458,#459);
#457 = CARTESIAN_POINT('',(16.,-8.5,14.4));
#458 = DIRECTION('',(1.,0.,0.));
#459 = DIRECTION('',(0.,0.559192903471,0.829037572555));
#460 = ADVANCED_FACE('',(#461),#486,.F.);
#461 = FACE_BOUND('',#462,.F.);
#462 = EDGE_LOOP('',(#463,#471,#479,#485));
#463 = ORIENTED_EDGE('',*,*,#464,.F.);
#464 = EDGE_CURVE('',#465,#400,#467,.T.);
#465 = VERTEX_POINT('',#466);
#466 = CARTESIAN_POINT('',(14.5,-7.884887806182,15.311941329811));
#467 = LINE('',#468,#469);
#468 = CARTESIAN_POINT('',(14.5,-7.884887806182,15.311941329811));
#469 = VECTOR('',#470,1.);
#470 = DIRECTION('',(1.,0.,0.));
#471 = ORIENTED_EDGE('',*,*,#472,.F.);
#472 = EDGE_CURVE('',#473,#465,#475,.T.);
#473 = VERTEX_POINT('',#474);
#474 = CARTESIAN_POINT('',(14.5,-8.5,15.726839743354));
#475 = LINE('',#476,#477);
#476 = CARTESIAN_POINT('',(14.5,-8.5,15.726839743354));
#477 = VECTOR('',#478,1.);
#478 = DIRECTION('',(0.,0.829037572555,-0.55919290347));
#479 = ORIENTED_EDGE('',*,*,#480,.T.);
#480 = EDGE_CURVE('',#473,#392,#481,.T.);
#481 = LINE('',#482,#483);
#482 = CARTESIAN_POINT('',(14.5,-8.5,15.726839743354));
#483 = VECTOR('',#484,1.);
#484 = DIRECTION('',(1.,0.,0.));
#485 = ORIENTED_EDGE('',*,*,#399,.T.);
#486 = PLANE('',#487);
#487 = AXIS2_PLACEMENT_3D('',#488,#489,#490);
#488 = CARTESIAN_POINT('',(14.5,-8.5,15.726839743354));
#489 = DIRECTION('',(0.,0.55919290347,0.829037572555));
#490 = DIRECTION('',(0.,0.829037572555,-0.55919290347));
#491 = ADVANCED_FACE('',(#492),#526,.T.);
#492 = FACE_BOUND('',#493,.F.);
#493 = EDGE_LOOP('',(#494,#504,#512,#520));
#494 = ORIENTED_EDGE('',*,*,#495,.T.);
#495 = EDGE_CURVE('',#496,#498,#500,.T.);
#496 = VERTEX_POINT('',#497);
#497 = CARTESIAN_POINT('',(16.5,-23.5,35.24));
#498 = VERTEX_POINT('',#499);
#499 = CARTESIAN_POINT('',(16.5,28.8,35.24));
#500 = LINE('',#501,#502);
#501 = CARTESIAN_POINT('',(16.5,-24.,35.24));
#502 = VECTOR('',#503,1.);
#503 = DIRECTION('',(0.,1.,0.));
#504 = ORIENTED_EDGE('',*,*,#505,.F.);
#505 = EDGE_CURVE('',#506,#498,#508,.T.);
#506 = VERTEX_POINT('',#507);
#507 = CARTESIAN_POINT('',(18.5,28.8,33.24));
#508 = LINE('',#509,#510);
#509 = CARTESIAN_POINT('',(18.,28.8,33.74));
#510 = VECTOR('',#511,1.);
#511 = DIRECTION('',(-0.707106781187,2.5E-15,0.707106781187));
#512 = ORIENTED_EDGE('',*,*,#513,.F.);
#513 = EDGE_CURVE('',#514,#506,#516,.T.);
#514 = VERTEX_POINT('',#515);
#515 = CARTESIAN_POINT('',(18.5,-23.5,33.24));
#516 = LINE('',#517,#518);
#517 = CARTESIAN_POINT('',(18.5,-24.,33.24));
#518 = VECTOR('',#519,1.);
#519 = DIRECTION('',(0.,1.,0.));
#520 = ORIENTED_EDGE('',*,*,#521,.F.);
#521 = EDGE_CURVE('',#496,#514,#522,.T.);
#522 = LINE('',#523,#524);
#523 = CARTESIAN_POINT('',(17.125,-23.5,34.615));
#524 = VECTOR('',#525,1.);
#525 = DIRECTION('',(0.707106781187,0.,-0.707106781187));
#526 = PLANE('',#527);
#527 = AXIS2_PLACEMENT_3D('',#528,#529,#530);
#528 = CARTESIAN_POINT('',(17.5,-24.,34.24));
#529 = DIRECTION('',(0.707106781187,0.,0.707106781187));
#530 = DIRECTION('',(0.,-1.,0.));
#531 = ADVANCED_FACE('',(#532),#557,.T.);
#532 = FACE_BOUND('',#533,.T.);
#533 = EDGE_LOOP('',(#534,#542,#550,#556));
#534 = ORIENTED_EDGE('',*,*,#535,.F.);
#535 = EDGE_CURVE('',#536,#496,#538,.T.);
#536 = VERTEX_POINT('',#537);
#537 = CARTESIAN_POINT('',(16.5,-24.,34.74));
#538 = LINE('',#539,#540);
#539 = CARTESIAN_POINT('',(16.5,-23.875,34.865));
#540 = VECTOR('',#541,1.);
#541 = DIRECTION('',(0.,0.707106781187,0.707106781187));
#542 = ORIENTED_EDGE('',*,*,#543,.T.);
#543 = EDGE_CURVE('',#536,#544,#546,.T.);
#544 = VERTEX_POINT('',#545);
#545 = CARTESIAN_POINT('',(18.,-24.,33.24));
#546 = LINE('',#547,#548);
#547 = CARTESIAN_POINT('',(20.999869252471,-24.,30.240130747529));
#548 = VECTOR('',#549,1.);
#549 = DIRECTION('',(0.707106781187,0.,-0.707106781187));
#550 = ORIENTED_EDGE('',*,*,#551,.T.);
#551 = EDGE_CURVE('',#544,#514,#552,.T.);
#552 = LINE('',#553,#554);
#553 = CARTESIAN_POINT('',(17.75,-24.25,33.24));
#554 = VECTOR('',#555,1.);
#555 = DIRECTION('',(0.707106781187,0.707106781187,0.));
#556 = ORIENTED_EDGE('',*,*,#521,.F.);
#557 = PLANE('',#558);
#558 = AXIS2_PLACEMENT_3D('',#559,#560,#561);
#559 = CARTESIAN_POINT('',(16.5,-24.,34.74));
#560 = DIRECTION('',(0.57735026919,-0.57735026919,0.57735026919));
#561 = DIRECTION('',(0.707106781187,0.,-0.707106781187));
#562 = ADVANCED_FACE('',(#563),#588,.T.);
#563 = FACE_BOUND('',#564,.F.);
#564 = EDGE_LOOP('',(#565,#575,#581,#582));
#565 = ORIENTED_EDGE('',*,*,#566,.T.);
#566 = EDGE_CURVE('',#567,#569,#571,.T.);
#567 = VERTEX_POINT('',#568);
#568 = CARTESIAN_POINT('',(18.5,-23.5,7.5));
#569 = VERTEX_POINT('',#570);
#570 = CARTESIAN_POINT('',(18.,-24.,7.));
#571 = LINE('',#572,#573);
#572 = CARTESIAN_POINT('',(15.375,-26.625,4.375));
#573 = VECTOR('',#574,1.);
#574 = DIRECTION('',(-0.57735026919,-0.57735026919,-0.57735026919));
#575 = ORIENTED_EDGE('',*,*,#576,.T.);
#576 = EDGE_CURVE('',#569,#544,#577,.T.);
#577 = LINE('',#578,#579);
#578 = CARTESIAN_POINT('',(18.,-24.,-7.5));
#579 = VECTOR('',#580,1.);
#580 = DIRECTION('',(0.,0.,1.));
#581 = ORIENTED_EDGE('',*,*,#551,.T.);
#582 = ORIENTED_EDGE('',*,*,#583,.F.);
#583 = EDGE_CURVE('',#567,#514,#584,.T.);
#584 = LINE('',#585,#586);
#585 = CARTESIAN_POINT('',(18.5,-23.5,-7.5));
#586 = VECTOR('',#587,1.);
#587 = DIRECTION('',(0.,0.,1.));
#588 = PLANE('',#589);
#589 = AXIS2_PLACEMENT_3D('',#590,#591,#592);
#590 = CARTESIAN_POINT('',(18.25,-23.75,-7.5));
#591 = DIRECTION('',(0.707106781187,-0.707106781187,0.));
#592 = DIRECTION('',(-0.,-0.,-1.));
#593 = ADVANCED_FACE('',(#594),#619,.F.);
#594 = FACE_BOUND('',#595,.T.);
#595 = EDGE_LOOP('',(#596,#597,#605,#613));
#596 = ORIENTED_EDGE('',*,*,#566,.T.);
#597 = ORIENTED_EDGE('',*,*,#598,.T.);
#598 = EDGE_CURVE('',#569,#599,#601,.T.);
#599 = VERTEX_POINT('',#600);
#600 = CARTESIAN_POINT('',(27.75,-24.,7.));
#601 = LINE('',#602,#603);
#602 = CARTESIAN_POINT('',(15.75,-24.,7.));
#603 = VECTOR('',#604,1.);
#604 = DIRECTION('',(1.,0.,0.));
#605 = ORIENTED_EDGE('',*,*,#606,.T.);
#606 = EDGE_CURVE('',#599,#607,#609,.T.);
#607 = VERTEX_POINT('',#608);
#608 = CARTESIAN_POINT('',(27.75,-23.5,7.5));
#609 = LINE('',#610,#611);
#610 = CARTESIAN_POINT('',(27.75,-23.875,7.125));
#611 = VECTOR('',#612,1.);
#612 = DIRECTION('',(-2.5E-15,0.707106781187,0.707106781187));
#613 = ORIENTED_EDGE('',*,*,#614,.F.);
#614 = EDGE_CURVE('',#567,#607,#615,.T.);
#615 = LINE('',#616,#617);
#616 = CARTESIAN_POINT('',(15.75,-23.5,7.5));
#617 = VECTOR('',#618,1.);
#618 = DIRECTION('',(1.,0.,0.));
#619 = PLANE('',#620);
#620 = AXIS2_PLACEMENT_3D('',#621,#622,#623);
#621 = CARTESIAN_POINT('',(15.75,-23.75,7.25));
#622 = DIRECTION('',(0.,0.707106781187,-0.707106781187));
#623 = DIRECTION('',(-1.,-0.,-0.));
#624 = ADVANCED_FACE('',(#625),#755,.T.);
#625 = FACE_BOUND('',#626,.T.);
#626 = EDGE_LOOP('',(#627,#637,#645,#653,#661,#669,#677,#685,#693,#701,
    #709,#717,#725,#733,#741,#749));
#627 = ORIENTED_EDGE('',*,*,#628,.F.);
#628 = EDGE_CURVE('',#629,#631,#633,.T.);
#629 = VERTEX_POINT('',#630);
#630 = CARTESIAN_POINT('',(3.,12.710969356454,12.18));
#631 = VERTEX_POINT('',#632);
#632 = CARTESIAN_POINT('',(3.,15.289030643546,12.18));
#633 = LINE('',#634,#635);
#634 = CARTESIAN_POINT('',(3.,-1.,12.18));
#635 = VECTOR('',#636,1.);
#636 = DIRECTION('',(0.,1.,0.));
#637 = ORIENTED_EDGE('',*,*,#638,.T.);
#638 = EDGE_CURVE('',#629,#639,#641,.T.);
#639 = VERTEX_POINT('',#640);
#640 = CARTESIAN_POINT('',(3.056013579059,12.710969386791,12.18));
#641 = LINE('',#642,#643);
#642 = CARTESIAN_POINT('',(10.27,12.710969356454,12.18));
#643 = VECTOR('',#644,1.);
#644 = DIRECTION('',(1.,-0.,2.2E-16));
#645 = ORIENTED_EDGE('',*,*,#646,.T.);
#646 = EDGE_CURVE('',#639,#647,#649,.T.);
#647 = VERTEX_POINT('',#648);
#648 = CARTESIAN_POINT('',(3.056013584709,9.675,12.18));
#649 = LINE('',#650,#651);
#650 = CARTESIAN_POINT('',(3.056013584709,9.675,12.18));
#651 = VECTOR('',#652,1.);
#652 = DIRECTION('',(-0.,-1.,2.2E-16));
#653 = ORIENTED_EDGE('',*,*,#654,.F.);
#654 = EDGE_CURVE('',#655,#647,#657,.T.);
#655 = VERTEX_POINT('',#656);
#656 = CARTESIAN_POINT('',(8.660155286992,9.675,12.18));
#657 = LINE('',#658,#659);
#658 = CARTESIAN_POINT('',(13.122824423381,9.675,12.18));
#659 = VECTOR('',#660,1.);
#660 = DIRECTION('',(-1.,0.,0.));
#661 = ORIENTED_EDGE('',*,*,#662,.F.);
#662 = EDGE_CURVE('',#663,#655,#665,.T.);
#663 = VERTEX_POINT('',#664);
#664 = CARTESIAN_POINT('',(8.660155286992,9.96,12.18));
#665 = LINE('',#666,#667);
#666 = CARTESIAN_POINT('',(8.660155286992,8.96,12.18));
#667 = VECTOR('',#668,1.);
#668 = DIRECTION('',(-0.,-1.,0.));
#669 = ORIENTED_EDGE('',*,*,#670,.T.);
#670 = EDGE_CURVE('',#663,#671,#673,.T.);
#671 = VERTEX_POINT('',#672);
#672 = CARTESIAN_POINT('',(11.879844713008,9.96,12.18));
#673 = LINE('',#674,#675);
#674 = CARTESIAN_POINT('',(6.635,9.96,12.18));
#675 = VECTOR('',#676,1.);
#676 = DIRECTION('',(1.,0.,0.));
#677 = ORIENTED_EDGE('',*,*,#678,.T.);
#678 = EDGE_CURVE('',#671,#679,#681,.T.);
#679 = VERTEX_POINT('',#680);
#680 = CARTESIAN_POINT('',(11.879844713008,9.675,12.18));
#681 = LINE('',#682,#683);
#682 = CARTESIAN_POINT('',(11.879844713008,8.96,12.18));
#683 = VECTOR('',#684,1.);
#684 = DIRECTION('',(-0.,-1.,0.));
#685 = ORIENTED_EDGE('',*,*,#686,.F.);
#686 = EDGE_CURVE('',#687,#679,#689,.T.);
#687 = VERTEX_POINT('',#688);
#688 = CARTESIAN_POINT('',(18.5,9.675,12.18));
#689 = LINE('',#690,#691);
#690 = CARTESIAN_POINT('',(13.122824423381,9.675,12.18));
#691 = VECTOR('',#692,1.);
#692 = DIRECTION('',(-1.,0.,0.));
#693 = ORIENTED_EDGE('',*,*,#694,.T.);
#694 = EDGE_CURVE('',#687,#695,#697,.T.);
#695 = VERTEX_POINT('',#696);
#696 = CARTESIAN_POINT('',(18.5,18.325,12.18));
#697 = LINE('',#698,#699);
#698 = CARTESIAN_POINT('',(18.5,-1.,12.18));
#699 = VECTOR('',#700,1.);
#700 = DIRECTION('',(0.,1.,0.));
#701 = ORIENTED_EDGE('',*,*,#702,.F.);
#702 = EDGE_CURVE('',#703,#695,#705,.T.);
#703 = VERTEX_POINT('',#704);
#704 = CARTESIAN_POINT('',(11.879844713008,18.325,12.18));
#705 = LINE('',#706,#707);
#706 = CARTESIAN_POINT('',(13.122824423381,18.325,12.18));
#707 = VECTOR('',#708,1.);
#708 = DIRECTION('',(1.,0.,0.));
#709 = ORIENTED_EDGE('',*,*,#710,.T.);
#710 = EDGE_CURVE('',#703,#711,#713,.T.);
#711 = VERTEX_POINT('',#712);
#712 = CARTESIAN_POINT('',(11.879844713008,18.04,12.18));
#713 = LINE('',#714,#715);
#714 = CARTESIAN_POINT('',(11.879844713008,18.04,12.18));
#715 = VECTOR('',#716,1.);
#716 = DIRECTION('',(-0.,-1.,0.));
#717 = ORIENTED_EDGE('',*,*,#718,.F.);
#718 = EDGE_CURVE('',#719,#711,#721,.T.);
#719 = VERTEX_POINT('',#720);
#720 = CARTESIAN_POINT('',(8.660155286992,18.04,12.18));
#721 = LINE('',#722,#723);
#722 = CARTESIAN_POINT('',(6.635,18.04,12.18));
#723 = VECTOR('',#724,1.);
#724 = DIRECTION('',(1.,0.,0.));
#725 = ORIENTED_EDGE('',*,*,#726,.F.);
#726 = EDGE_CURVE('',#727,#719,#729,.T.);
#727 = VERTEX_POINT('',#728);
#728 = CARTESIAN_POINT('',(8.660155286992,18.325,12.18));
#729 = LINE('',#730,#731);
#730 = CARTESIAN_POINT('',(8.660155286992,18.04,12.18));
#731 = VECTOR('',#732,1.);
#732 = DIRECTION('',(-0.,-1.,0.));
#733 = ORIENTED_EDGE('',*,*,#734,.F.);
#734 = EDGE_CURVE('',#735,#727,#737,.T.);
#735 = VERTEX_POINT('',#736);
#736 = CARTESIAN_POINT('',(3.056013584709,18.325,12.18));
#737 = LINE('',#738,#739);
#738 = CARTESIAN_POINT('',(13.122824423381,18.325,12.18));
#739 = VECTOR('',#740,1.);
#740 = DIRECTION('',(1.,0.,0.));
#741 = ORIENTED_EDGE('',*,*,#742,.T.);
#742 = EDGE_CURVE('',#735,#743,#745,.T.);
#743 = VERTEX_POINT('',#744);
#744 = CARTESIAN_POINT('',(3.056013588126,15.289030635565,12.18));
#745 = LINE('',#746,#747);
#746 = CARTESIAN_POINT('',(3.056013584709,9.675,12.18));
#747 = VECTOR('',#748,1.);
#748 = DIRECTION('',(-0.,-1.,2.2E-16));
#749 = ORIENTED_EDGE('',*,*,#750,.F.);
#750 = EDGE_CURVE('',#631,#743,#751,.T.);
#751 = LINE('',#752,#753);
#752 = CARTESIAN_POINT('',(10.27,15.289030643546,12.18));
#753 = VECTOR('',#754,1.);
#754 = DIRECTION('',(1.,-0.,2.2E-16));
#755 = PLANE('',#756);
#756 = AXIS2_PLACEMENT_3D('',#757,#758,#759);
#757 = CARTESIAN_POINT('',(3.,-1.,12.18));
#758 = DIRECTION('',(0.,0.,1.));
#759 = DIRECTION('',(1.,0.,0.));
#760 = ADVANCED_FACE('',(#761),#804,.F.);
#761 = FACE_BOUND('',#762,.F.);
#762 = EDGE_LOOP('',(#763,#764,#773,#781,#787,#788,#797));
#763 = ORIENTED_EDGE('',*,*,#734,.F.);
#764 = ORIENTED_EDGE('',*,*,#765,.T.);
#765 = EDGE_CURVE('',#735,#766,#768,.T.);
#766 = VERTEX_POINT('',#767);
#767 = CARTESIAN_POINT('',(10.27,18.325,23.3));
#768 = CIRCLE('',#769,7.9);
#769 = AXIS2_PLACEMENT_3D('',#770,#771,#772);
#770 = CARTESIAN_POINT('',(10.27,18.325,15.4));
#771 = DIRECTION('',(-0.,1.,0.));
#772 = DIRECTION('',(1.,0.,0.));
#773 = ORIENTED_EDGE('',*,*,#774,.T.);
#774 = EDGE_CURVE('',#766,#775,#777,.T.);
#775 = VERTEX_POINT('',#776);
#776 = CARTESIAN_POINT('',(18.5,18.325,23.3));
#777 = LINE('',#778,#779);
#778 = CARTESIAN_POINT('',(10.27,18.325,23.3));
#779 = VECTOR('',#780,1.);
#780 = DIRECTION('',(1.,0.,0.));
#781 = ORIENTED_EDGE('',*,*,#782,.F.);
#782 = EDGE_CURVE('',#695,#775,#783,.T.);
#783 = LINE('',#784,#785);
#784 = CARTESIAN_POINT('',(18.5,18.325,14.635));
#785 = VECTOR('',#786,1.);
#786 = DIRECTION('',(0.,0.,1.));
#787 = ORIENTED_EDGE('',*,*,#702,.F.);
#788 = ORIENTED_EDGE('',*,*,#789,.T.);
#789 = EDGE_CURVE('',#703,#790,#792,.T.);
#790 = VERTEX_POINT('',#791);
#791 = CARTESIAN_POINT('',(13.87,18.325,15.4));
#792 = CIRCLE('',#793,3.6);
#793 = AXIS2_PLACEMENT_3D('',#794,#795,#796);
#794 = CARTESIAN_POINT('',(10.27,18.325,15.4));
#795 = DIRECTION('',(0.,-1.,0.));
#796 = DIRECTION('',(1.,0.,0.));
#797 = ORIENTED_EDGE('',*,*,#798,.T.);
#798 = EDGE_CURVE('',#790,#727,#799,.T.);
#799 = CIRCLE('',#800,3.6);
#800 = AXIS2_PLACEMENT_3D('',#801,#802,#803);
#801 = CARTESIAN_POINT('',(10.27,18.325,15.4));
#802 = DIRECTION('',(0.,-1.,0.));
#803 = DIRECTION('',(1.,0.,0.));
#804 = PLANE('',#805);
#805 = AXIS2_PLACEMENT_3D('',#806,#807,#808);
#806 = CARTESIAN_POINT('',(23.245648846762,18.325,15.4));
#807 = DIRECTION('',(0.,1.,0.));
#808 = DIRECTION('',(0.,0.,1.));
#809 = ADVANCED_FACE('',(#810),#835,.F.);
#810 = FACE_BOUND('',#811,.F.);
#811 = EDGE_LOOP('',(#812,#820,#828,#834));
#812 = ORIENTED_EDGE('',*,*,#813,.F.);
#813 = EDGE_CURVE('',#814,#766,#816,.T.);
#814 = VERTEX_POINT('',#815);
#815 = CARTESIAN_POINT('',(10.27,9.675,23.3));
#816 = LINE('',#817,#818);
#817 = CARTESIAN_POINT('',(10.27,9.675,23.3));
#818 = VECTOR('',#819,1.);
#819 = DIRECTION('',(0.,1.,0.));
#820 = ORIENTED_EDGE('',*,*,#821,.T.);
#821 = EDGE_CURVE('',#814,#822,#824,.T.);
#822 = VERTEX_POINT('',#823);
#823 = CARTESIAN_POINT('',(18.5,9.675,23.3));
#824 = LINE('',#825,#826);
#825 = CARTESIAN_POINT('',(10.27,9.675,23.3));
#826 = VECTOR('',#827,1.);
#827 = DIRECTION('',(1.,0.,0.));
#828 = ORIENTED_EDGE('',*,*,#829,.F.);
#829 = EDGE_CURVE('',#775,#822,#830,.T.);
#830 = LINE('',#831,#832);
#831 = CARTESIAN_POINT('',(18.5,6.5375,23.3));
#832 = VECTOR('',#833,1.);
#833 = DIRECTION('',(0.,-1.,0.));
#834 = ORIENTED_EDGE('',*,*,#774,.F.);
#835 = PLANE('',#836);
#836 = AXIS2_PLACEMENT_3D('',#837,#838,#839);
#837 = CARTESIAN_POINT('',(10.27,9.675,23.3));
#838 = DIRECTION('',(0.,0.,1.));
#839 = DIRECTION('',(1.,0.,0.));
#840 = ADVANCED_FACE('',(#841),#875,.F.);
#841 = FACE_BOUND('',#842,.F.);
#842 = EDGE_LOOP('',(#843,#850,#851,#860,#867,#868,#874));
#843 = ORIENTED_EDGE('',*,*,#844,.F.);
#844 = EDGE_CURVE('',#647,#814,#845,.T.);
#845 = CIRCLE('',#846,7.9);
#846 = AXIS2_PLACEMENT_3D('',#847,#848,#849);
#847 = CARTESIAN_POINT('',(10.27,9.675,15.4));
#848 = DIRECTION('',(-0.,1.,0.));
#849 = DIRECTION('',(1.,0.,0.));
#850 = ORIENTED_EDGE('',*,*,#654,.F.);
#851 = ORIENTED_EDGE('',*,*,#852,.F.);
#852 = EDGE_CURVE('',#853,#655,#855,.T.);
#853 = VERTEX_POINT('',#854);
#854 = CARTESIAN_POINT('',(13.87,9.675,15.4));
#855 = CIRCLE('',#856,3.6);
#856 = AXIS2_PLACEMENT_3D('',#857,#858,#859);
#857 = CARTESIAN_POINT('',(10.27,9.675,15.4));
#858 = DIRECTION('',(0.,-1.,0.));
#859 = DIRECTION('',(1.,0.,0.));
#860 = ORIENTED_EDGE('',*,*,#861,.F.);
#861 = EDGE_CURVE('',#679,#853,#862,.T.);
#862 = CIRCLE('',#863,3.6);
#863 = AXIS2_PLACEMENT_3D('',#864,#865,#866);
#864 = CARTESIAN_POINT('',(10.27,9.675,15.4));
#865 = DIRECTION('',(0.,-1.,0.));
#866 = DIRECTION('',(1.,0.,0.));
#867 = ORIENTED_EDGE('',*,*,#686,.F.);
#868 = ORIENTED_EDGE('',*,*,#869,.F.);
#869 = EDGE_CURVE('',#822,#687,#870,.T.);
#870 = LINE('',#871,#872);
#871 = CARTESIAN_POINT('',(18.5,9.675,14.635));
#872 = VECTOR('',#873,1.);
#873 = DIRECTION('',(0.,0.,-1.));
#874 = ORIENTED_EDGE('',*,*,#821,.F.);
#875 = PLANE('',#876);
#876 = AXIS2_PLACEMENT_3D('',#877,#878,#879);
#877 = CARTESIAN_POINT('',(23.245648846762,9.675,15.4));
#878 = DIRECTION('',(-0.,-1.,-0.));
#879 = DIRECTION('',(0.,0.,-1.));
#880 = ADVANCED_FACE('',(#881),#908,.F.);
#881 = FACE_BOUND('',#882,.F.);
#882 = EDGE_LOOP('',(#883,#884,#893,#901));
#883 = ORIENTED_EDGE('',*,*,#628,.F.);
#884 = ORIENTED_EDGE('',*,*,#885,.T.);
#885 = EDGE_CURVE('',#629,#886,#888,.T.);
#886 = VERTEX_POINT('',#887);
#887 = CARTESIAN_POINT('',(3.,12.604256470551,12.03));
#888 = CIRCLE('',#889,1.65);
#889 = AXIS2_PLACEMENT_3D('',#890,#891,#892);
#890 = CARTESIAN_POINT('',(3.,14.,11.15));
#891 = DIRECTION('',(1.,0.,2.2E-16));
#892 = DIRECTION('',(-2.2E-16,0.,1.));
#893 = ORIENTED_EDGE('',*,*,#894,.T.);
#894 = EDGE_CURVE('',#886,#895,#897,.T.);
#895 = VERTEX_POINT('',#896);
#896 = CARTESIAN_POINT('',(3.,15.395743529449,12.03));
#897 = LINE('',#898,#899);
#898 = CARTESIAN_POINT('',(3.,-1.,12.03));
#899 = VECTOR('',#900,1.);
#900 = DIRECTION('',(0.,1.,0.));
#901 = ORIENTED_EDGE('',*,*,#902,.T.);
#902 = EDGE_CURVE('',#895,#631,#903,.T.);
#903 = CIRCLE('',#904,1.65);
#904 = AXIS2_PLACEMENT_3D('',#905,#906,#907);
#905 = CARTESIAN_POINT('',(3.,14.,11.15));
#906 = DIRECTION('',(1.,0.,2.2E-16));
#907 = DIRECTION('',(-2.2E-16,0.,1.));
#908 = PLANE('',#909);
#909 = AXIS2_PLACEMENT_3D('',#910,#911,#912);
#910 = CARTESIAN_POINT('',(3.,-1.,12.03));
#911 = DIRECTION('',(1.,0.,0.));
#912 = DIRECTION('',(0.,0.,1.));
#913 = ADVANCED_FACE('',(#914),#1035,.F.);
#914 = FACE_BOUND('',#915,.F.);
#915 = EDGE_LOOP('',(#916,#917,#925,#933,#941,#949,#957,#965,#973,#981,
    #989,#997,#1005,#1013,#1021,#1029));
#916 = ORIENTED_EDGE('',*,*,#894,.F.);
#917 = ORIENTED_EDGE('',*,*,#918,.T.);
#918 = EDGE_CURVE('',#886,#919,#921,.T.);
#919 = VERTEX_POINT('',#920);
#920 = CARTESIAN_POINT('',(3.124854800707,12.604256448002,12.03));
#921 = LINE('',#922,#923);
#922 = CARTESIAN_POINT('',(10.27,12.604256470551,12.03));
#923 = VECTOR('',#924,1.);
#924 = DIRECTION('',(1.,-0.,2.2E-16));
#925 = ORIENTED_EDGE('',*,*,#926,.T.);
#926 = EDGE_CURVE('',#919,#927,#929,.T.);
#927 = VERTEX_POINT('',#928);
#928 = CARTESIAN_POINT('',(3.124854795037,9.675,12.03));
#929 = LINE('',#930,#931);
#930 = CARTESIAN_POINT('',(3.124854795037,9.675,12.03));
#931 = VECTOR('',#932,1.);
#932 = DIRECTION('',(-0.,-1.,2.2E-16));
#933 = ORIENTED_EDGE('',*,*,#934,.F.);
#934 = EDGE_CURVE('',#935,#927,#937,.T.);
#935 = VERTEX_POINT('',#936);
#936 = CARTESIAN_POINT('',(9.00386414631,9.675,12.03));
#937 = LINE('',#938,#939);
#938 = CARTESIAN_POINT('',(13.122824423381,9.675,12.03));
#939 = VECTOR('',#940,1.);
#940 = DIRECTION('',(-1.,0.,0.));
#941 = ORIENTED_EDGE('',*,*,#942,.F.);
#942 = EDGE_CURVE('',#943,#935,#945,.T.);
#943 = VERTEX_POINT('',#944);
#944 = CARTESIAN_POINT('',(9.00386414631,9.96,12.03));
#945 = LINE('',#946,#947);
#946 = CARTESIAN_POINT('',(9.00386414631,8.96,12.03));
#947 = VECTOR('',#948,1.);
#948 = DIRECTION('',(-0.,-1.,0.));
#949 = ORIENTED_EDGE('',*,*,#950,.T.);
#950 = EDGE_CURVE('',#943,#951,#953,.T.);
#951 = VERTEX_POINT('',#952);
#952 = CARTESIAN_POINT('',(11.53613585369,9.96,12.03));
#953 = LINE('',#954,#955);
#954 = CARTESIAN_POINT('',(6.635,9.96,12.03));
#955 = VECTOR('',#956,1.);
#956 = DIRECTION('',(1.,0.,0.));
#957 = ORIENTED_EDGE('',*,*,#958,.T.);
#958 = EDGE_CURVE('',#951,#959,#961,.T.);
#959 = VERTEX_POINT('',#960);
#960 = CARTESIAN_POINT('',(11.53613585369,9.675,12.03));
#961 = LINE('',#962,#963);
#962 = CARTESIAN_POINT('',(11.53613585369,8.96,12.03));
#963 = VECTOR('',#964,1.);
#964 = DIRECTION('',(-0.,-1.,0.));
#965 = ORIENTED_EDGE('',*,*,#966,.F.);
#966 = EDGE_CURVE('',#967,#959,#969,.T.);
#967 = VERTEX_POINT('',#968);
#968 = CARTESIAN_POINT('',(18.5,9.675,12.03));
#969 = LINE('',#970,#971);
#970 = CARTESIAN_POINT('',(13.122824423381,9.675,12.03));
#971 = VECTOR('',#972,1.);
#972 = DIRECTION('',(-1.,0.,0.));
#973 = ORIENTED_EDGE('',*,*,#974,.T.);
#974 = EDGE_CURVE('',#967,#975,#977,.T.);
#975 = VERTEX_POINT('',#976);
#976 = CARTESIAN_POINT('',(18.5,18.325,12.03));
#977 = LINE('',#978,#979);
#978 = CARTESIAN_POINT('',(18.5,-1.,12.03));
#979 = VECTOR('',#980,1.);
#980 = DIRECTION('',(0.,1.,0.));
#981 = ORIENTED_EDGE('',*,*,#982,.F.);
#982 = EDGE_CURVE('',#983,#975,#985,.T.);
#983 = VERTEX_POINT('',#984);
#984 = CARTESIAN_POINT('',(11.53613585369,18.325,12.03));
#985 = LINE('',#986,#987);
#986 = CARTESIAN_POINT('',(13.122824423381,18.325,12.03));
#987 = VECTOR('',#988,1.);
#988 = DIRECTION('',(1.,0.,0.));
#989 = ORIENTED_EDGE('',*,*,#990,.T.);
#990 = EDGE_CURVE('',#983,#991,#993,.T.);
#991 = VERTEX_POINT('',#992);
#992 = CARTESIAN_POINT('',(11.53613585369,18.04,12.03));
#993 = LINE('',#994,#995);
#994 = CARTESIAN_POINT('',(11.53613585369,18.04,12.03));
#995 = VECTOR('',#996,1.);
#996 = DIRECTION('',(-0.,-1.,0.));
#997 = ORIENTED_EDGE('',*,*,#998,.F.);
#998 = EDGE_CURVE('',#999,#991,#1001,.T.);
#999 = VERTEX_POINT('',#1000);
#1000 = CARTESIAN_POINT('',(9.00386414631,18.04,12.03));
#1001 = LINE('',#1002,#1003);
#1002 = CARTESIAN_POINT('',(6.635,18.04,12.03));
#1003 = VECTOR('',#1004,1.);
#1004 = DIRECTION('',(1.,0.,0.));
#1005 = ORIENTED_EDGE('',*,*,#1006,.F.);
#1006 = EDGE_CURVE('',#1007,#999,#1009,.T.);
#1007 = VERTEX_POINT('',#1008);
#1008 = CARTESIAN_POINT('',(9.00386414631,18.325,12.03));
#1009 = LINE('',#1010,#1011);
#1010 = CARTESIAN_POINT('',(9.00386414631,18.04,12.03));
#1011 = VECTOR('',#1012,1.);
#1012 = DIRECTION('',(-0.,-1.,0.));
#1013 = ORIENTED_EDGE('',*,*,#1014,.F.);
#1014 = EDGE_CURVE('',#1015,#1007,#1017,.T.);
#1015 = VERTEX_POINT('',#1016);
#1016 = CARTESIAN_POINT('',(3.124854795037,18.325,12.03));
#1017 = LINE('',#1018,#1019);
#1018 = CARTESIAN_POINT('',(13.122824423381,18.325,12.03));
#1019 = VECTOR('',#1020,1.);
#1020 = DIRECTION('',(1.,0.,0.));
#1021 = ORIENTED_EDGE('',*,*,#1022,.T.);
#1022 = EDGE_CURVE('',#1015,#1023,#1025,.T.);
#1023 = VERTEX_POINT('',#1024);
#1024 = CARTESIAN_POINT('',(3.12485479401,15.395743526786,12.03));
#1025 = LINE('',#1026,#1027);
#1026 = CARTESIAN_POINT('',(3.124854795037,9.675,12.03));
#1027 = VECTOR('',#1028,1.);
#1028 = DIRECTION('',(-0.,-1.,2.2E-16));
#1029 = ORIENTED_EDGE('',*,*,#1030,.F.);
#1030 = EDGE_CURVE('',#895,#1023,#1031,.T.);
#1031 = LINE('',#1032,#1033);
#1032 = CARTESIAN_POINT('',(10.27,15.395743529449,12.03));
#1033 = VECTOR('',#1034,1.);
#1034 = DIRECTION('',(1.,-0.,2.2E-16));
#1035 = PLANE('',#1036);
#1036 = AXIS2_PLACEMENT_3D('',#1037,#1038,#1039);
#1037 = CARTESIAN_POINT('',(3.,-1.,12.03));
#1038 = DIRECTION('',(0.,0.,1.));
#1039 = DIRECTION('',(1.,0.,0.));
#1040 = ADVANCED_FACE('',(#1041),#1075,.F.);
#1041 = FACE_BOUND('',#1042,.F.);
#1042 = EDGE_LOOP('',(#1043,#1052,#1060,#1066,#1067,#1074));
#1043 = ORIENTED_EDGE('',*,*,#1044,.F.);
#1044 = EDGE_CURVE('',#1045,#927,#1047,.T.);
#1045 = VERTEX_POINT('',#1046);
#1046 = CARTESIAN_POINT('',(10.27,9.675,7.5));
#1047 = CIRCLE('',#1048,7.9);
#1048 = AXIS2_PLACEMENT_3D('',#1049,#1050,#1051);
#1049 = CARTESIAN_POINT('',(10.27,9.675,15.4));
#1050 = DIRECTION('',(-0.,1.,0.));
#1051 = DIRECTION('',(1.,0.,0.));
#1052 = ORIENTED_EDGE('',*,*,#1053,.T.);
#1053 = EDGE_CURVE('',#1045,#1054,#1056,.T.);
#1054 = VERTEX_POINT('',#1055);
#1055 = CARTESIAN_POINT('',(18.5,9.675,7.5));
#1056 = LINE('',#1057,#1058);
#1057 = CARTESIAN_POINT('',(10.27,9.675,7.5));
#1058 = VECTOR('',#1059,1.);
#1059 = DIRECTION('',(1.,0.,0.));
#1060 = ORIENTED_EDGE('',*,*,#1061,.F.);
#1061 = EDGE_CURVE('',#967,#1054,#1062,.T.);
#1062 = LINE('',#1063,#1064);
#1063 = CARTESIAN_POINT('',(18.5,9.675,14.635));
#1064 = VECTOR('',#1065,1.);
#1065 = DIRECTION('',(0.,0.,-1.));
#1066 = ORIENTED_EDGE('',*,*,#966,.T.);
#1067 = ORIENTED_EDGE('',*,*,#1068,.F.);
#1068 = EDGE_CURVE('',#935,#959,#1069,.T.);
#1069 = CIRCLE('',#1070,3.6);
#1070 = AXIS2_PLACEMENT_3D('',#1071,#1072,#1073);
#1071 = CARTESIAN_POINT('',(10.27,9.675,15.4));
#1072 = DIRECTION('',(0.,-1.,0.));
#1073 = DIRECTION('',(1.,0.,0.));
#1074 = ORIENTED_EDGE('',*,*,#934,.T.);
#1075 = PLANE('',#1076);
#1076 = AXIS2_PLACEMENT_3D('',#1077,#1078,#1079);
#1077 = CARTESIAN_POINT('',(23.245648846762,9.675,15.4));
#1078 = DIRECTION('',(-0.,-1.,-0.));
#1079 = DIRECTION('',(0.,0.,-1.));
#1080 = ADVANCED_FACE('',(#1081),#1193,.T.);
#1081 = FACE_BOUND('',#1082,.T.);
#1082 = EDGE_LOOP('',(#1083,#1093,#1101,#1107,#1108,#1116,#1124,#1132,
    #1140,#1146,#1147,#1155,#1163,#1171,#1179,#1187));
#1083 = ORIENTED_EDGE('',*,*,#1084,.F.);
#1084 = EDGE_CURVE('',#1085,#1087,#1089,.T.);
#1085 = VERTEX_POINT('',#1086);
#1086 = CARTESIAN_POINT('',(18.5,18.325,7.5));
#1087 = VERTEX_POINT('',#1088);
#1088 = CARTESIAN_POINT('',(18.5,22.8,7.5));
#1089 = LINE('',#1090,#1091);
#1090 = CARTESIAN_POINT('',(18.5,-10.3,7.5));
#1091 = VECTOR('',#1092,1.);
#1092 = DIRECTION('',(0.,1.,0.));
#1093 = ORIENTED_EDGE('',*,*,#1094,.F.);
#1094 = EDGE_CURVE('',#1095,#1085,#1097,.T.);
#1095 = VERTEX_POINT('',#1096);
#1096 = CARTESIAN_POINT('',(10.27,18.325,7.5));
#1097 = LINE('',#1098,#1099);
#1098 = CARTESIAN_POINT('',(10.27,18.325,7.5));
#1099 = VECTOR('',#1100,1.);
#1100 = DIRECTION('',(1.,0.,0.));
#1101 = ORIENTED_EDGE('',*,*,#1102,.F.);
#1102 = EDGE_CURVE('',#1045,#1095,#1103,.T.);
#1103 = LINE('',#1104,#1105);
#1104 = CARTESIAN_POINT('',(10.27,9.675,7.5));
#1105 = VECTOR('',#1106,1.);
#1106 = DIRECTION('',(0.,1.,0.));
#1107 = ORIENTED_EDGE('',*,*,#1053,.T.);
#1108 = ORIENTED_EDGE('',*,*,#1109,.F.);
#1109 = EDGE_CURVE('',#1110,#1054,#1112,.T.);
#1110 = VERTEX_POINT('',#1111);
#1111 = CARTESIAN_POINT('',(18.5,8.75,7.5));
#1112 = LINE('',#1113,#1114);
#1113 = CARTESIAN_POINT('',(18.5,-10.3,7.5));
#1114 = VECTOR('',#1115,1.);
#1115 = DIRECTION('',(0.,1.,0.));
#1116 = ORIENTED_EDGE('',*,*,#1117,.F.);
#1117 = EDGE_CURVE('',#1118,#1110,#1120,.T.);
#1118 = VERTEX_POINT('',#1119);
#1119 = CARTESIAN_POINT('',(6.145145204963,8.75,7.5));
#1120 = LINE('',#1121,#1122);
#1121 = CARTESIAN_POINT('',(-1.,8.75,7.5));
#1122 = VECTOR('',#1123,1.);
#1123 = DIRECTION('',(1.,0.,0.));
#1124 = ORIENTED_EDGE('',*,*,#1125,.T.);
#1125 = EDGE_CURVE('',#1118,#1126,#1128,.T.);
#1126 = VERTEX_POINT('',#1127);
#1127 = CARTESIAN_POINT('',(6.145145204963,1.25,7.5));
#1128 = LINE('',#1129,#1130);
#1129 = CARTESIAN_POINT('',(6.145145204963,0.675,7.5));
#1130 = VECTOR('',#1131,1.);
#1131 = DIRECTION('',(0.,-1.,2.2E-16));
#1132 = ORIENTED_EDGE('',*,*,#1133,.T.);
#1133 = EDGE_CURVE('',#1126,#1134,#1136,.T.);
#1134 = VERTEX_POINT('',#1135);
#1135 = CARTESIAN_POINT('',(18.5,1.25,7.5));
#1136 = LINE('',#1137,#1138);
#1137 = CARTESIAN_POINT('',(-1.,1.25,7.5));
#1138 = VECTOR('',#1139,1.);
#1139 = DIRECTION('',(1.,0.,0.));
#1140 = ORIENTED_EDGE('',*,*,#1141,.F.);
#1141 = EDGE_CURVE('',#567,#1134,#1142,.T.);
#1142 = LINE('',#1143,#1144);
#1143 = CARTESIAN_POINT('',(18.5,-10.3,7.5));
#1144 = VECTOR('',#1145,1.);
#1145 = DIRECTION('',(0.,1.,0.));
#1146 = ORIENTED_EDGE('',*,*,#614,.T.);
#1147 = ORIENTED_EDGE('',*,*,#1148,.T.);
#1148 = EDGE_CURVE('',#607,#1149,#1151,.T.);
#1149 = VERTEX_POINT('',#1150);
#1150 = CARTESIAN_POINT('',(27.75,4.8,7.5));
#1151 = LINE('',#1152,#1153);
#1152 = CARTESIAN_POINT('',(27.75,-24.,7.5));
#1153 = VECTOR('',#1154,1.);
#1154 = DIRECTION('',(0.,1.,0.));
#1155 = ORIENTED_EDGE('',*,*,#1156,.T.);
#1156 = EDGE_CURVE('',#1149,#1157,#1159,.T.);
#1157 = VERTEX_POINT('',#1158);
#1158 = CARTESIAN_POINT('',(72.,4.8,7.5));
#1159 = LINE('',#1160,#1161);
#1160 = CARTESIAN_POINT('',(19.,4.8,7.5));
#1161 = VECTOR('',#1162,1.);
#1162 = DIRECTION('',(1.,0.,0.));
#1163 = ORIENTED_EDGE('',*,*,#1164,.T.);
#1164 = EDGE_CURVE('',#1157,#1165,#1167,.T.);
#1165 = VERTEX_POINT('',#1166);
#1166 = CARTESIAN_POINT('',(72.,15.2,7.5));
#1167 = LINE('',#1168,#1169);
#1168 = CARTESIAN_POINT('',(72.,3.8,7.5));
#1169 = VECTOR('',#1170,1.);
#1170 = DIRECTION('',(0.,1.,0.));
#1171 = ORIENTED_EDGE('',*,*,#1172,.F.);
#1172 = EDGE_CURVE('',#1173,#1165,#1175,.T.);
#1173 = VERTEX_POINT('',#1174);
#1174 = CARTESIAN_POINT('',(27.75,15.2,7.5));
#1175 = LINE('',#1176,#1177);
#1176 = CARTESIAN_POINT('',(19.,15.2,7.5));
#1177 = VECTOR('',#1178,1.);
#1178 = DIRECTION('',(1.,0.,0.));
#1179 = ORIENTED_EDGE('',*,*,#1180,.T.);
#1180 = EDGE_CURVE('',#1173,#1181,#1183,.T.);
#1181 = VERTEX_POINT('',#1182);
#1182 = CARTESIAN_POINT('',(27.75,22.8,7.5));
#1183 = LINE('',#1184,#1185);
#1184 = CARTESIAN_POINT('',(27.75,-24.,7.5));
#1185 = VECTOR('',#1186,1.);
#1186 = DIRECTION('',(0.,1.,0.));
#1187 = ORIENTED_EDGE('',*,*,#1188,.F.);
#1188 = EDGE_CURVE('',#1087,#1181,#1189,.T.);
#1189 = LINE('',#1190,#1191);
#1190 = CARTESIAN_POINT('',(15.75,22.8,7.5));
#1191 = VECTOR('',#1192,1.);
#1192 = DIRECTION('',(1.,0.,0.));
#1193 = PLANE('',#1194);
#1194 = AXIS2_PLACEMENT_3D('',#1195,#1196,#1197);
#1195 = CARTESIAN_POINT('',(32.482235380698,4.984445717834,7.5));
#1196 = DIRECTION('',(0.,0.,1.));
#1197 = DIRECTION('',(1.,0.,0.));
#1198 = ADVANCED_FACE('',(#1199),#1225,.F.);
#1199 = FACE_BOUND('',#1200,.F.);
#1200 = EDGE_LOOP('',(#1201,#1202,#1211,#1219));
#1201 = ORIENTED_EDGE('',*,*,#1117,.F.);
#1202 = ORIENTED_EDGE('',*,*,#1203,.T.);
#1203 = EDGE_CURVE('',#1118,#1204,#1206,.T.);
#1204 = VERTEX_POINT('',#1205);
#1205 = CARTESIAN_POINT('',(-1.,8.75,12.03));
#1206 = CIRCLE('',#1207,7.9);
#1207 = AXIS2_PLACEMENT_3D('',#1208,#1209,#1210);
#1208 = CARTESIAN_POINT('',(-1.,8.75,4.13));
#1209 = DIRECTION('',(0.,-1.,2.2E-16));
#1210 = DIRECTION('',(1.,0.,0.));
#1211 = ORIENTED_EDGE('',*,*,#1212,.T.);
#1212 = EDGE_CURVE('',#1204,#1213,#1215,.T.);
#1213 = VERTEX_POINT('',#1214);
#1214 = CARTESIAN_POINT('',(18.5,8.75,12.03));
#1215 = LINE('',#1216,#1217);
#1216 = CARTESIAN_POINT('',(-1.,8.75,12.03));
#1217 = VECTOR('',#1218,1.);
#1218 = DIRECTION('',(1.,0.,0.));
#1219 = ORIENTED_EDGE('',*,*,#1220,.F.);
#1220 = EDGE_CURVE('',#1110,#1213,#1221,.T.);
#1221 = LINE('',#1222,#1223);
#1222 = CARTESIAN_POINT('',(18.5,8.75,10.685));
#1223 = VECTOR('',#1224,1.);
#1224 = DIRECTION('',(0.,0.,1.));
#1225 = PLANE('',#1226);
#1226 = AXIS2_PLACEMENT_3D('',#1227,#1228,#1229);
#1227 = CARTESIAN_POINT('',(-1.,8.75,7.5));
#1228 = DIRECTION('',(0.,1.,0.));
#1229 = DIRECTION('',(0.,0.,1.));
#1230 = ADVANCED_FACE('',(#1231),#1257,.T.);
#1231 = FACE_BOUND('',#1232,.T.);
#1232 = EDGE_LOOP('',(#1233,#1234,#1243,#1251));
#1233 = ORIENTED_EDGE('',*,*,#1133,.F.);
#1234 = ORIENTED_EDGE('',*,*,#1235,.T.);
#1235 = EDGE_CURVE('',#1126,#1236,#1238,.T.);
#1236 = VERTEX_POINT('',#1237);
#1237 = CARTESIAN_POINT('',(-1.,1.25,12.03));
#1238 = CIRCLE('',#1239,7.9);
#1239 = AXIS2_PLACEMENT_3D('',#1240,#1241,#1242);
#1240 = CARTESIAN_POINT('',(-1.,1.25,4.13));
#1241 = DIRECTION('',(0.,-1.,2.2E-16));
#1242 = DIRECTION('',(1.,0.,0.));
#1243 = ORIENTED_EDGE('',*,*,#1244,.T.);
#1244 = EDGE_CURVE('',#1236,#1245,#1247,.T.);
#1245 = VERTEX_POINT('',#1246);
#1246 = CARTESIAN_POINT('',(18.5,1.25,12.03));
#1247 = LINE('',#1248,#1249);
#1248 = CARTESIAN_POINT('',(-1.,1.25,12.03));
#1249 = VECTOR('',#1250,1.);
#1250 = DIRECTION('',(1.,0.,0.));
#1251 = ORIENTED_EDGE('',*,*,#1252,.F.);
#1252 = EDGE_CURVE('',#1134,#1245,#1253,.T.);
#1253 = LINE('',#1254,#1255);
#1254 = CARTESIAN_POINT('',(18.5,1.25,10.685));
#1255 = VECTOR('',#1256,1.);
#1256 = DIRECTION('',(0.,0.,1.));
#1257 = PLANE('',#1258);
#1258 = AXIS2_PLACEMENT_3D('',#1259,#1260,#1261);
#1259 = CARTESIAN_POINT('',(-1.,1.25,7.5));
#1260 = DIRECTION('',(0.,1.,0.));
#1261 = DIRECTION('',(0.,0.,1.));
#1262 = ADVANCED_FACE('',(#1263),#1288,.T.);
#1263 = FACE_BOUND('',#1264,.F.);
#1264 = EDGE_LOOP('',(#1265,#1273,#1281,#1287));
#1265 = ORIENTED_EDGE('',*,*,#1266,.F.);
#1266 = EDGE_CURVE('',#1267,#1087,#1269,.T.);
#1267 = VERTEX_POINT('',#1268);
#1268 = CARTESIAN_POINT('',(18.5,24.8,5.5));
#1269 = LINE('',#1270,#1271);
#1270 = CARTESIAN_POINT('',(18.5,16.8575,13.4425));
#1271 = VECTOR('',#1272,1.);
#1272 = DIRECTION('',(0.,-0.707106781187,0.707106781187));
#1273 = ORIENTED_EDGE('',*,*,#1274,.T.);
#1274 = EDGE_CURVE('',#1267,#1275,#1277,.T.);
#1275 = VERTEX_POINT('',#1276);
#1276 = CARTESIAN_POINT('',(27.75,24.8,5.5));
#1277 = LINE('',#1278,#1279);
#1278 = CARTESIAN_POINT('',(15.75,24.8,5.5));
#1279 = VECTOR('',#1280,1.);
#1280 = DIRECTION('',(1.,0.,0.));
#1281 = ORIENTED_EDGE('',*,*,#1282,.T.);
#1282 = EDGE_CURVE('',#1275,#1181,#1283,.T.);
#1283 = LINE('',#1284,#1285);
#1284 = CARTESIAN_POINT('',(27.75,24.3,6.));
#1285 = VECTOR('',#1286,1.);
#1286 = DIRECTION('',(1.92E-15,-0.707106781187,0.707106781187));
#1287 = ORIENTED_EDGE('',*,*,#1188,.F.);
#1288 = PLANE('',#1289);
#1289 = AXIS2_PLACEMENT_3D('',#1290,#1291,#1292);
#1290 = CARTESIAN_POINT('',(15.75,23.8,6.5));
#1291 = DIRECTION('',(0.,0.707106781187,0.707106781187));
#1292 = DIRECTION('',(-1.,0.,0.));
#1293 = ADVANCED_FACE('',(#1294),#1319,.F.);
#1294 = FACE_BOUND('',#1295,.F.);
#1295 = EDGE_LOOP('',(#1296,#1297,#1304,#1305,#1312,#1313));
#1296 = ORIENTED_EDGE('',*,*,#1094,.F.);
#1297 = ORIENTED_EDGE('',*,*,#1298,.T.);
#1298 = EDGE_CURVE('',#1095,#1015,#1299,.T.);
#1299 = CIRCLE('',#1300,7.9);
#1300 = AXIS2_PLACEMENT_3D('',#1301,#1302,#1303);
#1301 = CARTESIAN_POINT('',(10.27,18.325,15.4));
#1302 = DIRECTION('',(-0.,1.,0.));
#1303 = DIRECTION('',(1.,0.,0.));
#1304 = ORIENTED_EDGE('',*,*,#1014,.T.);
#1305 = ORIENTED_EDGE('',*,*,#1306,.T.);
#1306 = EDGE_CURVE('',#1007,#983,#1307,.T.);
#1307 = CIRCLE('',#1308,3.6);
#1308 = AXIS2_PLACEMENT_3D('',#1309,#1310,#1311);
#1309 = CARTESIAN_POINT('',(10.27,18.325,15.4));
#1310 = DIRECTION('',(0.,-1.,0.));
#1311 = DIRECTION('',(1.,0.,0.));
#1312 = ORIENTED_EDGE('',*,*,#982,.T.);
#1313 = ORIENTED_EDGE('',*,*,#1314,.F.);
#1314 = EDGE_CURVE('',#1085,#975,#1315,.T.);
#1315 = LINE('',#1316,#1317);
#1316 = CARTESIAN_POINT('',(18.5,18.325,14.635));
#1317 = VECTOR('',#1318,1.);
#1318 = DIRECTION('',(0.,0.,1.));
#1319 = PLANE('',#1320);
#1320 = AXIS2_PLACEMENT_3D('',#1321,#1322,#1323);
#1321 = CARTESIAN_POINT('',(23.245648846762,18.325,15.4));
#1322 = DIRECTION('',(0.,1.,0.));
#1323 = DIRECTION('',(0.,0.,1.));
#1324 = ADVANCED_FACE('',(#1325),#1350,.T.);
#1325 = FACE_BOUND('',#1326,.T.);
#1326 = EDGE_LOOP('',(#1327,#1337,#1343,#1344));
#1327 = ORIENTED_EDGE('',*,*,#1328,.F.);
#1328 = EDGE_CURVE('',#1329,#1331,#1333,.T.);
#1329 = VERTEX_POINT('',#1330);
#1330 = CARTESIAN_POINT('',(18.5,24.8,-5.5));
#1331 = VERTEX_POINT('',#1332);
#1332 = CARTESIAN_POINT('',(27.75,24.8,-5.5));
#1333 = LINE('',#1334,#1335);
#1334 = CARTESIAN_POINT('',(15.75,24.8,-5.5));
#1335 = VECTOR('',#1336,1.);
#1336 = DIRECTION('',(1.,0.,0.));
#1337 = ORIENTED_EDGE('',*,*,#1338,.F.);
#1338 = EDGE_CURVE('',#1267,#1329,#1339,.T.);
#1339 = LINE('',#1340,#1341);
#1340 = CARTESIAN_POINT('',(18.5,24.8,3.185));
#1341 = VECTOR('',#1342,1.);
#1342 = DIRECTION('',(0.,0.,-1.));
#1343 = ORIENTED_EDGE('',*,*,#1274,.T.);
#1344 = ORIENTED_EDGE('',*,*,#1345,.F.);
#1345 = EDGE_CURVE('',#1331,#1275,#1346,.T.);
#1346 = LINE('',#1347,#1348);
#1347 = CARTESIAN_POINT('',(27.75,24.8,-7.5));
#1348 = VECTOR('',#1349,1.);
#1349 = DIRECTION('',(0.,0.,1.));
#1350 = PLANE('',#1351);
#1351 = AXIS2_PLACEMENT_3D('',#1352,#1353,#1354);
#1352 = CARTESIAN_POINT('',(15.75,24.8,-7.5));
#1353 = DIRECTION('',(0.,1.,0.));
#1354 = DIRECTION('',(0.,0.,1.));
#1355 = ADVANCED_FACE('',(#1356),#1703,.F.);
#1356 = FACE_BOUND('',#1357,.T.);
#1357 = EDGE_LOOP('',(#1358,#1368,#1475,#1476,#1477,#1478,#1585,#1586,
    #1587,#1588,#1695,#1696));
#1358 = ORIENTED_EDGE('',*,*,#1359,.F.);
#1359 = EDGE_CURVE('',#1360,#1362,#1364,.T.);
#1360 = VERTEX_POINT('',#1361);
#1361 = CARTESIAN_POINT('',(2.810107239377,14.,12.8));
#1362 = VERTEX_POINT('',#1363);
#1363 = CARTESIAN_POINT('',(-4.37,14.,12.8));
#1364 = LINE('',#1365,#1366);
#1365 = CARTESIAN_POINT('',(10.27,14.,12.8));
#1366 = VECTOR('',#1367,1.);
#1367 = DIRECTION('',(-1.,0.,0.));
#1368 = ORIENTED_EDGE('',*,*,#1369,.F.);
#1369 = EDGE_CURVE('',#639,#1360,#1370,.T.);
#1370 = B_SPLINE_CURVE_WITH_KNOTS('',7,(#1371,#1372,#1373,#1374,#1375,
    #1376,#1377,#1378,#1379,#1380,#1381,#1382,#1383,#1384,#1385,#1386,
    #1387,#1388,#1389,#1390,#1391,#1392,#1393,#1394,#1395,#1396,#1397,
    #1398,#1399,#1400,#1401,#1402,#1403,#1404,#1405,#1406,#1407,#1408,
    #1409,#1410,#1411,#1412,#1413,#1414,#1415,#1416,#1417,#1418,#1419,
    #1420,#1421,#1422,#1423,#1424,#1425,#1426,#1427,#1428,#1429,#1430,
    #1431,#1432,#1433,#1434,#1435,#1436,#1437,#1438,#1439,#1440,#1441,
    #1442,#1443,#1444,#1445,#1446,#1447,#1448,#1449,#1450,#1451,#1452,
    #1453,#1454,#1455,#1456,#1457,#1458,#1459,#1460,#1461,#1462,#1463,
    #1464,#1465,#1466,#1467,#1468,#1469,#1470,#1471,#1472,#1473,#1474),
  .UNSPECIFIED.,.T.,.F.,(8,6,6,6,6,6,6,6,6,6,6,6,6,6,6,6,6,8),(0.,
    0.104646444641,0.147645707624,0.180150986058,0.229005233686,
    0.283600742025,0.346627183233,0.408320534828,0.457701029904,
    0.499744318674,0.542025993564,0.591191768734,0.652819201032,
    0.715577095285,0.770481971822,0.818915970277,0.867759652107,1.),
  .UNSPECIFIED.);
#1371 = CARTESIAN_POINT('',(2.810107239377,14.,12.8));
#1372 = CARTESIAN_POINT('',(2.810107239377,14.153940906497,12.8));
#1373 = CARTESIAN_POINT('',(2.815947204074,14.308145466085,
    12.783243804491));
#1374 = CARTESIAN_POINT('',(2.82766332658,14.460930367088,
    12.749628887428));
#1375 = CARTESIAN_POINT('',(2.845547275836,14.610558009494,
    12.699078010363));
#1376 = CARTESIAN_POINT('',(2.87014841079,14.755178034476,
    12.631572013827));
#1377 = CARTESIAN_POINT('',(2.902277242632,14.892761020902,
    12.547189258935));
#1378 = CARTESIAN_POINT('',(2.959747309848,15.073727797901,
    12.404635356558));
#1379 = CARTESIAN_POINT('',(2.977925652586,15.124821178234,
    12.360335647446));
#1380 = CARTESIAN_POINT('',(2.997590442263,15.174069338144,
    12.313338616381));
#1381 = CARTESIAN_POINT('',(3.018784038423,15.2212538727,12.263752461612
    ));
#1382 = CARTESIAN_POINT('',(3.041544055938,15.266173226231,
    12.211705053351));
#1383 = CARTESIAN_POINT('',(3.065901529744,15.308642794849,
    12.157341432012));
#1384 = CARTESIAN_POINT('',(3.111516799674,15.378621312002,
    12.058094936509));
#1385 = CARTESIAN_POINT('',(3.132074607182,15.407243154786,
    12.014148616512));
#1386 = CARTESIAN_POINT('',(3.153548690119,15.43427056032,
    11.969080051536));
#1387 = CARTESIAN_POINT('',(3.175929772056,15.459626481963,
    11.922994169658));
#1388 = CARTESIAN_POINT('',(3.199202427336,15.483246787276,
    11.876001976317));
#1389 = CARTESIAN_POINT('',(3.223344396285,15.505080221856,
    11.828219408673));
#1390 = CARTESIAN_POINT('',(3.285872189778,15.555159894666,
    11.706942769895));
#1391 = CARTESIAN_POINT('',(3.325283731947,15.58108325899,
    11.632664554354));
#1392 = CARTESIAN_POINT('',(3.366461664658,15.602747075255,
    11.557328820648));
#1393 = CARTESIAN_POINT('',(3.40927272186,15.620101984702,
    11.481343225342));
#1394 = CARTESIAN_POINT('',(3.453547109574,15.633160371914,
    11.405120320108));
#1395 = CARTESIAN_POINT('',(3.499076381728,15.641996076021,
    11.329072067583));
#1396 = CARTESIAN_POINT('',(3.597614949564,15.652050107002,
    11.169267821296));
#1397 = CARTESIAN_POINT('',(3.650862174833,15.6522500769,11.085676592396
    ));
#1398 = CARTESIAN_POINT('',(3.705147978241,15.647552753832,
    11.003165426189));
#1399 = CARTESIAN_POINT('',(3.760245654424,15.63818132819,
    10.922040801972));
#1400 = CARTESIAN_POINT('',(3.815908825494,15.624374082299,
    10.842582724879));
#1401 = CARTESIAN_POINT('',(3.871873460323,15.606385034189,
    10.765046528088));
#1402 = CARTESIAN_POINT('',(3.992492054355,15.559202142496,
    10.602641949649));
#1403 = CARTESIAN_POINT('',(4.05720681389,15.528686356324,
    10.518418734862));
#1404 = CARTESIAN_POINT('',(4.121725673395,15.49327905795,
    10.437156040966));
#1405 = CARTESIAN_POINT('',(4.185766139868,15.453274065572,
    10.358986581121));
#1406 = CARTESIAN_POINT('',(4.249035098744,15.408922136324,
    10.28402676884));
#1407 = CARTESIAN_POINT('',(4.311222186298,15.360435922121,
    10.21238871547));
#1408 = CARTESIAN_POINT('',(4.431478754175,15.256663122843,
    10.07743818258));
#1409 = CARTESIAN_POINT('',(4.489635988295,15.201517290187,
    10.013949159801));
#1410 = CARTESIAN_POINT('',(4.546162938641,15.142706884877,
    9.953827627557));
#1411 = CARTESIAN_POINT('',(4.600723541871,15.080352840334,
    9.897194307221));
#1412 = CARTESIAN_POINT('',(4.652941626302,15.014554932666,
    9.844194891588));
#1413 = CARTESIAN_POINT('',(4.70239494112,14.945399147281,9.795006763141
    ));
#1414 = CARTESIAN_POINT('',(4.785599918208,14.814987456114,
    9.713697975307));
#1415 = CARTESIAN_POINT('',(4.820549585215,14.754855975925,
    9.680097088925));
#1416 = CARTESIAN_POINT('',(4.85314989017,14.692697266937,9.649219919752
    ));
#1417 = CARTESIAN_POINT('',(4.883098201224,14.628640011266,
    9.621227281284));
#1418 = CARTESIAN_POINT('',(4.910100744129,14.562814634371,
    9.596269693706));
#1419 = CARTESIAN_POINT('',(4.933875795224,14.495353028288,
    9.574493143671));
#1420 = CARTESIAN_POINT('',(4.971424487244,14.367670656927,
    9.540337687131));
#1421 = CARTESIAN_POINT('',(4.986156184129,14.307874683654,
    9.527046331058));
#1422 = CARTESIAN_POINT('',(4.99815222554,14.247208478292,9.516292684068
    ));
#1423 = CARTESIAN_POINT('',(5.007259039579,14.185880487683,
    9.508165715638));
#1424 = CARTESIAN_POINT('',(5.013370596858,14.124098761942,
    9.502724290064));
#1425 = CARTESIAN_POINT('',(5.016429785375,14.062070234143,9.5));
#1426 = CARTESIAN_POINT('',(5.016429785375,13.937577826636,9.5));
#1427 = CARTESIAN_POINT('',(5.013335809891,13.875198512803,
    9.502755274409));
#1428 = CARTESIAN_POINT('',(5.007154909025,13.813070321559,
    9.508258429542));
#1429 = CARTESIAN_POINT('',(4.99794548406,13.751403397792,9.516477176976
    ));
#1430 = CARTESIAN_POINT('',(4.985815867793,13.690409029142,
    9.527351408227));
#1431 = CARTESIAN_POINT('',(4.970922904859,13.630298906928,
    9.540790269444));
#1432 = CARTESIAN_POINT('',(4.933176647303,13.502661405063,9.57513354021
    ));
#1433 = CARTESIAN_POINT('',(4.909425712845,13.435533071222,
    9.596893488629));
#1434 = CARTESIAN_POINT('',(4.882481188419,13.370030240008,
    9.621803670208));
#1435 = CARTESIAN_POINT('',(4.852621289453,13.306282585902,
    9.649719934998));
#1436 = CARTESIAN_POINT('',(4.820135873256,13.244418338509,
    9.680493776821));
#1437 = CARTESIAN_POINT('',(4.785323325204,13.184564017667,
    9.713966715844));
#1438 = CARTESIAN_POINT('',(4.7023150677,13.054494529374,9.795086763794)
  );
#1439 = CARTESIAN_POINT('',(4.652911393845,12.985416375876,
    9.844226958077));
#1440 = CARTESIAN_POINT('',(4.600749148192,12.919689049632,
    9.897170207509));
#1441 = CARTESIAN_POINT('',(4.546249231455,12.857398279729,
    9.953739690736));
#1442 = CARTESIAN_POINT('',(4.489786652646,12.798643514071,
    10.013790148237));
#1443 = CARTESIAN_POINT('',(4.431696461491,12.743545250681,
    10.077201209008));
#1444 = CARTESIAN_POINT('',(4.311772989291,12.640018597043,
    10.211763176701));
#1445 = CARTESIAN_POINT('',(4.249861515014,12.591705789095,
    10.28306789758));
#1446 = CARTESIAN_POINT('',(4.18687513199,12.547490785814,
    10.357666755489));
#1447 = CARTESIAN_POINT('',(4.123120135959,12.507583055723,
    10.435449310834));
#1448 = CARTESIAN_POINT('',(4.058885776435,12.472229590193,
    10.516301072525));
#1449 = CARTESIAN_POINT('',(3.994450788727,12.441719798426,
    10.600091761663));
#1450 = CARTESIAN_POINT('',(3.873782663464,12.394230523172,
    10.762402488933));
#1451 = CARTESIAN_POINT('',(3.817490723211,12.376019637526,
    10.840325367874));
#1452 = CARTESIAN_POINT('',(3.761498385723,12.362032660936,
    10.920196833074));
#1453 = CARTESIAN_POINT('',(3.706074054765,12.352527932257,
    11.001758150771));
#1454 = CARTESIAN_POINT('',(3.651468177749,12.347747876837,
    11.084725365649));
#1455 = CARTESIAN_POINT('',(3.597911166165,12.347919669595,
    11.168787434056));
#1456 = CARTESIAN_POINT('',(3.499475325497,12.357963219176,
    11.328425083262));
#1457 = CARTESIAN_POINT('',(3.45432790125,12.366688421197,
    11.403816332591));
#1458 = CARTESIAN_POINT('',(3.410411835859,12.379563058661,
    11.479382641606));
#1459 = CARTESIAN_POINT('',(3.367930556837,12.396659611482,
    11.554722697626));
#1460 = CARTESIAN_POINT('',(3.327050156073,12.417991201926,
    11.629434552213));
#1461 = CARTESIAN_POINT('',(3.287901419298,12.443511311563,
    11.703120834473));
#1462 = CARTESIAN_POINT('',(3.212946620907,12.502966077652,
    11.848278423097));
#1463 = CARTESIAN_POINT('',(3.177218567603,12.536932883247,
    11.919635059431));
#1464 = CARTESIAN_POINT('',(3.143488189743,12.574886379782,
    11.989076906609));
#1465 = CARTESIAN_POINT('',(3.111809982803,12.616640248685,
    12.056234839471));
#1466 = CARTESIAN_POINT('',(3.082207536953,12.661949285987,
    12.120765902567));
#1467 = CARTESIAN_POINT('',(3.054678630363,12.710509300272,
    12.182361638257));
#1468 = CARTESIAN_POINT('',(2.960219849141,12.901247556739,
    12.398855585041));
#1469 = CARTESIAN_POINT('',(2.906817233522,13.060599587873,
    12.532238899029));
#1470 = CARTESIAN_POINT('',(2.866684830083,13.235065596967,
    12.639571593148));
#1471 = CARTESIAN_POINT('',(2.837955051513,13.42025202756,
    12.720099410126));
#1472 = CARTESIAN_POINT('',(2.819332228828,13.612039650167,
    12.77353174929));
#1473 = CARTESIAN_POINT('',(2.810107239377,13.8065211015,12.8));
#1474 = CARTESIAN_POINT('',(2.810107239377,14.,12.8));
#1475 = ORIENTED_EDGE('',*,*,#638,.F.);
#1476 = ORIENTED_EDGE('',*,*,#885,.T.);
#1477 = ORIENTED_EDGE('',*,*,#918,.T.);
#1478 = ORIENTED_EDGE('',*,*,#1479,.F.);
#1479 = EDGE_CURVE('',#1023,#919,#1480,.T.);
#1480 = B_SPLINE_CURVE_WITH_KNOTS('',7,(#1481,#1482,#1483,#1484,#1485,
    #1486,#1487,#1488,#1489,#1490,#1491,#1492,#1493,#1494,#1495,#1496,
    #1497,#1498,#1499,#1500,#1501,#1502,#1503,#1504,#1505,#1506,#1507,
    #1508,#1509,#1510,#1511,#1512,#1513,#1514,#1515,#1516,#1517,#1518,
    #1519,#1520,#1521,#1522,#1523,#1524,#1525,#1526,#1527,#1528,#1529,
    #1530,#1531,#1532,#1533,#1534,#1535,#1536,#1537,#1538,#1539,#1540,
    #1541,#1542,#1543,#1544,#1545,#1546,#1547,#1548,#1549,#1550,#1551,
    #1552,#1553,#1554,#1555,#1556,#1557,#1558,#1559,#1560,#1561,#1562,
    #1563,#1564,#1565,#1566,#1567,#1568,#1569,#1570,#1571,#1572,#1573,
    #1574,#1575,#1576,#1577,#1578,#1579,#1580,#1581,#1582,#1583,#1584),
  .UNSPECIFIED.,.T.,.F.,(8,6,6,6,6,6,6,6,6,6,6,6,6,6,6,6,6,8),(0.,
    0.104646444641,0.147645707624,0.180150986058,0.229005233686,
    0.283600742025,0.346627183233,0.408320534828,0.457701029904,
    0.499744318674,0.542025993564,0.591191768734,0.652819201032,
    0.715577095285,0.770481971822,0.818915970277,0.867759652107,1.),
  .UNSPECIFIED.);
#1481 = CARTESIAN_POINT('',(2.810107239377,14.,12.8));
#1482 = CARTESIAN_POINT('',(2.810107239377,14.153940906497,12.8));
#1483 = CARTESIAN_POINT('',(2.815947204074,14.308145466085,
    12.783243804491));
#1484 = CARTESIAN_POINT('',(2.82766332658,14.460930367088,
    12.749628887428));
#1485 = CARTESIAN_POINT('',(2.845547275836,14.610558009494,
    12.699078010363));
#1486 = CARTESIAN_POINT('',(2.87014841079,14.755178034476,
    12.631572013827));
#1487 = CARTESIAN_POINT('',(2.902277242632,14.892761020902,
    12.547189258935));
#1488 = CARTESIAN_POINT('',(2.959747309848,15.073727797901,
    12.404635356558));
#1489 = CARTESIAN_POINT('',(2.977925652586,15.124821178234,
    12.360335647446));
#1490 = CARTESIAN_POINT('',(2.997590442263,15.174069338144,
    12.313338616381));
#1491 = CARTESIAN_POINT('',(3.018784038423,15.2212538727,12.263752461612
    ));
#1492 = CARTESIAN_POINT('',(3.041544055938,15.266173226231,
    12.211705053351));
#1493 = CARTESIAN_POINT('',(3.065901529744,15.308642794849,
    12.157341432012));
#1494 = CARTESIAN_POINT('',(3.111516799674,15.378621312002,
    12.058094936509));
#1495 = CARTESIAN_POINT('',(3.132074607182,15.407243154786,
    12.014148616512));
#1496 = CARTESIAN_POINT('',(3.153548690119,15.43427056032,
    11.969080051536));
#1497 = CARTESIAN_POINT('',(3.175929772056,15.459626481963,
    11.922994169658));
#1498 = CARTESIAN_POINT('',(3.199202427336,15.483246787276,
    11.876001976317));
#1499 = CARTESIAN_POINT('',(3.223344396285,15.505080221856,
    11.828219408673));
#1500 = CARTESIAN_POINT('',(3.285872189778,15.555159894666,
    11.706942769895));
#1501 = CARTESIAN_POINT('',(3.325283731947,15.58108325899,
    11.632664554354));
#1502 = CARTESIAN_POINT('',(3.366461664658,15.602747075255,
    11.557328820648));
#1503 = CARTESIAN_POINT('',(3.40927272186,15.620101984702,
    11.481343225342));
#1504 = CARTESIAN_POINT('',(3.453547109574,15.633160371914,
    11.405120320108));
#1505 = CARTESIAN_POINT('',(3.499076381728,15.641996076021,
    11.329072067583));
#1506 = CARTESIAN_POINT('',(3.597614949564,15.652050107002,
    11.169267821296));
#1507 = CARTESIAN_POINT('',(3.650862174833,15.6522500769,11.085676592396
    ));
#1508 = CARTESIAN_POINT('',(3.705147978241,15.647552753832,
    11.003165426189));
#1509 = CARTESIAN_POINT('',(3.760245654424,15.63818132819,
    10.922040801972));
#1510 = CARTESIAN_POINT('',(3.815908825494,15.624374082299,
    10.842582724879));
#1511 = CARTESIAN_POINT('',(3.871873460323,15.606385034189,
    10.765046528088));
#1512 = CARTESIAN_POINT('',(3.992492054355,15.559202142496,
    10.602641949649));
#1513 = CARTESIAN_POINT('',(4.05720681389,15.528686356324,
    10.518418734862));
#1514 = CARTESIAN_POINT('',(4.121725673395,15.49327905795,
    10.437156040966));
#1515 = CARTESIAN_POINT('',(4.185766139868,15.453274065572,
    10.358986581121));
#1516 = CARTESIAN_POINT('',(4.249035098744,15.408922136324,
    10.28402676884));
#1517 = CARTESIAN_POINT('',(4.311222186298,15.360435922121,
    10.21238871547));
#1518 = CARTESIAN_POINT('',(4.431478754175,15.256663122843,
    10.07743818258));
#1519 = CARTESIAN_POINT('',(4.489635988295,15.201517290187,
    10.013949159801));
#1520 = CARTESIAN_POINT('',(4.546162938641,15.142706884877,
    9.953827627557));
#1521 = CARTESIAN_POINT('',(4.600723541871,15.080352840334,
    9.897194307221));
#1522 = CARTESIAN_POINT('',(4.652941626302,15.014554932666,
    9.844194891588));
#1523 = CARTESIAN_POINT('',(4.70239494112,14.945399147281,9.795006763141
    ));
#1524 = CARTESIAN_POINT('',(4.785599918208,14.814987456114,
    9.713697975307));
#1525 = CARTESIAN_POINT('',(4.820549585215,14.754855975925,
    9.680097088925));
#1526 = CARTESIAN_POINT('',(4.85314989017,14.692697266937,9.649219919752
    ));
#1527 = CARTESIAN_POINT('',(4.883098201224,14.628640011266,
    9.621227281284));
#1528 = CARTESIAN_POINT('',(4.910100744129,14.562814634371,
    9.596269693706));
#1529 = CARTESIAN_POINT('',(4.933875795224,14.495353028288,
    9.574493143671));
#1530 = CARTESIAN_POINT('',(4.971424487244,14.367670656927,
    9.540337687131));
#1531 = CARTESIAN_POINT('',(4.986156184129,14.307874683654,
    9.527046331058));
#1532 = CARTESIAN_POINT('',(4.99815222554,14.247208478292,9.516292684068
    ));
#1533 = CARTESIAN_POINT('',(5.007259039579,14.185880487683,
    9.508165715638));
#1534 = CARTESIAN_POINT('',(5.013370596858,14.124098761942,
    9.502724290064));
#1535 = CARTESIAN_POINT('',(5.016429785375,14.062070234143,9.5));
#1536 = CARTESIAN_POINT('',(5.016429785375,13.937577826636,9.5));
#1537 = CARTESIAN_POINT('',(5.013335809891,13.875198512803,
    9.502755274409));
#1538 = CARTESIAN_POINT('',(5.007154909025,13.813070321559,
    9.508258429542));
#1539 = CARTESIAN_POINT('',(4.99794548406,13.751403397792,9.516477176976
    ));
#1540 = CARTESIAN_POINT('',(4.985815867793,13.690409029142,
    9.527351408227));
#1541 = CARTESIAN_POINT('',(4.970922904859,13.630298906928,
    9.540790269444));
#1542 = CARTESIAN_POINT('',(4.933176647303,13.502661405063,9.57513354021
    ));
#1543 = CARTESIAN_POINT('',(4.909425712845,13.435533071222,
    9.596893488629));
#1544 = CARTESIAN_POINT('',(4.882481188419,13.370030240008,
    9.621803670208));
#1545 = CARTESIAN_POINT('',(4.852621289453,13.306282585902,
    9.649719934998));
#1546 = CARTESIAN_POINT('',(4.820135873256,13.244418338509,
    9.680493776821));
#1547 = CARTESIAN_POINT('',(4.785323325204,13.184564017667,
    9.713966715844));
#1548 = CARTESIAN_POINT('',(4.7023150677,13.054494529374,9.795086763794)
  );
#1549 = CARTESIAN_POINT('',(4.652911393845,12.985416375876,
    9.844226958077));
#1550 = CARTESIAN_POINT('',(4.600749148192,12.919689049632,
    9.897170207509));
#1551 = CARTESIAN_POINT('',(4.546249231455,12.857398279729,
    9.953739690736));
#1552 = CARTESIAN_POINT('',(4.489786652646,12.798643514071,
    10.013790148237));
#1553 = CARTESIAN_POINT('',(4.431696461491,12.743545250681,
    10.077201209008));
#1554 = CARTESIAN_POINT('',(4.311772989291,12.640018597043,
    10.211763176701));
#1555 = CARTESIAN_POINT('',(4.249861515014,12.591705789095,
    10.28306789758));
#1556 = CARTESIAN_POINT('',(4.18687513199,12.547490785814,
    10.357666755489));
#1557 = CARTESIAN_POINT('',(4.123120135959,12.507583055723,
    10.435449310834));
#1558 = CARTESIAN_POINT('',(4.058885776435,12.472229590193,
    10.516301072525));
#1559 = CARTESIAN_POINT('',(3.994450788727,12.441719798426,
    10.600091761663));
#1560 = CARTESIAN_POINT('',(3.873782663464,12.394230523172,
    10.762402488933));
#1561 = CARTESIAN_POINT('',(3.817490723211,12.376019637526,
    10.840325367874));
#1562 = CARTESIAN_POINT('',(3.761498385723,12.362032660936,
    10.920196833074));
#1563 = CARTESIAN_POINT('',(3.706074054765,12.352527932257,
    11.001758150771));
#1564 = CARTESIAN_POINT('',(3.651468177749,12.347747876837,
    11.084725365649));
#1565 = CARTESIAN_POINT('',(3.597911166165,12.347919669595,
    11.168787434056));
#1566 = CARTESIAN_POINT('',(3.499475325497,12.357963219176,
    11.328425083262));
#1567 = CARTESIAN_POINT('',(3.45432790125,12.366688421197,
    11.403816332591));
#1568 = CARTESIAN_POINT('',(3.410411835859,12.379563058661,
    11.479382641606));
#1569 = CARTESIAN_POINT('',(3.367930556837,12.396659611482,
    11.554722697626));
#1570 = CARTESIAN_POINT('',(3.327050156073,12.417991201926,
    11.629434552213));
#1571 = CARTESIAN_POINT('',(3.287901419298,12.443511311563,
    11.703120834473));
#1572 = CARTESIAN_POINT('',(3.212946620907,12.502966077652,
    11.848278423097));
#1573 = CARTESIAN_POINT('',(3.177218567603,12.536932883247,
    11.919635059431));
#1574 = CARTESIAN_POINT('',(3.143488189743,12.574886379782,
    11.989076906609));
#1575 = CARTESIAN_POINT('',(3.111809982803,12.616640248685,
    12.056234839471));
#1576 = CARTESIAN_POINT('',(3.082207536953,12.661949285987,
    12.120765902567));
#1577 = CARTESIAN_POINT('',(3.054678630363,12.710509300272,
    12.182361638257));
#1578 = CARTESIAN_POINT('',(2.960219849141,12.901247556739,
    12.398855585041));
#1579 = CARTESIAN_POINT('',(2.906817233522,13.060599587873,
    12.532238899029));
#1580 = CARTESIAN_POINT('',(2.866684830083,13.235065596967,
    12.639571593148));
#1581 = CARTESIAN_POINT('',(2.837955051513,13.42025202756,
    12.720099410126));
#1582 = CARTESIAN_POINT('',(2.819332228828,13.612039650167,
    12.77353174929));
#1583 = CARTESIAN_POINT('',(2.810107239377,13.8065211015,12.8));
#1584 = CARTESIAN_POINT('',(2.810107239377,14.,12.8));
#1585 = ORIENTED_EDGE('',*,*,#1030,.F.);
#1586 = ORIENTED_EDGE('',*,*,#902,.T.);
#1587 = ORIENTED_EDGE('',*,*,#750,.T.);
#1588 = ORIENTED_EDGE('',*,*,#1589,.F.);
#1589 = EDGE_CURVE('',#1360,#743,#1590,.T.);
#1590 = B_SPLINE_CURVE_WITH_KNOTS('',7,(#1591,#1592,#1593,#1594,#1595,
    #1596,#1597,#1598,#1599,#1600,#1601,#1602,#1603,#1604,#1605,#1606,
    #1607,#1608,#1609,#1610,#1611,#1612,#1613,#1614,#1615,#1616,#1617,
    #1618,#1619,#1620,#1621,#1622,#1623,#1624,#1625,#1626,#1627,#1628,
    #1629,#1630,#1631,#1632,#1633,#1634,#1635,#1636,#1637,#1638,#1639,
    #1640,#1641,#1642,#1643,#1644,#1645,#1646,#1647,#1648,#1649,#1650,
    #1651,#1652,#1653,#1654,#1655,#1656,#1657,#1658,#1659,#1660,#1661,
    #1662,#1663,#1664,#1665,#1666,#1667,#1668,#1669,#1670,#1671,#1672,
    #1673,#1674,#1675,#1676,#1677,#1678,#1679,#1680,#1681,#1682,#1683,
    #1684,#1685,#1686,#1687,#1688,#1689,#1690,#1691,#1692,#1693,#1694),
  .UNSPECIFIED.,.T.,.F.,(8,6,6,6,6,6,6,6,6,6,6,6,6,6,6,6,6,8),(0.,
    0.104646444641,0.147645707624,0.180150986058,0.229005233686,
    0.283600742025,0.346627183233,0.408320534828,0.457701029904,
    0.499744318674,0.542025993564,0.591191768734,0.652819201032,
    0.715577095285,0.770481971822,0.818915970277,0.867759652107,1.),
  .UNSPECIFIED.);
#1591 = CARTESIAN_POINT('',(2.810107239377,14.,12.8));
#1592 = CARTESIAN_POINT('',(2.810107239377,14.153940906497,12.8));
#1593 = CARTESIAN_POINT('',(2.815947204074,14.308145466085,
    12.783243804491));
#1594 = CARTESIAN_POINT('',(2.82766332658,14.460930367088,
    12.749628887428));
#1595 = CARTESIAN_POINT('',(2.845547275836,14.610558009494,
    12.699078010363));
#1596 = CARTESIAN_POINT('',(2.87014841079,14.755178034476,
    12.631572013827));
#1597 = CARTESIAN_POINT('',(2.902277242632,14.892761020902,
    12.547189258935));
#1598 = CARTESIAN_POINT('',(2.959747309848,15.073727797901,
    12.404635356558));
#1599 = CARTESIAN_POINT('',(2.977925652586,15.124821178234,
    12.360335647446));
#1600 = CARTESIAN_POINT('',(2.997590442263,15.174069338144,
    12.313338616381));
#1601 = CARTESIAN_POINT('',(3.018784038423,15.2212538727,12.263752461612
    ));
#1602 = CARTESIAN_POINT('',(3.041544055938,15.266173226231,
    12.211705053351));
#1603 = CARTESIAN_POINT('',(3.065901529744,15.308642794849,
    12.157341432012));
#1604 = CARTESIAN_POINT('',(3.111516799674,15.378621312002,
    12.058094936509));
#1605 = CARTESIAN_POINT('',(3.132074607182,15.407243154786,
    12.014148616512));
#1606 = CARTESIAN_POINT('',(3.153548690119,15.43427056032,
    11.969080051536));
#1607 = CARTESIAN_POINT('',(3.175929772056,15.459626481963,
    11.922994169658));
#1608 = CARTESIAN_POINT('',(3.199202427336,15.483246787276,
    11.876001976317));
#1609 = CARTESIAN_POINT('',(3.223344396285,15.505080221856,
    11.828219408673));
#1610 = CARTESIAN_POINT('',(3.285872189778,15.555159894666,
    11.706942769895));
#1611 = CARTESIAN_POINT('',(3.325283731947,15.58108325899,
    11.632664554354));
#1612 = CARTESIAN_POINT('',(3.366461664658,15.602747075255,
    11.557328820648));
#1613 = CARTESIAN_POINT('',(3.40927272186,15.620101984702,
    11.481343225342));
#1614 = CARTESIAN_POINT('',(3.453547109574,15.633160371914,
    11.405120320108));
#1615 = CARTESIAN_POINT('',(3.499076381728,15.641996076021,
    11.329072067583));
#1616 = CARTESIAN_POINT('',(3.597614949564,15.652050107002,
    11.169267821296));
#1617 = CARTESIAN_POINT('',(3.650862174833,15.6522500769,11.085676592396
    ));
#1618 = CARTESIAN_POINT('',(3.705147978241,15.647552753832,
    11.003165426189));
#1619 = CARTESIAN_POINT('',(3.760245654424,15.63818132819,
    10.922040801972));
#1620 = CARTESIAN_POINT('',(3.815908825494,15.624374082299,
    10.842582724879));
#1621 = CARTESIAN_POINT('',(3.871873460323,15.606385034189,
    10.765046528088));
#1622 = CARTESIAN_POINT('',(3.992492054355,15.559202142496,
    10.602641949649));
#1623 = CARTESIAN_POINT('',(4.05720681389,15.528686356324,
    10.518418734862));
#1624 = CARTESIAN_POINT('',(4.121725673395,15.49327905795,
    10.437156040966));
#1625 = CARTESIAN_POINT('',(4.185766139868,15.453274065572,
    10.358986581121));
#1626 = CARTESIAN_POINT('',(4.249035098744,15.408922136324,
    10.28402676884));
#1627 = CARTESIAN_POINT('',(4.311222186298,15.360435922121,
    10.21238871547));
#1628 = CARTESIAN_POINT('',(4.431478754175,15.256663122843,
    10.07743818258));
#1629 = CARTESIAN_POINT('',(4.489635988295,15.201517290187,
    10.013949159801));
#1630 = CARTESIAN_POINT('',(4.546162938641,15.142706884877,
    9.953827627557));
#1631 = CARTESIAN_POINT('',(4.600723541871,15.080352840334,
    9.897194307221));
#1632 = CARTESIAN_POINT('',(4.652941626302,15.014554932666,
    9.844194891588));
#1633 = CARTESIAN_POINT('',(4.70239494112,14.945399147281,9.795006763141
    ));
#1634 = CARTESIAN_POINT('',(4.785599918208,14.814987456114,
    9.713697975307));
#1635 = CARTESIAN_POINT('',(4.820549585215,14.754855975925,
    9.680097088925));
#1636 = CARTESIAN_POINT('',(4.85314989017,14.692697266937,9.649219919752
    ));
#1637 = CARTESIAN_POINT('',(4.883098201224,14.628640011266,
    9.621227281284));
#1638 = CARTESIAN_POINT('',(4.910100744129,14.562814634371,
    9.596269693706));
#1639 = CARTESIAN_POINT('',(4.933875795224,14.495353028288,
    9.574493143671));
#1640 = CARTESIAN_POINT('',(4.971424487244,14.367670656927,
    9.540337687131));
#1641 = CARTESIAN_POINT('',(4.986156184129,14.307874683654,
    9.527046331058));
#1642 = CARTESIAN_POINT('',(4.99815222554,14.247208478292,9.516292684068
    ));
#1643 = CARTESIAN_POINT('',(5.007259039579,14.185880487683,
    9.508165715638));
#1644 = CARTESIAN_POINT('',(5.013370596858,14.124098761942,
    9.502724290064));
#1645 = CARTESIAN_POINT('',(5.016429785375,14.062070234143,9.5));
#1646 = CARTESIAN_POINT('',(5.016429785375,13.937577826636,9.5));
#1647 = CARTESIAN_POINT('',(5.013335809891,13.875198512803,
    9.502755274409));
#1648 = CARTESIAN_POINT('',(5.007154909025,13.813070321559,
    9.508258429542));
#1649 = CARTESIAN_POINT('',(4.99794548406,13.751403397792,9.516477176976
    ));
#1650 = CARTESIAN_POINT('',(4.985815867793,13.690409029142,
    9.527351408227));
#1651 = CARTESIAN_POINT('',(4.970922904859,13.630298906928,
    9.540790269444));
#1652 = CARTESIAN_POINT('',(4.933176647303,13.502661405063,9.57513354021
    ));
#1653 = CARTESIAN_POINT('',(4.909425712845,13.435533071222,
    9.596893488629));
#1654 = CARTESIAN_POINT('',(4.882481188419,13.370030240008,
    9.621803670208));
#1655 = CARTESIAN_POINT('',(4.852621289453,13.306282585902,
    9.649719934998));
#1656 = CARTESIAN_POINT('',(4.820135873256,13.244418338509,
    9.680493776821));
#1657 = CARTESIAN_POINT('',(4.785323325204,13.184564017667,
    9.713966715844));
#1658 = CARTESIAN_POINT('',(4.7023150677,13.054494529374,9.795086763794)
  );
#1659 = CARTESIAN_POINT('',(4.652911393845,12.985416375876,
    9.844226958077));
#1660 = CARTESIAN_POINT('',(4.600749148192,12.919689049632,
    9.897170207509));
#1661 = CARTESIAN_POINT('',(4.546249231455,12.857398279729,
    9.953739690736));
#1662 = CARTESIAN_POINT('',(4.489786652646,12.798643514071,
    10.013790148237));
#1663 = CARTESIAN_POINT('',(4.431696461491,12.743545250681,
    10.077201209008));
#1664 = CARTESIAN_POINT('',(4.311772989291,12.640018597043,
    10.211763176701));
#1665 = CARTESIAN_POINT('',(4.249861515014,12.591705789095,
    10.28306789758));
#1666 = CARTESIAN_POINT('',(4.18687513199,12.547490785814,
    10.357666755489));
#1667 = CARTESIAN_POINT('',(4.123120135959,12.507583055723,
    10.435449310834));
#1668 = CARTESIAN_POINT('',(4.058885776435,12.472229590193,
    10.516301072525));
#1669 = CARTESIAN_POINT('',(3.994450788727,12.441719798426,
    10.600091761663));
#1670 = CARTESIAN_POINT('',(3.873782663464,12.394230523172,
    10.762402488933));
#1671 = CARTESIAN_POINT('',(3.817490723211,12.376019637526,
    10.840325367874));
#1672 = CARTESIAN_POINT('',(3.761498385723,12.362032660936,
    10.920196833074));
#1673 = CARTESIAN_POINT('',(3.706074054765,12.352527932257,
    11.001758150771));
#1674 = CARTESIAN_POINT('',(3.651468177749,12.347747876837,
    11.084725365649));
#1675 = CARTESIAN_POINT('',(3.597911166165,12.347919669595,
    11.168787434056));
#1676 = CARTESIAN_POINT('',(3.499475325497,12.357963219176,
    11.328425083262));
#1677 = CARTESIAN_POINT('',(3.45432790125,12.366688421197,
    11.403816332591));
#1678 = CARTESIAN_POINT('',(3.410411835859,12.379563058661,
    11.479382641606));
#1679 = CARTESIAN_POINT('',(3.367930556837,12.396659611482,
    11.554722697626));
#1680 = CARTESIAN_POINT('',(3.327050156073,12.417991201926,
    11.629434552213));
#1681 = CARTESIAN_POINT('',(3.287901419298,12.443511311563,
    11.703120834473));
#1682 = CARTESIAN_POINT('',(3.212946620907,12.502966077652,
    11.848278423097));
#1683 = CARTESIAN_POINT('',(3.177218567603,12.536932883247,
    11.919635059431));
#1684 = CARTESIAN_POINT('',(3.143488189743,12.574886379782,
    11.989076906609));
#1685 = CARTESIAN_POINT('',(3.111809982803,12.616640248685,
    12.056234839471));
#1686 = CARTESIAN_POINT('',(3.082207536953,12.661949285987,
    12.120765902567));
#1687 = CARTESIAN_POINT('',(3.054678630363,12.710509300272,
    12.182361638257));
#1688 = CARTESIAN_POINT('',(2.960219849141,12.901247556739,
    12.398855585041));
#1689 = CARTESIAN_POINT('',(2.906817233522,13.060599587873,
    12.532238899029));
#1690 = CARTESIAN_POINT('',(2.866684830083,13.235065596967,
    12.639571593148));
#1691 = CARTESIAN_POINT('',(2.837955051513,13.42025202756,
    12.720099410126));
#1692 = CARTESIAN_POINT('',(2.819332228828,13.612039650167,
    12.77353174929));
#1693 = CARTESIAN_POINT('',(2.810107239377,13.8065211015,12.8));
#1694 = CARTESIAN_POINT('',(2.810107239377,14.,12.8));
#1695 = ORIENTED_EDGE('',*,*,#1359,.T.);
#1696 = ORIENTED_EDGE('',*,*,#1697,.F.);
#1697 = EDGE_CURVE('',#1362,#1362,#1698,.T.);
#1698 = CIRCLE('',#1699,1.65);
#1699 = AXIS2_PLACEMENT_3D('',#1700,#1701,#1702);
#1700 = CARTESIAN_POINT('',(-4.37,14.,11.15));
#1701 = DIRECTION('',(1.,0.,2.2E-16));
#1702 = DIRECTION('',(-2.2E-16,0.,1.));
#1703 = CYLINDRICAL_SURFACE('',#1704,1.65);
#1704 = AXIS2_PLACEMENT_3D('',#1705,#1706,#1707);
#1705 = CARTESIAN_POINT('',(10.27,14.,11.15));
#1706 = DIRECTION('',(1.,-0.,-0.));
#1707 = DIRECTION('',(0.,0.,1.));
#1708 = ADVANCED_FACE('',(#1709,#1718),#1754,.F.);
#1709 = FACE_BOUND('',#1710,.T.);
#1710 = EDGE_LOOP('',(#1711,#1712,#1713,#1714,#1715,#1716,#1717));
#1711 = ORIENTED_EDGE('',*,*,#844,.F.);
#1712 = ORIENTED_EDGE('',*,*,#646,.F.);
#1713 = ORIENTED_EDGE('',*,*,#1369,.T.);
#1714 = ORIENTED_EDGE('',*,*,#1589,.T.);
#1715 = ORIENTED_EDGE('',*,*,#742,.F.);
#1716 = ORIENTED_EDGE('',*,*,#765,.T.);
#1717 = ORIENTED_EDGE('',*,*,#813,.F.);
#1718 = FACE_BOUND('',#1719,.T.);
#1719 = EDGE_LOOP('',(#1720,#1730,#1739,#1747));
#1720 = ORIENTED_EDGE('',*,*,#1721,.F.);
#1721 = EDGE_CURVE('',#1722,#1724,#1726,.T.);
#1722 = VERTEX_POINT('',#1723);
#1723 = CARTESIAN_POINT('',(2.37,10.25,15.4));
#1724 = VERTEX_POINT('',#1725);
#1725 = CARTESIAN_POINT('',(2.37,17.75,15.4));
#1726 = LINE('',#1727,#1728);
#1727 = CARTESIAN_POINT('',(2.37,10.25,15.4));
#1728 = VECTOR('',#1729,1.);
#1729 = DIRECTION('',(0.,1.,0.));
#1730 = ORIENTED_EDGE('',*,*,#1731,.F.);
#1731 = EDGE_CURVE('',#1732,#1722,#1734,.T.);
#1732 = VERTEX_POINT('',#1733);
#1733 = CARTESIAN_POINT('',(6.69,10.25,22.442272360538));
#1734 = CIRCLE('',#1735,7.9);
#1735 = AXIS2_PLACEMENT_3D('',#1736,#1737,#1738);
#1736 = CARTESIAN_POINT('',(10.27,10.25,15.4));
#1737 = DIRECTION('',(0.,-1.,2.2E-16));
#1738 = DIRECTION('',(1.,0.,0.));
#1739 = ORIENTED_EDGE('',*,*,#1740,.F.);
#1740 = EDGE_CURVE('',#1741,#1732,#1743,.T.);
#1741 = VERTEX_POINT('',#1742);
#1742 = CARTESIAN_POINT('',(6.69,17.75,22.442272360538));
#1743 = LINE('',#1744,#1745);
#1744 = CARTESIAN_POINT('',(6.69,9.675,22.442272360538));
#1745 = VECTOR('',#1746,1.);
#1746 = DIRECTION('',(0.,-1.,2.2E-16));
#1747 = ORIENTED_EDGE('',*,*,#1748,.T.);
#1748 = EDGE_CURVE('',#1741,#1724,#1749,.T.);
#1749 = CIRCLE('',#1750,7.9);
#1750 = AXIS2_PLACEMENT_3D('',#1751,#1752,#1753);
#1751 = CARTESIAN_POINT('',(10.27,17.75,15.4));
#1752 = DIRECTION('',(0.,-1.,2.2E-16));
#1753 = DIRECTION('',(1.,0.,0.));
#1754 = CYLINDRICAL_SURFACE('',#1755,7.9);
#1755 = AXIS2_PLACEMENT_3D('',#1756,#1757,#1758);
#1756 = CARTESIAN_POINT('',(10.27,9.675,15.4));
#1757 = DIRECTION('',(-0.,-1.,0.));
#1758 = DIRECTION('',(1.,0.,0.));
#1759 = ADVANCED_FACE('',(#1760,#1779),#1806,.F.);
#1760 = FACE_BOUND('',#1761,.F.);
#1761 = EDGE_LOOP('',(#1762,#1771,#1778));
#1762 = ORIENTED_EDGE('',*,*,#1763,.T.);
#1763 = EDGE_CURVE('',#719,#1764,#1766,.T.);
#1764 = VERTEX_POINT('',#1765);
#1765 = CARTESIAN_POINT('',(13.87,18.04,15.4));
#1766 = CIRCLE('',#1767,3.6);
#1767 = AXIS2_PLACEMENT_3D('',#1768,#1769,#1770);
#1768 = CARTESIAN_POINT('',(10.27,18.04,15.4));
#1769 = DIRECTION('',(-0.,1.,0.));
#1770 = DIRECTION('',(1.,0.,0.));
#1771 = ORIENTED_EDGE('',*,*,#1772,.T.);
#1772 = EDGE_CURVE('',#1764,#711,#1773,.T.);
#1773 = CIRCLE('',#1774,3.6);
#1774 = AXIS2_PLACEMENT_3D('',#1775,#1776,#1777);
#1775 = CARTESIAN_POINT('',(10.27,18.04,15.4));
#1776 = DIRECTION('',(-0.,1.,0.));
#1777 = DIRECTION('',(1.,0.,0.));
#1778 = ORIENTED_EDGE('',*,*,#718,.F.);
#1779 = FACE_BOUND('',#1780,.F.);
#1780 = EDGE_LOOP('',(#1781,#1792,#1800));
#1781 = ORIENTED_EDGE('',*,*,#1782,.F.);
#1782 = EDGE_CURVE('',#1783,#1785,#1787,.T.);
#1783 = VERTEX_POINT('',#1784);
#1784 = CARTESIAN_POINT('',(11.104622841167,18.04,16.735675751446));
#1785 = VERTEX_POINT('',#1786);
#1786 = CARTESIAN_POINT('',(9.435377158833,18.04,16.735675751446));
#1787 = CIRCLE('',#1788,1.575);
#1788 = AXIS2_PLACEMENT_3D('',#1789,#1790,#1791);
#1789 = CARTESIAN_POINT('',(10.27,18.04,15.4));
#1790 = DIRECTION('',(-0.,1.,0.));
#1791 = DIRECTION('',(1.,0.,0.));
#1792 = ORIENTED_EDGE('',*,*,#1793,.T.);
#1793 = EDGE_CURVE('',#1783,#1794,#1796,.T.);
#1794 = VERTEX_POINT('',#1795);
#1795 = CARTESIAN_POINT('',(10.27,18.04,17.257205985295));
#1796 = LINE('',#1797,#1798);
#1797 = CARTESIAN_POINT('',(10.687311420584,18.04,16.996440868371));
#1798 = VECTOR('',#1799,1.);
#1799 = DIRECTION('',(-0.848048096156,0.,0.529919264233));
#1800 = ORIENTED_EDGE('',*,*,#1801,.T.);
#1801 = EDGE_CURVE('',#1794,#1785,#1802,.T.);
#1802 = LINE('',#1803,#1804);
#1803 = CARTESIAN_POINT('',(9.435377158833,18.04,16.735675751446));
#1804 = VECTOR('',#1805,1.);
#1805 = DIRECTION('',(-0.848048096156,0.,-0.529919264233));
#1806 = PLANE('',#1807);
#1807 = AXIS2_PLACEMENT_3D('',#1808,#1809,#1810);
#1808 = CARTESIAN_POINT('',(10.27,18.04,15.4));
#1809 = DIRECTION('',(0.,1.,0.));
#1810 = DIRECTION('',(1.,0.,0.));
#1811 = ADVANCED_FACE('',(#1812,#1831),#1858,.T.);
#1812 = FACE_BOUND('',#1813,.T.);
#1813 = EDGE_LOOP('',(#1814,#1823,#1830));
#1814 = ORIENTED_EDGE('',*,*,#1815,.T.);
#1815 = EDGE_CURVE('',#663,#1816,#1818,.T.);
#1816 = VERTEX_POINT('',#1817);
#1817 = CARTESIAN_POINT('',(13.87,9.96,15.4));
#1818 = CIRCLE('',#1819,3.6);
#1819 = AXIS2_PLACEMENT_3D('',#1820,#1821,#1822);
#1820 = CARTESIAN_POINT('',(10.27,9.96,15.4));
#1821 = DIRECTION('',(-0.,1.,0.));
#1822 = DIRECTION('',(1.,0.,0.));
#1823 = ORIENTED_EDGE('',*,*,#1824,.T.);
#1824 = EDGE_CURVE('',#1816,#671,#1825,.T.);
#1825 = CIRCLE('',#1826,3.6);
#1826 = AXIS2_PLACEMENT_3D('',#1827,#1828,#1829);
#1827 = CARTESIAN_POINT('',(10.27,9.96,15.4));
#1828 = DIRECTION('',(-0.,1.,0.));
#1829 = DIRECTION('',(1.,0.,0.));
#1830 = ORIENTED_EDGE('',*,*,#670,.F.);
#1831 = FACE_BOUND('',#1832,.T.);
#1832 = EDGE_LOOP('',(#1833,#1844,#1852));
#1833 = ORIENTED_EDGE('',*,*,#1834,.F.);
#1834 = EDGE_CURVE('',#1835,#1837,#1839,.T.);
#1835 = VERTEX_POINT('',#1836);
#1836 = CARTESIAN_POINT('',(11.104622841167,9.96,16.735675751446));
#1837 = VERTEX_POINT('',#1838);
#1838 = CARTESIAN_POINT('',(9.435377158833,9.96,16.735675751446));
#1839 = CIRCLE('',#1840,1.575);
#1840 = AXIS2_PLACEMENT_3D('',#1841,#1842,#1843);
#1841 = CARTESIAN_POINT('',(10.27,9.96,15.4));
#1842 = DIRECTION('',(-0.,1.,0.));
#1843 = DIRECTION('',(1.,0.,0.));
#1844 = ORIENTED_EDGE('',*,*,#1845,.T.);
#1845 = EDGE_CURVE('',#1835,#1846,#1848,.T.);
#1846 = VERTEX_POINT('',#1847);
#1847 = CARTESIAN_POINT('',(10.27,9.96,17.257205985295));
#1848 = LINE('',#1849,#1850);
#1849 = CARTESIAN_POINT('',(10.687311420584,9.96,16.996440868371));
#1850 = VECTOR('',#1851,1.);
#1851 = DIRECTION('',(-0.848048096156,0.,0.529919264233));
#1852 = ORIENTED_EDGE('',*,*,#1853,.T.);
#1853 = EDGE_CURVE('',#1846,#1837,#1854,.T.);
#1854 = LINE('',#1855,#1856);
#1855 = CARTESIAN_POINT('',(9.435377158833,9.96,16.735675751446));
#1856 = VECTOR('',#1857,1.);
#1857 = DIRECTION('',(-0.848048096156,0.,-0.529919264233));
#1858 = PLANE('',#1859);
#1859 = AXIS2_PLACEMENT_3D('',#1860,#1861,#1862);
#1860 = CARTESIAN_POINT('',(10.27,9.96,15.4));
#1861 = DIRECTION('',(0.,1.,0.));
#1862 = DIRECTION('',(1.,0.,0.));
#1863 = ADVANCED_FACE('',(#1864),#1872,.F.);
#1864 = FACE_BOUND('',#1865,.T.);
#1865 = EDGE_LOOP('',(#1866,#1867,#1868,#1869,#1870,#1871));
#1866 = ORIENTED_EDGE('',*,*,#1044,.F.);
#1867 = ORIENTED_EDGE('',*,*,#1102,.T.);
#1868 = ORIENTED_EDGE('',*,*,#1298,.T.);
#1869 = ORIENTED_EDGE('',*,*,#1022,.T.);
#1870 = ORIENTED_EDGE('',*,*,#1479,.T.);
#1871 = ORIENTED_EDGE('',*,*,#926,.T.);
#1872 = CYLINDRICAL_SURFACE('',#1873,7.9);
#1873 = AXIS2_PLACEMENT_3D('',#1874,#1875,#1876);
#1874 = CARTESIAN_POINT('',(10.27,9.675,15.4));
#1875 = DIRECTION('',(-0.,-1.,0.));
#1876 = DIRECTION('',(1.,0.,0.));
#1877 = ADVANCED_FACE('',(#1878),#1890,.T.);
#1878 = FACE_BOUND('',#1879,.F.);
#1879 = EDGE_LOOP('',(#1880,#1887,#1888,#1889));
#1880 = ORIENTED_EDGE('',*,*,#1881,.F.);
#1881 = EDGE_CURVE('',#991,#999,#1882,.T.);
#1882 = CIRCLE('',#1883,3.6);
#1883 = AXIS2_PLACEMENT_3D('',#1884,#1885,#1886);
#1884 = CARTESIAN_POINT('',(10.27,18.04,15.4));
#1885 = DIRECTION('',(-0.,1.,0.));
#1886 = DIRECTION('',(1.,0.,0.));
#1887 = ORIENTED_EDGE('',*,*,#990,.F.);
#1888 = ORIENTED_EDGE('',*,*,#1306,.F.);
#1889 = ORIENTED_EDGE('',*,*,#1006,.T.);
#1890 = CYLINDRICAL_SURFACE('',#1891,3.6);
#1891 = AXIS2_PLACEMENT_3D('',#1892,#1893,#1894);
#1892 = CARTESIAN_POINT('',(10.27,18.04,15.4));
#1893 = DIRECTION('',(-0.,-1.,0.));
#1894 = DIRECTION('',(1.,0.,0.));
#1895 = ADVANCED_FACE('',(#1896),#1900,.F.);
#1896 = FACE_BOUND('',#1897,.F.);
#1897 = EDGE_LOOP('',(#1898,#1899));
#1898 = ORIENTED_EDGE('',*,*,#998,.T.);
#1899 = ORIENTED_EDGE('',*,*,#1881,.T.);
#1900 = PLANE('',#1901);
#1901 = AXIS2_PLACEMENT_3D('',#1902,#1903,#1904);
#1902 = CARTESIAN_POINT('',(10.27,18.04,15.4));
#1903 = DIRECTION('',(0.,1.,0.));
#1904 = DIRECTION('',(1.,0.,0.));
#1905 = ADVANCED_FACE('',(#1906),#1918,.T.);
#1906 = FACE_BOUND('',#1907,.F.);
#1907 = EDGE_LOOP('',(#1908,#1909,#1910,#1911));
#1908 = ORIENTED_EDGE('',*,*,#942,.T.);
#1909 = ORIENTED_EDGE('',*,*,#1068,.T.);
#1910 = ORIENTED_EDGE('',*,*,#958,.F.);
#1911 = ORIENTED_EDGE('',*,*,#1912,.T.);
#1912 = EDGE_CURVE('',#951,#943,#1913,.T.);
#1913 = CIRCLE('',#1914,3.6);
#1914 = AXIS2_PLACEMENT_3D('',#1915,#1916,#1917);
#1915 = CARTESIAN_POINT('',(10.27,9.96,15.4));
#1916 = DIRECTION('',(-0.,1.,0.));
#1917 = DIRECTION('',(1.,0.,0.));
#1918 = CYLINDRICAL_SURFACE('',#1919,3.6);
#1919 = AXIS2_PLACEMENT_3D('',#1920,#1921,#1922);
#1920 = CARTESIAN_POINT('',(10.27,8.96,15.4));
#1921 = DIRECTION('',(-0.,-1.,0.));
#1922 = DIRECTION('',(1.,0.,0.));
#1923 = ADVANCED_FACE('',(#1924),#1928,.T.);
#1924 = FACE_BOUND('',#1925,.T.);
#1925 = EDGE_LOOP('',(#1926,#1927));
#1926 = ORIENTED_EDGE('',*,*,#950,.T.);
#1927 = ORIENTED_EDGE('',*,*,#1912,.T.);
#1928 = PLANE('',#1929);
#1929 = AXIS2_PLACEMENT_3D('',#1930,#1931,#1932);
#1930 = CARTESIAN_POINT('',(10.27,9.96,15.4));
#1931 = DIRECTION('',(0.,1.,0.));
#1932 = DIRECTION('',(1.,0.,0.));
#1933 = ADVANCED_FACE('',(#1934),#1997,.F.);
#1934 = FACE_BOUND('',#1935,.T.);
#1935 = EDGE_LOOP('',(#1936,#1944,#1945,#1946,#1947,#1955,#1964,#1973,
    #1981,#1990));
#1936 = ORIENTED_EDGE('',*,*,#1937,.T.);
#1937 = EDGE_CURVE('',#1938,#1236,#1940,.T.);
#1938 = VERTEX_POINT('',#1939);
#1939 = CARTESIAN_POINT('',(-1.,0.675,12.03));
#1940 = LINE('',#1941,#1942);
#1941 = CARTESIAN_POINT('',(-1.,0.675,12.03));
#1942 = VECTOR('',#1943,1.);
#1943 = DIRECTION('',(0.,1.,0.));
#1944 = ORIENTED_EDGE('',*,*,#1235,.F.);
#1945 = ORIENTED_EDGE('',*,*,#1125,.F.);
#1946 = ORIENTED_EDGE('',*,*,#1203,.T.);
#1947 = ORIENTED_EDGE('',*,*,#1948,.T.);
#1948 = EDGE_CURVE('',#1204,#1949,#1951,.T.);
#1949 = VERTEX_POINT('',#1950);
#1950 = CARTESIAN_POINT('',(-1.,9.325,12.03));
#1951 = LINE('',#1952,#1953);
#1952 = CARTESIAN_POINT('',(-1.,0.675,12.03));
#1953 = VECTOR('',#1954,1.);
#1954 = DIRECTION('',(0.,1.,0.));
#1955 = ORIENTED_EDGE('',*,*,#1956,.T.);
#1956 = EDGE_CURVE('',#1949,#1957,#1959,.T.);
#1957 = VERTEX_POINT('',#1958);
#1958 = CARTESIAN_POINT('',(6.9,9.325,4.13));
#1959 = CIRCLE('',#1960,7.9);
#1960 = AXIS2_PLACEMENT_3D('',#1961,#1962,#1963);
#1961 = CARTESIAN_POINT('',(-1.,9.325,4.13));
#1962 = DIRECTION('',(-0.,1.,0.));
#1963 = DIRECTION('',(1.,0.,0.));
#1964 = ORIENTED_EDGE('',*,*,#1965,.T.);
#1965 = EDGE_CURVE('',#1957,#1966,#1968,.T.);
#1966 = VERTEX_POINT('',#1967);
#1967 = CARTESIAN_POINT('',(-1.,9.325,-3.77));
#1968 = CIRCLE('',#1969,7.9);
#1969 = AXIS2_PLACEMENT_3D('',#1970,#1971,#1972);
#1970 = CARTESIAN_POINT('',(-1.,9.325,4.13));
#1971 = DIRECTION('',(-0.,1.,0.));
#1972 = DIRECTION('',(1.,0.,0.));
#1973 = ORIENTED_EDGE('',*,*,#1974,.F.);
#1974 = EDGE_CURVE('',#1975,#1966,#1977,.T.);
#1975 = VERTEX_POINT('',#1976);
#1976 = CARTESIAN_POINT('',(-1.,0.675,-3.77));
#1977 = LINE('',#1978,#1979);
#1978 = CARTESIAN_POINT('',(-1.,0.675,-3.77));
#1979 = VECTOR('',#1980,1.);
#1980 = DIRECTION('',(0.,1.,0.));
#1981 = ORIENTED_EDGE('',*,*,#1982,.F.);
#1982 = EDGE_CURVE('',#1983,#1975,#1985,.T.);
#1983 = VERTEX_POINT('',#1984);
#1984 = CARTESIAN_POINT('',(6.9,0.675,4.13));
#1985 = CIRCLE('',#1986,7.9);
#1986 = AXIS2_PLACEMENT_3D('',#1987,#1988,#1989);
#1987 = CARTESIAN_POINT('',(-1.,0.675,4.13));
#1988 = DIRECTION('',(-0.,1.,0.));
#1989 = DIRECTION('',(1.,0.,0.));
#1990 = ORIENTED_EDGE('',*,*,#1991,.F.);
#1991 = EDGE_CURVE('',#1938,#1983,#1992,.T.);
#1992 = CIRCLE('',#1993,7.9);
#1993 = AXIS2_PLACEMENT_3D('',#1994,#1995,#1996);
#1994 = CARTESIAN_POINT('',(-1.,0.675,4.13));
#1995 = DIRECTION('',(-0.,1.,0.));
#1996 = DIRECTION('',(1.,0.,0.));
#1997 = CYLINDRICAL_SURFACE('',#1998,7.9);
#1998 = AXIS2_PLACEMENT_3D('',#1999,#2000,#2001);
#1999 = CARTESIAN_POINT('',(-1.,0.675,4.13));
#2000 = DIRECTION('',(0.,-1.,2.2E-16));
#2001 = DIRECTION('',(1.,0.,0.));
#2002 = ADVANCED_FACE('',(#2003),#2036,.T.);
#2003 = FACE_BOUND('',#2004,.T.);
#2004 = EDGE_LOOP('',(#2005,#2013,#2021,#2029,#2035));
#2005 = ORIENTED_EDGE('',*,*,#2006,.T.);
#2006 = EDGE_CURVE('',#607,#2007,#2009,.T.);
#2007 = VERTEX_POINT('',#2008);
#2008 = CARTESIAN_POINT('',(29.75,-23.5,5.5));
#2009 = LINE('',#2010,#2011);
#2010 = CARTESIAN_POINT('',(28.375,-23.5,6.875));
#2011 = VECTOR('',#2012,1.);
#2012 = DIRECTION('',(0.707106781187,1.92E-15,-0.707106781187));
#2013 = ORIENTED_EDGE('',*,*,#2014,.T.);
#2014 = EDGE_CURVE('',#2007,#2015,#2017,.T.);
#2015 = VERTEX_POINT('',#2016);
#2016 = CARTESIAN_POINT('',(29.75,3.8,5.5));
#2017 = LINE('',#2018,#2019);
#2018 = CARTESIAN_POINT('',(29.75,-24.,5.5));
#2019 = VECTOR('',#2020,1.);
#2020 = DIRECTION('',(0.,1.,0.));
#2021 = ORIENTED_EDGE('',*,*,#2022,.F.);
#2022 = EDGE_CURVE('',#2023,#2015,#2025,.T.);
#2023 = VERTEX_POINT('',#2024);
#2024 = CARTESIAN_POINT('',(28.75,3.8,6.5));
#2025 = LINE('',#2026,#2027);
#2026 = CARTESIAN_POINT('',(29.8125,3.8,5.4375));
#2027 = VECTOR('',#2028,1.);
#2028 = DIRECTION('',(0.707106781187,0.,-0.707106781187));
#2029 = ORIENTED_EDGE('',*,*,#2030,.T.);
#2030 = EDGE_CURVE('',#2023,#1149,#2031,.T.);
#2031 = LINE('',#2032,#2033);
#2032 = CARTESIAN_POINT('',(31.591666666667,0.958333333333,
    3.658333333333));
#2033 = VECTOR('',#2034,1.);
#2034 = DIRECTION('',(-0.57735026919,0.57735026919,0.57735026919));
#2035 = ORIENTED_EDGE('',*,*,#1148,.F.);
#2036 = PLANE('',#2037);
#2037 = AXIS2_PLACEMENT_3D('',#2038,#2039,#2040);
#2038 = CARTESIAN_POINT('',(28.75,-24.,6.5));
#2039 = DIRECTION('',(0.707106781187,0.,0.707106781187));
#2040 = DIRECTION('',(0.,1.,0.));
#2041 = ADVANCED_FACE('',(#2042),#2060,.F.);
#2042 = FACE_BOUND('',#2043,.T.);
#2043 = EDGE_LOOP('',(#2044,#2045,#2053,#2059));
#2044 = ORIENTED_EDGE('',*,*,#2030,.F.);
#2045 = ORIENTED_EDGE('',*,*,#2046,.T.);
#2046 = EDGE_CURVE('',#2023,#2047,#2049,.T.);
#2047 = VERTEX_POINT('',#2048);
#2048 = CARTESIAN_POINT('',(72.,3.8,6.5));
#2049 = LINE('',#2050,#2051);
#2050 = CARTESIAN_POINT('',(19.,3.8,6.5));
#2051 = VECTOR('',#2052,1.);
#2052 = DIRECTION('',(1.,0.,0.));
#2053 = ORIENTED_EDGE('',*,*,#2054,.F.);
#2054 = EDGE_CURVE('',#1157,#2047,#2055,.T.);
#2055 = LINE('',#2056,#2057);
#2056 = CARTESIAN_POINT('',(72.,4.55,7.25));
#2057 = VECTOR('',#2058,1.);
#2058 = DIRECTION('',(-2.6E-15,-0.707106781187,-0.707106781187));
#2059 = ORIENTED_EDGE('',*,*,#1156,.F.);
#2060 = PLANE('',#2061);
#2061 = AXIS2_PLACEMENT_3D('',#2062,#2063,#2064);
#2062 = CARTESIAN_POINT('',(19.,4.3,7.));
#2063 = DIRECTION('',(0.,0.707106781187,-0.707106781187));
#2064 = DIRECTION('',(-1.,-0.,-0.));
#2065 = ADVANCED_FACE('',(#2066),#2091,.T.);
#2066 = FACE_BOUND('',#2067,.F.);
#2067 = EDGE_LOOP('',(#2068,#2076,#2077,#2085));
#2068 = ORIENTED_EDGE('',*,*,#2069,.F.);
#2069 = EDGE_CURVE('',#1157,#2070,#2072,.T.);
#2070 = VERTEX_POINT('',#2071);
#2071 = CARTESIAN_POINT('',(73.,4.8,6.5));
#2072 = LINE('',#2073,#2074);
#2073 = CARTESIAN_POINT('',(72.25,4.8,7.25));
#2074 = VECTOR('',#2075,1.);
#2075 = DIRECTION('',(0.707106781187,2.6E-15,-0.707106781187));
#2076 = ORIENTED_EDGE('',*,*,#1164,.T.);
#2077 = ORIENTED_EDGE('',*,*,#2078,.F.);
#2078 = EDGE_CURVE('',#2079,#1165,#2081,.T.);
#2079 = VERTEX_POINT('',#2080);
#2080 = CARTESIAN_POINT('',(73.,15.2,6.5));
#2081 = LINE('',#2082,#2083);
#2082 = CARTESIAN_POINT('',(72.75,15.2,6.75));
#2083 = VECTOR('',#2084,1.);
#2084 = DIRECTION('',(-0.707106781187,-6.7E-16,0.707106781187));
#2085 = ORIENTED_EDGE('',*,*,#2086,.F.);
#2086 = EDGE_CURVE('',#2070,#2079,#2087,.T.);
#2087 = LINE('',#2088,#2089);
#2088 = CARTESIAN_POINT('',(73.,3.8,6.5));
#2089 = VECTOR('',#2090,1.);
#2090 = DIRECTION('',(0.,1.,0.));
#2091 = PLANE('',#2092);
#2092 = AXIS2_PLACEMENT_3D('',#2093,#2094,#2095);
#2093 = CARTESIAN_POINT('',(72.5,3.8,7.));
#2094 = DIRECTION('',(0.707106781187,0.,0.707106781187));
#2095 = DIRECTION('',(0.,-1.,0.));
#2096 = ADVANCED_FACE('',(#2097),#2122,.T.);
#2097 = FACE_BOUND('',#2098,.T.);
#2098 = EDGE_LOOP('',(#2099,#2107,#2108,#2116));
#2099 = ORIENTED_EDGE('',*,*,#2100,.F.);
#2100 = EDGE_CURVE('',#1173,#2101,#2103,.T.);
#2101 = VERTEX_POINT('',#2102);
#2102 = CARTESIAN_POINT('',(28.75,16.2,6.5));
#2103 = LINE('',#2104,#2105);
#2104 = CARTESIAN_POINT('',(20.258333333333,7.708333333333,
    14.991666666667));
#2105 = VECTOR('',#2106,1.);
#2106 = DIRECTION('',(0.57735026919,0.57735026919,-0.57735026919));
#2107 = ORIENTED_EDGE('',*,*,#1172,.T.);
#2108 = ORIENTED_EDGE('',*,*,#2109,.T.);
#2109 = EDGE_CURVE('',#1165,#2110,#2112,.T.);
#2110 = VERTEX_POINT('',#2111);
#2111 = CARTESIAN_POINT('',(72.,16.2,6.5));
#2112 = LINE('',#2113,#2114);
#2113 = CARTESIAN_POINT('',(72.,15.7,7.));
#2114 = VECTOR('',#2115,1.);
#2115 = DIRECTION('',(0.,0.707106781187,-0.707106781187));
#2116 = ORIENTED_EDGE('',*,*,#2117,.F.);
#2117 = EDGE_CURVE('',#2101,#2110,#2118,.T.);
#2118 = LINE('',#2119,#2120);
#2119 = CARTESIAN_POINT('',(19.,16.2,6.5));
#2120 = VECTOR('',#2121,1.);
#2121 = DIRECTION('',(1.,0.,0.));
#2122 = PLANE('',#2123);
#2123 = AXIS2_PLACEMENT_3D('',#2124,#2125,#2126);
#2124 = CARTESIAN_POINT('',(19.,15.7,7.));
#2125 = DIRECTION('',(0.,0.707106781187,0.707106781187));
#2126 = DIRECTION('',(1.,0.,0.));
#2127 = ADVANCED_FACE('',(#2128),#2154,.T.);
#2128 = FACE_BOUND('',#2129,.T.);
#2129 = EDGE_LOOP('',(#2130,#2138,#2146,#2152,#2153));
#2130 = ORIENTED_EDGE('',*,*,#2131,.T.);
#2131 = EDGE_CURVE('',#2101,#2132,#2134,.T.);
#2132 = VERTEX_POINT('',#2133);
#2133 = CARTESIAN_POINT('',(29.75,16.2,5.5));
#2134 = LINE('',#2135,#2136);
#2135 = CARTESIAN_POINT('',(29.8125,16.2,5.4375));
#2136 = VECTOR('',#2137,1.);
#2137 = DIRECTION('',(0.707106781187,0.,-0.707106781187));
#2138 = ORIENTED_EDGE('',*,*,#2139,.T.);
#2139 = EDGE_CURVE('',#2132,#2140,#2142,.T.);
#2140 = VERTEX_POINT('',#2141);
#2141 = CARTESIAN_POINT('',(29.75,22.8,5.5));
#2142 = LINE('',#2143,#2144);
#2143 = CARTESIAN_POINT('',(29.75,-24.,5.5));
#2144 = VECTOR('',#2145,1.);
#2145 = DIRECTION('',(0.,1.,0.));
#2146 = ORIENTED_EDGE('',*,*,#2147,.T.);
#2147 = EDGE_CURVE('',#2140,#1181,#2148,.T.);
#2148 = LINE('',#2149,#2150);
#2149 = CARTESIAN_POINT('',(28.75,22.8,6.5));
#2150 = VECTOR('',#2151,1.);
#2151 = DIRECTION('',(-0.707106781187,1.92E-15,0.707106781187));
#2152 = ORIENTED_EDGE('',*,*,#1180,.F.);
#2153 = ORIENTED_EDGE('',*,*,#2100,.T.);
#2154 = PLANE('',#2155);
#2155 = AXIS2_PLACEMENT_3D('',#2156,#2157,#2158);
#2156 = CARTESIAN_POINT('',(28.75,-24.,6.5));
#2157 = DIRECTION('',(0.707106781187,0.,0.707106781187));
#2158 = DIRECTION('',(0.,1.,0.));
#2159 = ADVANCED_FACE('',(#2160,#2186),#2197,.F.);
#2160 = FACE_BOUND('',#2161,.F.);
#2161 = EDGE_LOOP('',(#2162,#2170,#2171,#2172,#2180));
#2162 = ORIENTED_EDGE('',*,*,#2163,.T.);
#2163 = EDGE_CURVE('',#2164,#1949,#2166,.T.);
#2164 = VERTEX_POINT('',#2165);
#2165 = CARTESIAN_POINT('',(-6.5,9.325,12.03));
#2166 = LINE('',#2167,#2168);
#2167 = CARTESIAN_POINT('',(-11.,9.325,12.03));
#2168 = VECTOR('',#2169,1.);
#2169 = DIRECTION('',(1.,0.,0.));
#2170 = ORIENTED_EDGE('',*,*,#1956,.T.);
#2171 = ORIENTED_EDGE('',*,*,#1965,.T.);
#2172 = ORIENTED_EDGE('',*,*,#2173,.F.);
#2173 = EDGE_CURVE('',#2174,#1966,#2176,.T.);
#2174 = VERTEX_POINT('',#2175);
#2175 = CARTESIAN_POINT('',(-6.5,9.325,-3.77));
#2176 = LINE('',#2177,#2178);
#2177 = CARTESIAN_POINT('',(-11.,9.325,-3.77));
#2178 = VECTOR('',#2179,1.);
#2179 = DIRECTION('',(1.,0.,0.));
#2180 = ORIENTED_EDGE('',*,*,#2181,.T.);
#2181 = EDGE_CURVE('',#2174,#2164,#2182,.T.);
#2182 = LINE('',#2183,#2184);
#2183 = CARTESIAN_POINT('',(-6.5,9.325,-1.685));
#2184 = VECTOR('',#2185,1.);
#2185 = DIRECTION('',(0.,0.,1.));
#2186 = FACE_BOUND('',#2187,.F.);
#2187 = EDGE_LOOP('',(#2188));
#2188 = ORIENTED_EDGE('',*,*,#2189,.T.);
#2189 = EDGE_CURVE('',#2190,#2190,#2192,.T.);
#2190 = VERTEX_POINT('',#2191);
#2191 = CARTESIAN_POINT('',(2.6,9.325,4.13));
#2192 = CIRCLE('',#2193,3.6);
#2193 = AXIS2_PLACEMENT_3D('',#2194,#2195,#2196);
#2194 = CARTESIAN_POINT('',(-1.,9.325,4.13));
#2195 = DIRECTION('',(0.,-1.,2.2E-16));
#2196 = DIRECTION('',(1.,0.,0.));
#2197 = PLANE('',#2198);
#2198 = AXIS2_PLACEMENT_3D('',#2199,#2200,#2201);
#2199 = CARTESIAN_POINT('',(-3.27779492804,9.325,4.13));
#2200 = DIRECTION('',(0.,1.,0.));
#2201 = DIRECTION('',(0.,0.,1.));
#2202 = ADVANCED_FACE('',(#2203,#2229),#2240,.F.);
#2203 = FACE_BOUND('',#2204,.F.);
#2204 = EDGE_LOOP('',(#2205,#2206,#2214,#2222,#2228));
#2205 = ORIENTED_EDGE('',*,*,#1991,.F.);
#2206 = ORIENTED_EDGE('',*,*,#2207,.F.);
#2207 = EDGE_CURVE('',#2208,#1938,#2210,.T.);
#2208 = VERTEX_POINT('',#2209);
#2209 = CARTESIAN_POINT('',(-6.5,0.675,12.03));
#2210 = LINE('',#2211,#2212);
#2211 = CARTESIAN_POINT('',(-11.,0.675,12.03));
#2212 = VECTOR('',#2213,1.);
#2213 = DIRECTION('',(1.,0.,0.));
#2214 = ORIENTED_EDGE('',*,*,#2215,.T.);
#2215 = EDGE_CURVE('',#2208,#2216,#2218,.T.);
#2216 = VERTEX_POINT('',#2217);
#2217 = CARTESIAN_POINT('',(-6.5,0.675,-3.77));
#2218 = LINE('',#2219,#2220);
#2219 = CARTESIAN_POINT('',(-6.5,0.675,-1.685));
#2220 = VECTOR('',#2221,1.);
#2221 = DIRECTION('',(0.,0.,-1.));
#2222 = ORIENTED_EDGE('',*,*,#2223,.T.);
#2223 = EDGE_CURVE('',#2216,#1975,#2224,.T.);
#2224 = LINE('',#2225,#2226);
#2225 = CARTESIAN_POINT('',(-11.,0.675,-3.77));
#2226 = VECTOR('',#2227,1.);
#2227 = DIRECTION('',(1.,0.,0.));
#2228 = ORIENTED_EDGE('',*,*,#1982,.F.);
#2229 = FACE_BOUND('',#2230,.F.);
#2230 = EDGE_LOOP('',(#2231));
#2231 = ORIENTED_EDGE('',*,*,#2232,.F.);
#2232 = EDGE_CURVE('',#2233,#2233,#2235,.T.);
#2233 = VERTEX_POINT('',#2234);
#2234 = CARTESIAN_POINT('',(2.6,0.675,4.13));
#2235 = CIRCLE('',#2236,3.6);
#2236 = AXIS2_PLACEMENT_3D('',#2237,#2238,#2239);
#2237 = CARTESIAN_POINT('',(-1.,0.675,4.13));
#2238 = DIRECTION('',(0.,-1.,2.2E-16));
#2239 = DIRECTION('',(1.,0.,0.));
#2240 = PLANE('',#2241);
#2241 = AXIS2_PLACEMENT_3D('',#2242,#2243,#2244);
#2242 = CARTESIAN_POINT('',(-3.27779492804,0.675,4.13));
#2243 = DIRECTION('',(-0.,-1.,-0.));
#2244 = DIRECTION('',(0.,0.,-1.));
#2245 = ADVANCED_FACE('',(#2246),#2326,.F.);
#2246 = FACE_BOUND('',#2247,.F.);
#2247 = EDGE_LOOP('',(#2248,#2258,#2266,#2274,#2282,#2288,#2289,#2295,
    #2296,#2304,#2312,#2320));
#2248 = ORIENTED_EDGE('',*,*,#2249,.F.);
#2249 = EDGE_CURVE('',#2250,#2252,#2254,.T.);
#2250 = VERTEX_POINT('',#2251);
#2251 = CARTESIAN_POINT('',(-6.5,-4.,12.833039305864));
#2252 = VERTEX_POINT('',#2253);
#2253 = CARTESIAN_POINT('',(-6.5,10.25,12.833039305864));
#2254 = LINE('',#2255,#2256);
#2255 = CARTESIAN_POINT('',(-6.5,-6.,12.833039305864));
#2256 = VECTOR('',#2257,1.);
#2257 = DIRECTION('',(0.,1.,0.));
#2258 = ORIENTED_EDGE('',*,*,#2259,.F.);
#2259 = EDGE_CURVE('',#2260,#2250,#2262,.T.);
#2260 = VERTEX_POINT('',#2261);
#2261 = CARTESIAN_POINT('',(-6.5,-4.,-5.5));
#2262 = LINE('',#2263,#2264);
#2263 = CARTESIAN_POINT('',(-6.5,-4.,-7.5));
#2264 = VECTOR('',#2265,1.);
#2265 = DIRECTION('',(0.,0.,1.));
#2266 = ORIENTED_EDGE('',*,*,#2267,.T.);
#2267 = EDGE_CURVE('',#2260,#2268,#2270,.T.);
#2268 = VERTEX_POINT('',#2269);
#2269 = CARTESIAN_POINT('',(-6.5,1.25,-5.5));
#2270 = LINE('',#2271,#2272);
#2271 = CARTESIAN_POINT('',(-6.5,-6.,-5.5));
#2272 = VECTOR('',#2273,1.);
#2273 = DIRECTION('',(0.,1.,0.));
#2274 = ORIENTED_EDGE('',*,*,#2275,.T.);
#2275 = EDGE_CURVE('',#2268,#2276,#2278,.T.);
#2276 = VERTEX_POINT('',#2277);
#2277 = CARTESIAN_POINT('',(-6.5,1.25,-3.77));
#2278 = LINE('',#2279,#2280);
#2279 = CARTESIAN_POINT('',(-6.5,1.25,-11.685));
#2280 = VECTOR('',#2281,1.);
#2281 = DIRECTION('',(0.,0.,1.));
#2282 = ORIENTED_EDGE('',*,*,#2283,.T.);
#2283 = EDGE_CURVE('',#2276,#2216,#2284,.T.);
#2284 = LINE('',#2285,#2286);
#2285 = CARTESIAN_POINT('',(-6.5,-2.6625,-3.77));
#2286 = VECTOR('',#2287,1.);
#2287 = DIRECTION('',(0.,-1.,0.));
#2288 = ORIENTED_EDGE('',*,*,#2215,.F.);
#2289 = ORIENTED_EDGE('',*,*,#2290,.F.);
#2290 = EDGE_CURVE('',#2164,#2208,#2291,.T.);
#2291 = LINE('',#2292,#2293);
#2292 = CARTESIAN_POINT('',(-6.5,-0.5,12.03));
#2293 = VECTOR('',#2294,1.);
#2294 = DIRECTION('',(0.,-1.,0.));
#2295 = ORIENTED_EDGE('',*,*,#2181,.F.);
#2296 = ORIENTED_EDGE('',*,*,#2297,.T.);
#2297 = EDGE_CURVE('',#2174,#2298,#2300,.T.);
#2298 = VERTEX_POINT('',#2299);
#2299 = CARTESIAN_POINT('',(-6.5,8.75,-3.77));
#2300 = LINE('',#2301,#2302);
#2301 = CARTESIAN_POINT('',(-6.5,-2.6625,-3.77));
#2302 = VECTOR('',#2303,1.);
#2303 = DIRECTION('',(0.,-1.,0.));
#2304 = ORIENTED_EDGE('',*,*,#2305,.F.);
#2305 = EDGE_CURVE('',#2306,#2298,#2308,.T.);
#2306 = VERTEX_POINT('',#2307);
#2307 = CARTESIAN_POINT('',(-6.5,8.75,-5.5));
#2308 = LINE('',#2309,#2310);
#2309 = CARTESIAN_POINT('',(-6.5,8.75,-11.685));
#2310 = VECTOR('',#2311,1.);
#2311 = DIRECTION('',(0.,0.,1.));
#2312 = ORIENTED_EDGE('',*,*,#2313,.T.);
#2313 = EDGE_CURVE('',#2306,#2314,#2316,.T.);
#2314 = VERTEX_POINT('',#2315);
#2315 = CARTESIAN_POINT('',(-6.5,10.25,-5.5));
#2316 = LINE('',#2317,#2318);
#2317 = CARTESIAN_POINT('',(-6.5,-6.,-5.5));
#2318 = VECTOR('',#2319,1.);
#2319 = DIRECTION('',(0.,1.,0.));
#2320 = ORIENTED_EDGE('',*,*,#2321,.T.);
#2321 = EDGE_CURVE('',#2314,#2252,#2322,.T.);
#2322 = LINE('',#2323,#2324);
#2323 = CARTESIAN_POINT('',(-6.5,10.25,-8.55));
#2324 = VECTOR('',#2325,1.);
#2325 = DIRECTION('',(0.,0.,1.));
#2326 = PLANE('',#2327);
#2327 = AXIS2_PLACEMENT_3D('',#2328,#2329,#2330);
#2328 = CARTESIAN_POINT('',(-6.5,-6.,-7.5));
#2329 = DIRECTION('',(1.,0.,0.));
#2330 = DIRECTION('',(0.,0.,1.));
#2331 = ADVANCED_FACE('',(#2332),#2342,.T.);
#2332 = FACE_BOUND('',#2333,.T.);
#2333 = EDGE_LOOP('',(#2334,#2340,#2341));
#2334 = ORIENTED_EDGE('',*,*,#2335,.F.);
#2335 = EDGE_CURVE('',#1275,#2140,#2336,.T.);
#2336 = LINE('',#2337,#2338);
#2337 = CARTESIAN_POINT('',(28.25,24.3,5.5));
#2338 = VECTOR('',#2339,1.);
#2339 = DIRECTION('',(0.707106781187,-0.707106781187,0.));
#2340 = ORIENTED_EDGE('',*,*,#1282,.T.);
#2341 = ORIENTED_EDGE('',*,*,#2147,.F.);
#2342 = PLANE('',#2343);
#2343 = AXIS2_PLACEMENT_3D('',#2344,#2345,#2346);
#2344 = CARTESIAN_POINT('',(27.75,24.8,5.5));
#2345 = DIRECTION('',(0.57735026919,0.57735026919,0.57735026919));
#2346 = DIRECTION('',(-0.707106781187,1.387778780781E-16,0.707106781187)
  );
#2347 = ADVANCED_FACE('',(#2348),#2415,.T.);
#2348 = FACE_BOUND('',#2349,.T.);
#2349 = EDGE_LOOP('',(#2350,#2360,#2368,#2376,#2382,#2383,#2384,#2385,
    #2393,#2401,#2409));
#2350 = ORIENTED_EDGE('',*,*,#2351,.T.);
#2351 = EDGE_CURVE('',#2352,#2354,#2356,.T.);
#2352 = VERTEX_POINT('',#2353);
#2353 = CARTESIAN_POINT('',(15.,-24.,-7.));
#2354 = VERTEX_POINT('',#2355);
#2355 = CARTESIAN_POINT('',(27.75,-24.,-7.));
#2356 = LINE('',#2357,#2358);
#2357 = CARTESIAN_POINT('',(14.5,-24.,-7.));
#2358 = VECTOR('',#2359,1.);
#2359 = DIRECTION('',(1.,0.,0.));
#2360 = ORIENTED_EDGE('',*,*,#2361,.T.);
#2361 = EDGE_CURVE('',#2354,#2362,#2364,.T.);
#2362 = VERTEX_POINT('',#2363);
#2363 = CARTESIAN_POINT('',(29.25,-24.,-5.5));
#2364 = LINE('',#2365,#2366);
#2365 = CARTESIAN_POINT('',(24.625,-24.,-10.125));
#2366 = VECTOR('',#2367,1.);
#2367 = DIRECTION('',(0.707106781187,0.,0.707106781187));
#2368 = ORIENTED_EDGE('',*,*,#2369,.T.);
#2369 = EDGE_CURVE('',#2362,#2370,#2372,.T.);
#2370 = VERTEX_POINT('',#2371);
#2371 = CARTESIAN_POINT('',(29.25,-24.,5.5));
#2372 = LINE('',#2373,#2374);
#2373 = CARTESIAN_POINT('',(29.25,-24.,-7.5));
#2374 = VECTOR('',#2375,1.);
#2375 = DIRECTION('',(0.,0.,1.));
#2376 = ORIENTED_EDGE('',*,*,#2377,.F.);
#2377 = EDGE_CURVE('',#599,#2370,#2378,.T.);
#2378 = LINE('',#2379,#2380);
#2379 = CARTESIAN_POINT('',(28.375,-24.,6.375));
#2380 = VECTOR('',#2381,1.);
#2381 = DIRECTION('',(0.707106781187,0.,-0.707106781187));
#2382 = ORIENTED_EDGE('',*,*,#598,.F.);
#2383 = ORIENTED_EDGE('',*,*,#576,.T.);
#2384 = ORIENTED_EDGE('',*,*,#543,.F.);
#2385 = ORIENTED_EDGE('',*,*,#2386,.F.);
#2386 = EDGE_CURVE('',#2387,#536,#2389,.T.);
#2387 = VERTEX_POINT('',#2388);
#2388 = CARTESIAN_POINT('',(12.4,-24.,34.74));
#2389 = LINE('',#2390,#2391);
#2390 = CARTESIAN_POINT('',(7.5,-24.,34.74));
#2391 = VECTOR('',#2392,1.);
#2392 = DIRECTION('',(1.,0.,0.));
#2393 = ORIENTED_EDGE('',*,*,#2394,.F.);
#2394 = EDGE_CURVE('',#2395,#2387,#2397,.T.);
#2395 = VERTEX_POINT('',#2396);
#2396 = CARTESIAN_POINT('',(12.4,-24.,27.047106781187));
#2397 = LINE('',#2398,#2399);
#2398 = CARTESIAN_POINT('',(12.4,-24.,10.43351352339));
#2399 = VECTOR('',#2400,1.);
#2400 = DIRECTION('',(0.,0.,1.));
#2401 = ORIENTED_EDGE('',*,*,#2402,.T.);
#2402 = EDGE_CURVE('',#2395,#2403,#2405,.T.);
#2403 = VERTEX_POINT('',#2404);
#2404 = CARTESIAN_POINT('',(15.,-24.,24.447106781187));
#2405 = LINE('',#2406,#2407);
#2406 = CARTESIAN_POINT('',(7.853553390593,-24.,31.593553390593));
#2407 = VECTOR('',#2408,1.);
#2408 = DIRECTION('',(0.707106781187,0.,-0.707106781187));
#2409 = ORIENTED_EDGE('',*,*,#2410,.F.);
#2410 = EDGE_CURVE('',#2352,#2403,#2411,.T.);
#2411 = LINE('',#2412,#2413);
#2412 = CARTESIAN_POINT('',(15.,-24.,-7.5));
#2413 = VECTOR('',#2414,1.);
#2414 = DIRECTION('',(0.,0.,1.));
#2415 = PLANE('',#2416);
#2416 = AXIS2_PLACEMENT_3D('',#2417,#2418,#2419);
#2417 = CARTESIAN_POINT('',(18.140697593854,-24.,12.867027046779));
#2418 = DIRECTION('',(-0.,-1.,-0.));
#2419 = DIRECTION('',(0.,0.,-1.));
#2420 = ADVANCED_FACE('',(#2421),#2486,.T.);
#2421 = FACE_BOUND('',#2422,.T.);
#2422 = EDGE_LOOP('',(#2423,#2433,#2441,#2449,#2455,#2456,#2464,#2472,
    #2480));
#2423 = ORIENTED_EDGE('',*,*,#2424,.F.);
#2424 = EDGE_CURVE('',#2425,#2427,#2429,.T.);
#2425 = VERTEX_POINT('',#2426);
#2426 = CARTESIAN_POINT('',(8.,-10.25,35.24));
#2427 = VERTEX_POINT('',#2428);
#2428 = CARTESIAN_POINT('',(8.,22.8,35.24));
#2429 = LINE('',#2430,#2431);
#2430 = CARTESIAN_POINT('',(8.,-24.,35.24));
#2431 = VECTOR('',#2432,1.);
#2432 = DIRECTION('',(0.,1.,0.));
#2433 = ORIENTED_EDGE('',*,*,#2434,.F.);
#2434 = EDGE_CURVE('',#2435,#2425,#2437,.T.);
#2435 = VERTEX_POINT('',#2436);
#2436 = CARTESIAN_POINT('',(12.4,-10.25,35.24));
#2437 = LINE('',#2438,#2439);
#2438 = CARTESIAN_POINT('',(10.2,-10.25,35.24));
#2439 = VECTOR('',#2440,1.);
#2440 = DIRECTION('',(-1.,0.,0.));
#2441 = ORIENTED_EDGE('',*,*,#2442,.F.);
#2442 = EDGE_CURVE('',#2443,#2435,#2445,.T.);
#2443 = VERTEX_POINT('',#2444);
#2444 = CARTESIAN_POINT('',(12.4,-23.5,35.24));
#2445 = LINE('',#2446,#2447);
#2446 = CARTESIAN_POINT('',(12.4,-13.425,35.24));
#2447 = VECTOR('',#2448,1.);
#2448 = DIRECTION('',(0.,1.,0.));
#2449 = ORIENTED_EDGE('',*,*,#2450,.T.);
#2450 = EDGE_CURVE('',#2443,#496,#2451,.T.);
#2451 = LINE('',#2452,#2453);
#2452 = CARTESIAN_POINT('',(7.5,-23.5,35.24));
#2453 = VECTOR('',#2454,1.);
#2454 = DIRECTION('',(1.,0.,0.));
#2455 = ORIENTED_EDGE('',*,*,#495,.T.);
#2456 = ORIENTED_EDGE('',*,*,#2457,.F.);
#2457 = EDGE_CURVE('',#2458,#498,#2460,.T.);
#2458 = VERTEX_POINT('',#2459);
#2459 = CARTESIAN_POINT('',(11.5,28.8,35.24));
#2460 = LINE('',#2461,#2462);
#2461 = CARTESIAN_POINT('',(11.,28.8,35.24));
#2462 = VECTOR('',#2463,1.);
#2463 = DIRECTION('',(1.,0.,0.));
#2464 = ORIENTED_EDGE('',*,*,#2465,.F.);
#2465 = EDGE_CURVE('',#2466,#2458,#2468,.T.);
#2466 = VERTEX_POINT('',#2467);
#2467 = CARTESIAN_POINT('',(11.5,24.3,35.24));
#2468 = LINE('',#2469,#2470);
#2469 = CARTESIAN_POINT('',(11.5,24.8,35.24));
#2470 = VECTOR('',#2471,1.);
#2471 = DIRECTION('',(0.,1.,0.));
#2472 = ORIENTED_EDGE('',*,*,#2473,.F.);
#2473 = EDGE_CURVE('',#2474,#2466,#2476,.T.);
#2474 = VERTEX_POINT('',#2475);
#2475 = CARTESIAN_POINT('',(9.5,24.3,35.24));
#2476 = LINE('',#2477,#2478);
#2477 = CARTESIAN_POINT('',(7.5,24.3,35.24));
#2478 = VECTOR('',#2479,1.);
#2479 = DIRECTION('',(1.,0.,0.));
#2480 = ORIENTED_EDGE('',*,*,#2481,.F.);
#2481 = EDGE_CURVE('',#2427,#2474,#2482,.T.);
#2482 = LINE('',#2483,#2484);
#2483 = CARTESIAN_POINT('',(4.4,19.2,35.24));
#2484 = VECTOR('',#2485,1.);
#2485 = DIRECTION('',(0.707106781187,0.707106781187,0.));
#2486 = PLANE('',#2487);
#2487 = AXIS2_PLACEMENT_3D('',#2488,#2489,#2490);
#2488 = CARTESIAN_POINT('',(13.,3.4,35.24));
#2489 = DIRECTION('',(0.,0.,1.));
#2490 = DIRECTION('',(1.,0.,0.));
#2491 = ADVANCED_FACE('',(#2492),#2509,.T.);
#2492 = FACE_BOUND('',#2493,.T.);
#2493 = EDGE_LOOP('',(#2494,#2495,#2503));
#2494 = ORIENTED_EDGE('',*,*,#505,.F.);
#2495 = ORIENTED_EDGE('',*,*,#2496,.T.);
#2496 = EDGE_CURVE('',#506,#2497,#2499,.T.);
#2497 = VERTEX_POINT('',#2498);
#2498 = CARTESIAN_POINT('',(16.5,30.8,33.24));
#2499 = LINE('',#2500,#2501);
#2500 = CARTESIAN_POINT('',(18.,29.3,33.24));
#2501 = VECTOR('',#2502,1.);
#2502 = DIRECTION('',(-0.707106781187,0.707106781187,2.5E-15));
#2503 = ORIENTED_EDGE('',*,*,#2504,.F.);
#2504 = EDGE_CURVE('',#498,#2497,#2505,.T.);
#2505 = LINE('',#2506,#2507);
#2506 = CARTESIAN_POINT('',(16.5,29.8,34.24));
#2507 = VECTOR('',#2508,1.);
#2508 = DIRECTION('',(0.,0.707106781187,-0.707106781187));
#2509 = PLANE('',#2510);
#2510 = AXIS2_PLACEMENT_3D('',#2511,#2512,#2513);
#2511 = CARTESIAN_POINT('',(18.5,28.8,33.24));
#2512 = DIRECTION('',(0.57735026919,0.57735026919,0.57735026919));
#2513 = DIRECTION('',(0.,0.707106781187,-0.707106781187));
#2514 = ADVANCED_FACE('',(#2515),#2540,.T.);
#2515 = FACE_BOUND('',#2516,.F.);
#2516 = EDGE_LOOP('',(#2517,#2527,#2533,#2534));
#2517 = ORIENTED_EDGE('',*,*,#2518,.T.);
#2518 = EDGE_CURVE('',#2519,#2521,#2523,.T.);
#2519 = VERTEX_POINT('',#2520);
#2520 = CARTESIAN_POINT('',(16.5,30.8,-5.5));
#2521 = VERTEX_POINT('',#2522);
#2522 = CARTESIAN_POINT('',(18.5,28.8,-5.5));
#2523 = LINE('',#2524,#2525);
#2524 = CARTESIAN_POINT('',(17.,30.3,-5.5));
#2525 = VECTOR('',#2526,1.);
#2526 = DIRECTION('',(0.707106781187,-0.707106781187,9.6E-16));
#2527 = ORIENTED_EDGE('',*,*,#2528,.T.);
#2528 = EDGE_CURVE('',#2521,#506,#2529,.T.);
#2529 = LINE('',#2530,#2531);
#2530 = CARTESIAN_POINT('',(18.5,28.8,-7.5));
#2531 = VECTOR('',#2532,1.);
#2532 = DIRECTION('',(0.,0.,1.));
#2533 = ORIENTED_EDGE('',*,*,#2496,.T.);
#2534 = ORIENTED_EDGE('',*,*,#2535,.F.);
#2535 = EDGE_CURVE('',#2519,#2497,#2536,.T.);
#2536 = LINE('',#2537,#2538);
#2537 = CARTESIAN_POINT('',(16.5,30.8,-7.5));
#2538 = VECTOR('',#2539,1.);
#2539 = DIRECTION('',(0.,0.,1.));
#2540 = PLANE('',#2541);
#2541 = AXIS2_PLACEMENT_3D('',#2542,#2543,#2544);
#2542 = CARTESIAN_POINT('',(17.5,29.8,-7.5));
#2543 = DIRECTION('',(0.707106781187,0.707106781187,0.));
#2544 = DIRECTION('',(0.,0.,-1.));
#2545 = ADVANCED_FACE('',(#2546),#2563,.T.);
#2546 = FACE_BOUND('',#2547,.T.);
#2547 = EDGE_LOOP('',(#2548,#2556,#2557));
#2548 = ORIENTED_EDGE('',*,*,#2549,.F.);
#2549 = EDGE_CURVE('',#2519,#2550,#2552,.T.);
#2550 = VERTEX_POINT('',#2551);
#2551 = CARTESIAN_POINT('',(16.5,28.8,-7.5));
#2552 = LINE('',#2553,#2554);
#2553 = CARTESIAN_POINT('',(16.5,30.3,-6.));
#2554 = VECTOR('',#2555,1.);
#2555 = DIRECTION('',(1.15E-15,-0.707106781187,-0.707106781187));
#2556 = ORIENTED_EDGE('',*,*,#2518,.T.);
#2557 = ORIENTED_EDGE('',*,*,#2558,.F.);
#2558 = EDGE_CURVE('',#2550,#2521,#2559,.T.);
#2559 = LINE('',#2560,#2561);
#2560 = CARTESIAN_POINT('',(17.5,28.8,-6.5));
#2561 = VECTOR('',#2562,1.);
#2562 = DIRECTION('',(0.707106781187,-2.12E-15,0.707106781187));
#2563 = PLANE('',#2564);
#2564 = AXIS2_PLACEMENT_3D('',#2565,#2566,#2567);
#2565 = CARTESIAN_POINT('',(16.5,30.8,-5.5));
#2566 = DIRECTION('',(0.57735026919,0.57735026919,-0.57735026919));
#2567 = DIRECTION('',(0.707106781187,-2.498001805407E-15,0.707106781187)
  );
#2568 = ADVANCED_FACE('',(#2569),#2592,.T.);
#2569 = FACE_BOUND('',#2570,.T.);
#2570 = EDGE_LOOP('',(#2571,#2579,#2585,#2586));
#2571 = ORIENTED_EDGE('',*,*,#2572,.T.);
#2572 = EDGE_CURVE('',#1329,#2573,#2575,.T.);
#2573 = VERTEX_POINT('',#2574);
#2574 = CARTESIAN_POINT('',(16.5,22.8,-7.5));
#2575 = LINE('',#2576,#2577);
#2576 = CARTESIAN_POINT('',(9.241666666667,15.541666666667,
    -14.75833333333));
#2577 = VECTOR('',#2578,1.);
#2578 = DIRECTION('',(-0.57735026919,-0.57735026919,-0.57735026919));
#2579 = ORIENTED_EDGE('',*,*,#2580,.T.);
#2580 = EDGE_CURVE('',#2573,#2550,#2581,.T.);
#2581 = LINE('',#2582,#2583);
#2582 = CARTESIAN_POINT('',(16.5,-24.,-7.5));
#2583 = VECTOR('',#2584,1.);
#2584 = DIRECTION('',(0.,1.,0.));
#2585 = ORIENTED_EDGE('',*,*,#2558,.T.);
#2586 = ORIENTED_EDGE('',*,*,#2587,.F.);
#2587 = EDGE_CURVE('',#1329,#2521,#2588,.T.);
#2588 = LINE('',#2589,#2590);
#2589 = CARTESIAN_POINT('',(18.5,-24.,-5.5));
#2590 = VECTOR('',#2591,1.);
#2591 = DIRECTION('',(0.,1.,0.));
#2592 = PLANE('',#2593);
#2593 = AXIS2_PLACEMENT_3D('',#2594,#2595,#2596);
#2594 = CARTESIAN_POINT('',(17.5,-24.,-6.5));
#2595 = DIRECTION('',(0.707106781187,0.,-0.707106781187));
#2596 = DIRECTION('',(0.,1.,0.));
#2597 = ADVANCED_FACE('',(#2598),#2649,.T.);
#2598 = FACE_BOUND('',#2599,.T.);
#2599 = EDGE_LOOP('',(#2600,#2610,#2619,#2628,#2636,#2642,#2643));
#2600 = ORIENTED_EDGE('',*,*,#2601,.F.);
#2601 = EDGE_CURVE('',#2602,#2604,#2606,.T.);
#2602 = VERTEX_POINT('',#2603);
#2603 = CARTESIAN_POINT('',(7.5,30.8,9.404409953975));
#2604 = VERTEX_POINT('',#2605);
#2605 = CARTESIAN_POINT('',(7.5,30.8,-5.5));
#2606 = LINE('',#2607,#2608);
#2607 = CARTESIAN_POINT('',(7.5,30.8,-1.553868252177));
#2608 = VECTOR('',#2609,1.);
#2609 = DIRECTION('',(0.,0.,-1.));
#2610 = ORIENTED_EDGE('',*,*,#2611,.T.);
#2611 = EDGE_CURVE('',#2602,#2612,#2614,.T.);
#2612 = VERTEX_POINT('',#2613);
#2613 = CARTESIAN_POINT('',(10.385,30.8,12.402204976987));
#2614 = CIRCLE('',#2615,3.);
#2615 = AXIS2_PLACEMENT_3D('',#2616,#2617,#2618);
#2616 = CARTESIAN_POINT('',(10.5,30.8,9.404409953975));
#2617 = DIRECTION('',(0.,1.,0.));
#2618 = DIRECTION('',(0.,0.,-1.));
#2619 = ORIENTED_EDGE('',*,*,#2620,.T.);
#2620 = EDGE_CURVE('',#2612,#2621,#2623,.T.);
#2621 = VERTEX_POINT('',#2622);
#2622 = CARTESIAN_POINT('',(11.5,30.8,18.136256566918));
#2623 = CIRCLE('',#2624,3.);
#2624 = AXIS2_PLACEMENT_3D('',#2625,#2626,#2627);
#2625 = CARTESIAN_POINT('',(10.27,30.8,15.4));
#2626 = DIRECTION('',(-0.,-1.,-0.));
#2627 = DIRECTION('',(-1.,0.,0.));
#2628 = ORIENTED_EDGE('',*,*,#2629,.F.);
#2629 = EDGE_CURVE('',#2630,#2621,#2632,.T.);
#2630 = VERTEX_POINT('',#2631);
#2631 = CARTESIAN_POINT('',(11.5,30.8,33.24));
#2632 = LINE('',#2633,#2634);
#2633 = CARTESIAN_POINT('',(11.5,30.8,35.24));
#2634 = VECTOR('',#2635,1.);
#2635 = DIRECTION('',(0.,0.,-1.));
#2636 = ORIENTED_EDGE('',*,*,#2637,.T.);
#2637 = EDGE_CURVE('',#2630,#2497,#2638,.T.);
#2638 = LINE('',#2639,#2640);
#2639 = CARTESIAN_POINT('',(11.,30.8,33.24));
#2640 = VECTOR('',#2641,1.);
#2641 = DIRECTION('',(1.,0.,0.));
#2642 = ORIENTED_EDGE('',*,*,#2535,.F.);
#2643 = ORIENTED_EDGE('',*,*,#2644,.F.);
#2644 = EDGE_CURVE('',#2604,#2519,#2645,.T.);
#2645 = LINE('',#2646,#2647);
#2646 = CARTESIAN_POINT('',(7.5,30.8,-5.5));
#2647 = VECTOR('',#2648,1.);
#2648 = DIRECTION('',(1.,0.,0.));
#2649 = PLANE('',#2650);
#2650 = AXIS2_PLACEMENT_3D('',#2651,#2652,#2653);
#2651 = CARTESIAN_POINT('',(7.985969455702,30.8,11.892263495645));
#2652 = DIRECTION('',(0.,1.,0.));
#2653 = DIRECTION('',(0.,0.,1.));
#2654 = ADVANCED_FACE('',(#2655),#2673,.F.);
#2655 = FACE_BOUND('',#2656,.T.);
#2656 = EDGE_LOOP('',(#2657,#2658,#2659,#2667));
#2657 = ORIENTED_EDGE('',*,*,#2572,.F.);
#2658 = ORIENTED_EDGE('',*,*,#1328,.T.);
#2659 = ORIENTED_EDGE('',*,*,#2660,.F.);
#2660 = EDGE_CURVE('',#2661,#1331,#2663,.T.);
#2661 = VERTEX_POINT('',#2662);
#2662 = CARTESIAN_POINT('',(27.75,22.8,-7.5));
#2663 = LINE('',#2664,#2665);
#2664 = CARTESIAN_POINT('',(27.75,23.3,-7.));
#2665 = VECTOR('',#2666,1.);
#2666 = DIRECTION('',(-1.92E-15,0.707106781187,0.707106781187));
#2667 = ORIENTED_EDGE('',*,*,#2668,.F.);
#2668 = EDGE_CURVE('',#2573,#2661,#2669,.T.);
#2669 = LINE('',#2670,#2671);
#2670 = CARTESIAN_POINT('',(15.75,22.8,-7.5));
#2671 = VECTOR('',#2672,1.);
#2672 = DIRECTION('',(1.,0.,0.));
#2673 = PLANE('',#2674);
#2674 = AXIS2_PLACEMENT_3D('',#2675,#2676,#2677);
#2675 = CARTESIAN_POINT('',(15.75,23.8,-6.5));
#2676 = DIRECTION('',(0.,-0.707106781187,0.707106781187));
#2677 = DIRECTION('',(-1.,-0.,-0.));
#2678 = ADVANCED_FACE('',(#2679),#2841,.T.);
#2679 = FACE_BOUND('',#2680,.T.);
#2680 = EDGE_LOOP('',(#2681,#2689,#2697,#2705,#2713,#2721,#2729,#2737,
    #2745,#2753,#2761,#2769,#2777,#2785,#2793,#2801,#2809,#2817,#2825,
    #2833,#2839,#2840));
#2681 = ORIENTED_EDGE('',*,*,#2682,.F.);
#2682 = EDGE_CURVE('',#2683,#2661,#2685,.T.);
#2683 = VERTEX_POINT('',#2684);
#2684 = CARTESIAN_POINT('',(27.75,15.2,-7.5));
#2685 = LINE('',#2686,#2687);
#2686 = CARTESIAN_POINT('',(27.75,-24.,-7.5));
#2687 = VECTOR('',#2688,1.);
#2688 = DIRECTION('',(0.,1.,0.));
#2689 = ORIENTED_EDGE('',*,*,#2690,.T.);
#2690 = EDGE_CURVE('',#2683,#2691,#2693,.T.);
#2691 = VERTEX_POINT('',#2692);
#2692 = CARTESIAN_POINT('',(72.,15.2,-7.5));
#2693 = LINE('',#2694,#2695);
#2694 = CARTESIAN_POINT('',(19.,15.2,-7.5));
#2695 = VECTOR('',#2696,1.);
#2696 = DIRECTION('',(1.,0.,0.));
#2697 = ORIENTED_EDGE('',*,*,#2698,.F.);
#2698 = EDGE_CURVE('',#2699,#2691,#2701,.T.);
#2699 = VERTEX_POINT('',#2700);
#2700 = CARTESIAN_POINT('',(72.,4.8,-7.5));
#2701 = LINE('',#2702,#2703);
#2702 = CARTESIAN_POINT('',(72.,3.8,-7.5));
#2703 = VECTOR('',#2704,1.);
#2704 = DIRECTION('',(0.,1.,0.));
#2705 = ORIENTED_EDGE('',*,*,#2706,.F.);
#2706 = EDGE_CURVE('',#2707,#2699,#2709,.T.);
#2707 = VERTEX_POINT('',#2708);
#2708 = CARTESIAN_POINT('',(27.75,4.8,-7.5));
#2709 = LINE('',#2710,#2711);
#2710 = CARTESIAN_POINT('',(19.,4.8,-7.5));
#2711 = VECTOR('',#2712,1.);
#2712 = DIRECTION('',(1.,0.,0.));
#2713 = ORIENTED_EDGE('',*,*,#2714,.F.);
#2714 = EDGE_CURVE('',#2715,#2707,#2717,.T.);
#2715 = VERTEX_POINT('',#2716);
#2716 = CARTESIAN_POINT('',(27.75,-23.5,-7.5));
#2717 = LINE('',#2718,#2719);
#2718 = CARTESIAN_POINT('',(27.75,-24.,-7.5));
#2719 = VECTOR('',#2720,1.);
#2720 = DIRECTION('',(0.,1.,0.));
#2721 = ORIENTED_EDGE('',*,*,#2722,.F.);
#2722 = EDGE_CURVE('',#2723,#2715,#2725,.T.);
#2723 = VERTEX_POINT('',#2724);
#2724 = CARTESIAN_POINT('',(15.,-23.5,-7.5));
#2725 = LINE('',#2726,#2727);
#2726 = CARTESIAN_POINT('',(15.75,-23.5,-7.5));
#2727 = VECTOR('',#2728,1.);
#2728 = DIRECTION('',(1.,0.,0.));
#2729 = ORIENTED_EDGE('',*,*,#2730,.T.);
#2730 = EDGE_CURVE('',#2723,#2731,#2733,.T.);
#2731 = VERTEX_POINT('',#2732);
#2732 = CARTESIAN_POINT('',(15.,-4.,-7.5));
#2733 = LINE('',#2734,#2735);
#2734 = CARTESIAN_POINT('',(15.,-24.,-7.5));
#2735 = VECTOR('',#2736,1.);
#2736 = DIRECTION('',(0.,1.,0.));
#2737 = ORIENTED_EDGE('',*,*,#2738,.F.);
#2738 = EDGE_CURVE('',#2739,#2731,#2741,.T.);
#2739 = VERTEX_POINT('',#2740);
#2740 = CARTESIAN_POINT('',(-4.5,-4.,-7.5));
#2741 = LINE('',#2742,#2743);
#2742 = CARTESIAN_POINT('',(-6.5,-4.,-7.5));
#2743 = VECTOR('',#2744,1.);
#2744 = DIRECTION('',(1.,0.,0.));
#2745 = ORIENTED_EDGE('',*,*,#2746,.T.);
#2746 = EDGE_CURVE('',#2739,#2747,#2749,.T.);
#2747 = VERTEX_POINT('',#2748);
#2748 = CARTESIAN_POINT('',(-4.5,1.25,-7.5));
#2749 = LINE('',#2750,#2751);
#2750 = CARTESIAN_POINT('',(-4.5,-6.,-7.5));
#2751 = VECTOR('',#2752,1.);
#2752 = DIRECTION('',(0.,1.,0.));
#2753 = ORIENTED_EDGE('',*,*,#2754,.T.);
#2754 = EDGE_CURVE('',#2747,#2755,#2757,.T.);
#2755 = VERTEX_POINT('',#2756);
#2756 = CARTESIAN_POINT('',(-4.37,1.25,-7.5));
#2757 = LINE('',#2758,#2759);
#2758 = CARTESIAN_POINT('',(9.596341226708,1.25,-7.5));
#2759 = VECTOR('',#2760,1.);
#2760 = DIRECTION('',(1.,0.,0.));
#2761 = ORIENTED_EDGE('',*,*,#2762,.F.);
#2762 = EDGE_CURVE('',#2763,#2755,#2765,.T.);
#2763 = VERTEX_POINT('',#2764);
#2764 = CARTESIAN_POINT('',(-4.37,8.75,-7.5));
#2765 = LINE('',#2766,#2767);
#2766 = CARTESIAN_POINT('',(-4.37,3.656570263975,-7.5));
#2767 = VECTOR('',#2768,1.);
#2768 = DIRECTION('',(0.,-1.,0.));
#2769 = ORIENTED_EDGE('',*,*,#2770,.F.);
#2770 = EDGE_CURVE('',#2771,#2763,#2773,.T.);
#2771 = VERTEX_POINT('',#2772);
#2772 = CARTESIAN_POINT('',(-4.5,8.75,-7.5));
#2773 = LINE('',#2774,#2775);
#2774 = CARTESIAN_POINT('',(9.596341226708,8.75,-7.5));
#2775 = VECTOR('',#2776,1.);
#2776 = DIRECTION('',(1.,0.,0.));
#2777 = ORIENTED_EDGE('',*,*,#2778,.T.);
#2778 = EDGE_CURVE('',#2771,#2779,#2781,.T.);
#2779 = VERTEX_POINT('',#2780);
#2780 = CARTESIAN_POINT('',(-4.5,10.25,-7.5));
#2781 = LINE('',#2782,#2783);
#2782 = CARTESIAN_POINT('',(-4.5,-6.,-7.5));
#2783 = VECTOR('',#2784,1.);
#2784 = DIRECTION('',(0.,1.,0.));
#2785 = ORIENTED_EDGE('',*,*,#2786,.T.);
#2786 = EDGE_CURVE('',#2779,#2787,#2789,.T.);
#2787 = VERTEX_POINT('',#2788);
#2788 = CARTESIAN_POINT('',(-4.37,10.25,-7.5));
#2789 = LINE('',#2790,#2791);
#2790 = CARTESIAN_POINT('',(9.596341226708,10.25,-7.5));
#2791 = VECTOR('',#2792,1.);
#2792 = DIRECTION('',(1.,0.,0.));
#2793 = ORIENTED_EDGE('',*,*,#2794,.F.);
#2794 = EDGE_CURVE('',#2795,#2787,#2797,.T.);
#2795 = VERTEX_POINT('',#2796);
#2796 = CARTESIAN_POINT('',(-4.37,17.75,-7.5));
#2797 = LINE('',#2798,#2799);
#2798 = CARTESIAN_POINT('',(-4.37,8.156570263975,-7.5));
#2799 = VECTOR('',#2800,1.);
#2800 = DIRECTION('',(0.,-1.,0.));
#2801 = ORIENTED_EDGE('',*,*,#2802,.F.);
#2802 = EDGE_CURVE('',#2803,#2795,#2805,.T.);
#2803 = VERTEX_POINT('',#2804);
#2804 = CARTESIAN_POINT('',(-4.5,17.75,-7.5));
#2805 = LINE('',#2806,#2807);
#2806 = CARTESIAN_POINT('',(9.596341226708,17.75,-7.5));
#2807 = VECTOR('',#2808,1.);
#2808 = DIRECTION('',(1.,0.,0.));
#2809 = ORIENTED_EDGE('',*,*,#2810,.T.);
#2810 = EDGE_CURVE('',#2803,#2811,#2813,.T.);
#2811 = VERTEX_POINT('',#2812);
#2812 = CARTESIAN_POINT('',(-4.5,22.8,-7.5));
#2813 = LINE('',#2814,#2815);
#2814 = CARTESIAN_POINT('',(-4.5,-6.,-7.5));
#2815 = VECTOR('',#2816,1.);
#2816 = DIRECTION('',(0.,1.,0.));
#2817 = ORIENTED_EDGE('',*,*,#2818,.F.);
#2818 = EDGE_CURVE('',#2819,#2811,#2821,.T.);
#2819 = VERTEX_POINT('',#2820);
#2820 = CARTESIAN_POINT('',(9.5,22.8,-7.5));
#2821 = LINE('',#2822,#2823);
#2822 = CARTESIAN_POINT('',(7.5,22.8,-7.5));
#2823 = VECTOR('',#2824,1.);
#2824 = DIRECTION('',(-1.,0.,0.));
#2825 = ORIENTED_EDGE('',*,*,#2826,.F.);
#2826 = EDGE_CURVE('',#2827,#2819,#2829,.T.);
#2827 = VERTEX_POINT('',#2828);
#2828 = CARTESIAN_POINT('',(9.5,28.8,-7.5));
#2829 = LINE('',#2830,#2831);
#2830 = CARTESIAN_POINT('',(9.5,30.8,-7.5));
#2831 = VECTOR('',#2832,1.);
#2832 = DIRECTION('',(0.,-1.,0.));
#2833 = ORIENTED_EDGE('',*,*,#2834,.T.);
#2834 = EDGE_CURVE('',#2827,#2550,#2835,.T.);
#2835 = LINE('',#2836,#2837);
#2836 = CARTESIAN_POINT('',(7.5,28.8,-7.5));
#2837 = VECTOR('',#2838,1.);
#2838 = DIRECTION('',(1.,0.,0.));
#2839 = ORIENTED_EDGE('',*,*,#2580,.F.);
#2840 = ORIENTED_EDGE('',*,*,#2668,.T.);
#2841 = PLANE('',#2842);
#2842 = AXIS2_PLACEMENT_3D('',#2843,#2844,#2845);
#2843 = CARTESIAN_POINT('',(28.092682453416,6.06314052795,-7.5));
#2844 = DIRECTION('',(-0.,-0.,-1.));
#2845 = DIRECTION('',(-1.,0.,0.));
#2846 = ADVANCED_FACE('',(#2847),#2865,.T.);
#2847 = FACE_BOUND('',#2848,.F.);
#2848 = EDGE_LOOP('',(#2849,#2857,#2858,#2859));
#2849 = ORIENTED_EDGE('',*,*,#2850,.T.);
#2850 = EDGE_CURVE('',#2851,#2140,#2853,.T.);
#2851 = VERTEX_POINT('',#2852);
#2852 = CARTESIAN_POINT('',(29.75,22.8,-5.5));
#2853 = LINE('',#2854,#2855);
#2854 = CARTESIAN_POINT('',(29.75,22.8,-7.5));
#2855 = VECTOR('',#2856,1.);
#2856 = DIRECTION('',(0.,0.,1.));
#2857 = ORIENTED_EDGE('',*,*,#2335,.F.);
#2858 = ORIENTED_EDGE('',*,*,#1345,.F.);
#2859 = ORIENTED_EDGE('',*,*,#2860,.F.);
#2860 = EDGE_CURVE('',#2851,#1331,#2861,.T.);
#2861 = LINE('',#2862,#2863);
#2862 = CARTESIAN_POINT('',(28.75,23.8,-5.5));
#2863 = VECTOR('',#2864,1.);
#2864 = DIRECTION('',(-0.707106781187,0.707106781187,0.));
#2865 = PLANE('',#2866);
#2866 = AXIS2_PLACEMENT_3D('',#2867,#2868,#2869);
#2867 = CARTESIAN_POINT('',(28.75,23.8,-7.5));
#2868 = DIRECTION('',(0.707106781187,0.707106781187,0.));
#2869 = DIRECTION('',(0.,0.,-1.));
#2870 = ADVANCED_FACE('',(#2871,#2896),#2899,.F.);
#2871 = FACE_BOUND('',#2872,.F.);
#2872 = EDGE_LOOP('',(#2873,#2881,#2882,#2890));
#2873 = ORIENTED_EDGE('',*,*,#2874,.F.);
#2874 = EDGE_CURVE('',#2787,#2875,#2877,.T.);
#2875 = VERTEX_POINT('',#2876);
#2876 = CARTESIAN_POINT('',(-4.37,10.25,16.372357142857));
#2877 = LINE('',#2878,#2879);
#2878 = CARTESIAN_POINT('',(-4.37,10.25,-9.6));
#2879 = VECTOR('',#2880,1.);
#2880 = DIRECTION('',(0.,0.,1.));
#2881 = ORIENTED_EDGE('',*,*,#2794,.F.);
#2882 = ORIENTED_EDGE('',*,*,#2883,.T.);
#2883 = EDGE_CURVE('',#2795,#2884,#2886,.T.);
#2884 = VERTEX_POINT('',#2885);
#2885 = CARTESIAN_POINT('',(-4.37,17.75,16.372357142857));
#2886 = LINE('',#2887,#2888);
#2887 = CARTESIAN_POINT('',(-4.37,17.75,-9.6));
#2888 = VECTOR('',#2889,1.);
#2889 = DIRECTION('',(0.,0.,1.));
#2890 = ORIENTED_EDGE('',*,*,#2891,.T.);
#2891 = EDGE_CURVE('',#2884,#2875,#2892,.T.);
#2892 = LINE('',#2893,#2894);
#2893 = CARTESIAN_POINT('',(-4.37,2.125,16.372357142857));
#2894 = VECTOR('',#2895,1.);
#2895 = DIRECTION('',(0.,-1.,1.3E-16));
#2896 = FACE_BOUND('',#2897,.F.);
#2897 = EDGE_LOOP('',(#2898));
#2898 = ORIENTED_EDGE('',*,*,#1697,.F.);
#2899 = PLANE('',#2900);
#2900 = AXIS2_PLACEMENT_3D('',#2901,#2902,#2903);
#2901 = CARTESIAN_POINT('',(-4.37,10.25,-9.6));
#2902 = DIRECTION('',(1.,0.,0.));
#2903 = DIRECTION('',(0.,0.,1.));
#2904 = ADVANCED_FACE('',(#2905),#2930,.T.);
#2905 = FACE_BOUND('',#2906,.T.);
#2906 = EDGE_LOOP('',(#2907,#2915,#2916,#2924));
#2907 = ORIENTED_EDGE('',*,*,#2908,.F.);
#2908 = EDGE_CURVE('',#1722,#2909,#2911,.T.);
#2909 = VERTEX_POINT('',#2910);
#2910 = CARTESIAN_POINT('',(2.37,10.25,20.271928571429));
#2911 = LINE('',#2912,#2913);
#2912 = CARTESIAN_POINT('',(2.37,10.25,15.4));
#2913 = VECTOR('',#2914,1.);
#2914 = DIRECTION('',(0.,0.,1.));
#2915 = ORIENTED_EDGE('',*,*,#1721,.T.);
#2916 = ORIENTED_EDGE('',*,*,#2917,.T.);
#2917 = EDGE_CURVE('',#1724,#2918,#2920,.T.);
#2918 = VERTEX_POINT('',#2919);
#2919 = CARTESIAN_POINT('',(2.37,17.75,20.271928571429));
#2920 = LINE('',#2921,#2922);
#2921 = CARTESIAN_POINT('',(2.37,17.75,15.4));
#2922 = VECTOR('',#2923,1.);
#2923 = DIRECTION('',(0.,0.,1.));
#2924 = ORIENTED_EDGE('',*,*,#2925,.T.);
#2925 = EDGE_CURVE('',#2918,#2909,#2926,.T.);
#2926 = LINE('',#2927,#2928);
#2927 = CARTESIAN_POINT('',(2.37,2.125,20.271928571429));
#2928 = VECTOR('',#2929,1.);
#2929 = DIRECTION('',(0.,-1.,1.3E-16));
#2930 = PLANE('',#2931);
#2931 = AXIS2_PLACEMENT_3D('',#2932,#2933,#2934);
#2932 = CARTESIAN_POINT('',(2.37,10.25,15.4));
#2933 = DIRECTION('',(1.,0.,0.));
#2934 = DIRECTION('',(0.,0.,1.));
#2935 = ADVANCED_FACE('',(#2936),#2954,.T.);
#2936 = FACE_BOUND('',#2937,.T.);
#2937 = EDGE_LOOP('',(#2938,#2946,#2947,#2948));
#2938 = ORIENTED_EDGE('',*,*,#2939,.F.);
#2939 = EDGE_CURVE('',#1732,#2940,#2942,.T.);
#2940 = VERTEX_POINT('',#2941);
#2941 = CARTESIAN_POINT('',(6.69,10.25,22.771357142857));
#2942 = LINE('',#2943,#2944);
#2943 = CARTESIAN_POINT('',(6.69,10.25,15.4));
#2944 = VECTOR('',#2945,1.);
#2945 = DIRECTION('',(0.,0.,1.));
#2946 = ORIENTED_EDGE('',*,*,#1731,.T.);
#2947 = ORIENTED_EDGE('',*,*,#2908,.T.);
#2948 = ORIENTED_EDGE('',*,*,#2949,.T.);
#2949 = EDGE_CURVE('',#2909,#2940,#2950,.T.);
#2950 = LINE('',#2951,#2952);
#2951 = CARTESIAN_POINT('',(0.379083368373,10.25,19.120041091701));
#2952 = VECTOR('',#2953,1.);
#2953 = DIRECTION('',(0.865567348391,0.,0.500792537284));
#2954 = PLANE('',#2955);
#2955 = AXIS2_PLACEMENT_3D('',#2956,#2957,#2958);
#2956 = CARTESIAN_POINT('',(2.37,10.25,15.4));
#2957 = DIRECTION('',(0.,1.,0.));
#2958 = DIRECTION('',(0.,0.,1.));
#2959 = ADVANCED_FACE('',(#2960),#2978,.F.);
#2960 = FACE_BOUND('',#2961,.F.);
#2961 = EDGE_LOOP('',(#2962,#2970,#2971,#2972));
#2962 = ORIENTED_EDGE('',*,*,#2963,.F.);
#2963 = EDGE_CURVE('',#1741,#2964,#2966,.T.);
#2964 = VERTEX_POINT('',#2965);
#2965 = CARTESIAN_POINT('',(6.69,17.75,22.771357142857));
#2966 = LINE('',#2967,#2968);
#2967 = CARTESIAN_POINT('',(6.69,17.75,15.4));
#2968 = VECTOR('',#2969,1.);
#2969 = DIRECTION('',(0.,0.,1.));
#2970 = ORIENTED_EDGE('',*,*,#1748,.T.);
#2971 = ORIENTED_EDGE('',*,*,#2917,.T.);
#2972 = ORIENTED_EDGE('',*,*,#2973,.T.);
#2973 = EDGE_CURVE('',#2918,#2964,#2974,.T.);
#2974 = LINE('',#2975,#2976);
#2975 = CARTESIAN_POINT('',(0.379083368373,17.75,19.120041091701));
#2976 = VECTOR('',#2977,1.);
#2977 = DIRECTION('',(0.865567348391,0.,0.500792537284));
#2978 = PLANE('',#2979);
#2979 = AXIS2_PLACEMENT_3D('',#2980,#2981,#2982);
#2980 = CARTESIAN_POINT('',(2.37,17.75,15.4));
#2981 = DIRECTION('',(0.,1.,0.));
#2982 = DIRECTION('',(0.,0.,1.));
#2983 = ADVANCED_FACE('',(#2984),#2995,.F.);
#2984 = FACE_BOUND('',#2985,.F.);
#2985 = EDGE_LOOP('',(#2986,#2987,#2988,#2989));
#2986 = ORIENTED_EDGE('',*,*,#2939,.F.);
#2987 = ORIENTED_EDGE('',*,*,#1740,.F.);
#2988 = ORIENTED_EDGE('',*,*,#2963,.T.);
#2989 = ORIENTED_EDGE('',*,*,#2990,.T.);
#2990 = EDGE_CURVE('',#2964,#2940,#2991,.T.);
#2991 = LINE('',#2992,#2993);
#2992 = CARTESIAN_POINT('',(6.69,2.125,22.771357142857));
#2993 = VECTOR('',#2994,1.);
#2994 = DIRECTION('',(0.,-1.,1.3E-16));
#2995 = PLANE('',#2996);
#2996 = AXIS2_PLACEMENT_3D('',#2997,#2998,#2999);
#2997 = CARTESIAN_POINT('',(6.69,10.25,15.4));
#2998 = DIRECTION('',(1.,0.,0.));
#2999 = DIRECTION('',(0.,0.,1.));
#3000 = ADVANCED_FACE('',(#3001),#3027,.F.);
#3001 = FACE_BOUND('',#3002,.T.);
#3002 = EDGE_LOOP('',(#3003,#3011,#3020,#3026));
#3003 = ORIENTED_EDGE('',*,*,#3004,.F.);
#3004 = EDGE_CURVE('',#3005,#1783,#3007,.T.);
#3005 = VERTEX_POINT('',#3006);
#3006 = CARTESIAN_POINT('',(11.104622841167,21.3,16.735675751446));
#3007 = LINE('',#3008,#3009);
#3008 = CARTESIAN_POINT('',(11.104622841167,49.,16.735675751446));
#3009 = VECTOR('',#3010,1.);
#3010 = DIRECTION('',(0.,-1.,0.));
#3011 = ORIENTED_EDGE('',*,*,#3012,.T.);
#3012 = EDGE_CURVE('',#3005,#3013,#3015,.T.);
#3013 = VERTEX_POINT('',#3014);
#3014 = CARTESIAN_POINT('',(9.435377158833,21.3,16.735675751446));
#3015 = CIRCLE('',#3016,1.575);
#3016 = AXIS2_PLACEMENT_3D('',#3017,#3018,#3019);
#3017 = CARTESIAN_POINT('',(10.27,21.3,15.4));
#3018 = DIRECTION('',(-0.,1.,2.2E-16));
#3019 = DIRECTION('',(1.,0.,0.));
#3020 = ORIENTED_EDGE('',*,*,#3021,.T.);
#3021 = EDGE_CURVE('',#3013,#1785,#3022,.T.);
#3022 = LINE('',#3023,#3024);
#3023 = CARTESIAN_POINT('',(9.435377158833,49.,16.735675751446));
#3024 = VECTOR('',#3025,1.);
#3025 = DIRECTION('',(0.,-1.,0.));
#3026 = ORIENTED_EDGE('',*,*,#1782,.F.);
#3027 = CYLINDRICAL_SURFACE('',#3028,1.575);
#3028 = AXIS2_PLACEMENT_3D('',#3029,#3030,#3031);
#3029 = CARTESIAN_POINT('',(10.27,49.,15.4));
#3030 = DIRECTION('',(-0.,1.,-0.));
#3031 = DIRECTION('',(1.,0.,0.));
#3032 = ADVANCED_FACE('',(#3033),#3051,.F.);
#3033 = FACE_BOUND('',#3034,.F.);
#3034 = EDGE_LOOP('',(#3035,#3043,#3049,#3050));
#3035 = ORIENTED_EDGE('',*,*,#3036,.F.);
#3036 = EDGE_CURVE('',#3037,#3005,#3039,.T.);
#3037 = VERTEX_POINT('',#3038);
#3038 = CARTESIAN_POINT('',(10.27,21.3,17.257205985295));
#3039 = LINE('',#3040,#3041);
#3040 = CARTESIAN_POINT('',(10.640127202492,21.3,17.02592484015));
#3041 = VECTOR('',#3042,1.);
#3042 = DIRECTION('',(0.848048096156,1.2E-16,-0.529919264233));
#3043 = ORIENTED_EDGE('',*,*,#3044,.T.);
#3044 = EDGE_CURVE('',#3037,#1794,#3045,.T.);
#3045 = LINE('',#3046,#3047);
#3046 = CARTESIAN_POINT('',(10.27,49.,17.257205985295));
#3047 = VECTOR('',#3048,1.);
#3048 = DIRECTION('',(0.,-1.,0.));
#3049 = ORIENTED_EDGE('',*,*,#1793,.F.);
#3050 = ORIENTED_EDGE('',*,*,#3004,.F.);
#3051 = PLANE('',#3052);
#3052 = AXIS2_PLACEMENT_3D('',#3053,#3054,#3055);
#3053 = CARTESIAN_POINT('',(10.27,49.,17.257205985295));
#3054 = DIRECTION('',(0.529919264233,0.,0.848048096156));
#3055 = DIRECTION('',(0.848048096156,0.,-0.529919264233));
#3056 = ADVANCED_FACE('',(#3057),#3068,.F.);
#3057 = FACE_BOUND('',#3058,.F.);
#3058 = EDGE_LOOP('',(#3059,#3065,#3066,#3067));
#3059 = ORIENTED_EDGE('',*,*,#3060,.F.);
#3060 = EDGE_CURVE('',#3013,#3037,#3061,.T.);
#3061 = LINE('',#3062,#3063);
#3062 = CARTESIAN_POINT('',(9.482561376925,21.3,16.765159723226));
#3063 = VECTOR('',#3064,1.);
#3064 = DIRECTION('',(0.848048096156,-1.2E-16,0.529919264233));
#3065 = ORIENTED_EDGE('',*,*,#3021,.T.);
#3066 = ORIENTED_EDGE('',*,*,#1801,.F.);
#3067 = ORIENTED_EDGE('',*,*,#3044,.F.);
#3068 = PLANE('',#3069);
#3069 = AXIS2_PLACEMENT_3D('',#3070,#3071,#3072);
#3070 = CARTESIAN_POINT('',(9.435377158833,49.,16.735675751446));
#3071 = DIRECTION('',(-0.529919264233,0.,0.848048096156));
#3072 = DIRECTION('',(0.848048096156,0.,0.529919264233));
#3073 = ADVANCED_FACE('',(#3074),#3100,.F.);
#3074 = FACE_BOUND('',#3075,.T.);
#3075 = EDGE_LOOP('',(#3076,#3084,#3085,#3093));
#3076 = ORIENTED_EDGE('',*,*,#3077,.F.);
#3077 = EDGE_CURVE('',#1835,#3078,#3080,.T.);
#3078 = VERTEX_POINT('',#3079);
#3079 = CARTESIAN_POINT('',(11.104622841167,-1.,16.735675751446));
#3080 = LINE('',#3081,#3082);
#3081 = CARTESIAN_POINT('',(11.104622841167,49.,16.735675751446));
#3082 = VECTOR('',#3083,1.);
#3083 = DIRECTION('',(0.,-1.,0.));
#3084 = ORIENTED_EDGE('',*,*,#1834,.T.);
#3085 = ORIENTED_EDGE('',*,*,#3086,.T.);
#3086 = EDGE_CURVE('',#1837,#3087,#3089,.T.);
#3087 = VERTEX_POINT('',#3088);
#3088 = CARTESIAN_POINT('',(9.435377158833,-1.,16.735675751446));
#3089 = LINE('',#3090,#3091);
#3090 = CARTESIAN_POINT('',(9.435377158833,49.,16.735675751446));
#3091 = VECTOR('',#3092,1.);
#3092 = DIRECTION('',(0.,-1.,0.));
#3093 = ORIENTED_EDGE('',*,*,#3094,.T.);
#3094 = EDGE_CURVE('',#3087,#3078,#3095,.T.);
#3095 = CIRCLE('',#3096,1.575);
#3096 = AXIS2_PLACEMENT_3D('',#3097,#3098,#3099);
#3097 = CARTESIAN_POINT('',(10.27,-1.,15.4));
#3098 = DIRECTION('',(0.,-1.,0.));
#3099 = DIRECTION('',(1.,0.,0.));
#3100 = CYLINDRICAL_SURFACE('',#3101,1.575);
#3101 = AXIS2_PLACEMENT_3D('',#3102,#3103,#3104);
#3102 = CARTESIAN_POINT('',(10.27,49.,15.4));
#3103 = DIRECTION('',(-0.,1.,-0.));
#3104 = DIRECTION('',(1.,0.,0.));
#3105 = ADVANCED_FACE('',(#3106),#3124,.F.);
#3106 = FACE_BOUND('',#3107,.F.);
#3107 = EDGE_LOOP('',(#3108,#3109,#3117,#3123));
#3108 = ORIENTED_EDGE('',*,*,#1845,.T.);
#3109 = ORIENTED_EDGE('',*,*,#3110,.T.);
#3110 = EDGE_CURVE('',#1846,#3111,#3113,.T.);
#3111 = VERTEX_POINT('',#3112);
#3112 = CARTESIAN_POINT('',(10.27,-1.,17.257205985295));
#3113 = LINE('',#3114,#3115);
#3114 = CARTESIAN_POINT('',(10.27,49.,17.257205985295));
#3115 = VECTOR('',#3116,1.);
#3116 = DIRECTION('',(0.,-1.,0.));
#3117 = ORIENTED_EDGE('',*,*,#3118,.T.);
#3118 = EDGE_CURVE('',#3111,#3078,#3119,.T.);
#3119 = LINE('',#3120,#3121);
#3120 = CARTESIAN_POINT('',(10.27,-1.,17.257205985295));
#3121 = VECTOR('',#3122,1.);
#3122 = DIRECTION('',(0.848048096156,0.,-0.529919264233));
#3123 = ORIENTED_EDGE('',*,*,#3077,.F.);
#3124 = PLANE('',#3125);
#3125 = AXIS2_PLACEMENT_3D('',#3126,#3127,#3128);
#3126 = CARTESIAN_POINT('',(10.27,49.,17.257205985295));
#3127 = DIRECTION('',(0.529919264233,0.,0.848048096156));
#3128 = DIRECTION('',(0.848048096156,0.,-0.529919264233));
#3129 = ADVANCED_FACE('',(#3130),#3141,.F.);
#3130 = FACE_BOUND('',#3131,.F.);
#3131 = EDGE_LOOP('',(#3132,#3133,#3134,#3140));
#3132 = ORIENTED_EDGE('',*,*,#1853,.T.);
#3133 = ORIENTED_EDGE('',*,*,#3086,.T.);
#3134 = ORIENTED_EDGE('',*,*,#3135,.T.);
#3135 = EDGE_CURVE('',#3087,#3111,#3136,.T.);
#3136 = LINE('',#3137,#3138);
#3137 = CARTESIAN_POINT('',(9.435377158833,-1.,16.735675751446));
#3138 = VECTOR('',#3139,1.);
#3139 = DIRECTION('',(0.848048096156,0.,0.529919264233));
#3140 = ORIENTED_EDGE('',*,*,#3110,.F.);
#3141 = PLANE('',#3142);
#3142 = AXIS2_PLACEMENT_3D('',#3143,#3144,#3145);
#3143 = CARTESIAN_POINT('',(9.435377158833,49.,16.735675751446));
#3144 = DIRECTION('',(-0.529919264233,0.,0.848048096156));
#3145 = DIRECTION('',(0.848048096156,0.,0.529919264233));
#3146 = ADVANCED_FACE('',(#3147),#3176,.T.);
#3147 = FACE_BOUND('',#3148,.T.);
#3148 = EDGE_LOOP('',(#3149,#3150,#3151,#3159,#3167,#3173,#3174,#3175));
#3149 = ORIENTED_EDGE('',*,*,#2173,.F.);
#3150 = ORIENTED_EDGE('',*,*,#2297,.T.);
#3151 = ORIENTED_EDGE('',*,*,#3152,.T.);
#3152 = EDGE_CURVE('',#2298,#3153,#3155,.T.);
#3153 = VERTEX_POINT('',#3154);
#3154 = CARTESIAN_POINT('',(-4.37,8.75,-3.77));
#3155 = LINE('',#3156,#3157);
#3156 = CARTESIAN_POINT('',(-9.95,8.75,-3.77));
#3157 = VECTOR('',#3158,1.);
#3158 = DIRECTION('',(1.,0.,0.));
#3159 = ORIENTED_EDGE('',*,*,#3160,.T.);
#3160 = EDGE_CURVE('',#3153,#3161,#3163,.T.);
#3161 = VERTEX_POINT('',#3162);
#3162 = CARTESIAN_POINT('',(-4.37,1.25,-3.77));
#3163 = LINE('',#3164,#3165);
#3164 = CARTESIAN_POINT('',(-4.37,0.9625,-3.77));
#3165 = VECTOR('',#3166,1.);
#3166 = DIRECTION('',(0.,-1.,0.));
#3167 = ORIENTED_EDGE('',*,*,#3168,.F.);
#3168 = EDGE_CURVE('',#2276,#3161,#3169,.T.);
#3169 = LINE('',#3170,#3171);
#3170 = CARTESIAN_POINT('',(-9.95,1.25,-3.77));
#3171 = VECTOR('',#3172,1.);
#3172 = DIRECTION('',(1.,0.,0.));
#3173 = ORIENTED_EDGE('',*,*,#2283,.T.);
#3174 = ORIENTED_EDGE('',*,*,#2223,.T.);
#3175 = ORIENTED_EDGE('',*,*,#1974,.T.);
#3176 = PLANE('',#3177);
#3177 = AXIS2_PLACEMENT_3D('',#3178,#3179,#3180);
#3178 = CARTESIAN_POINT('',(-11.,0.675,-3.77));
#3179 = DIRECTION('',(0.,0.,1.));
#3180 = DIRECTION('',(1.,0.,0.));
#3181 = ADVANCED_FACE('',(#3182),#3193,.T.);
#3182 = FACE_BOUND('',#3183,.T.);
#3183 = EDGE_LOOP('',(#3184,#3185,#3186,#3192));
#3184 = ORIENTED_EDGE('',*,*,#606,.F.);
#3185 = ORIENTED_EDGE('',*,*,#2377,.T.);
#3186 = ORIENTED_EDGE('',*,*,#3187,.T.);
#3187 = EDGE_CURVE('',#2370,#2007,#3188,.T.);
#3188 = LINE('',#3189,#3190);
#3189 = CARTESIAN_POINT('',(29.,-24.25,5.5));
#3190 = VECTOR('',#3191,1.);
#3191 = DIRECTION('',(0.707106781187,0.707106781187,-4.42E-15));
#3192 = ORIENTED_EDGE('',*,*,#2006,.F.);
#3193 = PLANE('',#3194);
#3194 = AXIS2_PLACEMENT_3D('',#3195,#3196,#3197);
#3195 = CARTESIAN_POINT('',(27.75,-24.,7.));
#3196 = DIRECTION('',(0.57735026919,-0.57735026919,0.57735026919));
#3197 = DIRECTION('',(0.707106781187,-2.775557561563E-17,-0.707106781187
    ));
#3198 = ADVANCED_FACE('',(#3199),#3225,.F.);
#3199 = FACE_BOUND('',#3200,.F.);
#3200 = EDGE_LOOP('',(#3201,#3202,#3203,#3211,#3219));
#3201 = ORIENTED_EDGE('',*,*,#2022,.F.);
#3202 = ORIENTED_EDGE('',*,*,#2046,.T.);
#3203 = ORIENTED_EDGE('',*,*,#3204,.F.);
#3204 = EDGE_CURVE('',#3205,#2047,#3207,.T.);
#3205 = VERTEX_POINT('',#3206);
#3206 = CARTESIAN_POINT('',(72.,3.8,5.355));
#3207 = LINE('',#3208,#3209);
#3208 = CARTESIAN_POINT('',(72.,3.8,4.165));
#3209 = VECTOR('',#3210,1.);
#3210 = DIRECTION('',(0.,0.,1.));
#3211 = ORIENTED_EDGE('',*,*,#3212,.F.);
#3212 = EDGE_CURVE('',#3213,#3205,#3215,.T.);
#3213 = VERTEX_POINT('',#3214);
#3214 = CARTESIAN_POINT('',(29.75,3.8,5.355));
#3215 = LINE('',#3216,#3217);
#3216 = CARTESIAN_POINT('',(30.,3.8,5.355));
#3217 = VECTOR('',#3218,1.);
#3218 = DIRECTION('',(1.,0.,0.));
#3219 = ORIENTED_EDGE('',*,*,#3220,.F.);
#3220 = EDGE_CURVE('',#2015,#3213,#3221,.T.);
#3221 = LINE('',#3222,#3223);
#3222 = CARTESIAN_POINT('',(29.75,3.8,-7.5));
#3223 = VECTOR('',#3224,1.);
#3224 = DIRECTION('',(0.,0.,-1.));
#3225 = PLANE('',#3226);
#3226 = AXIS2_PLACEMENT_3D('',#3227,#3228,#3229);
#3227 = CARTESIAN_POINT('',(19.,3.8,-7.5));
#3228 = DIRECTION('',(0.,1.,0.));
#3229 = DIRECTION('',(0.,0.,1.));
#3230 = ADVANCED_FACE('',(#3231,#3281,#3308),#3335,.T.);
#3231 = FACE_BOUND('',#3232,.T.);
#3232 = EDGE_LOOP('',(#3233,#3241,#3249,#3257,#3265,#3273,#3279,#3280));
#3233 = ORIENTED_EDGE('',*,*,#3234,.F.);
#3234 = EDGE_CURVE('',#3235,#2007,#3237,.T.);
#3235 = VERTEX_POINT('',#3236);
#3236 = CARTESIAN_POINT('',(29.75,-23.5,-5.5));
#3237 = LINE('',#3238,#3239);
#3238 = CARTESIAN_POINT('',(29.75,-23.5,-7.5));
#3239 = VECTOR('',#3240,1.);
#3240 = DIRECTION('',(0.,0.,1.));
#3241 = ORIENTED_EDGE('',*,*,#3242,.T.);
#3242 = EDGE_CURVE('',#3235,#3243,#3245,.T.);
#3243 = VERTEX_POINT('',#3244);
#3244 = CARTESIAN_POINT('',(29.75,3.8,-5.5));
#3245 = LINE('',#3246,#3247);
#3246 = CARTESIAN_POINT('',(29.75,-24.,-5.5));
#3247 = VECTOR('',#3248,1.);
#3248 = DIRECTION('',(0.,1.,0.));
#3249 = ORIENTED_EDGE('',*,*,#3250,.F.);
#3250 = EDGE_CURVE('',#3251,#3243,#3253,.T.);
#3251 = VERTEX_POINT('',#3252);
#3252 = CARTESIAN_POINT('',(29.75,3.8,-3.355));
#3253 = LINE('',#3254,#3255);
#3254 = CARTESIAN_POINT('',(29.75,3.8,-7.5));
#3255 = VECTOR('',#3256,1.);
#3256 = DIRECTION('',(0.,0.,-1.));
#3257 = ORIENTED_EDGE('',*,*,#3258,.T.);
#3258 = EDGE_CURVE('',#3251,#3259,#3261,.T.);
#3259 = VERTEX_POINT('',#3260);
#3260 = CARTESIAN_POINT('',(29.75,4.74,-2.415));
#3261 = LINE('',#3262,#3263);
#3262 = CARTESIAN_POINT('',(29.75,-3.88875,-11.04375));
#3263 = VECTOR('',#3264,1.);
#3264 = DIRECTION('',(0.,0.707106781187,0.707106781187));
#3265 = ORIENTED_EDGE('',*,*,#3266,.T.);
#3266 = EDGE_CURVE('',#3259,#3267,#3269,.T.);
#3267 = VERTEX_POINT('',#3268);
#3268 = CARTESIAN_POINT('',(29.75,4.74,4.415));
#3269 = LINE('',#3270,#3271);
#3270 = CARTESIAN_POINT('',(29.75,4.74,-1.6675));
#3271 = VECTOR('',#3272,1.);
#3272 = DIRECTION('',(0.,-1.E-17,1.));
#3273 = ORIENTED_EDGE('',*,*,#3274,.F.);
#3274 = EDGE_CURVE('',#3213,#3267,#3275,.T.);
#3275 = LINE('',#3276,#3277);
#3276 = CARTESIAN_POINT('',(29.75,0.36125,8.79375));
#3277 = VECTOR('',#3278,1.);
#3278 = DIRECTION('',(0.,0.707106781187,-0.707106781187));
#3279 = ORIENTED_EDGE('',*,*,#3220,.F.);
#3280 = ORIENTED_EDGE('',*,*,#2014,.F.);
#3281 = FACE_BOUND('',#3282,.T.);
#3282 = EDGE_LOOP('',(#3283,#3293,#3302));
#3283 = ORIENTED_EDGE('',*,*,#3284,.F.);
#3284 = EDGE_CURVE('',#3285,#3287,#3289,.T.);
#3285 = VERTEX_POINT('',#3286);
#3286 = CARTESIAN_POINT('',(29.75,-7.443688983732,3.386632083933));
#3287 = VERTEX_POINT('',#3288);
#3288 = CARTESIAN_POINT('',(29.75,-8.5,3.94828261405));
#3289 = LINE('',#3290,#3291);
#3290 = CARTESIAN_POINT('',(29.75,-12.16910839388,5.899182152865));
#3291 = VECTOR('',#3292,1.);
#3292 = DIRECTION('',(0.,-0.882947592859,0.469471562786));
#3293 = ORIENTED_EDGE('',*,*,#3294,.T.);
#3294 = EDGE_CURVE('',#3285,#3295,#3297,.T.);
#3295 = VERTEX_POINT('',#3296);
#3296 = CARTESIAN_POINT('',(29.75,-9.556311016268,3.386632083933));
#3297 = CIRCLE('',#3298,2.25);
#3298 = AXIS2_PLACEMENT_3D('',#3299,#3300,#3301);
#3299 = CARTESIAN_POINT('',(29.75,-8.5,1.4));
#3300 = DIRECTION('',(-1.,0.,4.4E-16));
#3301 = DIRECTION('',(-4.4E-33,1.,-1.E-17));
#3302 = ORIENTED_EDGE('',*,*,#3303,.F.);
#3303 = EDGE_CURVE('',#3287,#3295,#3304,.T.);
#3304 = LINE('',#3305,#3306);
#3305 = CARTESIAN_POINT('',(29.75,-17.44279211615,-0.806684299496));
#3306 = VECTOR('',#3307,1.);
#3307 = DIRECTION('',(0.,-0.882947592859,-0.469471562786));
#3308 = FACE_BOUND('',#3309,.T.);
#3309 = EDGE_LOOP('',(#3310,#3320,#3329));
#3310 = ORIENTED_EDGE('',*,*,#3311,.F.);
#3311 = EDGE_CURVE('',#3312,#3314,#3316,.T.);
#3312 = VERTEX_POINT('',#3313);
#3313 = CARTESIAN_POINT('',(29.75,-19.44368898373,3.386632083933));
#3314 = VERTEX_POINT('',#3315);
#3315 = CARTESIAN_POINT('',(29.75,-20.5,3.94828261405));
#3316 = LINE('',#3317,#3318);
#3317 = CARTESIAN_POINT('',(29.75,-19.49152968346,3.4120694352));
#3318 = VECTOR('',#3319,1.);
#3319 = DIRECTION('',(0.,-0.882947592859,0.469471562786));
#3320 = ORIENTED_EDGE('',*,*,#3321,.T.);
#3321 = EDGE_CURVE('',#3312,#3322,#3324,.T.);
#3322 = VERTEX_POINT('',#3323);
#3323 = CARTESIAN_POINT('',(29.75,-21.55631101626,3.386632083933));
#3324 = CIRCLE('',#3325,2.25);
#3325 = AXIS2_PLACEMENT_3D('',#3326,#3327,#3328);
#3326 = CARTESIAN_POINT('',(29.75,-20.5,1.4));
#3327 = DIRECTION('',(-1.,0.,4.4E-16));
#3328 = DIRECTION('',(-4.4E-33,1.,-1.E-17));
#3329 = ORIENTED_EDGE('',*,*,#3330,.F.);
#3330 = EDGE_CURVE('',#3314,#3322,#3331,.T.);
#3331 = LINE('',#3332,#3333);
#3332 = CARTESIAN_POINT('',(29.75,-24.76521340574,1.680428418169));
#3333 = VECTOR('',#3334,1.);
#3334 = DIRECTION('',(0.,-0.882947592859,-0.469471562786));
#3335 = PLANE('',#3336);
#3336 = AXIS2_PLACEMENT_3D('',#3337,#3338,#3339);
#3337 = CARTESIAN_POINT('',(29.75,-24.,-7.5));
#3338 = DIRECTION('',(1.,0.,0.));
#3339 = DIRECTION('',(0.,0.,1.));
#3340 = ADVANCED_FACE('',(#3341),#3351,.F.);
#3341 = FACE_BOUND('',#3342,.F.);
#3342 = EDGE_LOOP('',(#3343,#3344,#3345));
#3343 = ORIENTED_EDGE('',*,*,#2054,.F.);
#3344 = ORIENTED_EDGE('',*,*,#2069,.T.);
#3345 = ORIENTED_EDGE('',*,*,#3346,.F.);
#3346 = EDGE_CURVE('',#2047,#2070,#3347,.T.);
#3347 = LINE('',#3348,#3349);
#3348 = CARTESIAN_POINT('',(72.5,4.3,6.5));
#3349 = VECTOR('',#3350,1.);
#3350 = DIRECTION('',(0.707106781187,0.707106781187,0.));
#3351 = PLANE('',#3352);
#3352 = AXIS2_PLACEMENT_3D('',#3353,#3354,#3355);
#3353 = CARTESIAN_POINT('',(72.,4.8,7.5));
#3354 = DIRECTION('',(-0.57735026919,0.57735026919,-0.57735026919));
#3355 = DIRECTION('',(0.707106781187,0.707106781187,6.661338147751E-16)
  );
#3356 = ADVANCED_FACE('',(#3357,#3446,#3480),#3514,.T.);
#3357 = FACE_BOUND('',#3358,.T.);
#3358 = EDGE_LOOP('',(#3359,#3369,#3377,#3385,#3393,#3401,#3409,#3415,
    #3416,#3424,#3432,#3440));
#3359 = ORIENTED_EDGE('',*,*,#3360,.F.);
#3360 = EDGE_CURVE('',#3361,#3363,#3365,.T.);
#3361 = VERTEX_POINT('',#3362);
#3362 = CARTESIAN_POINT('',(73.,4.8,-6.5));
#3363 = VERTEX_POINT('',#3364);
#3364 = CARTESIAN_POINT('',(73.,4.8,-3.165));
#3365 = LINE('',#3366,#3367);
#3366 = CARTESIAN_POINT('',(73.,4.8,-7.5));
#3367 = VECTOR('',#3368,1.);
#3368 = DIRECTION('',(0.,0.,1.));
#3369 = ORIENTED_EDGE('',*,*,#3370,.T.);
#3370 = EDGE_CURVE('',#3361,#3371,#3373,.T.);
#3371 = VERTEX_POINT('',#3372);
#3372 = CARTESIAN_POINT('',(73.,15.2,-6.5));
#3373 = LINE('',#3374,#3375);
#3374 = CARTESIAN_POINT('',(73.,3.8,-6.5));
#3375 = VECTOR('',#3376,1.);
#3376 = DIRECTION('',(0.,1.,0.));
#3377 = ORIENTED_EDGE('',*,*,#3378,.T.);
#3378 = EDGE_CURVE('',#3371,#3379,#3381,.T.);
#3379 = VERTEX_POINT('',#3380);
#3380 = CARTESIAN_POINT('',(73.,15.2,-4.165));
#3381 = LINE('',#3382,#3383);
#3382 = CARTESIAN_POINT('',(73.,15.2,-7.5));
#3383 = VECTOR('',#3384,1.);
#3384 = DIRECTION('',(0.,0.,1.));
#3385 = ORIENTED_EDGE('',*,*,#3386,.T.);
#3386 = EDGE_CURVE('',#3379,#3387,#3389,.T.);
#3387 = VERTEX_POINT('',#3388);
#3388 = CARTESIAN_POINT('',(73.,14.,-4.165));
#3389 = LINE('',#3390,#3391);
#3390 = CARTESIAN_POINT('',(73.,16.2,-4.165));
#3391 = VECTOR('',#3392,1.);
#3392 = DIRECTION('',(0.,-1.,0.));
#3393 = ORIENTED_EDGE('',*,*,#3394,.T.);
#3394 = EDGE_CURVE('',#3387,#3395,#3397,.T.);
#3395 = VERTEX_POINT('',#3396);
#3396 = CARTESIAN_POINT('',(73.,14.,4.165));
#3397 = LINE('',#3398,#3399);
#3398 = CARTESIAN_POINT('',(73.,14.,-3.165));
#3399 = VECTOR('',#3400,1.);
#3400 = DIRECTION('',(0.,0.,1.));
#3401 = ORIENTED_EDGE('',*,*,#3402,.F.);
#3402 = EDGE_CURVE('',#3403,#3395,#3405,.T.);
#3403 = VERTEX_POINT('',#3404);
#3404 = CARTESIAN_POINT('',(73.,15.2,4.165));
#3405 = LINE('',#3406,#3407);
#3406 = CARTESIAN_POINT('',(73.,16.2,4.165));
#3407 = VECTOR('',#3408,1.);
#3408 = DIRECTION('',(0.,-1.,0.));
#3409 = ORIENTED_EDGE('',*,*,#3410,.T.);
#3410 = EDGE_CURVE('',#3403,#2079,#3411,.T.);
#3411 = LINE('',#3412,#3413);
#3412 = CARTESIAN_POINT('',(73.,15.2,3.165));
#3413 = VECTOR('',#3414,1.);
#3414 = DIRECTION('',(0.,0.,1.));
#3415 = ORIENTED_EDGE('',*,*,#2086,.F.);
#3416 = ORIENTED_EDGE('',*,*,#3417,.F.);
#3417 = EDGE_CURVE('',#3418,#2070,#3420,.T.);
#3418 = VERTEX_POINT('',#3419);
#3419 = CARTESIAN_POINT('',(73.,4.8,5.165));
#3420 = LINE('',#3421,#3422);
#3421 = CARTESIAN_POINT('',(73.,4.8,4.165));
#3422 = VECTOR('',#3423,1.);
#3423 = DIRECTION('',(0.,0.,1.));
#3424 = ORIENTED_EDGE('',*,*,#3425,.F.);
#3425 = EDGE_CURVE('',#3426,#3418,#3428,.T.);
#3426 = VERTEX_POINT('',#3427);
#3427 = CARTESIAN_POINT('',(73.,6.,5.165));
#3428 = LINE('',#3429,#3430);
#3429 = CARTESIAN_POINT('',(73.,5.,5.165));
#3430 = VECTOR('',#3431,1.);
#3431 = DIRECTION('',(0.,-1.,0.));
#3432 = ORIENTED_EDGE('',*,*,#3433,.F.);
#3433 = EDGE_CURVE('',#3434,#3426,#3436,.T.);
#3434 = VERTEX_POINT('',#3435);
#3435 = CARTESIAN_POINT('',(73.,6.,-3.165));
#3436 = LINE('',#3437,#3438);
#3437 = CARTESIAN_POINT('',(73.,6.,-2.165));
#3438 = VECTOR('',#3439,1.);
#3439 = DIRECTION('',(0.,0.,1.));
#3440 = ORIENTED_EDGE('',*,*,#3441,.T.);
#3441 = EDGE_CURVE('',#3434,#3363,#3442,.T.);
#3442 = LINE('',#3443,#3444);
#3443 = CARTESIAN_POINT('',(73.,5.,-3.165));
#3444 = VECTOR('',#3445,1.);
#3445 = DIRECTION('',(0.,-1.,0.));
#3446 = FACE_BOUND('',#3447,.T.);
#3447 = EDGE_LOOP('',(#3448,#3458,#3466,#3474));
#3448 = ORIENTED_EDGE('',*,*,#3449,.F.);
#3449 = EDGE_CURVE('',#3450,#3452,#3454,.T.);
#3450 = VERTEX_POINT('',#3451);
#3451 = CARTESIAN_POINT('',(73.,13.,-2.2));
#3452 = VERTEX_POINT('',#3453);
#3453 = CARTESIAN_POINT('',(73.,13.,2.2));
#3454 = LINE('',#3455,#3456);
#3455 = CARTESIAN_POINT('',(73.,13.,-4.85));
#3456 = VECTOR('',#3457,1.);
#3457 = DIRECTION('',(0.,0.,1.));
#3458 = ORIENTED_EDGE('',*,*,#3459,.F.);
#3459 = EDGE_CURVE('',#3460,#3450,#3462,.T.);
#3460 = VERTEX_POINT('',#3461);
#3461 = CARTESIAN_POINT('',(73.,11.3,-2.2));
#3462 = LINE('',#3463,#3464);
#3463 = CARTESIAN_POINT('',(73.,9.375,-2.2));
#3464 = VECTOR('',#3465,1.);
#3465 = DIRECTION('',(0.,1.,0.));
#3466 = ORIENTED_EDGE('',*,*,#3467,.F.);
#3467 = EDGE_CURVE('',#3468,#3460,#3470,.T.);
#3468 = VERTEX_POINT('',#3469);
#3469 = CARTESIAN_POINT('',(73.,11.3,2.2));
#3470 = LINE('',#3471,#3472);
#3471 = CARTESIAN_POINT('',(73.,11.3,-3.75));
#3472 = VECTOR('',#3473,1.);
#3473 = DIRECTION('',(0.,0.,-1.));
#3474 = ORIENTED_EDGE('',*,*,#3475,.F.);
#3475 = EDGE_CURVE('',#3452,#3468,#3476,.T.);
#3476 = LINE('',#3477,#3478);
#3477 = CARTESIAN_POINT('',(73.,9.375,2.2));
#3478 = VECTOR('',#3479,1.);
#3479 = DIRECTION('',(0.,-1.,0.));
#3480 = FACE_BOUND('',#3481,.T.);
#3481 = EDGE_LOOP('',(#3482,#3492,#3500,#3508));
#3482 = ORIENTED_EDGE('',*,*,#3483,.F.);
#3483 = EDGE_CURVE('',#3484,#3486,#3488,.T.);
#3484 = VERTEX_POINT('',#3485);
#3485 = CARTESIAN_POINT('',(73.,7.,3.2));
#3486 = VERTEX_POINT('',#3487);
#3487 = CARTESIAN_POINT('',(73.,7.,-1.2));
#3488 = LINE('',#3489,#3490);
#3489 = CARTESIAN_POINT('',(73.,7.,-2.15));
#3490 = VECTOR('',#3491,1.);
#3491 = DIRECTION('',(0.,-1.2E-16,-1.));
#3492 = ORIENTED_EDGE('',*,*,#3493,.F.);
#3493 = EDGE_CURVE('',#3494,#3484,#3496,.T.);
#3494 = VERTEX_POINT('',#3495);
#3495 = CARTESIAN_POINT('',(73.,8.7,3.2));
#3496 = LINE('',#3497,#3498);
#3497 = CARTESIAN_POINT('',(73.,4.425,3.2));
#3498 = VECTOR('',#3499,1.);
#3499 = DIRECTION('',(0.,-1.,1.2E-16));
#3500 = ORIENTED_EDGE('',*,*,#3501,.F.);
#3501 = EDGE_CURVE('',#3502,#3494,#3504,.T.);
#3502 = VERTEX_POINT('',#3503);
#3503 = CARTESIAN_POINT('',(73.,8.7,-1.2));
#3504 = LINE('',#3505,#3506);
#3505 = CARTESIAN_POINT('',(73.,8.7,-3.25));
#3506 = VECTOR('',#3507,1.);
#3507 = DIRECTION('',(0.,1.2E-16,1.));
#3508 = ORIENTED_EDGE('',*,*,#3509,.F.);
#3509 = EDGE_CURVE('',#3486,#3502,#3510,.T.);
#3510 = LINE('',#3511,#3512);
#3511 = CARTESIAN_POINT('',(73.,4.425,-1.2));
#3512 = VECTOR('',#3513,1.);
#3513 = DIRECTION('',(0.,1.,-1.2E-16));
#3514 = PLANE('',#3515);
#3515 = AXIS2_PLACEMENT_3D('',#3516,#3517,#3518);
#3516 = CARTESIAN_POINT('',(73.,3.8,-7.5));
#3517 = DIRECTION('',(1.,0.,0.));
#3518 = DIRECTION('',(0.,0.,1.));
#3519 = ADVANCED_FACE('',(#3520),#3530,.T.);
#3520 = FACE_BOUND('',#3521,.T.);
#3521 = EDGE_LOOP('',(#3522,#3523,#3529));
#3522 = ORIENTED_EDGE('',*,*,#2078,.F.);
#3523 = ORIENTED_EDGE('',*,*,#3524,.T.);
#3524 = EDGE_CURVE('',#2079,#2110,#3525,.T.);
#3525 = LINE('',#3526,#3527);
#3526 = CARTESIAN_POINT('',(72.75,15.45,6.5));
#3527 = VECTOR('',#3528,1.);
#3528 = DIRECTION('',(-0.707106781187,0.707106781187,-6.7E-16));
#3529 = ORIENTED_EDGE('',*,*,#2109,.F.);
#3530 = PLANE('',#3531);
#3531 = AXIS2_PLACEMENT_3D('',#3532,#3533,#3534);
#3532 = CARTESIAN_POINT('',(73.,15.2,6.5));
#3533 = DIRECTION('',(0.57735026919,0.57735026919,0.57735026919));
#3534 = DIRECTION('',(0.,0.707106781187,-0.707106781187));
#3535 = ADVANCED_FACE('',(#3536),#3562,.T.);
#3536 = FACE_BOUND('',#3537,.T.);
#3537 = EDGE_LOOP('',(#3538,#3539,#3540,#3548,#3556));
#3538 = ORIENTED_EDGE('',*,*,#2131,.F.);
#3539 = ORIENTED_EDGE('',*,*,#2117,.T.);
#3540 = ORIENTED_EDGE('',*,*,#3541,.F.);
#3541 = EDGE_CURVE('',#3542,#2110,#3544,.T.);
#3542 = VERTEX_POINT('',#3543);
#3543 = CARTESIAN_POINT('',(72.,16.2,4.355));
#3544 = LINE('',#3545,#3546);
#3545 = CARTESIAN_POINT('',(72.,16.2,3.165));
#3546 = VECTOR('',#3547,1.);
#3547 = DIRECTION('',(0.,0.,1.));
#3548 = ORIENTED_EDGE('',*,*,#3549,.F.);
#3549 = EDGE_CURVE('',#3550,#3542,#3552,.T.);
#3550 = VERTEX_POINT('',#3551);
#3551 = CARTESIAN_POINT('',(29.75,16.2,4.355));
#3552 = LINE('',#3553,#3554);
#3553 = CARTESIAN_POINT('',(30.,16.2,4.355));
#3554 = VECTOR('',#3555,1.);
#3555 = DIRECTION('',(1.,0.,0.));
#3556 = ORIENTED_EDGE('',*,*,#3557,.F.);
#3557 = EDGE_CURVE('',#2132,#3550,#3558,.T.);
#3558 = LINE('',#3559,#3560);
#3559 = CARTESIAN_POINT('',(29.75,16.2,-7.5));
#3560 = VECTOR('',#3561,1.);
#3561 = DIRECTION('',(0.,0.,-1.));
#3562 = PLANE('',#3563);
#3563 = AXIS2_PLACEMENT_3D('',#3564,#3565,#3566);
#3564 = CARTESIAN_POINT('',(19.,16.2,-7.5));
#3565 = DIRECTION('',(0.,1.,0.));
#3566 = DIRECTION('',(0.,0.,1.));
#3567 = ADVANCED_FACE('',(#3568),#3611,.T.);
#3568 = FACE_BOUND('',#3569,.T.);
#3569 = EDGE_LOOP('',(#3570,#3580,#3586,#3587,#3588,#3589,#3597,#3605));
#3570 = ORIENTED_EDGE('',*,*,#3571,.T.);
#3571 = EDGE_CURVE('',#3572,#3574,#3576,.T.);
#3572 = VERTEX_POINT('',#3573);
#3573 = CARTESIAN_POINT('',(29.75,16.2,-4.355));
#3574 = VERTEX_POINT('',#3575);
#3575 = CARTESIAN_POINT('',(29.75,16.2,-5.5));
#3576 = LINE('',#3577,#3578);
#3577 = CARTESIAN_POINT('',(29.75,16.2,-7.5));
#3578 = VECTOR('',#3579,1.);
#3579 = DIRECTION('',(0.,0.,-1.));
#3580 = ORIENTED_EDGE('',*,*,#3581,.T.);
#3581 = EDGE_CURVE('',#3574,#2851,#3582,.T.);
#3582 = LINE('',#3583,#3584);
#3583 = CARTESIAN_POINT('',(29.75,-24.,-5.5));
#3584 = VECTOR('',#3585,1.);
#3585 = DIRECTION('',(0.,1.,0.));
#3586 = ORIENTED_EDGE('',*,*,#2850,.T.);
#3587 = ORIENTED_EDGE('',*,*,#2139,.F.);
#3588 = ORIENTED_EDGE('',*,*,#3557,.T.);
#3589 = ORIENTED_EDGE('',*,*,#3590,.T.);
#3590 = EDGE_CURVE('',#3550,#3591,#3593,.T.);
#3591 = VERTEX_POINT('',#3592);
#3592 = CARTESIAN_POINT('',(29.75,15.26,3.415));
#3593 = LINE('',#3594,#3595);
#3594 = CARTESIAN_POINT('',(29.75,2.88875,-8.95625));
#3595 = VECTOR('',#3596,1.);
#3596 = DIRECTION('',(0.,-0.707106781187,-0.707106781187));
#3597 = ORIENTED_EDGE('',*,*,#3598,.F.);
#3598 = EDGE_CURVE('',#3599,#3591,#3601,.T.);
#3599 = VERTEX_POINT('',#3600);
#3600 = CARTESIAN_POINT('',(29.75,15.26,-3.415));
#3601 = LINE('',#3602,#3603);
#3602 = CARTESIAN_POINT('',(29.75,15.26,-2.1675));
#3603 = VECTOR('',#3604,1.);
#3604 = DIRECTION('',(0.,0.,1.));
#3605 = ORIENTED_EDGE('',*,*,#3606,.F.);
#3606 = EDGE_CURVE('',#3572,#3599,#3607,.T.);
#3607 = LINE('',#3608,#3609);
#3608 = CARTESIAN_POINT('',(29.75,6.63875,5.20625));
#3609 = VECTOR('',#3610,1.);
#3610 = DIRECTION('',(0.,-0.707106781187,0.707106781187));
#3611 = PLANE('',#3612);
#3612 = AXIS2_PLACEMENT_3D('',#3613,#3614,#3615);
#3613 = CARTESIAN_POINT('',(29.75,-24.,-7.5));
#3614 = DIRECTION('',(1.,0.,0.));
#3615 = DIRECTION('',(0.,0.,1.));
#3616 = ADVANCED_FACE('',(#3617),#3636,.T.);
#3617 = FACE_BOUND('',#3618,.F.);
#3618 = EDGE_LOOP('',(#3619,#3628,#3634,#3635));
#3619 = ORIENTED_EDGE('',*,*,#3620,.F.);
#3620 = EDGE_CURVE('',#3621,#3621,#3623,.T.);
#3621 = VERTEX_POINT('',#3622);
#3622 = CARTESIAN_POINT('',(2.6,9.04,4.13));
#3623 = CIRCLE('',#3624,3.6);
#3624 = AXIS2_PLACEMENT_3D('',#3625,#3626,#3627);
#3625 = CARTESIAN_POINT('',(-1.,9.04,4.13));
#3626 = DIRECTION('',(-0.,1.,0.));
#3627 = DIRECTION('',(1.,0.,0.));
#3628 = ORIENTED_EDGE('',*,*,#3629,.T.);
#3629 = EDGE_CURVE('',#3621,#2190,#3630,.T.);
#3630 = LINE('',#3631,#3632);
#3631 = CARTESIAN_POINT('',(2.6,9.04,4.13));
#3632 = VECTOR('',#3633,1.);
#3633 = DIRECTION('',(0.,1.,0.));
#3634 = ORIENTED_EDGE('',*,*,#2189,.F.);
#3635 = ORIENTED_EDGE('',*,*,#3629,.F.);
#3636 = CYLINDRICAL_SURFACE('',#3637,3.6);
#3637 = AXIS2_PLACEMENT_3D('',#3638,#3639,#3640);
#3638 = CARTESIAN_POINT('',(-1.,9.04,4.13));
#3639 = DIRECTION('',(-0.,-1.,0.));
#3640 = DIRECTION('',(1.,0.,0.));
#3641 = ADVANCED_FACE('',(#3642),#3661,.T.);
#3642 = FACE_BOUND('',#3643,.F.);
#3643 = EDGE_LOOP('',(#3644,#3645,#3653,#3660));
#3644 = ORIENTED_EDGE('',*,*,#2232,.T.);
#3645 = ORIENTED_EDGE('',*,*,#3646,.T.);
#3646 = EDGE_CURVE('',#2233,#3647,#3649,.T.);
#3647 = VERTEX_POINT('',#3648);
#3648 = CARTESIAN_POINT('',(2.6,0.96,4.13));
#3649 = LINE('',#3650,#3651);
#3650 = CARTESIAN_POINT('',(2.6,-4.E-02,4.13));
#3651 = VECTOR('',#3652,1.);
#3652 = DIRECTION('',(0.,1.,0.));
#3653 = ORIENTED_EDGE('',*,*,#3654,.T.);
#3654 = EDGE_CURVE('',#3647,#3647,#3655,.T.);
#3655 = CIRCLE('',#3656,3.6);
#3656 = AXIS2_PLACEMENT_3D('',#3657,#3658,#3659);
#3657 = CARTESIAN_POINT('',(-1.,0.96,4.13));
#3658 = DIRECTION('',(-0.,1.,0.));
#3659 = DIRECTION('',(1.,0.,0.));
#3660 = ORIENTED_EDGE('',*,*,#3646,.F.);
#3661 = CYLINDRICAL_SURFACE('',#3662,3.6);
#3662 = AXIS2_PLACEMENT_3D('',#3663,#3664,#3665);
#3663 = CARTESIAN_POINT('',(-1.,-4.E-02,4.13));
#3664 = DIRECTION('',(-0.,-1.,0.));
#3665 = DIRECTION('',(1.,0.,0.));
#3666 = ADVANCED_FACE('',(#3667),#3694,.T.);
#3667 = FACE_BOUND('',#3668,.F.);
#3668 = EDGE_LOOP('',(#3669,#3679,#3686,#3687));
#3669 = ORIENTED_EDGE('',*,*,#3670,.F.);
#3670 = EDGE_CURVE('',#3671,#3673,#3675,.T.);
#3671 = VERTEX_POINT('',#3672);
#3672 = CARTESIAN_POINT('',(-4.503170149134,-4.,16.29530869943));
#3673 = VERTEX_POINT('',#3674);
#3674 = CARTESIAN_POINT('',(-4.503170149134,10.25,16.29530869943));
#3675 = LINE('',#3676,#3677);
#3676 = CARTESIAN_POINT('',(-4.503170149134,-6.,16.29530869943));
#3677 = VECTOR('',#3678,1.);
#3678 = DIRECTION('',(0.,1.,0.));
#3679 = ORIENTED_EDGE('',*,*,#3680,.F.);
#3680 = EDGE_CURVE('',#2250,#3671,#3681,.T.);
#3681 = CIRCLE('',#3682,4.);
#3682 = AXIS2_PLACEMENT_3D('',#3683,#3684,#3685);
#3683 = CARTESIAN_POINT('',(-2.5,-4.,12.833039305864));
#3684 = DIRECTION('',(0.,1.,-0.));
#3685 = DIRECTION('',(-1.,-0.,-4.4E-16));
#3686 = ORIENTED_EDGE('',*,*,#2249,.T.);
#3687 = ORIENTED_EDGE('',*,*,#3688,.T.);
#3688 = EDGE_CURVE('',#2252,#3673,#3689,.T.);
#3689 = CIRCLE('',#3690,4.);
#3690 = AXIS2_PLACEMENT_3D('',#3691,#3692,#3693);
#3691 = CARTESIAN_POINT('',(-2.5,10.25,12.833039305864));
#3692 = DIRECTION('',(0.,1.,-0.));
#3693 = DIRECTION('',(-0.500792537284,0.,0.865567348391));
#3694 = CYLINDRICAL_SURFACE('',#3695,4.);
#3695 = AXIS2_PLACEMENT_3D('',#3696,#3697,#3698);
#3696 = CARTESIAN_POINT('',(-2.5,-6.,12.833039305864));
#3697 = DIRECTION('',(0.,1.,0.));
#3698 = DIRECTION('',(-0.500792537284,0.,0.865567348391));
#3699 = ADVANCED_FACE('',(#3700),#3718,.T.);
#3700 = FACE_BOUND('',#3701,.T.);
#3701 = EDGE_LOOP('',(#3702,#3703,#3704,#3710,#3711,#3712));
#3702 = ORIENTED_EDGE('',*,*,#2874,.F.);
#3703 = ORIENTED_EDGE('',*,*,#2786,.F.);
#3704 = ORIENTED_EDGE('',*,*,#3705,.F.);
#3705 = EDGE_CURVE('',#2314,#2779,#3706,.T.);
#3706 = LINE('',#3707,#3708);
#3707 = CARTESIAN_POINT('',(-5.575,10.25,-6.425));
#3708 = VECTOR('',#3709,1.);
#3709 = DIRECTION('',(0.707106781187,0.,-0.707106781187));
#3710 = ORIENTED_EDGE('',*,*,#2321,.T.);
#3711 = ORIENTED_EDGE('',*,*,#3688,.T.);
#3712 = ORIENTED_EDGE('',*,*,#3713,.T.);
#3713 = EDGE_CURVE('',#3673,#2875,#3714,.T.);
#3714 = LINE('',#3715,#3716);
#3715 = CARTESIAN_POINT('',(-9.261068001988,10.25,13.542524941707));
#3716 = VECTOR('',#3717,1.);
#3717 = DIRECTION('',(0.865567348391,0.,0.500792537284));
#3718 = PLANE('',#3719);
#3719 = AXIS2_PLACEMENT_3D('',#3720,#3721,#3722);
#3720 = CARTESIAN_POINT('',(-8.9,10.25,-9.6));
#3721 = DIRECTION('',(0.,1.,0.));
#3722 = DIRECTION('',(0.,0.,1.));
#3723 = ADVANCED_FACE('',(#3724),#3735,.F.);
#3724 = FACE_BOUND('',#3725,.T.);
#3725 = EDGE_LOOP('',(#3726,#3727,#3733,#3734));
#3726 = ORIENTED_EDGE('',*,*,#2778,.F.);
#3727 = ORIENTED_EDGE('',*,*,#3728,.F.);
#3728 = EDGE_CURVE('',#2306,#2771,#3729,.T.);
#3729 = LINE('',#3730,#3731);
#3730 = CARTESIAN_POINT('',(-4.0075,8.75,-7.9925));
#3731 = VECTOR('',#3732,1.);
#3732 = DIRECTION('',(0.707106781187,0.,-0.707106781187));
#3733 = ORIENTED_EDGE('',*,*,#2313,.T.);
#3734 = ORIENTED_EDGE('',*,*,#3705,.T.);
#3735 = PLANE('',#3736);
#3736 = AXIS2_PLACEMENT_3D('',#3737,#3738,#3739);
#3737 = CARTESIAN_POINT('',(-5.5,-6.,-6.5));
#3738 = DIRECTION('',(0.707106781187,0.,0.707106781187));
#3739 = DIRECTION('',(0.,-1.,0.));
#3740 = ADVANCED_FACE('',(#3741),#3753,.F.);
#3741 = FACE_BOUND('',#3742,.F.);
#3742 = EDGE_LOOP('',(#3743,#3749,#3750,#3751,#3752));
#3743 = ORIENTED_EDGE('',*,*,#3744,.F.);
#3744 = EDGE_CURVE('',#2763,#3153,#3745,.T.);
#3745 = LINE('',#3746,#3747);
#3746 = CARTESIAN_POINT('',(-4.37,8.75,-15.87));
#3747 = VECTOR('',#3748,1.);
#3748 = DIRECTION('',(0.,0.,1.));
#3749 = ORIENTED_EDGE('',*,*,#2770,.F.);
#3750 = ORIENTED_EDGE('',*,*,#3728,.F.);
#3751 = ORIENTED_EDGE('',*,*,#2305,.T.);
#3752 = ORIENTED_EDGE('',*,*,#3152,.T.);
#3753 = PLANE('',#3754);
#3754 = AXIS2_PLACEMENT_3D('',#3755,#3756,#3757);
#3755 = CARTESIAN_POINT('',(-8.9,8.75,-15.87));
#3756 = DIRECTION('',(0.,1.,0.));
#3757 = DIRECTION('',(0.,0.,1.));
#3758 = ADVANCED_FACE('',(#3759),#3776,.T.);
#3759 = FACE_BOUND('',#3760,.T.);
#3760 = EDGE_LOOP('',(#3761,#3767,#3768,#3774,#3775));
#3761 = ORIENTED_EDGE('',*,*,#3762,.F.);
#3762 = EDGE_CURVE('',#2755,#3161,#3763,.T.);
#3763 = LINE('',#3764,#3765);
#3764 = CARTESIAN_POINT('',(-4.37,1.25,-15.87));
#3765 = VECTOR('',#3766,1.);
#3766 = DIRECTION('',(0.,0.,1.));
#3767 = ORIENTED_EDGE('',*,*,#2754,.F.);
#3768 = ORIENTED_EDGE('',*,*,#3769,.F.);
#3769 = EDGE_CURVE('',#2268,#2747,#3770,.T.);
#3770 = LINE('',#3771,#3772);
#3771 = CARTESIAN_POINT('',(-4.0075,1.25,-7.9925));
#3772 = VECTOR('',#3773,1.);
#3773 = DIRECTION('',(0.707106781187,0.,-0.707106781187));
#3774 = ORIENTED_EDGE('',*,*,#2275,.T.);
#3775 = ORIENTED_EDGE('',*,*,#3168,.T.);
#3776 = PLANE('',#3777);
#3777 = AXIS2_PLACEMENT_3D('',#3778,#3779,#3780);
#3778 = CARTESIAN_POINT('',(-8.9,1.25,-15.87));
#3779 = DIRECTION('',(0.,1.,0.));
#3780 = DIRECTION('',(0.,0.,1.));
#3781 = ADVANCED_FACE('',(#3782),#3793,.F.);
#3782 = FACE_BOUND('',#3783,.T.);
#3783 = EDGE_LOOP('',(#3784,#3785,#3791,#3792));
#3784 = ORIENTED_EDGE('',*,*,#2746,.F.);
#3785 = ORIENTED_EDGE('',*,*,#3786,.T.);
#3786 = EDGE_CURVE('',#2739,#2260,#3787,.T.);
#3787 = LINE('',#3788,#3789);
#3788 = CARTESIAN_POINT('',(-5.,-4.,-7.));
#3789 = VECTOR('',#3790,1.);
#3790 = DIRECTION('',(-0.707106781187,0.,0.707106781187));
#3791 = ORIENTED_EDGE('',*,*,#2267,.T.);
#3792 = ORIENTED_EDGE('',*,*,#3769,.T.);
#3793 = PLANE('',#3794);
#3794 = AXIS2_PLACEMENT_3D('',#3795,#3796,#3797);
#3795 = CARTESIAN_POINT('',(-5.5,-6.,-6.5));
#3796 = DIRECTION('',(0.707106781187,0.,0.707106781187));
#3797 = DIRECTION('',(0.,-1.,0.));
#3798 = ADVANCED_FACE('',(#3799),#3824,.F.);
#3799 = FACE_BOUND('',#3800,.T.);
#3800 = EDGE_LOOP('',(#3801,#3811,#3817,#3818));
#3801 = ORIENTED_EDGE('',*,*,#3802,.T.);
#3802 = EDGE_CURVE('',#3803,#3805,#3807,.T.);
#3803 = VERTEX_POINT('',#3804);
#3804 = CARTESIAN_POINT('',(-4.5,-6.,-5.5));
#3805 = VERTEX_POINT('',#3806);
#3806 = CARTESIAN_POINT('',(-4.5,-6.,12.833039305864));
#3807 = LINE('',#3808,#3809);
#3808 = CARTESIAN_POINT('',(-4.5,-6.,-7.5));
#3809 = VECTOR('',#3810,1.);
#3810 = DIRECTION('',(0.,0.,1.));
#3811 = ORIENTED_EDGE('',*,*,#3812,.T.);
#3812 = EDGE_CURVE('',#3805,#2250,#3813,.T.);
#3813 = LINE('',#3814,#3815);
#3814 = CARTESIAN_POINT('',(-5.5,-5.,12.833039305864));
#3815 = VECTOR('',#3816,1.);
#3816 = DIRECTION('',(-0.707106781187,0.707106781187,0.));
#3817 = ORIENTED_EDGE('',*,*,#2259,.F.);
#3818 = ORIENTED_EDGE('',*,*,#3819,.F.);
#3819 = EDGE_CURVE('',#3803,#2260,#3820,.T.);
#3820 = LINE('',#3821,#3822);
#3821 = CARTESIAN_POINT('',(-5.5,-5.,-5.5));
#3822 = VECTOR('',#3823,1.);
#3823 = DIRECTION('',(-0.707106781187,0.707106781187,0.));
#3824 = PLANE('',#3825);
#3825 = AXIS2_PLACEMENT_3D('',#3826,#3827,#3828);
#3826 = CARTESIAN_POINT('',(-5.5,-5.,-7.5));
#3827 = DIRECTION('',(0.707106781187,0.707106781187,0.));
#3828 = DIRECTION('',(0.,0.,-1.));
#3829 = ADVANCED_FACE('',(#3830),#3841,.T.);
#3830 = FACE_BOUND('',#3831,.F.);
#3831 = EDGE_LOOP('',(#3832,#3833,#3839,#3840));
#3832 = ORIENTED_EDGE('',*,*,#2386,.F.);
#3833 = ORIENTED_EDGE('',*,*,#3834,.F.);
#3834 = EDGE_CURVE('',#2443,#2387,#3835,.T.);
#3835 = LINE('',#3836,#3837);
#3836 = CARTESIAN_POINT('',(12.4,-32.1225,26.6175));
#3837 = VECTOR('',#3838,1.);
#3838 = DIRECTION('',(0.,-0.707106781187,-0.707106781187));
#3839 = ORIENTED_EDGE('',*,*,#2450,.T.);
#3840 = ORIENTED_EDGE('',*,*,#535,.F.);
#3841 = PLANE('',#3842);
#3842 = AXIS2_PLACEMENT_3D('',#3843,#3844,#3845);
#3843 = CARTESIAN_POINT('',(7.5,-23.75,34.99));
#3844 = DIRECTION('',(0.,-0.707106781187,0.707106781187));
#3845 = DIRECTION('',(-1.,-0.,-0.));
#3846 = ADVANCED_FACE('',(#3847),#3863,.T.);
#3847 = FACE_BOUND('',#3848,.T.);
#3848 = EDGE_LOOP('',(#3849,#3850,#3856,#3857));
#3849 = ORIENTED_EDGE('',*,*,#2722,.T.);
#3850 = ORIENTED_EDGE('',*,*,#3851,.F.);
#3851 = EDGE_CURVE('',#2354,#2715,#3852,.T.);
#3852 = LINE('',#3853,#3854);
#3853 = CARTESIAN_POINT('',(27.75,-23.875,-7.125));
#3854 = VECTOR('',#3855,1.);
#3855 = DIRECTION('',(-2.5E-15,0.707106781187,-0.707106781187));
#3856 = ORIENTED_EDGE('',*,*,#2351,.F.);
#3857 = ORIENTED_EDGE('',*,*,#3858,.F.);
#3858 = EDGE_CURVE('',#2723,#2352,#3859,.T.);
#3859 = LINE('',#3860,#3861);
#3860 = CARTESIAN_POINT('',(15.,-23.75,-7.25));
#3861 = VECTOR('',#3862,1.);
#3862 = DIRECTION('',(-1.35E-15,-0.707106781187,0.707106781187));
#3863 = PLANE('',#3864);
#3864 = AXIS2_PLACEMENT_3D('',#3865,#3866,#3867);
#3865 = CARTESIAN_POINT('',(21.375,-23.75,-7.25));
#3866 = DIRECTION('',(-0.,-0.707106781187,-0.707106781187));
#3867 = DIRECTION('',(0.,0.707106781187,-0.707106781187));
#3868 = ADVANCED_FACE('',(#3869),#3894,.F.);
#3869 = FACE_BOUND('',#3870,.F.);
#3870 = EDGE_LOOP('',(#3871,#3879,#3887,#3893));
#3871 = ORIENTED_EDGE('',*,*,#3872,.F.);
#3872 = EDGE_CURVE('',#3873,#2352,#3875,.T.);
#3873 = VERTEX_POINT('',#3874);
#3874 = CARTESIAN_POINT('',(14.5,-23.5,-7.));
#3875 = LINE('',#3876,#3877);
#3876 = CARTESIAN_POINT('',(14.625,-23.625,-7.));
#3877 = VECTOR('',#3878,1.);
#3878 = DIRECTION('',(0.707106781187,-0.707106781187,2.4E-15));
#3879 = ORIENTED_EDGE('',*,*,#3880,.T.);
#3880 = EDGE_CURVE('',#3873,#3881,#3883,.T.);
#3881 = VERTEX_POINT('',#3882);
#3882 = CARTESIAN_POINT('',(14.5,-23.5,24.24));
#3883 = LINE('',#3884,#3885);
#3884 = CARTESIAN_POINT('',(14.5,-23.5,-7.5));
#3885 = VECTOR('',#3886,1.);
#3886 = DIRECTION('',(0.,0.,1.));
#3887 = ORIENTED_EDGE('',*,*,#3888,.T.);
#3888 = EDGE_CURVE('',#3881,#2403,#3889,.T.);
#3889 = LINE('',#3890,#3891);
#3890 = CARTESIAN_POINT('',(10.759014901535,-19.75901490153,
    22.69043323558));
#3891 = VECTOR('',#3892,1.);
#3892 = DIRECTION('',(0.678598344546,-0.678598344546,0.281084637715));
#3893 = ORIENTED_EDGE('',*,*,#2410,.F.);
#3894 = PLANE('',#3895);
#3895 = AXIS2_PLACEMENT_3D('',#3896,#3897,#3898);
#3896 = CARTESIAN_POINT('',(14.75,-23.75,-7.5));
#3897 = DIRECTION('',(0.707106781187,0.707106781187,0.));
#3898 = DIRECTION('',(0.,0.,1.));
#3899 = ADVANCED_FACE('',(#3900),#3918,.T.);
#3900 = FACE_BOUND('',#3901,.T.);
#3901 = EDGE_LOOP('',(#3902,#3910,#3916,#3917));
#3902 = ORIENTED_EDGE('',*,*,#3903,.F.);
#3903 = EDGE_CURVE('',#3904,#2395,#3906,.T.);
#3904 = VERTEX_POINT('',#3905);
#3905 = CARTESIAN_POINT('',(12.4,-23.5,26.34));
#3906 = LINE('',#3907,#3908);
#3907 = CARTESIAN_POINT('',(12.4,-21.54049495361,23.568841387867));
#3908 = VECTOR('',#3909,1.);
#3909 = DIRECTION('',(0.,-0.57735026919,0.816496580928));
#3910 = ORIENTED_EDGE('',*,*,#3911,.T.);
#3911 = EDGE_CURVE('',#3904,#3881,#3912,.T.);
#3912 = LINE('',#3913,#3914);
#3913 = CARTESIAN_POINT('',(7.5,-23.5,31.24));
#3914 = VECTOR('',#3915,1.);
#3915 = DIRECTION('',(0.707106781187,0.,-0.707106781187));
#3916 = ORIENTED_EDGE('',*,*,#3888,.T.);
#3917 = ORIENTED_EDGE('',*,*,#2402,.F.);
#3918 = PLANE('',#3919);
#3919 = AXIS2_PLACEMENT_3D('',#3920,#3921,#3922);
#3920 = CARTESIAN_POINT('',(7.676776695297,-23.75,31.416776695297));
#3921 = DIRECTION('',(-0.5,-0.707106781187,-0.5));
#3922 = DIRECTION('',(0.707106781187,-3.053113317719E-16,-0.707106781187
    ));
#3923 = ADVANCED_FACE('',(#3924),#3944,.F.);
#3924 = FACE_BOUND('',#3925,.F.);
#3925 = EDGE_LOOP('',(#3926,#3934,#3935,#3936,#3937,#3938));
#3926 = ORIENTED_EDGE('',*,*,#3927,.T.);
#3927 = EDGE_CURVE('',#3928,#2435,#3930,.T.);
#3928 = VERTEX_POINT('',#3929);
#3929 = CARTESIAN_POINT('',(12.4,-10.25,26.34));
#3930 = LINE('',#3931,#3932);
#3931 = CARTESIAN_POINT('',(12.4,-10.25,8.));
#3932 = VECTOR('',#3933,1.);
#3933 = DIRECTION('',(0.,0.,1.));
#3934 = ORIENTED_EDGE('',*,*,#2442,.F.);
#3935 = ORIENTED_EDGE('',*,*,#3834,.T.);
#3936 = ORIENTED_EDGE('',*,*,#2394,.F.);
#3937 = ORIENTED_EDGE('',*,*,#3903,.F.);
#3938 = ORIENTED_EDGE('',*,*,#3939,.F.);
#3939 = EDGE_CURVE('',#3928,#3904,#3940,.T.);
#3940 = LINE('',#3941,#3942);
#3941 = CARTESIAN_POINT('',(12.4,-27.125,26.34));
#3942 = VECTOR('',#3943,1.);
#3943 = DIRECTION('',(0.,-1.,0.));
#3944 = PLANE('',#3945);
#3945 = AXIS2_PLACEMENT_3D('',#3946,#3947,#3948);
#3946 = CARTESIAN_POINT('',(12.4,-30.25,8.));
#3947 = DIRECTION('',(1.,0.,0.));
#3948 = DIRECTION('',(0.,0.,1.));
#3949 = ADVANCED_FACE('',(#3950),#3961,.F.);
#3950 = FACE_BOUND('',#3951,.T.);
#3951 = EDGE_LOOP('',(#3952,#3958,#3959,#3960));
#3952 = ORIENTED_EDGE('',*,*,#3953,.T.);
#3953 = EDGE_CURVE('',#2362,#3235,#3954,.T.);
#3954 = LINE('',#3955,#3956);
#3955 = CARTESIAN_POINT('',(29.,-24.25,-5.5));
#3956 = VECTOR('',#3957,1.);
#3957 = DIRECTION('',(0.707106781187,0.707106781187,4.42E-15));
#3958 = ORIENTED_EDGE('',*,*,#3234,.T.);
#3959 = ORIENTED_EDGE('',*,*,#3187,.F.);
#3960 = ORIENTED_EDGE('',*,*,#2369,.F.);
#3961 = PLANE('',#3962);
#3962 = AXIS2_PLACEMENT_3D('',#3963,#3964,#3965);
#3963 = CARTESIAN_POINT('',(29.5,-23.75,-7.5));
#3964 = DIRECTION('',(-0.707106781187,0.707106781187,0.));
#3965 = DIRECTION('',(-0.,-0.,-1.));
#3966 = ADVANCED_FACE('',(#3967),#3978,.F.);
#3967 = FACE_BOUND('',#3968,.F.);
#3968 = EDGE_LOOP('',(#3969,#3970,#3971,#3972));
#3969 = ORIENTED_EDGE('',*,*,#3851,.F.);
#3970 = ORIENTED_EDGE('',*,*,#2361,.T.);
#3971 = ORIENTED_EDGE('',*,*,#3953,.T.);
#3972 = ORIENTED_EDGE('',*,*,#3973,.F.);
#3973 = EDGE_CURVE('',#2715,#3235,#3974,.T.);
#3974 = LINE('',#3975,#3976);
#3975 = CARTESIAN_POINT('',(28.375,-23.5,-6.875));
#3976 = VECTOR('',#3977,1.);
#3977 = DIRECTION('',(0.707106781187,1.92E-15,0.707106781187));
#3978 = PLANE('',#3979);
#3979 = AXIS2_PLACEMENT_3D('',#3980,#3981,#3982);
#3980 = CARTESIAN_POINT('',(27.75,-24.,-7.));
#3981 = DIRECTION('',(-0.57735026919,0.57735026919,0.57735026919));
#3982 = DIRECTION('',(0.707106781187,-2.775557561563E-17,0.707106781187)
  );
#3983 = ADVANCED_FACE('',(#3984),#4009,.T.);
#3984 = FACE_BOUND('',#3985,.F.);
#3985 = EDGE_LOOP('',(#3986,#3994,#4002,#4008));
#3986 = ORIENTED_EDGE('',*,*,#3987,.F.);
#3987 = EDGE_CURVE('',#3988,#2425,#3990,.T.);
#3988 = VERTEX_POINT('',#3989);
#3989 = CARTESIAN_POINT('',(7.5,-10.25,34.74));
#3990 = LINE('',#3991,#3992);
#3991 = CARTESIAN_POINT('',(0.915,-10.25,28.155));
#3992 = VECTOR('',#3993,1.);
#3993 = DIRECTION('',(0.707106781187,0.,0.707106781187));
#3994 = ORIENTED_EDGE('',*,*,#3995,.T.);
#3995 = EDGE_CURVE('',#3988,#3996,#3998,.T.);
#3996 = VERTEX_POINT('',#3997);
#3997 = CARTESIAN_POINT('',(7.5,22.8,34.74));
#3998 = LINE('',#3999,#4000);
#3999 = CARTESIAN_POINT('',(7.5,-24.,34.74));
#4000 = VECTOR('',#4001,1.);
#4001 = DIRECTION('',(0.,1.,0.));
#4002 = ORIENTED_EDGE('',*,*,#4003,.F.);
#4003 = EDGE_CURVE('',#2427,#3996,#4004,.T.);
#4004 = LINE('',#4005,#4006);
#4005 = CARTESIAN_POINT('',(7.875,22.8,35.115));
#4006 = VECTOR('',#4007,1.);
#4007 = DIRECTION('',(-0.707106781187,-0.,-0.707106781187));
#4008 = ORIENTED_EDGE('',*,*,#2424,.F.);
#4009 = PLANE('',#4010);
#4010 = AXIS2_PLACEMENT_3D('',#4011,#4012,#4013);
#4011 = CARTESIAN_POINT('',(7.75,-24.,34.99));
#4012 = DIRECTION('',(-0.707106781187,0.,0.707106781187));
#4013 = DIRECTION('',(-0.,-1.,-0.));
#4014 = ADVANCED_FACE('',(#4015),#4033,.T.);
#4015 = FACE_BOUND('',#4016,.T.);
#4016 = EDGE_LOOP('',(#4017,#4018,#4019,#4027));
#4017 = ORIENTED_EDGE('',*,*,#4003,.F.);
#4018 = ORIENTED_EDGE('',*,*,#2481,.T.);
#4019 = ORIENTED_EDGE('',*,*,#4020,.T.);
#4020 = EDGE_CURVE('',#2474,#4021,#4023,.T.);
#4021 = VERTEX_POINT('',#4022);
#4022 = CARTESIAN_POINT('',(9.5,24.8,34.74));
#4023 = LINE('',#4024,#4025);
#4024 = CARTESIAN_POINT('',(9.5,24.05,35.49));
#4025 = VECTOR('',#4026,1.);
#4026 = DIRECTION('',(0.,0.707106781187,-0.707106781187));
#4027 = ORIENTED_EDGE('',*,*,#4028,.F.);
#4028 = EDGE_CURVE('',#3996,#4021,#4029,.T.);
#4029 = LINE('',#4030,#4031);
#4030 = CARTESIAN_POINT('',(8.125,23.425,34.74));
#4031 = VECTOR('',#4032,1.);
#4032 = DIRECTION('',(0.707106781187,0.707106781187,0.));
#4033 = PLANE('',#4034);
#4034 = AXIS2_PLACEMENT_3D('',#4035,#4036,#4037);
#4035 = CARTESIAN_POINT('',(8.,22.8,35.24));
#4036 = DIRECTION('',(-0.57735026919,0.57735026919,0.57735026919));
#4037 = DIRECTION('',(0.707106781187,0.707106781187,0.));
#4038 = ADVANCED_FACE('',(#4039),#4057,.F.);
#4039 = FACE_BOUND('',#4040,.F.);
#4040 = EDGE_LOOP('',(#4041,#4042,#4050,#4056));
#4041 = ORIENTED_EDGE('',*,*,#4020,.T.);
#4042 = ORIENTED_EDGE('',*,*,#4043,.T.);
#4043 = EDGE_CURVE('',#4021,#4044,#4046,.T.);
#4044 = VERTEX_POINT('',#4045);
#4045 = CARTESIAN_POINT('',(11.,24.8,34.74));
#4046 = LINE('',#4047,#4048);
#4047 = CARTESIAN_POINT('',(7.5,24.8,34.74));
#4048 = VECTOR('',#4049,1.);
#4049 = DIRECTION('',(1.,0.,0.));
#4050 = ORIENTED_EDGE('',*,*,#4051,.T.);
#4051 = EDGE_CURVE('',#4044,#2466,#4052,.T.);
#4052 = LINE('',#4053,#4054);
#4053 = CARTESIAN_POINT('',(10.583333333333,25.216666666667,
    34.323333333333));
#4054 = VECTOR('',#4055,1.);
#4055 = DIRECTION('',(0.57735026919,-0.57735026919,0.57735026919));
#4056 = ORIENTED_EDGE('',*,*,#2473,.F.);
#4057 = PLANE('',#4058);
#4058 = AXIS2_PLACEMENT_3D('',#4059,#4060,#4061);
#4059 = CARTESIAN_POINT('',(7.5,24.55,34.99));
#4060 = DIRECTION('',(0.,-0.707106781187,-0.707106781187));
#4061 = DIRECTION('',(1.,0.,0.));
#4062 = ADVANCED_FACE('',(#4063),#4081,.F.);
#4063 = FACE_BOUND('',#4064,.T.);
#4064 = EDGE_LOOP('',(#4065,#4066,#4067,#4075));
#4065 = ORIENTED_EDGE('',*,*,#4051,.T.);
#4066 = ORIENTED_EDGE('',*,*,#2465,.T.);
#4067 = ORIENTED_EDGE('',*,*,#4068,.F.);
#4068 = EDGE_CURVE('',#4069,#2458,#4071,.T.);
#4069 = VERTEX_POINT('',#4070);
#4070 = CARTESIAN_POINT('',(11.,28.8,34.74));
#4071 = LINE('',#4072,#4073);
#4072 = CARTESIAN_POINT('',(10.75,28.8,34.49));
#4073 = VECTOR('',#4074,1.);
#4074 = DIRECTION('',(0.707106781187,6.35E-15,0.707106781187));
#4075 = ORIENTED_EDGE('',*,*,#4076,.F.);
#4076 = EDGE_CURVE('',#4044,#4069,#4077,.T.);
#4077 = LINE('',#4078,#4079);
#4078 = CARTESIAN_POINT('',(11.,24.8,34.74));
#4079 = VECTOR('',#4080,1.);
#4080 = DIRECTION('',(0.,1.,0.));
#4081 = PLANE('',#4082);
#4082 = AXIS2_PLACEMENT_3D('',#4083,#4084,#4085);
#4083 = CARTESIAN_POINT('',(11.25,24.8,34.99));
#4084 = DIRECTION('',(0.707106781187,0.,-0.707106781187));
#4085 = DIRECTION('',(-0.,-1.,-0.));
#4086 = ADVANCED_FACE('',(#4087),#4098,.T.);
#4087 = FACE_BOUND('',#4088,.T.);
#4088 = EDGE_LOOP('',(#4089,#4090,#4091,#4092));
#4089 = ORIENTED_EDGE('',*,*,#2457,.T.);
#4090 = ORIENTED_EDGE('',*,*,#2504,.T.);
#4091 = ORIENTED_EDGE('',*,*,#2637,.F.);
#4092 = ORIENTED_EDGE('',*,*,#4093,.T.);
#4093 = EDGE_CURVE('',#2630,#2458,#4094,.T.);
#4094 = LINE('',#4095,#4096);
#4095 = CARTESIAN_POINT('',(11.5,30.175,33.865));
#4096 = VECTOR('',#4097,1.);
#4097 = DIRECTION('',(-1.25E-15,-0.707106781187,0.707106781187));
#4098 = PLANE('',#4099);
#4099 = AXIS2_PLACEMENT_3D('',#4100,#4101,#4102);
#4100 = CARTESIAN_POINT('',(11.,29.8,34.24));
#4101 = DIRECTION('',(0.,0.707106781187,0.707106781187));
#4102 = DIRECTION('',(1.,0.,0.));
#4103 = ADVANCED_FACE('',(#4104),#4123,.F.);
#4104 = FACE_BOUND('',#4105,.F.);
#4105 = EDGE_LOOP('',(#4106,#4107,#4115,#4121,#4122));
#4106 = ORIENTED_EDGE('',*,*,#3927,.F.);
#4107 = ORIENTED_EDGE('',*,*,#4108,.F.);
#4108 = EDGE_CURVE('',#4109,#3928,#4111,.T.);
#4109 = VERTEX_POINT('',#4110);
#4110 = CARTESIAN_POINT('',(7.5,-10.25,31.24));
#4111 = LINE('',#4112,#4113);
#4112 = CARTESIAN_POINT('',(15.035,-10.25,23.705));
#4113 = VECTOR('',#4114,1.);
#4114 = DIRECTION('',(0.707106781187,0.,-0.707106781187));
#4115 = ORIENTED_EDGE('',*,*,#4116,.F.);
#4116 = EDGE_CURVE('',#3988,#4109,#4117,.T.);
#4117 = LINE('',#4118,#4119);
#4118 = CARTESIAN_POINT('',(7.5,-10.25,19.158922155689));
#4119 = VECTOR('',#4120,1.);
#4120 = DIRECTION('',(0.,0.,-1.));
#4121 = ORIENTED_EDGE('',*,*,#3987,.T.);
#4122 = ORIENTED_EDGE('',*,*,#2434,.F.);
#4123 = PLANE('',#4124);
#4124 = AXIS2_PLACEMENT_3D('',#4125,#4126,#4127);
#4125 = CARTESIAN_POINT('',(7.4,-10.25,8.));
#4126 = DIRECTION('',(0.,1.,0.));
#4127 = DIRECTION('',(0.,0.,1.));
#4128 = ADVANCED_FACE('',(#4129),#4140,.T.);
#4129 = FACE_BOUND('',#4130,.F.);
#4130 = EDGE_LOOP('',(#4131,#4137,#4138,#4139));
#4131 = ORIENTED_EDGE('',*,*,#4132,.F.);
#4132 = EDGE_CURVE('',#2827,#2604,#4133,.T.);
#4133 = LINE('',#4134,#4135);
#4134 = CARTESIAN_POINT('',(8.166666666667,30.133333333333,
    -6.166666666667));
#4135 = VECTOR('',#4136,1.);
#4136 = DIRECTION('',(-0.57735026919,0.57735026919,0.57735026919));
#4137 = ORIENTED_EDGE('',*,*,#2834,.T.);
#4138 = ORIENTED_EDGE('',*,*,#2549,.F.);
#4139 = ORIENTED_EDGE('',*,*,#2644,.F.);
#4140 = PLANE('',#4141);
#4141 = AXIS2_PLACEMENT_3D('',#4142,#4143,#4144);
#4142 = CARTESIAN_POINT('',(7.5,29.8,-6.5));
#4143 = DIRECTION('',(0.,0.707106781187,-0.707106781187));
#4144 = DIRECTION('',(-1.,-0.,-0.));
#4145 = ADVANCED_FACE('',(#4146),#4171,.F.);
#4146 = FACE_BOUND('',#4147,.F.);
#4147 = EDGE_LOOP('',(#4148,#4158,#4164,#4165));
#4148 = ORIENTED_EDGE('',*,*,#4149,.F.);
#4149 = EDGE_CURVE('',#4150,#4152,#4154,.T.);
#4150 = VERTEX_POINT('',#4151);
#4151 = CARTESIAN_POINT('',(7.5,24.8,-5.5));
#4152 = VERTEX_POINT('',#4153);
#4153 = CARTESIAN_POINT('',(7.5,24.8,9.404409953975));
#4154 = LINE('',#4155,#4156);
#4155 = CARTESIAN_POINT('',(7.5,24.8,-15.));
#4156 = VECTOR('',#4157,1.);
#4157 = DIRECTION('',(0.,0.,1.));
#4158 = ORIENTED_EDGE('',*,*,#4159,.F.);
#4159 = EDGE_CURVE('',#2604,#4150,#4160,.T.);
#4160 = LINE('',#4161,#4162);
#4161 = CARTESIAN_POINT('',(7.5,30.8,-5.5));
#4162 = VECTOR('',#4163,1.);
#4163 = DIRECTION('',(0.,-1.,0.));
#4164 = ORIENTED_EDGE('',*,*,#2601,.F.);
#4165 = ORIENTED_EDGE('',*,*,#4166,.T.);
#4166 = EDGE_CURVE('',#2602,#4152,#4167,.T.);
#4167 = LINE('',#4168,#4169);
#4168 = CARTESIAN_POINT('',(7.5,30.8,9.404409953975));
#4169 = VECTOR('',#4170,1.);
#4170 = DIRECTION('',(0.,-1.,0.));
#4171 = PLANE('',#4172);
#4172 = AXIS2_PLACEMENT_3D('',#4173,#4174,#4175);
#4173 = CARTESIAN_POINT('',(7.5,24.8,-15.));
#4174 = DIRECTION('',(1.,0.,0.));
#4175 = DIRECTION('',(0.,0.,1.));
#4176 = ADVANCED_FACE('',(#4177),#4196,.T.);
#4177 = FACE_BOUND('',#4178,.F.);
#4178 = EDGE_LOOP('',(#4179,#4180,#4188,#4195));
#4179 = ORIENTED_EDGE('',*,*,#2611,.T.);
#4180 = ORIENTED_EDGE('',*,*,#4181,.T.);
#4181 = EDGE_CURVE('',#2612,#4182,#4184,.T.);
#4182 = VERTEX_POINT('',#4183);
#4183 = CARTESIAN_POINT('',(10.385,24.8,12.402204976987));
#4184 = LINE('',#4185,#4186);
#4185 = CARTESIAN_POINT('',(10.385,30.8,12.402204976987));
#4186 = VECTOR('',#4187,1.);
#4187 = DIRECTION('',(0.,-1.,0.));
#4188 = ORIENTED_EDGE('',*,*,#4189,.F.);
#4189 = EDGE_CURVE('',#4152,#4182,#4190,.T.);
#4190 = CIRCLE('',#4191,3.);
#4191 = AXIS2_PLACEMENT_3D('',#4192,#4193,#4194);
#4192 = CARTESIAN_POINT('',(10.5,24.8,9.404409953975));
#4193 = DIRECTION('',(0.,1.,0.));
#4194 = DIRECTION('',(0.,0.,-1.));
#4195 = ORIENTED_EDGE('',*,*,#4166,.F.);
#4196 = CYLINDRICAL_SURFACE('',#4197,3.);
#4197 = AXIS2_PLACEMENT_3D('',#4198,#4199,#4200);
#4198 = CARTESIAN_POINT('',(10.5,30.8,9.404409953975));
#4199 = DIRECTION('',(0.,-1.,0.));
#4200 = DIRECTION('',(-1.,0.,0.));
#4201 = ADVANCED_FACE('',(#4202),#4256,.F.);
#4202 = FACE_BOUND('',#4203,.T.);
#4203 = EDGE_LOOP('',(#4204,#4205,#4206,#4215,#4224,#4232,#4241,#4249));
#4204 = ORIENTED_EDGE('',*,*,#2620,.F.);
#4205 = ORIENTED_EDGE('',*,*,#4181,.T.);
#4206 = ORIENTED_EDGE('',*,*,#4207,.F.);
#4207 = EDGE_CURVE('',#4208,#4182,#4210,.T.);
#4208 = VERTEX_POINT('',#4209);
#4209 = CARTESIAN_POINT('',(7.5,24.8,14.248001736112));
#4210 = CIRCLE('',#4211,3.);
#4211 = AXIS2_PLACEMENT_3D('',#4212,#4213,#4214);
#4212 = CARTESIAN_POINT('',(10.27,24.8,15.4));
#4213 = DIRECTION('',(0.,-1.,0.));
#4214 = DIRECTION('',(0.,0.,-1.));
#4215 = ORIENTED_EDGE('',*,*,#4216,.F.);
#4216 = EDGE_CURVE('',#4217,#4208,#4219,.T.);
#4217 = VERTEX_POINT('',#4218);
#4218 = CARTESIAN_POINT('',(9.049790070776,24.8,18.140636372937));
#4219 = CIRCLE('',#4220,3.);
#4220 = AXIS2_PLACEMENT_3D('',#4221,#4222,#4223);
#4221 = CARTESIAN_POINT('',(10.27,24.8,15.4));
#4222 = DIRECTION('',(-0.,-1.,-0.));
#4223 = DIRECTION('',(-1.,0.,0.));
#4224 = ORIENTED_EDGE('',*,*,#4225,.F.);
#4225 = EDGE_CURVE('',#4226,#4217,#4228,.T.);
#4226 = VERTEX_POINT('',#4227);
#4227 = CARTESIAN_POINT('',(9.049790070776,21.3,18.140636372937));
#4228 = LINE('',#4229,#4230);
#4229 = CARTESIAN_POINT('',(9.049790070776,21.3,18.140636372937));
#4230 = VECTOR('',#4231,1.);
#4231 = DIRECTION('',(0.,1.,0.));
#4232 = ORIENTED_EDGE('',*,*,#4233,.F.);
#4233 = EDGE_CURVE('',#4234,#4226,#4236,.T.);
#4234 = VERTEX_POINT('',#4235);
#4235 = CARTESIAN_POINT('',(11.490209929227,21.3,18.140636372928));
#4236 = CIRCLE('',#4237,3.);
#4237 = AXIS2_PLACEMENT_3D('',#4238,#4239,#4240);
#4238 = CARTESIAN_POINT('',(10.27,21.3,15.4));
#4239 = DIRECTION('',(0.,1.,-0.));
#4240 = DIRECTION('',(-1.,0.,0.));
#4241 = ORIENTED_EDGE('',*,*,#4242,.T.);
#4242 = EDGE_CURVE('',#4234,#4243,#4245,.T.);
#4243 = VERTEX_POINT('',#4244);
#4244 = CARTESIAN_POINT('',(11.490209929227,30.790209929227,
    18.140636372928));
#4245 = LINE('',#4246,#4247);
#4246 = CARTESIAN_POINT('',(11.490209929227,21.3,18.140636372928));
#4247 = VECTOR('',#4248,1.);
#4248 = DIRECTION('',(0.,1.,0.));
#4249 = ORIENTED_EDGE('',*,*,#4250,.F.);
#4250 = EDGE_CURVE('',#2621,#4243,#4251,.T.);
#4251 = ELLIPSE('',#4252,4.242640687119,3.);
#4252 = AXIS2_PLACEMENT_3D('',#4253,#4254,#4255);
#4253 = CARTESIAN_POINT('',(10.27,29.57,15.4));
#4254 = DIRECTION('',(0.707106781187,-0.707106781187,0.));
#4255 = DIRECTION('',(-0.707106781187,-0.707106781187,0.));
#4256 = CYLINDRICAL_SURFACE('',#4257,3.);
#4257 = AXIS2_PLACEMENT_3D('',#4258,#4259,#4260);
#4258 = CARTESIAN_POINT('',(10.27,21.3,15.4));
#4259 = DIRECTION('',(0.,-1.,-0.));
#4260 = DIRECTION('',(-1.,0.,0.));
#4261 = ADVANCED_FACE('',(#4262),#4297,.F.);
#4262 = FACE_BOUND('',#4263,.T.);
#4263 = EDGE_LOOP('',(#4264,#4274,#4280,#4281,#4282,#4290));
#4264 = ORIENTED_EDGE('',*,*,#4265,.F.);
#4265 = EDGE_CURVE('',#4266,#4268,#4270,.T.);
#4266 = VERTEX_POINT('',#4267);
#4267 = CARTESIAN_POINT('',(11.,30.3,33.24));
#4268 = VERTEX_POINT('',#4269);
#4269 = CARTESIAN_POINT('',(11.,30.3,18.683595691842));
#4270 = LINE('',#4271,#4272);
#4271 = CARTESIAN_POINT('',(11.,30.3,35.24));
#4272 = VECTOR('',#4273,1.);
#4273 = DIRECTION('',(0.,0.,-1.));
#4274 = ORIENTED_EDGE('',*,*,#4275,.T.);
#4275 = EDGE_CURVE('',#4266,#2630,#4276,.T.);
#4276 = LINE('',#4277,#4278);
#4277 = CARTESIAN_POINT('',(11.125,30.425,33.24));
#4278 = VECTOR('',#4279,1.);
#4279 = DIRECTION('',(0.707106781187,0.707106781187,5.1E-15));
#4280 = ORIENTED_EDGE('',*,*,#2629,.T.);
#4281 = ORIENTED_EDGE('',*,*,#4250,.T.);
#4282 = ORIENTED_EDGE('',*,*,#4283,.F.);
#4283 = EDGE_CURVE('',#4284,#4243,#4286,.T.);
#4284 = VERTEX_POINT('',#4285);
#4285 = CARTESIAN_POINT('',(11.296631678462,30.596631678462,
    18.22682296302));
#4286 = LINE('',#4287,#4288);
#4287 = CARTESIAN_POINT('',(7.490681145646,26.790681145646,
    19.921341315095));
#4288 = VECTOR('',#4289,1.);
#4289 = DIRECTION('',(0.674471455947,0.674471455947,-0.300294039609));
#4290 = ORIENTED_EDGE('',*,*,#4291,.F.);
#4291 = EDGE_CURVE('',#4268,#4284,#4292,.T.);
#4292 = ELLIPSE('',#4293,0.707106781187,0.5);
#4293 = AXIS2_PLACEMENT_3D('',#4294,#4295,#4296);
#4294 = CARTESIAN_POINT('',(11.5,30.8,18.683595691842));
#4295 = DIRECTION('',(0.707106781187,-0.707106781187,0.));
#4296 = DIRECTION('',(-0.707106781187,-0.707106781187,0.));
#4297 = PLANE('',#4298);
#4298 = AXIS2_PLACEMENT_3D('',#4299,#4300,#4301);
#4299 = CARTESIAN_POINT('',(11.25,30.55,35.24));
#4300 = DIRECTION('',(0.707106781187,-0.707106781187,0.));
#4301 = DIRECTION('',(0.,0.,1.));
#4302 = ADVANCED_FACE('',(#4303),#4313,.T.);
#4303 = FACE_BOUND('',#4304,.T.);
#4304 = EDGE_LOOP('',(#4305,#4311,#4312));
#4305 = ORIENTED_EDGE('',*,*,#4306,.F.);
#4306 = EDGE_CURVE('',#2661,#2851,#4307,.T.);
#4307 = LINE('',#4308,#4309);
#4308 = CARTESIAN_POINT('',(28.25,22.8,-7.));
#4309 = VECTOR('',#4310,1.);
#4310 = DIRECTION('',(0.707106781187,-1.92E-15,0.707106781187));
#4311 = ORIENTED_EDGE('',*,*,#2660,.T.);
#4312 = ORIENTED_EDGE('',*,*,#2860,.F.);
#4313 = PLANE('',#4314);
#4314 = AXIS2_PLACEMENT_3D('',#4315,#4316,#4317);
#4315 = CARTESIAN_POINT('',(27.75,22.8,-7.5));
#4316 = DIRECTION('',(0.57735026919,0.57735026919,-0.57735026919));
#4317 = DIRECTION('',(-0.707106781187,0.707106781187,0.));
#4318 = ADVANCED_FACE('',(#4319),#4338,.F.);
#4319 = FACE_BOUND('',#4320,.F.);
#4320 = EDGE_LOOP('',(#4321,#4329,#4330,#4331,#4332));
#4321 = ORIENTED_EDGE('',*,*,#4322,.T.);
#4322 = EDGE_CURVE('',#4323,#3574,#4325,.T.);
#4323 = VERTEX_POINT('',#4324);
#4324 = CARTESIAN_POINT('',(28.75,16.2,-6.5));
#4325 = LINE('',#4326,#4327);
#4326 = CARTESIAN_POINT('',(26.0625,16.2,-9.1875));
#4327 = VECTOR('',#4328,1.);
#4328 = DIRECTION('',(0.707106781187,0.,0.707106781187));
#4329 = ORIENTED_EDGE('',*,*,#3581,.T.);
#4330 = ORIENTED_EDGE('',*,*,#4306,.F.);
#4331 = ORIENTED_EDGE('',*,*,#2682,.F.);
#4332 = ORIENTED_EDGE('',*,*,#4333,.T.);
#4333 = EDGE_CURVE('',#2683,#4323,#4334,.T.);
#4334 = LINE('',#4335,#4336);
#4335 = CARTESIAN_POINT('',(20.258333333333,7.708333333333,
    -14.99166666666));
#4336 = VECTOR('',#4337,1.);
#4337 = DIRECTION('',(0.57735026919,0.57735026919,0.57735026919));
#4338 = PLANE('',#4339);
#4339 = AXIS2_PLACEMENT_3D('',#4340,#4341,#4342);
#4340 = CARTESIAN_POINT('',(28.75,-24.,-6.5));
#4341 = DIRECTION('',(-0.707106781187,0.,0.707106781187));
#4342 = DIRECTION('',(0.,1.,0.));
#4343 = ADVANCED_FACE('',(#4344),#4355,.F.);
#4344 = FACE_BOUND('',#4345,.T.);
#4345 = EDGE_LOOP('',(#4346,#4347,#4348,#4354));
#4346 = ORIENTED_EDGE('',*,*,#4132,.F.);
#4347 = ORIENTED_EDGE('',*,*,#2826,.T.);
#4348 = ORIENTED_EDGE('',*,*,#4349,.T.);
#4349 = EDGE_CURVE('',#2819,#4150,#4350,.T.);
#4350 = LINE('',#4351,#4352);
#4351 = CARTESIAN_POINT('',(7.166666666667,25.133333333333,
    -5.166666666667));
#4352 = VECTOR('',#4353,1.);
#4353 = DIRECTION('',(-0.57735026919,0.57735026919,0.57735026919));
#4354 = ORIENTED_EDGE('',*,*,#4159,.F.);
#4355 = PLANE('',#4356);
#4356 = AXIS2_PLACEMENT_3D('',#4357,#4358,#4359);
#4357 = CARTESIAN_POINT('',(8.5,30.8,-6.5));
#4358 = DIRECTION('',(0.707106781187,0.,0.707106781187));
#4359 = DIRECTION('',(0.,1.,0.));
#4360 = ADVANCED_FACE('',(#4361),#4379,.F.);
#4361 = FACE_BOUND('',#4362,.T.);
#4362 = EDGE_LOOP('',(#4363,#4364,#4365,#4373));
#4363 = ORIENTED_EDGE('',*,*,#4349,.F.);
#4364 = ORIENTED_EDGE('',*,*,#2818,.T.);
#4365 = ORIENTED_EDGE('',*,*,#4366,.T.);
#4366 = EDGE_CURVE('',#2811,#4367,#4369,.T.);
#4367 = VERTEX_POINT('',#4368);
#4368 = CARTESIAN_POINT('',(-4.5,24.8,-5.5));
#4369 = LINE('',#4370,#4371);
#4370 = CARTESIAN_POINT('',(-4.5,23.3,-7.));
#4371 = VECTOR('',#4372,1.);
#4372 = DIRECTION('',(2.21E-15,0.707106781187,0.707106781187));
#4373 = ORIENTED_EDGE('',*,*,#4374,.F.);
#4374 = EDGE_CURVE('',#4150,#4367,#4375,.T.);
#4375 = LINE('',#4376,#4377);
#4376 = CARTESIAN_POINT('',(7.5,24.8,-5.5));
#4377 = VECTOR('',#4378,1.);
#4378 = DIRECTION('',(-1.,0.,0.));
#4379 = PLANE('',#4380);
#4380 = AXIS2_PLACEMENT_3D('',#4381,#4382,#4383);
#4381 = CARTESIAN_POINT('',(7.5,23.8,-6.5));
#4382 = DIRECTION('',(0.,-0.707106781187,0.707106781187));
#4383 = DIRECTION('',(1.,0.,0.));
#4384 = ADVANCED_FACE('',(#4385),#4410,.F.);
#4385 = FACE_BOUND('',#4386,.T.);
#4386 = EDGE_LOOP('',(#4387,#4388,#4396,#4404));
#4387 = ORIENTED_EDGE('',*,*,#2810,.F.);
#4388 = ORIENTED_EDGE('',*,*,#4389,.F.);
#4389 = EDGE_CURVE('',#4390,#2803,#4392,.T.);
#4390 = VERTEX_POINT('',#4391);
#4391 = CARTESIAN_POINT('',(-6.5,17.75,-5.5));
#4392 = LINE('',#4393,#4394);
#4393 = CARTESIAN_POINT('',(-5.575,17.75,-6.425));
#4394 = VECTOR('',#4395,1.);
#4395 = DIRECTION('',(0.707106781187,0.,-0.707106781187));
#4396 = ORIENTED_EDGE('',*,*,#4397,.T.);
#4397 = EDGE_CURVE('',#4390,#4398,#4400,.T.);
#4398 = VERTEX_POINT('',#4399);
#4399 = CARTESIAN_POINT('',(-6.5,22.8,-5.5));
#4400 = LINE('',#4401,#4402);
#4401 = CARTESIAN_POINT('',(-6.5,-6.,-5.5));
#4402 = VECTOR('',#4403,1.);
#4403 = DIRECTION('',(0.,1.,0.));
#4404 = ORIENTED_EDGE('',*,*,#4405,.F.);
#4405 = EDGE_CURVE('',#2811,#4398,#4406,.T.);
#4406 = LINE('',#4407,#4408);
#4407 = CARTESIAN_POINT('',(-5.,22.8,-7.));
#4408 = VECTOR('',#4409,1.);
#4409 = DIRECTION('',(-0.707106781187,-5.8E-16,0.707106781187));
#4410 = PLANE('',#4411);
#4411 = AXIS2_PLACEMENT_3D('',#4412,#4413,#4414);
#4412 = CARTESIAN_POINT('',(-5.5,-6.,-6.5));
#4413 = DIRECTION('',(0.707106781187,0.,0.707106781187));
#4414 = DIRECTION('',(0.,-1.,0.));
#4415 = ADVANCED_FACE('',(#4416),#4444,.F.);
#4416 = FACE_BOUND('',#4417,.F.);
#4417 = EDGE_LOOP('',(#4418,#4419,#4420,#4421,#4429,#4438));
#4418 = ORIENTED_EDGE('',*,*,#2883,.F.);
#4419 = ORIENTED_EDGE('',*,*,#2802,.F.);
#4420 = ORIENTED_EDGE('',*,*,#4389,.F.);
#4421 = ORIENTED_EDGE('',*,*,#4422,.T.);
#4422 = EDGE_CURVE('',#4390,#4423,#4425,.T.);
#4423 = VERTEX_POINT('',#4424);
#4424 = CARTESIAN_POINT('',(-6.5,17.75,12.833039305864));
#4425 = LINE('',#4426,#4427);
#4426 = CARTESIAN_POINT('',(-6.5,17.75,-8.55));
#4427 = VECTOR('',#4428,1.);
#4428 = DIRECTION('',(0.,0.,1.));
#4429 = ORIENTED_EDGE('',*,*,#4430,.T.);
#4430 = EDGE_CURVE('',#4423,#4431,#4433,.T.);
#4431 = VERTEX_POINT('',#4432);
#4432 = CARTESIAN_POINT('',(-4.503170149134,17.75,16.29530869943));
#4433 = CIRCLE('',#4434,4.);
#4434 = AXIS2_PLACEMENT_3D('',#4435,#4436,#4437);
#4435 = CARTESIAN_POINT('',(-2.5,17.75,12.833039305864));
#4436 = DIRECTION('',(0.,1.,-0.));
#4437 = DIRECTION('',(-0.500792537284,0.,0.865567348391));
#4438 = ORIENTED_EDGE('',*,*,#4439,.T.);
#4439 = EDGE_CURVE('',#4431,#2884,#4440,.T.);
#4440 = LINE('',#4441,#4442);
#4441 = CARTESIAN_POINT('',(-9.261068001988,17.75,13.542524941707));
#4442 = VECTOR('',#4443,1.);
#4443 = DIRECTION('',(0.865567348391,0.,0.500792537284));
#4444 = PLANE('',#4445);
#4445 = AXIS2_PLACEMENT_3D('',#4446,#4447,#4448);
#4446 = CARTESIAN_POINT('',(-8.9,17.75,-9.6));
#4447 = DIRECTION('',(0.,1.,0.));
#4448 = DIRECTION('',(0.,0.,1.));
#4449 = ADVANCED_FACE('',(#4450),#4456,.F.);
#4450 = FACE_BOUND('',#4451,.F.);
#4451 = EDGE_LOOP('',(#4452,#4453,#4454,#4455));
#4452 = ORIENTED_EDGE('',*,*,#3762,.F.);
#4453 = ORIENTED_EDGE('',*,*,#2762,.F.);
#4454 = ORIENTED_EDGE('',*,*,#3744,.T.);
#4455 = ORIENTED_EDGE('',*,*,#3160,.T.);
#4456 = PLANE('',#4457);
#4457 = AXIS2_PLACEMENT_3D('',#4458,#4459,#4460);
#4458 = CARTESIAN_POINT('',(-4.37,1.25,-15.87));
#4459 = DIRECTION('',(1.,0.,0.));
#4460 = DIRECTION('',(0.,0.,1.));
#4461 = ADVANCED_FACE('',(#4462),#4493,.T.);
#4462 = FACE_BOUND('',#4463,.F.);
#4463 = EDGE_LOOP('',(#4464,#4472,#4473,#4479,#4487));
#4464 = ORIENTED_EDGE('',*,*,#4465,.F.);
#4465 = EDGE_CURVE('',#2731,#4466,#4468,.T.);
#4466 = VERTEX_POINT('',#4467);
#4467 = CARTESIAN_POINT('',(14.5,-4.5,-7.));
#4468 = LINE('',#4469,#4470);
#4469 = CARTESIAN_POINT('',(7.666666666667,-11.33333333333,
    -0.166666666667));
#4470 = VECTOR('',#4471,1.);
#4471 = DIRECTION('',(-0.57735026919,-0.57735026919,0.57735026919));
#4472 = ORIENTED_EDGE('',*,*,#2738,.F.);
#4473 = ORIENTED_EDGE('',*,*,#4474,.T.);
#4474 = EDGE_CURVE('',#2739,#3803,#4475,.T.);
#4475 = LINE('',#4476,#4477);
#4476 = CARTESIAN_POINT('',(-4.5,-4.5,-7.));
#4477 = VECTOR('',#4478,1.);
#4478 = DIRECTION('',(0.,-0.707106781187,0.707106781187));
#4479 = ORIENTED_EDGE('',*,*,#4480,.T.);
#4480 = EDGE_CURVE('',#3803,#4481,#4483,.T.);
#4481 = VERTEX_POINT('',#4482);
#4482 = CARTESIAN_POINT('',(14.5,-6.,-5.5));
#4483 = LINE('',#4484,#4485);
#4484 = CARTESIAN_POINT('',(-6.5,-6.,-5.5));
#4485 = VECTOR('',#4486,1.);
#4486 = DIRECTION('',(1.,0.,0.));
#4487 = ORIENTED_EDGE('',*,*,#4488,.F.);
#4488 = EDGE_CURVE('',#4466,#4481,#4489,.T.);
#4489 = LINE('',#4490,#4491);
#4490 = CARTESIAN_POINT('',(14.5,-9.5,-2.));
#4491 = VECTOR('',#4492,1.);
#4492 = DIRECTION('',(0.,-0.707106781187,0.707106781187));
#4493 = PLANE('',#4494);
#4494 = AXIS2_PLACEMENT_3D('',#4495,#4496,#4497);
#4495 = CARTESIAN_POINT('',(-6.5,-5.,-6.5));
#4496 = DIRECTION('',(0.,-0.707106781187,-0.707106781187));
#4497 = DIRECTION('',(-1.,-0.,-0.));
#4498 = ADVANCED_FACE('',(#4499),#4515,.F.);
#4499 = FACE_BOUND('',#4500,.F.);
#4500 = EDGE_LOOP('',(#4501,#4507,#4508,#4509));
#4501 = ORIENTED_EDGE('',*,*,#4502,.T.);
#4502 = EDGE_CURVE('',#3873,#2723,#4503,.T.);
#4503 = LINE('',#4504,#4505);
#4504 = CARTESIAN_POINT('',(14.625,-23.5,-7.125));
#4505 = VECTOR('',#4506,1.);
#4506 = DIRECTION('',(0.707106781187,3.75E-15,-0.707106781187));
#4507 = ORIENTED_EDGE('',*,*,#2730,.T.);
#4508 = ORIENTED_EDGE('',*,*,#4465,.T.);
#4509 = ORIENTED_EDGE('',*,*,#4510,.F.);
#4510 = EDGE_CURVE('',#3873,#4466,#4511,.T.);
#4511 = LINE('',#4512,#4513);
#4512 = CARTESIAN_POINT('',(14.5,-24.,-7.));
#4513 = VECTOR('',#4514,1.);
#4514 = DIRECTION('',(0.,1.,0.));
#4515 = PLANE('',#4516);
#4516 = AXIS2_PLACEMENT_3D('',#4517,#4518,#4519);
#4517 = CARTESIAN_POINT('',(14.75,-24.,-7.25));
#4518 = DIRECTION('',(0.707106781187,0.,0.707106781187));
#4519 = DIRECTION('',(0.,1.,0.));
#4520 = ADVANCED_FACE('',(#4521),#4540,.F.);
#4521 = FACE_BOUND('',#4522,.F.);
#4522 = EDGE_LOOP('',(#4523,#4524,#4525,#4533,#4539));
#4523 = ORIENTED_EDGE('',*,*,#3973,.T.);
#4524 = ORIENTED_EDGE('',*,*,#3242,.T.);
#4525 = ORIENTED_EDGE('',*,*,#4526,.F.);
#4526 = EDGE_CURVE('',#4527,#3243,#4529,.T.);
#4527 = VERTEX_POINT('',#4528);
#4528 = CARTESIAN_POINT('',(28.75,3.8,-6.5));
#4529 = LINE('',#4530,#4531);
#4530 = CARTESIAN_POINT('',(26.0625,3.8,-9.1875));
#4531 = VECTOR('',#4532,1.);
#4532 = DIRECTION('',(0.707106781187,0.,0.707106781187));
#4533 = ORIENTED_EDGE('',*,*,#4534,.F.);
#4534 = EDGE_CURVE('',#2707,#4527,#4535,.T.);
#4535 = LINE('',#4536,#4537);
#4536 = CARTESIAN_POINT('',(31.591666666667,0.958333333333,
    -3.658333333333));
#4537 = VECTOR('',#4538,1.);
#4538 = DIRECTION('',(0.57735026919,-0.57735026919,0.57735026919));
#4539 = ORIENTED_EDGE('',*,*,#2714,.F.);
#4540 = PLANE('',#4541);
#4541 = AXIS2_PLACEMENT_3D('',#4542,#4543,#4544);
#4542 = CARTESIAN_POINT('',(28.75,-24.,-6.5));
#4543 = DIRECTION('',(-0.707106781187,0.,0.707106781187));
#4544 = DIRECTION('',(0.,1.,0.));
#4545 = ADVANCED_FACE('',(#4546),#4564,.T.);
#4546 = FACE_BOUND('',#4547,.F.);
#4547 = EDGE_LOOP('',(#4548,#4549,#4557,#4563));
#4548 = ORIENTED_EDGE('',*,*,#4534,.T.);
#4549 = ORIENTED_EDGE('',*,*,#4550,.T.);
#4550 = EDGE_CURVE('',#4527,#4551,#4553,.T.);
#4551 = VERTEX_POINT('',#4552);
#4552 = CARTESIAN_POINT('',(72.,3.8,-6.5));
#4553 = LINE('',#4554,#4555);
#4554 = CARTESIAN_POINT('',(19.,3.8,-6.5));
#4555 = VECTOR('',#4556,1.);
#4556 = DIRECTION('',(1.,0.,0.));
#4557 = ORIENTED_EDGE('',*,*,#4558,.F.);
#4558 = EDGE_CURVE('',#2699,#4551,#4559,.T.);
#4559 = LINE('',#4560,#4561);
#4560 = CARTESIAN_POINT('',(72.,4.55,-7.25));
#4561 = VECTOR('',#4562,1.);
#4562 = DIRECTION('',(-2.6E-15,-0.707106781187,0.707106781187));
#4563 = ORIENTED_EDGE('',*,*,#2706,.F.);
#4564 = PLANE('',#4565);
#4565 = AXIS2_PLACEMENT_3D('',#4566,#4567,#4568);
#4566 = CARTESIAN_POINT('',(19.,4.3,-7.));
#4567 = DIRECTION('',(0.,-0.707106781187,-0.707106781187));
#4568 = DIRECTION('',(-1.,-0.,-0.));
#4569 = ADVANCED_FACE('',(#4570),#4586,.F.);
#4570 = FACE_BOUND('',#4571,.T.);
#4571 = EDGE_LOOP('',(#4572,#4578,#4579,#4585));
#4572 = ORIENTED_EDGE('',*,*,#4573,.F.);
#4573 = EDGE_CURVE('',#2699,#3361,#4574,.T.);
#4574 = LINE('',#4575,#4576);
#4575 = CARTESIAN_POINT('',(72.25,4.8,-7.25));
#4576 = VECTOR('',#4577,1.);
#4577 = DIRECTION('',(0.707106781187,2.6E-15,0.707106781187));
#4578 = ORIENTED_EDGE('',*,*,#2698,.T.);
#4579 = ORIENTED_EDGE('',*,*,#4580,.T.);
#4580 = EDGE_CURVE('',#2691,#3371,#4581,.T.);
#4581 = LINE('',#4582,#4583);
#4582 = CARTESIAN_POINT('',(72.25,15.2,-7.25));
#4583 = VECTOR('',#4584,1.);
#4584 = DIRECTION('',(0.707106781187,6.7E-16,0.707106781187));
#4585 = ORIENTED_EDGE('',*,*,#3370,.F.);
#4586 = PLANE('',#4587);
#4587 = AXIS2_PLACEMENT_3D('',#4588,#4589,#4590);
#4588 = CARTESIAN_POINT('',(72.5,3.8,-7.));
#4589 = DIRECTION('',(-0.707106781187,0.,0.707106781187));
#4590 = DIRECTION('',(-0.,-1.,-0.));
#4591 = ADVANCED_FACE('',(#4592),#4610,.F.);
#4592 = FACE_BOUND('',#4593,.T.);
#4593 = EDGE_LOOP('',(#4594,#4595,#4603,#4609));
#4594 = ORIENTED_EDGE('',*,*,#4333,.T.);
#4595 = ORIENTED_EDGE('',*,*,#4596,.T.);
#4596 = EDGE_CURVE('',#4323,#4597,#4599,.T.);
#4597 = VERTEX_POINT('',#4598);
#4598 = CARTESIAN_POINT('',(72.,16.2,-6.5));
#4599 = LINE('',#4600,#4601);
#4600 = CARTESIAN_POINT('',(19.,16.2,-6.5));
#4601 = VECTOR('',#4602,1.);
#4602 = DIRECTION('',(1.,0.,0.));
#4603 = ORIENTED_EDGE('',*,*,#4604,.F.);
#4604 = EDGE_CURVE('',#2691,#4597,#4605,.T.);
#4605 = LINE('',#4606,#4607);
#4606 = CARTESIAN_POINT('',(72.,15.45,-7.25));
#4607 = VECTOR('',#4608,1.);
#4608 = DIRECTION('',(0.,0.707106781187,0.707106781187));
#4609 = ORIENTED_EDGE('',*,*,#2690,.F.);
#4610 = PLANE('',#4611);
#4611 = AXIS2_PLACEMENT_3D('',#4612,#4613,#4614);
#4612 = CARTESIAN_POINT('',(19.,15.7,-7.));
#4613 = DIRECTION('',(0.,-0.707106781187,0.707106781187));
#4614 = DIRECTION('',(-1.,-0.,-0.));
#4615 = ADVANCED_FACE('',(#4616,#4652),#4658,.F.);
#4616 = FACE_BOUND('',#4617,.F.);
#4617 = EDGE_LOOP('',(#4618,#4628,#4634,#4635,#4636,#4637,#4638,#4646));
#4618 = ORIENTED_EDGE('',*,*,#4619,.F.);
#4619 = EDGE_CURVE('',#4620,#4622,#4624,.T.);
#4620 = VERTEX_POINT('',#4621);
#4621 = CARTESIAN_POINT('',(7.5,-4.,23.24));
#4622 = VERTEX_POINT('',#4623);
#4623 = CARTESIAN_POINT('',(7.5,22.8,23.24));
#4624 = LINE('',#4625,#4626);
#4625 = CARTESIAN_POINT('',(7.5,-6.,23.24));
#4626 = VECTOR('',#4627,1.);
#4627 = DIRECTION('',(0.,1.,0.));
#4628 = ORIENTED_EDGE('',*,*,#4629,.F.);
#4629 = EDGE_CURVE('',#3671,#4620,#4630,.T.);
#4630 = LINE('',#4631,#4632);
#4631 = CARTESIAN_POINT('',(-4.503170149134,-4.,16.29530869943));
#4632 = VECTOR('',#4633,1.);
#4633 = DIRECTION('',(0.865567348391,0.,0.500792537284));
#4634 = ORIENTED_EDGE('',*,*,#3670,.T.);
#4635 = ORIENTED_EDGE('',*,*,#3713,.T.);
#4636 = ORIENTED_EDGE('',*,*,#2891,.F.);
#4637 = ORIENTED_EDGE('',*,*,#4439,.F.);
#4638 = ORIENTED_EDGE('',*,*,#4639,.T.);
#4639 = EDGE_CURVE('',#4431,#4640,#4642,.T.);
#4640 = VERTEX_POINT('',#4641);
#4641 = CARTESIAN_POINT('',(-4.503170149134,22.8,16.29530869943));
#4642 = LINE('',#4643,#4644);
#4643 = CARTESIAN_POINT('',(-4.503170149134,-6.,16.29530869943));
#4644 = VECTOR('',#4645,1.);
#4645 = DIRECTION('',(0.,1.,0.));
#4646 = ORIENTED_EDGE('',*,*,#4647,.F.);
#4647 = EDGE_CURVE('',#4622,#4640,#4648,.T.);
#4648 = LINE('',#4649,#4650);
#4649 = CARTESIAN_POINT('',(7.5,22.8,23.24));
#4650 = VECTOR('',#4651,1.);
#4651 = DIRECTION('',(-0.865567348391,0.,-0.500792537284));
#4652 = FACE_BOUND('',#4653,.F.);
#4653 = EDGE_LOOP('',(#4654,#4655,#4656,#4657));
#4654 = ORIENTED_EDGE('',*,*,#2973,.F.);
#4655 = ORIENTED_EDGE('',*,*,#2925,.T.);
#4656 = ORIENTED_EDGE('',*,*,#2949,.T.);
#4657 = ORIENTED_EDGE('',*,*,#2990,.F.);
#4658 = PLANE('',#4659);
#4659 = AXIS2_PLACEMENT_3D('',#4660,#4661,#4662);
#4660 = CARTESIAN_POINT('',(0.5,-6.,19.19));
#4661 = DIRECTION('',(0.500792537284,-1.1E-16,-0.865567348391));
#4662 = DIRECTION('',(4.920055397218E-17,1.,-9.86182414334E-17));
#4663 = ADVANCED_FACE('',(#4664,#4681),#4686,.T.);
#4664 = FACE_BOUND('',#4665,.T.);
#4665 = EDGE_LOOP('',(#4666,#4667,#4675));
#4666 = ORIENTED_EDGE('',*,*,#4233,.T.);
#4667 = ORIENTED_EDGE('',*,*,#4668,.F.);
#4668 = EDGE_CURVE('',#4669,#4226,#4671,.T.);
#4669 = VERTEX_POINT('',#4670);
#4670 = CARTESIAN_POINT('',(10.27,21.3,18.683908835518));
#4671 = LINE('',#4672,#4673);
#4672 = CARTESIAN_POINT('',(10.27,21.3,18.683908835518));
#4673 = VECTOR('',#4674,1.);
#4674 = DIRECTION('',(-0.913545457647,0.,-0.406736643066));
#4675 = ORIENTED_EDGE('',*,*,#4676,.F.);
#4676 = EDGE_CURVE('',#4234,#4669,#4677,.T.);
#4677 = LINE('',#4678,#4679);
#4678 = CARTESIAN_POINT('',(11.490209929227,21.3,18.140636372928));
#4679 = VECTOR('',#4680,1.);
#4680 = DIRECTION('',(-0.913545457643,0.,0.406736643076));
#4681 = FACE_BOUND('',#4682,.T.);
#4682 = EDGE_LOOP('',(#4683,#4684,#4685));
#4683 = ORIENTED_EDGE('',*,*,#3012,.F.);
#4684 = ORIENTED_EDGE('',*,*,#3036,.F.);
#4685 = ORIENTED_EDGE('',*,*,#3060,.F.);
#4686 = PLANE('',#4687);
#4687 = AXIS2_PLACEMENT_3D('',#4688,#4689,#4690);
#4688 = CARTESIAN_POINT('',(10.27,21.3,15.609989010436));
#4689 = DIRECTION('',(0.,1.,0.));
#4690 = DIRECTION('',(-1.,0.,0.));
#4691 = ADVANCED_FACE('',(#4692,#4719),#4724,.T.);
#4692 = FACE_BOUND('',#4693,.T.);
#4693 = EDGE_LOOP('',(#4694,#4705,#4713));
#4694 = ORIENTED_EDGE('',*,*,#4695,.T.);
#4695 = EDGE_CURVE('',#4696,#4698,#4700,.T.);
#4696 = VERTEX_POINT('',#4697);
#4697 = CARTESIAN_POINT('',(9.12,-1.,17.391858428704));
#4698 = VERTEX_POINT('',#4699);
#4699 = CARTESIAN_POINT('',(11.420000000001,-1.,17.391858428705));
#4700 = CIRCLE('',#4701,2.3);
#4701 = AXIS2_PLACEMENT_3D('',#4702,#4703,#4704);
#4702 = CARTESIAN_POINT('',(10.27,-1.,15.4));
#4703 = DIRECTION('',(0.,-1.,0.));
#4704 = DIRECTION('',(1.,0.,0.));
#4705 = ORIENTED_EDGE('',*,*,#4706,.F.);
#4706 = EDGE_CURVE('',#4707,#4698,#4709,.T.);
#4707 = VERTEX_POINT('',#4708);
#4708 = CARTESIAN_POINT('',(10.27,-1.,18.055811238272));
#4709 = LINE('',#4710,#4711);
#4710 = CARTESIAN_POINT('',(10.27,-1.,18.055811238272));
#4711 = VECTOR('',#4712,1.);
#4712 = DIRECTION('',(0.866025403785,0.,-0.499999999999));
#4713 = ORIENTED_EDGE('',*,*,#4714,.F.);
#4714 = EDGE_CURVE('',#4696,#4707,#4715,.T.);
#4715 = LINE('',#4716,#4717);
#4716 = CARTESIAN_POINT('',(9.12,-1.,17.391858428704));
#4717 = VECTOR('',#4718,1.);
#4718 = DIRECTION('',(0.866025403784,0.,0.5));
#4719 = FACE_BOUND('',#4720,.T.);
#4720 = EDGE_LOOP('',(#4721,#4722,#4723));
#4721 = ORIENTED_EDGE('',*,*,#3094,.F.);
#4722 = ORIENTED_EDGE('',*,*,#3135,.T.);
#4723 = ORIENTED_EDGE('',*,*,#3118,.T.);
#4724 = PLANE('',#4725);
#4725 = AXIS2_PLACEMENT_3D('',#4726,#4727,#4728);
#4726 = CARTESIAN_POINT('',(10.27,-1.,15.609516380421));
#4727 = DIRECTION('',(0.,-1.,0.));
#4728 = DIRECTION('',(1.,0.,0.));
#4729 = ADVANCED_FACE('',(#4730),#4756,.T.);
#4730 = FACE_BOUND('',#4731,.F.);
#4731 = EDGE_LOOP('',(#4732,#4740,#4741,#4742,#4750));
#4732 = ORIENTED_EDGE('',*,*,#4733,.F.);
#4733 = EDGE_CURVE('',#3267,#4734,#4736,.T.);
#4734 = VERTEX_POINT('',#4735);
#4735 = CARTESIAN_POINT('',(30.,4.99,4.165));
#4736 = LINE('',#4737,#4738);
#4737 = CARTESIAN_POINT('',(29.603333333333,4.593333333333,
    4.561666666667));
#4738 = VECTOR('',#4739,1.);
#4739 = DIRECTION('',(0.57735026919,0.57735026919,-0.57735026919));
#4740 = ORIENTED_EDGE('',*,*,#3274,.F.);
#4741 = ORIENTED_EDGE('',*,*,#3212,.T.);
#4742 = ORIENTED_EDGE('',*,*,#4743,.T.);
#4743 = EDGE_CURVE('',#3205,#4744,#4746,.T.);
#4744 = VERTEX_POINT('',#4745);
#4745 = CARTESIAN_POINT('',(72.,4.99,4.165));
#4746 = LINE('',#4747,#4748);
#4747 = CARTESIAN_POINT('',(72.,4.395,4.76));
#4748 = VECTOR('',#4749,1.);
#4749 = DIRECTION('',(2.35E-15,0.707106781187,-0.707106781187));
#4750 = ORIENTED_EDGE('',*,*,#4751,.F.);
#4751 = EDGE_CURVE('',#4734,#4744,#4752,.T.);
#4752 = LINE('',#4753,#4754);
#4753 = CARTESIAN_POINT('',(30.,4.99,4.165));
#4754 = VECTOR('',#4755,1.);
#4755 = DIRECTION('',(1.,0.,0.));
#4756 = PLANE('',#4757);
#4757 = AXIS2_PLACEMENT_3D('',#4758,#4759,#4760);
#4758 = CARTESIAN_POINT('',(30.,4.395,4.76));
#4759 = DIRECTION('',(0.,-0.707106781187,-0.707106781187));
#4760 = DIRECTION('',(-1.,-0.,-0.));
#4761 = ADVANCED_FACE('',(#4762),#4773,.F.);
#4762 = FACE_BOUND('',#4763,.F.);
#4763 = EDGE_LOOP('',(#4764,#4770,#4771,#4772));
#4764 = ORIENTED_EDGE('',*,*,#4765,.T.);
#4765 = EDGE_CURVE('',#3418,#3205,#4766,.T.);
#4766 = LINE('',#4767,#4768);
#4767 = CARTESIAN_POINT('',(72.801090319729,4.601090319729,
    5.202792839252));
#4768 = VECTOR('',#4769,1.);
#4769 = DIRECTION('',(-0.700810254645,-0.700810254645,0.133153948382));
#4770 = ORIENTED_EDGE('',*,*,#3204,.T.);
#4771 = ORIENTED_EDGE('',*,*,#3346,.T.);
#4772 = ORIENTED_EDGE('',*,*,#3417,.F.);
#4773 = PLANE('',#4774);
#4774 = AXIS2_PLACEMENT_3D('',#4775,#4776,#4777);
#4775 = CARTESIAN_POINT('',(72.5,4.3,4.165));
#4776 = DIRECTION('',(-0.707106781187,0.707106781187,0.));
#4777 = DIRECTION('',(0.,0.,1.));
#4778 = ADVANCED_FACE('',(#4779),#4798,.F.);
#4779 = FACE_BOUND('',#4780,.F.);
#4780 = EDGE_LOOP('',(#4781,#4782,#4783,#4784,#4792));
#4781 = ORIENTED_EDGE('',*,*,#4550,.F.);
#4782 = ORIENTED_EDGE('',*,*,#4526,.T.);
#4783 = ORIENTED_EDGE('',*,*,#3250,.F.);
#4784 = ORIENTED_EDGE('',*,*,#4785,.T.);
#4785 = EDGE_CURVE('',#3251,#4786,#4788,.T.);
#4786 = VERTEX_POINT('',#4787);
#4787 = CARTESIAN_POINT('',(72.,3.8,-3.355));
#4788 = LINE('',#4789,#4790);
#4789 = CARTESIAN_POINT('',(30.,3.8,-3.355));
#4790 = VECTOR('',#4791,1.);
#4791 = DIRECTION('',(1.,0.,0.));
#4792 = ORIENTED_EDGE('',*,*,#4793,.F.);
#4793 = EDGE_CURVE('',#4551,#4786,#4794,.T.);
#4794 = LINE('',#4795,#4796);
#4795 = CARTESIAN_POINT('',(72.,3.8,-7.5));
#4796 = VECTOR('',#4797,1.);
#4797 = DIRECTION('',(0.,0.,1.));
#4798 = PLANE('',#4799);
#4799 = AXIS2_PLACEMENT_3D('',#4800,#4801,#4802);
#4800 = CARTESIAN_POINT('',(19.,3.8,-7.5));
#4801 = DIRECTION('',(0.,1.,0.));
#4802 = DIRECTION('',(0.,0.,1.));
#4803 = ADVANCED_FACE('',(#4804),#4830,.F.);
#4804 = FACE_BOUND('',#4805,.T.);
#4805 = EDGE_LOOP('',(#4806,#4814,#4815,#4816,#4824));
#4806 = ORIENTED_EDGE('',*,*,#4807,.F.);
#4807 = EDGE_CURVE('',#3259,#4808,#4810,.T.);
#4808 = VERTEX_POINT('',#4809);
#4809 = CARTESIAN_POINT('',(30.,4.99,-2.165));
#4810 = LINE('',#4811,#4812);
#4811 = CARTESIAN_POINT('',(30.658333333333,5.648333333333,
    -1.506666666667));
#4812 = VECTOR('',#4813,1.);
#4813 = DIRECTION('',(0.57735026919,0.57735026919,0.57735026919));
#4814 = ORIENTED_EDGE('',*,*,#3258,.F.);
#4815 = ORIENTED_EDGE('',*,*,#4785,.T.);
#4816 = ORIENTED_EDGE('',*,*,#4817,.F.);
#4817 = EDGE_CURVE('',#4818,#4786,#4820,.T.);
#4818 = VERTEX_POINT('',#4819);
#4819 = CARTESIAN_POINT('',(72.,4.99,-2.165));
#4820 = LINE('',#4821,#4822);
#4821 = CARTESIAN_POINT('',(72.,4.395,-2.76));
#4822 = VECTOR('',#4823,1.);
#4823 = DIRECTION('',(-1.45E-15,-0.707106781187,-0.707106781187));
#4824 = ORIENTED_EDGE('',*,*,#4825,.F.);
#4825 = EDGE_CURVE('',#4808,#4818,#4826,.T.);
#4826 = LINE('',#4827,#4828);
#4827 = CARTESIAN_POINT('',(30.,4.99,-2.165));
#4828 = VECTOR('',#4829,1.);
#4829 = DIRECTION('',(1.,0.,0.));
#4830 = PLANE('',#4831);
#4831 = AXIS2_PLACEMENT_3D('',#4832,#4833,#4834);
#4832 = CARTESIAN_POINT('',(30.,4.395,-2.76));
#4833 = DIRECTION('',(0.,0.707106781187,-0.707106781187));
#4834 = DIRECTION('',(-1.,-0.,-0.));
#4835 = ADVANCED_FACE('',(#4836),#4847,.F.);
#4836 = FACE_BOUND('',#4837,.T.);
#4837 = EDGE_LOOP('',(#4838,#4839,#4840,#4841));
#4838 = ORIENTED_EDGE('',*,*,#4733,.F.);
#4839 = ORIENTED_EDGE('',*,*,#3266,.F.);
#4840 = ORIENTED_EDGE('',*,*,#4807,.T.);
#4841 = ORIENTED_EDGE('',*,*,#4842,.F.);
#4842 = EDGE_CURVE('',#4734,#4808,#4843,.T.);
#4843 = LINE('',#4844,#4845);
#4844 = CARTESIAN_POINT('',(30.,4.99,4.165));
#4845 = VECTOR('',#4846,1.);
#4846 = DIRECTION('',(0.,0.,-1.));
#4847 = PLANE('',#4848);
#4848 = AXIS2_PLACEMENT_3D('',#4849,#4850,#4851);
#4849 = CARTESIAN_POINT('',(29.405,4.395,4.165));
#4850 = DIRECTION('',(-0.707106781187,0.707106781187,1.E-17));
#4851 = DIRECTION('',(7.071067811865E-18,-7.071067811865E-18,1.));
#4852 = ADVANCED_FACE('',(#4853),#4878,.F.);
#4853 = FACE_BOUND('',#4854,.F.);
#4854 = EDGE_LOOP('',(#4855,#4865,#4871,#4872));
#4855 = ORIENTED_EDGE('',*,*,#4856,.F.);
#4856 = EDGE_CURVE('',#4857,#4859,#4861,.T.);
#4857 = VERTEX_POINT('',#4858);
#4858 = CARTESIAN_POINT('',(17.,-8.5,3.94828261405));
#4859 = VERTEX_POINT('',#4860);
#4860 = CARTESIAN_POINT('',(17.,-7.443688983732,3.386632083933));
#4861 = LINE('',#4862,#4863);
#4862 = CARTESIAN_POINT('',(17.,-8.5,3.94828261405));
#4863 = VECTOR('',#4864,1.);
#4864 = DIRECTION('',(0.,0.882947592859,-0.469471562786));
#4865 = ORIENTED_EDGE('',*,*,#4866,.T.);
#4866 = EDGE_CURVE('',#4857,#3287,#4867,.T.);
#4867 = LINE('',#4868,#4869);
#4868 = CARTESIAN_POINT('',(17.,-8.5,3.94828261405));
#4869 = VECTOR('',#4870,1.);
#4870 = DIRECTION('',(1.,0.,0.));
#4871 = ORIENTED_EDGE('',*,*,#3284,.F.);
#4872 = ORIENTED_EDGE('',*,*,#4873,.F.);
#4873 = EDGE_CURVE('',#4859,#3285,#4874,.T.);
#4874 = LINE('',#4875,#4876);
#4875 = CARTESIAN_POINT('',(17.,-7.443688983732,3.386632083933));
#4876 = VECTOR('',#4877,1.);
#4877 = DIRECTION('',(1.,0.,0.));
#4878 = PLANE('',#4879);
#4879 = AXIS2_PLACEMENT_3D('',#4880,#4881,#4882);
#4880 = CARTESIAN_POINT('',(17.,-8.5,3.94828261405));
#4881 = DIRECTION('',(0.,0.469471562786,0.882947592859));
#4882 = DIRECTION('',(0.,0.882947592859,-0.469471562786));
#4883 = ADVANCED_FACE('',(#4884),#4902,.F.);
#4884 = FACE_BOUND('',#4885,.F.);
#4885 = EDGE_LOOP('',(#4886,#4894,#4900,#4901));
#4886 = ORIENTED_EDGE('',*,*,#4887,.F.);
#4887 = EDGE_CURVE('',#4888,#4857,#4890,.T.);
#4888 = VERTEX_POINT('',#4889);
#4889 = CARTESIAN_POINT('',(17.,-9.556311016268,3.386632083933));
#4890 = LINE('',#4891,#4892);
#4891 = CARTESIAN_POINT('',(17.,-9.556311016268,3.386632083933));
#4892 = VECTOR('',#4893,1.);
#4893 = DIRECTION('',(0.,0.882947592859,0.469471562786));
#4894 = ORIENTED_EDGE('',*,*,#4895,.T.);
#4895 = EDGE_CURVE('',#4888,#3295,#4896,.T.);
#4896 = LINE('',#4897,#4898);
#4897 = CARTESIAN_POINT('',(17.,-9.556311016268,3.386632083933));
#4898 = VECTOR('',#4899,1.);
#4899 = DIRECTION('',(1.,0.,0.));
#4900 = ORIENTED_EDGE('',*,*,#3303,.F.);
#4901 = ORIENTED_EDGE('',*,*,#4866,.F.);
#4902 = PLANE('',#4903);
#4903 = AXIS2_PLACEMENT_3D('',#4904,#4905,#4906);
#4904 = CARTESIAN_POINT('',(17.,-9.556311016268,3.386632083933));
#4905 = DIRECTION('',(0.,-0.469471562786,0.882947592859));
#4906 = DIRECTION('',(0.,0.882947592859,0.469471562786));
#4907 = ADVANCED_FACE('',(#4908),#4920,.F.);
#4908 = FACE_BOUND('',#4909,.T.);
#4909 = EDGE_LOOP('',(#4910,#4917,#4918,#4919));
#4910 = ORIENTED_EDGE('',*,*,#4911,.F.);
#4911 = EDGE_CURVE('',#4888,#4859,#4912,.T.);
#4912 = CIRCLE('',#4913,2.25);
#4913 = AXIS2_PLACEMENT_3D('',#4914,#4915,#4916);
#4914 = CARTESIAN_POINT('',(17.,-8.5,1.4));
#4915 = DIRECTION('',(1.,0.,0.));
#4916 = DIRECTION('',(0.,1.,0.));
#4917 = ORIENTED_EDGE('',*,*,#4895,.T.);
#4918 = ORIENTED_EDGE('',*,*,#3294,.F.);
#4919 = ORIENTED_EDGE('',*,*,#4873,.F.);
#4920 = CYLINDRICAL_SURFACE('',#4921,2.25);
#4921 = AXIS2_PLACEMENT_3D('',#4922,#4923,#4924);
#4922 = CARTESIAN_POINT('',(17.,-8.5,1.4));
#4923 = DIRECTION('',(-1.,-0.,-0.));
#4924 = DIRECTION('',(0.,1.,0.));
#4925 = ADVANCED_FACE('',(#4926),#4951,.F.);
#4926 = FACE_BOUND('',#4927,.F.);
#4927 = EDGE_LOOP('',(#4928,#4938,#4944,#4945));
#4928 = ORIENTED_EDGE('',*,*,#4929,.F.);
#4929 = EDGE_CURVE('',#4930,#4932,#4934,.T.);
#4930 = VERTEX_POINT('',#4931);
#4931 = CARTESIAN_POINT('',(17.,-20.5,3.94828261405));
#4932 = VERTEX_POINT('',#4933);
#4933 = CARTESIAN_POINT('',(17.,-19.44368898373,3.386632083933));
#4934 = LINE('',#4935,#4936);
#4935 = CARTESIAN_POINT('',(17.,-20.5,3.94828261405));
#4936 = VECTOR('',#4937,1.);
#4937 = DIRECTION('',(0.,0.882947592859,-0.469471562786));
#4938 = ORIENTED_EDGE('',*,*,#4939,.T.);
#4939 = EDGE_CURVE('',#4930,#3314,#4940,.T.);
#4940 = LINE('',#4941,#4942);
#4941 = CARTESIAN_POINT('',(17.,-20.5,3.94828261405));
#4942 = VECTOR('',#4943,1.);
#4943 = DIRECTION('',(1.,0.,0.));
#4944 = ORIENTED_EDGE('',*,*,#3311,.F.);
#4945 = ORIENTED_EDGE('',*,*,#4946,.F.);
#4946 = EDGE_CURVE('',#4932,#3312,#4947,.T.);
#4947 = LINE('',#4948,#4949);
#4948 = CARTESIAN_POINT('',(17.,-19.44368898373,3.386632083933));
#4949 = VECTOR('',#4950,1.);
#4950 = DIRECTION('',(1.,0.,0.));
#4951 = PLANE('',#4952);
#4952 = AXIS2_PLACEMENT_3D('',#4953,#4954,#4955);
#4953 = CARTESIAN_POINT('',(17.,-20.5,3.94828261405));
#4954 = DIRECTION('',(0.,0.469471562786,0.882947592859));
#4955 = DIRECTION('',(0.,0.882947592859,-0.469471562786));
#4956 = ADVANCED_FACE('',(#4957),#4975,.F.);
#4957 = FACE_BOUND('',#4958,.F.);
#4958 = EDGE_LOOP('',(#4959,#4967,#4973,#4974));
#4959 = ORIENTED_EDGE('',*,*,#4960,.F.);
#4960 = EDGE_CURVE('',#4961,#4930,#4963,.T.);
#4961 = VERTEX_POINT('',#4962);
#4962 = CARTESIAN_POINT('',(17.,-21.55631101626,3.386632083933));
#4963 = LINE('',#4964,#4965);
#4964 = CARTESIAN_POINT('',(17.,-21.55631101626,3.386632083933));
#4965 = VECTOR('',#4966,1.);
#4966 = DIRECTION('',(0.,0.882947592859,0.469471562786));
#4967 = ORIENTED_EDGE('',*,*,#4968,.T.);
#4968 = EDGE_CURVE('',#4961,#3322,#4969,.T.);
#4969 = LINE('',#4970,#4971);
#4970 = CARTESIAN_POINT('',(17.,-21.55631101626,3.386632083933));
#4971 = VECTOR('',#4972,1.);
#4972 = DIRECTION('',(1.,0.,0.));
#4973 = ORIENTED_EDGE('',*,*,#3330,.F.);
#4974 = ORIENTED_EDGE('',*,*,#4939,.F.);
#4975 = PLANE('',#4976);
#4976 = AXIS2_PLACEMENT_3D('',#4977,#4978,#4979);
#4977 = CARTESIAN_POINT('',(17.,-21.55631101626,3.386632083933));
#4978 = DIRECTION('',(0.,-0.469471562786,0.882947592859));
#4979 = DIRECTION('',(0.,0.882947592859,0.469471562786));
#4980 = ADVANCED_FACE('',(#4981),#4993,.F.);
#4981 = FACE_BOUND('',#4982,.T.);
#4982 = EDGE_LOOP('',(#4983,#4990,#4991,#4992));
#4983 = ORIENTED_EDGE('',*,*,#4984,.F.);
#4984 = EDGE_CURVE('',#4961,#4932,#4985,.T.);
#4985 = CIRCLE('',#4986,2.25);
#4986 = AXIS2_PLACEMENT_3D('',#4987,#4988,#4989);
#4987 = CARTESIAN_POINT('',(17.,-20.5,1.4));
#4988 = DIRECTION('',(1.,0.,0.));
#4989 = DIRECTION('',(0.,1.,0.));
#4990 = ORIENTED_EDGE('',*,*,#4968,.T.);
#4991 = ORIENTED_EDGE('',*,*,#3321,.F.);
#4992 = ORIENTED_EDGE('',*,*,#4946,.F.);
#4993 = CYLINDRICAL_SURFACE('',#4994,2.25);
#4994 = AXIS2_PLACEMENT_3D('',#4995,#4996,#4997);
#4995 = CARTESIAN_POINT('',(17.,-20.5,1.4));
#4996 = DIRECTION('',(-1.,-0.,-0.));
#4997 = DIRECTION('',(0.,1.,0.));
#4998 = ADVANCED_FACE('',(#4999),#5015,.F.);
#4999 = FACE_BOUND('',#5000,.F.);
#5000 = EDGE_LOOP('',(#5001,#5002,#5008,#5009));
#5001 = ORIENTED_EDGE('',*,*,#4793,.T.);
#5002 = ORIENTED_EDGE('',*,*,#5003,.F.);
#5003 = EDGE_CURVE('',#3363,#4786,#5004,.T.);
#5004 = LINE('',#5005,#5006);
#5005 = CARTESIAN_POINT('',(72.552170816758,4.352170816758,
    -3.250087544816));
#5006 = VECTOR('',#5007,1.);
#5007 = DIRECTION('',(-0.700810254645,-0.700810254645,-0.133153948382));
#5008 = ORIENTED_EDGE('',*,*,#3360,.F.);
#5009 = ORIENTED_EDGE('',*,*,#5010,.F.);
#5010 = EDGE_CURVE('',#4551,#3361,#5011,.T.);
#5011 = LINE('',#5012,#5013);
#5012 = CARTESIAN_POINT('',(72.5,4.3,-6.5));
#5013 = VECTOR('',#5014,1.);
#5014 = DIRECTION('',(0.707106781187,0.707106781187,0.));
#5015 = PLANE('',#5016);
#5016 = AXIS2_PLACEMENT_3D('',#5017,#5018,#5019);
#5017 = CARTESIAN_POINT('',(72.5,4.3,-7.5));
#5018 = DIRECTION('',(-0.707106781187,0.707106781187,0.));
#5019 = DIRECTION('',(0.,0.,1.));
#5020 = ADVANCED_FACE('',(#5021),#5044,.T.);
#5021 = FACE_BOUND('',#5022,.F.);
#5022 = EDGE_LOOP('',(#5023,#5031,#5032,#5038));
#5023 = ORIENTED_EDGE('',*,*,#5024,.F.);
#5024 = EDGE_CURVE('',#3434,#5025,#5027,.T.);
#5025 = VERTEX_POINT('',#5026);
#5026 = CARTESIAN_POINT('',(72.,5.,-2.165));
#5027 = LINE('',#5028,#5029);
#5028 = CARTESIAN_POINT('',(72.333333333333,5.333333333333,
    -2.498333333333));
#5029 = VECTOR('',#5030,1.);
#5030 = DIRECTION('',(-0.57735026919,-0.57735026919,0.57735026919));
#5031 = ORIENTED_EDGE('',*,*,#3441,.T.);
#5032 = ORIENTED_EDGE('',*,*,#5033,.T.);
#5033 = EDGE_CURVE('',#3363,#4818,#5034,.T.);
#5034 = LINE('',#5035,#5036);
#5035 = CARTESIAN_POINT('',(72.745100928245,4.848430823633,
    -2.910100928245));
#5036 = VECTOR('',#5037,1.);
#5037 = DIRECTION('',(-0.700810254645,0.133153948382,0.700810254645));
#5038 = ORIENTED_EDGE('',*,*,#5039,.F.);
#5039 = EDGE_CURVE('',#5025,#4818,#5040,.T.);
#5040 = LINE('',#5041,#5042);
#5041 = CARTESIAN_POINT('',(72.,5.,-2.165));
#5042 = VECTOR('',#5043,1.);
#5043 = DIRECTION('',(0.,-1.,0.));
#5044 = PLANE('',#5045);
#5045 = AXIS2_PLACEMENT_3D('',#5046,#5047,#5048);
#5046 = CARTESIAN_POINT('',(72.5,5.,-2.665));
#5047 = DIRECTION('',(0.707106781187,0.,0.707106781187));
#5048 = DIRECTION('',(0.,1.,0.));
#5049 = ADVANCED_FACE('',(#5050),#5073,.T.);
#5050 = FACE_BOUND('',#5051,.T.);
#5051 = EDGE_LOOP('',(#5052,#5060,#5066,#5067));
#5052 = ORIENTED_EDGE('',*,*,#5053,.T.);
#5053 = EDGE_CURVE('',#4597,#5054,#5056,.T.);
#5054 = VERTEX_POINT('',#5055);
#5055 = CARTESIAN_POINT('',(72.,16.2,-4.355));
#5056 = LINE('',#5057,#5058);
#5057 = CARTESIAN_POINT('',(72.,16.2,-7.5));
#5058 = VECTOR('',#5059,1.);
#5059 = DIRECTION('',(0.,0.,1.));
#5060 = ORIENTED_EDGE('',*,*,#5061,.F.);
#5061 = EDGE_CURVE('',#3379,#5054,#5062,.T.);
#5062 = LINE('',#5063,#5064);
#5063 = CARTESIAN_POINT('',(72.598828642994,15.601171357006,
    -4.241222557831));
#5064 = VECTOR('',#5065,1.);
#5065 = DIRECTION('',(-0.700810254645,0.700810254645,-0.133153948382));
#5066 = ORIENTED_EDGE('',*,*,#3378,.F.);
#5067 = ORIENTED_EDGE('',*,*,#5068,.F.);
#5068 = EDGE_CURVE('',#4597,#3371,#5069,.T.);
#5069 = LINE('',#5070,#5071);
#5070 = CARTESIAN_POINT('',(72.5,15.7,-6.5));
#5071 = VECTOR('',#5072,1.);
#5072 = DIRECTION('',(0.707106781187,-0.707106781187,-6.7E-16));
#5073 = PLANE('',#5074);
#5074 = AXIS2_PLACEMENT_3D('',#5075,#5076,#5077);
#5075 = CARTESIAN_POINT('',(72.5,15.7,-7.5));
#5076 = DIRECTION('',(0.707106781187,0.707106781187,0.));
#5077 = DIRECTION('',(0.,0.,1.));
#5078 = ADVANCED_FACE('',(#5079),#5097,.F.);
#5079 = FACE_BOUND('',#5080,.T.);
#5080 = EDGE_LOOP('',(#5081,#5082,#5083,#5091));
#5081 = ORIENTED_EDGE('',*,*,#5024,.F.);
#5082 = ORIENTED_EDGE('',*,*,#3433,.T.);
#5083 = ORIENTED_EDGE('',*,*,#5084,.T.);
#5084 = EDGE_CURVE('',#3426,#5085,#5087,.T.);
#5085 = VERTEX_POINT('',#5086);
#5086 = CARTESIAN_POINT('',(72.,5.,4.165));
#5087 = LINE('',#5088,#5089);
#5088 = CARTESIAN_POINT('',(71.278333333333,4.278333333333,
    3.443333333333));
#5089 = VECTOR('',#5090,1.);
#5090 = DIRECTION('',(-0.57735026919,-0.57735026919,-0.57735026919));
#5091 = ORIENTED_EDGE('',*,*,#5092,.F.);
#5092 = EDGE_CURVE('',#5025,#5085,#5093,.T.);
#5093 = LINE('',#5094,#5095);
#5094 = CARTESIAN_POINT('',(72.,5.,-2.165));
#5095 = VECTOR('',#5096,1.);
#5096 = DIRECTION('',(0.,0.,1.));
#5097 = PLANE('',#5098);
#5098 = AXIS2_PLACEMENT_3D('',#5099,#5100,#5101);
#5099 = CARTESIAN_POINT('',(72.5,5.5,-2.165));
#5100 = DIRECTION('',(-0.707106781187,0.707106781187,0.));
#5101 = DIRECTION('',(-0.,-0.,-1.));
#5102 = ADVANCED_FACE('',(#5103),#5128,.T.);
#5103 = FACE_BOUND('',#5104,.F.);
#5104 = EDGE_LOOP('',(#5105,#5113,#5114,#5122));
#5105 = ORIENTED_EDGE('',*,*,#5106,.F.);
#5106 = EDGE_CURVE('',#3379,#5107,#5109,.T.);
#5107 = VERTEX_POINT('',#5108);
#5108 = CARTESIAN_POINT('',(72.,15.01,-3.165));
#5109 = LINE('',#5110,#5111);
#5110 = CARTESIAN_POINT('',(72.801090319729,15.162207160748,
    -3.966090319729));
#5111 = VECTOR('',#5112,1.);
#5112 = DIRECTION('',(-0.700810254645,-0.133153948382,0.700810254645));
#5113 = ORIENTED_EDGE('',*,*,#3386,.T.);
#5114 = ORIENTED_EDGE('',*,*,#5115,.T.);
#5115 = EDGE_CURVE('',#3387,#5116,#5118,.T.);
#5116 = VERTEX_POINT('',#5117);
#5117 = CARTESIAN_POINT('',(72.,15.,-3.165));
#5118 = LINE('',#5119,#5120);
#5119 = CARTESIAN_POINT('',(72.133333333333,14.866666666667,
    -3.298333333333));
#5120 = VECTOR('',#5121,1.);
#5121 = DIRECTION('',(-0.57735026919,0.57735026919,0.57735026919));
#5122 = ORIENTED_EDGE('',*,*,#5123,.F.);
#5123 = EDGE_CURVE('',#5107,#5116,#5124,.T.);
#5124 = LINE('',#5125,#5126);
#5125 = CARTESIAN_POINT('',(72.,16.2,-3.165));
#5126 = VECTOR('',#5127,1.);
#5127 = DIRECTION('',(0.,-1.,0.));
#5128 = PLANE('',#5129);
#5129 = AXIS2_PLACEMENT_3D('',#5130,#5131,#5132);
#5130 = CARTESIAN_POINT('',(72.5,16.2,-3.665));
#5131 = DIRECTION('',(0.707106781187,0.,0.707106781187));
#5132 = DIRECTION('',(0.,1.,0.));
#5133 = ADVANCED_FACE('',(#5134),#5150,.F.);
#5134 = FACE_BOUND('',#5135,.T.);
#5135 = EDGE_LOOP('',(#5136,#5137,#5138,#5144));
#5136 = ORIENTED_EDGE('',*,*,#5084,.F.);
#5137 = ORIENTED_EDGE('',*,*,#3425,.T.);
#5138 = ORIENTED_EDGE('',*,*,#5139,.T.);
#5139 = EDGE_CURVE('',#3418,#4744,#5140,.T.);
#5140 = LINE('',#5141,#5142);
#5141 = CARTESIAN_POINT('',(72.745100928245,4.848430823633,
    4.910100928245));
#5142 = VECTOR('',#5143,1.);
#5143 = DIRECTION('',(-0.700810254645,0.133153948382,-0.700810254645));
#5144 = ORIENTED_EDGE('',*,*,#5145,.F.);
#5145 = EDGE_CURVE('',#5085,#4744,#5146,.T.);
#5146 = LINE('',#5147,#5148);
#5147 = CARTESIAN_POINT('',(72.,5.,4.165));
#5148 = VECTOR('',#5149,1.);
#5149 = DIRECTION('',(0.,-1.,0.));
#5150 = PLANE('',#5151);
#5151 = AXIS2_PLACEMENT_3D('',#5152,#5153,#5154);
#5152 = CARTESIAN_POINT('',(72.5,5.,4.665));
#5153 = DIRECTION('',(-0.707106781187,0.,0.707106781187));
#5154 = DIRECTION('',(0.,1.,0.));
#5155 = ADVANCED_FACE('',(#5156),#5174,.T.);
#5156 = FACE_BOUND('',#5157,.F.);
#5157 = EDGE_LOOP('',(#5158,#5159,#5160,#5168));
#5158 = ORIENTED_EDGE('',*,*,#5115,.F.);
#5159 = ORIENTED_EDGE('',*,*,#3394,.T.);
#5160 = ORIENTED_EDGE('',*,*,#5161,.T.);
#5161 = EDGE_CURVE('',#3395,#5162,#5164,.T.);
#5162 = VERTEX_POINT('',#5163);
#5163 = CARTESIAN_POINT('',(72.,15.,3.165));
#5164 = LINE('',#5165,#5166);
#5165 = CARTESIAN_POINT('',(71.078333333333,15.921666666667,
    2.243333333333));
#5166 = VECTOR('',#5167,1.);
#5167 = DIRECTION('',(-0.57735026919,0.57735026919,-0.57735026919));
#5168 = ORIENTED_EDGE('',*,*,#5169,.F.);
#5169 = EDGE_CURVE('',#5116,#5162,#5170,.T.);
#5170 = LINE('',#5171,#5172);
#5171 = CARTESIAN_POINT('',(72.,15.,-3.165));
#5172 = VECTOR('',#5173,1.);
#5173 = DIRECTION('',(0.,0.,1.));
#5174 = PLANE('',#5175);
#5175 = AXIS2_PLACEMENT_3D('',#5176,#5177,#5178);
#5176 = CARTESIAN_POINT('',(72.5,14.5,-3.165));
#5177 = DIRECTION('',(0.707106781187,0.707106781187,0.));
#5178 = DIRECTION('',(0.,0.,-1.));
#5179 = ADVANCED_FACE('',(#5180),#5198,.F.);
#5180 = FACE_BOUND('',#5181,.T.);
#5181 = EDGE_LOOP('',(#5182,#5190,#5191,#5192));
#5182 = ORIENTED_EDGE('',*,*,#5183,.F.);
#5183 = EDGE_CURVE('',#3403,#5184,#5186,.T.);
#5184 = VERTEX_POINT('',#5185);
#5185 = CARTESIAN_POINT('',(72.,15.01,3.165));
#5186 = LINE('',#5187,#5188);
#5187 = CARTESIAN_POINT('',(72.801090319729,15.162207160748,
    3.966090319729));
#5188 = VECTOR('',#5189,1.);
#5189 = DIRECTION('',(-0.700810254645,-0.133153948382,-0.700810254645));
#5190 = ORIENTED_EDGE('',*,*,#3402,.T.);
#5191 = ORIENTED_EDGE('',*,*,#5161,.T.);
#5192 = ORIENTED_EDGE('',*,*,#5193,.F.);
#5193 = EDGE_CURVE('',#5184,#5162,#5194,.T.);
#5194 = LINE('',#5195,#5196);
#5195 = CARTESIAN_POINT('',(72.,16.2,3.165));
#5196 = VECTOR('',#5197,1.);
#5197 = DIRECTION('',(0.,-1.,0.));
#5198 = PLANE('',#5199);
#5199 = AXIS2_PLACEMENT_3D('',#5200,#5201,#5202);
#5200 = CARTESIAN_POINT('',(72.5,16.2,3.665));
#5201 = DIRECTION('',(-0.707106781187,1.E-17,0.707106781187));
#5202 = DIRECTION('',(7.071067811865E-18,1.,-7.071067811865E-18));
#5203 = ADVANCED_FACE('',(#5204),#5215,.T.);
#5204 = FACE_BOUND('',#5205,.T.);
#5205 = EDGE_LOOP('',(#5206,#5212,#5213,#5214));
#5206 = ORIENTED_EDGE('',*,*,#5207,.T.);
#5207 = EDGE_CURVE('',#3403,#3542,#5208,.T.);
#5208 = LINE('',#5209,#5210);
#5209 = CARTESIAN_POINT('',(72.801090319729,15.398909680271,
    4.202792839252));
#5210 = VECTOR('',#5211,1.);
#5211 = DIRECTION('',(-0.700810254645,0.700810254645,0.133153948382));
#5212 = ORIENTED_EDGE('',*,*,#3541,.T.);
#5213 = ORIENTED_EDGE('',*,*,#3524,.F.);
#5214 = ORIENTED_EDGE('',*,*,#3410,.F.);
#5215 = PLANE('',#5216);
#5216 = AXIS2_PLACEMENT_3D('',#5217,#5218,#5219);
#5217 = CARTESIAN_POINT('',(72.5,15.7,3.165));
#5218 = DIRECTION('',(0.707106781187,0.707106781187,0.));
#5219 = DIRECTION('',(0.,0.,1.));
#5220 = ADVANCED_FACE('',(#5221,#5246),#5316,.F.);
#5221 = FACE_BOUND('',#5222,.F.);
#5222 = EDGE_LOOP('',(#5223,#5231,#5239,#5245));
#5223 = ORIENTED_EDGE('',*,*,#5224,.F.);
#5224 = EDGE_CURVE('',#5225,#3450,#5227,.T.);
#5225 = VERTEX_POINT('',#5226);
#5226 = CARTESIAN_POINT('',(66.71,13.,-2.2));
#5227 = LINE('',#5228,#5229);
#5228 = CARTESIAN_POINT('',(66.71,13.,-2.2));
#5229 = VECTOR('',#5230,1.);
#5230 = DIRECTION('',(1.,0.,0.));
#5231 = ORIENTED_EDGE('',*,*,#5232,.T.);
#5232 = EDGE_CURVE('',#5225,#5233,#5235,.T.);
#5233 = VERTEX_POINT('',#5234);
#5234 = CARTESIAN_POINT('',(66.71,13.,2.2));
#5235 = LINE('',#5236,#5237);
#5236 = CARTESIAN_POINT('',(66.71,13.,-2.2));
#5237 = VECTOR('',#5238,1.);
#5238 = DIRECTION('',(0.,0.,1.));
#5239 = ORIENTED_EDGE('',*,*,#5240,.T.);
#5240 = EDGE_CURVE('',#5233,#3452,#5241,.T.);
#5241 = LINE('',#5242,#5243);
#5242 = CARTESIAN_POINT('',(66.71,13.,2.2));
#5243 = VECTOR('',#5244,1.);
#5244 = DIRECTION('',(1.,0.,0.));
#5245 = ORIENTED_EDGE('',*,*,#3449,.F.);
#5246 = FACE_BOUND('',#5247,.F.);
#5247 = EDGE_LOOP('',(#5248,#5259,#5267,#5276,#5284,#5293,#5301,#5310));
#5248 = ORIENTED_EDGE('',*,*,#5249,.F.);
#5249 = EDGE_CURVE('',#5250,#5252,#5254,.T.);
#5250 = VERTEX_POINT('',#5251);
#5251 = CARTESIAN_POINT('',(67.91,13.,1.E-02));
#5252 = VERTEX_POINT('',#5253);
#5253 = CARTESIAN_POINT('',(69.,13.,1.1));
#5254 = CIRCLE('',#5255,1.09);
#5255 = AXIS2_PLACEMENT_3D('',#5256,#5257,#5258);
#5256 = CARTESIAN_POINT('',(69.,13.,1.E-02));
#5257 = DIRECTION('',(0.,1.,-0.));
#5258 = DIRECTION('',(-1.,0.,0.));
#5259 = ORIENTED_EDGE('',*,*,#5260,.T.);
#5260 = EDGE_CURVE('',#5250,#5261,#5263,.T.);
#5261 = VERTEX_POINT('',#5262);
#5262 = CARTESIAN_POINT('',(67.91,13.,-1.E-02));
#5263 = LINE('',#5264,#5265);
#5264 = CARTESIAN_POINT('',(67.91,13.,-1.65));
#5265 = VECTOR('',#5266,1.);
#5266 = DIRECTION('',(0.,0.,-1.));
#5267 = ORIENTED_EDGE('',*,*,#5268,.F.);
#5268 = EDGE_CURVE('',#5269,#5261,#5271,.T.);
#5269 = VERTEX_POINT('',#5270);
#5270 = CARTESIAN_POINT('',(69.,13.,-1.1));
#5271 = CIRCLE('',#5272,1.09);
#5272 = AXIS2_PLACEMENT_3D('',#5273,#5274,#5275);
#5273 = CARTESIAN_POINT('',(69.,13.,-1.E-02));
#5274 = DIRECTION('',(0.,1.,-0.));
#5275 = DIRECTION('',(-1.,0.,0.));
#5276 = ORIENTED_EDGE('',*,*,#5277,.T.);
#5277 = EDGE_CURVE('',#5269,#5278,#5280,.T.);
#5278 = VERTEX_POINT('',#5279);
#5279 = CARTESIAN_POINT('',(70.02,13.,-1.1));
#5280 = LINE('',#5281,#5282);
#5281 = CARTESIAN_POINT('',(67.31,13.,-1.1));
#5282 = VECTOR('',#5283,1.);
#5283 = DIRECTION('',(1.,0.,0.));
#5284 = ORIENTED_EDGE('',*,*,#5285,.F.);
#5285 = EDGE_CURVE('',#5286,#5278,#5288,.T.);
#5286 = VERTEX_POINT('',#5287);
#5287 = CARTESIAN_POINT('',(71.11,13.,-1.E-02));
#5288 = CIRCLE('',#5289,1.09);
#5289 = AXIS2_PLACEMENT_3D('',#5290,#5291,#5292);
#5290 = CARTESIAN_POINT('',(70.02,13.,-1.E-02));
#5291 = DIRECTION('',(-0.,1.,0.));
#5292 = DIRECTION('',(1.,0.,0.));
#5293 = ORIENTED_EDGE('',*,*,#5294,.F.);
#5294 = EDGE_CURVE('',#5295,#5286,#5297,.T.);
#5295 = VERTEX_POINT('',#5296);
#5296 = CARTESIAN_POINT('',(71.11,13.,1.E-02));
#5297 = LINE('',#5298,#5299);
#5298 = CARTESIAN_POINT('',(71.11,13.,-1.65));
#5299 = VECTOR('',#5300,1.);
#5300 = DIRECTION('',(0.,0.,-1.));
#5301 = ORIENTED_EDGE('',*,*,#5302,.F.);
#5302 = EDGE_CURVE('',#5303,#5295,#5305,.T.);
#5303 = VERTEX_POINT('',#5304);
#5304 = CARTESIAN_POINT('',(70.02,13.,1.1));
#5305 = CIRCLE('',#5306,1.09);
#5306 = AXIS2_PLACEMENT_3D('',#5307,#5308,#5309);
#5307 = CARTESIAN_POINT('',(70.02,13.,1.E-02));
#5308 = DIRECTION('',(-0.,1.,0.));
#5309 = DIRECTION('',(1.,0.,0.));
#5310 = ORIENTED_EDGE('',*,*,#5311,.F.);
#5311 = EDGE_CURVE('',#5252,#5303,#5312,.T.);
#5312 = LINE('',#5313,#5314);
#5313 = CARTESIAN_POINT('',(67.31,13.,1.1));
#5314 = VECTOR('',#5315,1.);
#5315 = DIRECTION('',(1.,0.,0.));
#5316 = PLANE('',#5317);
#5317 = AXIS2_PLACEMENT_3D('',#5318,#5319,#5320);
#5318 = CARTESIAN_POINT('',(66.71,13.,-2.2));
#5319 = DIRECTION('',(0.,1.,0.));
#5320 = DIRECTION('',(0.,0.,1.));
#5321 = ADVANCED_FACE('',(#5322),#5340,.F.);
#5322 = FACE_BOUND('',#5323,.F.);
#5323 = EDGE_LOOP('',(#5324,#5325,#5333,#5339));
#5324 = ORIENTED_EDGE('',*,*,#5240,.F.);
#5325 = ORIENTED_EDGE('',*,*,#5326,.F.);
#5326 = EDGE_CURVE('',#5327,#5233,#5329,.T.);
#5327 = VERTEX_POINT('',#5328);
#5328 = CARTESIAN_POINT('',(66.71,11.3,2.2));
#5329 = LINE('',#5330,#5331);
#5330 = CARTESIAN_POINT('',(66.71,11.3,2.2));
#5331 = VECTOR('',#5332,1.);
#5332 = DIRECTION('',(0.,1.,0.));
#5333 = ORIENTED_EDGE('',*,*,#5334,.T.);
#5334 = EDGE_CURVE('',#5327,#3468,#5335,.T.);
#5335 = LINE('',#5336,#5337);
#5336 = CARTESIAN_POINT('',(73.01,11.3,2.2));
#5337 = VECTOR('',#5338,1.);
#5338 = DIRECTION('',(1.,0.,0.));
#5339 = ORIENTED_EDGE('',*,*,#3475,.F.);
#5340 = PLANE('',#5341);
#5341 = AXIS2_PLACEMENT_3D('',#5342,#5343,#5344);
#5342 = CARTESIAN_POINT('',(73.56,14.95,2.2));
#5343 = DIRECTION('',(0.,0.,1.));
#5344 = DIRECTION('',(1.,0.,0.));
#5345 = ADVANCED_FACE('',(#5346),#5364,.F.);
#5346 = FACE_BOUND('',#5347,.F.);
#5347 = EDGE_LOOP('',(#5348,#5356,#5362,#5363));
#5348 = ORIENTED_EDGE('',*,*,#5349,.F.);
#5349 = EDGE_CURVE('',#5350,#5327,#5352,.T.);
#5350 = VERTEX_POINT('',#5351);
#5351 = CARTESIAN_POINT('',(66.71,11.3,-2.2));
#5352 = LINE('',#5353,#5354);
#5353 = CARTESIAN_POINT('',(66.71,11.3,-2.2));
#5354 = VECTOR('',#5355,1.);
#5355 = DIRECTION('',(0.,0.,1.));
#5356 = ORIENTED_EDGE('',*,*,#5357,.T.);
#5357 = EDGE_CURVE('',#5350,#3460,#5358,.T.);
#5358 = LINE('',#5359,#5360);
#5359 = CARTESIAN_POINT('',(66.71,11.3,-2.2));
#5360 = VECTOR('',#5361,1.);
#5361 = DIRECTION('',(1.,0.,0.));
#5362 = ORIENTED_EDGE('',*,*,#3467,.F.);
#5363 = ORIENTED_EDGE('',*,*,#5334,.F.);
#5364 = PLANE('',#5365);
#5365 = AXIS2_PLACEMENT_3D('',#5366,#5367,#5368);
#5366 = CARTESIAN_POINT('',(72.36,11.3,6.E-17));
#5367 = DIRECTION('',(-0.,-1.,-0.));
#5368 = DIRECTION('',(0.,0.,-1.));
#5369 = ADVANCED_FACE('',(#5370),#5381,.F.);
#5370 = FACE_BOUND('',#5371,.F.);
#5371 = EDGE_LOOP('',(#5372,#5378,#5379,#5380));
#5372 = ORIENTED_EDGE('',*,*,#5373,.T.);
#5373 = EDGE_CURVE('',#5350,#5225,#5374,.T.);
#5374 = LINE('',#5375,#5376);
#5375 = CARTESIAN_POINT('',(66.71,11.3,-2.2));
#5376 = VECTOR('',#5377,1.);
#5377 = DIRECTION('',(0.,1.,0.));
#5378 = ORIENTED_EDGE('',*,*,#5224,.T.);
#5379 = ORIENTED_EDGE('',*,*,#3459,.F.);
#5380 = ORIENTED_EDGE('',*,*,#5357,.F.);
#5381 = PLANE('',#5382);
#5382 = AXIS2_PLACEMENT_3D('',#5383,#5384,#5385);
#5383 = CARTESIAN_POINT('',(73.56,14.95,-2.2));
#5384 = DIRECTION('',(-0.,-0.,-1.));
#5385 = DIRECTION('',(-1.,0.,0.));
#5386 = ADVANCED_FACE('',(#5387,#5412),#5482,.F.);
#5387 = FACE_BOUND('',#5388,.F.);
#5388 = EDGE_LOOP('',(#5389,#5397,#5405,#5411));
#5389 = ORIENTED_EDGE('',*,*,#5390,.F.);
#5390 = EDGE_CURVE('',#5391,#3484,#5393,.T.);
#5391 = VERTEX_POINT('',#5392);
#5392 = CARTESIAN_POINT('',(66.71,7.,3.2));
#5393 = LINE('',#5394,#5395);
#5394 = CARTESIAN_POINT('',(66.71,7.,3.2));
#5395 = VECTOR('',#5396,1.);
#5396 = DIRECTION('',(1.,0.,0.));
#5397 = ORIENTED_EDGE('',*,*,#5398,.T.);
#5398 = EDGE_CURVE('',#5391,#5399,#5401,.T.);
#5399 = VERTEX_POINT('',#5400);
#5400 = CARTESIAN_POINT('',(66.71,7.,-1.2));
#5401 = LINE('',#5402,#5403);
#5402 = CARTESIAN_POINT('',(66.71,7.,3.2));
#5403 = VECTOR('',#5404,1.);
#5404 = DIRECTION('',(0.,0.,-1.));
#5405 = ORIENTED_EDGE('',*,*,#5406,.T.);
#5406 = EDGE_CURVE('',#5399,#3486,#5407,.T.);
#5407 = LINE('',#5408,#5409);
#5408 = CARTESIAN_POINT('',(66.71,7.,-1.2));
#5409 = VECTOR('',#5410,1.);
#5410 = DIRECTION('',(1.,0.,0.));
#5411 = ORIENTED_EDGE('',*,*,#3483,.F.);
#5412 = FACE_BOUND('',#5413,.F.);
#5413 = EDGE_LOOP('',(#5414,#5425,#5433,#5442,#5450,#5459,#5467,#5476));
#5414 = ORIENTED_EDGE('',*,*,#5415,.F.);
#5415 = EDGE_CURVE('',#5416,#5418,#5420,.T.);
#5416 = VERTEX_POINT('',#5417);
#5417 = CARTESIAN_POINT('',(67.91,7.,0.99));
#5418 = VERTEX_POINT('',#5419);
#5419 = CARTESIAN_POINT('',(69.,7.,-0.1));
#5420 = CIRCLE('',#5421,1.09);
#5421 = AXIS2_PLACEMENT_3D('',#5422,#5423,#5424);
#5422 = CARTESIAN_POINT('',(69.,7.,0.99));
#5423 = DIRECTION('',(-0.,-1.,-0.));
#5424 = DIRECTION('',(-1.,0.,0.));
#5425 = ORIENTED_EDGE('',*,*,#5426,.T.);
#5426 = EDGE_CURVE('',#5416,#5427,#5429,.T.);
#5427 = VERTEX_POINT('',#5428);
#5428 = CARTESIAN_POINT('',(67.91,7.,1.01));
#5429 = LINE('',#5430,#5431);
#5430 = CARTESIAN_POINT('',(67.91,7.,2.65));
#5431 = VECTOR('',#5432,1.);
#5432 = DIRECTION('',(0.,0.,1.));
#5433 = ORIENTED_EDGE('',*,*,#5434,.F.);
#5434 = EDGE_CURVE('',#5435,#5427,#5437,.T.);
#5435 = VERTEX_POINT('',#5436);
#5436 = CARTESIAN_POINT('',(69.,7.,2.1));
#5437 = CIRCLE('',#5438,1.09);
#5438 = AXIS2_PLACEMENT_3D('',#5439,#5440,#5441);
#5439 = CARTESIAN_POINT('',(69.,7.,1.01));
#5440 = DIRECTION('',(-0.,-1.,-0.));
#5441 = DIRECTION('',(-1.,0.,0.));
#5442 = ORIENTED_EDGE('',*,*,#5443,.T.);
#5443 = EDGE_CURVE('',#5435,#5444,#5446,.T.);
#5444 = VERTEX_POINT('',#5445);
#5445 = CARTESIAN_POINT('',(70.02,7.,2.1));
#5446 = LINE('',#5447,#5448);
#5447 = CARTESIAN_POINT('',(67.31,7.,2.1));
#5448 = VECTOR('',#5449,1.);
#5449 = DIRECTION('',(1.,0.,0.));
#5450 = ORIENTED_EDGE('',*,*,#5451,.F.);
#5451 = EDGE_CURVE('',#5452,#5444,#5454,.T.);
#5452 = VERTEX_POINT('',#5453);
#5453 = CARTESIAN_POINT('',(71.11,7.,1.01));
#5454 = CIRCLE('',#5455,1.09);
#5455 = AXIS2_PLACEMENT_3D('',#5456,#5457,#5458);
#5456 = CARTESIAN_POINT('',(70.02,7.,1.01));
#5457 = DIRECTION('',(0.,-1.,0.));
#5458 = DIRECTION('',(1.,0.,0.));
#5459 = ORIENTED_EDGE('',*,*,#5460,.F.);
#5460 = EDGE_CURVE('',#5461,#5452,#5463,.T.);
#5461 = VERTEX_POINT('',#5462);
#5462 = CARTESIAN_POINT('',(71.11,7.,0.99));
#5463 = LINE('',#5464,#5465);
#5464 = CARTESIAN_POINT('',(71.11,7.,2.65));
#5465 = VECTOR('',#5466,1.);
#5466 = DIRECTION('',(0.,0.,1.));
#5467 = ORIENTED_EDGE('',*,*,#5468,.F.);
#5468 = EDGE_CURVE('',#5469,#5461,#5471,.T.);
#5469 = VERTEX_POINT('',#5470);
#5470 = CARTESIAN_POINT('',(70.02,7.,-0.1));
#5471 = CIRCLE('',#5472,1.09);
#5472 = AXIS2_PLACEMENT_3D('',#5473,#5474,#5475);
#5473 = CARTESIAN_POINT('',(70.02,7.,0.99));
#5474 = DIRECTION('',(0.,-1.,0.));
#5475 = DIRECTION('',(1.,0.,0.));
#5476 = ORIENTED_EDGE('',*,*,#5477,.F.);
#5477 = EDGE_CURVE('',#5418,#5469,#5478,.T.);
#5478 = LINE('',#5479,#5480);
#5479 = CARTESIAN_POINT('',(67.31,7.,-0.1));
#5480 = VECTOR('',#5481,1.);
#5481 = DIRECTION('',(1.,0.,0.));
#5482 = PLANE('',#5483);
#5483 = AXIS2_PLACEMENT_3D('',#5484,#5485,#5486);
#5484 = CARTESIAN_POINT('',(66.71,7.,3.2));
#5485 = DIRECTION('',(0.,-1.,0.));
#5486 = DIRECTION('',(0.,0.,-1.));
#5487 = ADVANCED_FACE('',(#5488),#5506,.F.);
#5488 = FACE_BOUND('',#5489,.F.);
#5489 = EDGE_LOOP('',(#5490,#5491,#5499,#5505));
#5490 = ORIENTED_EDGE('',*,*,#5406,.F.);
#5491 = ORIENTED_EDGE('',*,*,#5492,.F.);
#5492 = EDGE_CURVE('',#5493,#5399,#5495,.T.);
#5493 = VERTEX_POINT('',#5494);
#5494 = CARTESIAN_POINT('',(66.71,8.7,-1.2));
#5495 = LINE('',#5496,#5497);
#5496 = CARTESIAN_POINT('',(66.71,8.7,-1.2));
#5497 = VECTOR('',#5498,1.);
#5498 = DIRECTION('',(0.,-1.,0.));
#5499 = ORIENTED_EDGE('',*,*,#5500,.T.);
#5500 = EDGE_CURVE('',#5493,#3502,#5501,.T.);
#5501 = LINE('',#5502,#5503);
#5502 = CARTESIAN_POINT('',(73.01,8.7,-1.2));
#5503 = VECTOR('',#5504,1.);
#5504 = DIRECTION('',(1.,0.,0.));
#5505 = ORIENTED_EDGE('',*,*,#3509,.F.);
#5506 = PLANE('',#5507);
#5507 = AXIS2_PLACEMENT_3D('',#5508,#5509,#5510);
#5508 = CARTESIAN_POINT('',(73.56,5.05,-1.2));
#5509 = DIRECTION('',(0.,0.,-1.));
#5510 = DIRECTION('',(1.,0.,0.));
#5511 = ADVANCED_FACE('',(#5512),#5530,.F.);
#5512 = FACE_BOUND('',#5513,.F.);
#5513 = EDGE_LOOP('',(#5514,#5522,#5528,#5529));
#5514 = ORIENTED_EDGE('',*,*,#5515,.F.);
#5515 = EDGE_CURVE('',#5516,#5493,#5518,.T.);
#5516 = VERTEX_POINT('',#5517);
#5517 = CARTESIAN_POINT('',(66.71,8.7,3.2));
#5518 = LINE('',#5519,#5520);
#5519 = CARTESIAN_POINT('',(66.71,8.7,3.2));
#5520 = VECTOR('',#5521,1.);
#5521 = DIRECTION('',(0.,0.,-1.));
#5522 = ORIENTED_EDGE('',*,*,#5523,.T.);
#5523 = EDGE_CURVE('',#5516,#3494,#5524,.T.);
#5524 = LINE('',#5525,#5526);
#5525 = CARTESIAN_POINT('',(66.71,8.7,3.2));
#5526 = VECTOR('',#5527,1.);
#5527 = DIRECTION('',(1.,0.,0.));
#5528 = ORIENTED_EDGE('',*,*,#3501,.F.);
#5529 = ORIENTED_EDGE('',*,*,#5500,.F.);
#5530 = PLANE('',#5531);
#5531 = AXIS2_PLACEMENT_3D('',#5532,#5533,#5534);
#5532 = CARTESIAN_POINT('',(72.36,8.7,1.));
#5533 = DIRECTION('',(-0.,1.,0.));
#5534 = DIRECTION('',(0.,0.,1.));
#5535 = ADVANCED_FACE('',(#5536),#5547,.F.);
#5536 = FACE_BOUND('',#5537,.F.);
#5537 = EDGE_LOOP('',(#5538,#5544,#5545,#5546));
#5538 = ORIENTED_EDGE('',*,*,#5539,.T.);
#5539 = EDGE_CURVE('',#5516,#5391,#5540,.T.);
#5540 = LINE('',#5541,#5542);
#5541 = CARTESIAN_POINT('',(66.71,8.7,3.2));
#5542 = VECTOR('',#5543,1.);
#5543 = DIRECTION('',(0.,-1.,0.));
#5544 = ORIENTED_EDGE('',*,*,#5390,.T.);
#5545 = ORIENTED_EDGE('',*,*,#3493,.F.);
#5546 = ORIENTED_EDGE('',*,*,#5523,.F.);
#5547 = PLANE('',#5548);
#5548 = AXIS2_PLACEMENT_3D('',#5549,#5550,#5551);
#5549 = CARTESIAN_POINT('',(73.56,5.05,3.2));
#5550 = DIRECTION('',(-0.,0.,1.));
#5551 = DIRECTION('',(-1.,0.,0.));
#5552 = ADVANCED_FACE('',(#5553),#5577,.F.);
#5553 = FACE_BOUND('',#5554,.T.);
#5554 = EDGE_LOOP('',(#5555,#5563,#5564,#5565,#5571));
#5555 = ORIENTED_EDGE('',*,*,#5556,.F.);
#5556 = EDGE_CURVE('',#3591,#5557,#5559,.T.);
#5557 = VERTEX_POINT('',#5558);
#5558 = CARTESIAN_POINT('',(30.,15.01,3.165));
#5559 = LINE('',#5560,#5561);
#5560 = CARTESIAN_POINT('',(29.603333333333,15.406666666667,
    3.561666666667));
#5561 = VECTOR('',#5562,1.);
#5562 = DIRECTION('',(0.57735026919,-0.57735026919,-0.57735026919));
#5563 = ORIENTED_EDGE('',*,*,#3590,.F.);
#5564 = ORIENTED_EDGE('',*,*,#3549,.T.);
#5565 = ORIENTED_EDGE('',*,*,#5566,.T.);
#5566 = EDGE_CURVE('',#3542,#5184,#5567,.T.);
#5567 = LINE('',#5568,#5569);
#5568 = CARTESIAN_POINT('',(72.,15.605,3.76));
#5569 = VECTOR('',#5570,1.);
#5570 = DIRECTION('',(3.4E-16,-0.707106781187,-0.707106781187));
#5571 = ORIENTED_EDGE('',*,*,#5572,.F.);
#5572 = EDGE_CURVE('',#5557,#5184,#5573,.T.);
#5573 = LINE('',#5574,#5575);
#5574 = CARTESIAN_POINT('',(30.,15.01,3.165));
#5575 = VECTOR('',#5576,1.);
#5576 = DIRECTION('',(1.,0.,0.));
#5577 = PLANE('',#5578);
#5578 = AXIS2_PLACEMENT_3D('',#5579,#5580,#5581);
#5579 = CARTESIAN_POINT('',(30.,15.605,3.76));
#5580 = DIRECTION('',(1.E-17,-0.707106781187,0.707106781187));
#5581 = DIRECTION('',(-1.,-7.071067811865E-18,7.071067811865E-18));
#5582 = ADVANCED_FACE('',(#5583),#5595,.T.);
#5583 = FACE_BOUND('',#5584,.T.);
#5584 = EDGE_LOOP('',(#5585,#5586,#5587,#5588,#5594));
#5585 = ORIENTED_EDGE('',*,*,#4596,.F.);
#5586 = ORIENTED_EDGE('',*,*,#4322,.T.);
#5587 = ORIENTED_EDGE('',*,*,#3571,.F.);
#5588 = ORIENTED_EDGE('',*,*,#5589,.T.);
#5589 = EDGE_CURVE('',#3572,#5054,#5590,.T.);
#5590 = LINE('',#5591,#5592);
#5591 = CARTESIAN_POINT('',(30.,16.2,-4.355));
#5592 = VECTOR('',#5593,1.);
#5593 = DIRECTION('',(1.,0.,0.));
#5594 = ORIENTED_EDGE('',*,*,#5053,.F.);
#5595 = PLANE('',#5596);
#5596 = AXIS2_PLACEMENT_3D('',#5597,#5598,#5599);
#5597 = CARTESIAN_POINT('',(19.,16.2,-7.5));
#5598 = DIRECTION('',(0.,1.,0.));
#5599 = DIRECTION('',(0.,0.,1.));
#5600 = ADVANCED_FACE('',(#5601),#5625,.T.);
#5601 = FACE_BOUND('',#5602,.F.);
#5602 = EDGE_LOOP('',(#5603,#5611,#5612,#5613,#5619));
#5603 = ORIENTED_EDGE('',*,*,#5604,.F.);
#5604 = EDGE_CURVE('',#3599,#5605,#5607,.T.);
#5605 = VERTEX_POINT('',#5606);
#5606 = CARTESIAN_POINT('',(30.,15.01,-3.165));
#5607 = LINE('',#5608,#5609);
#5608 = CARTESIAN_POINT('',(30.658333333333,14.351666666667,
    -2.506666666667));
#5609 = VECTOR('',#5610,1.);
#5610 = DIRECTION('',(0.57735026919,-0.57735026919,0.57735026919));
#5611 = ORIENTED_EDGE('',*,*,#3606,.F.);
#5612 = ORIENTED_EDGE('',*,*,#5589,.T.);
#5613 = ORIENTED_EDGE('',*,*,#5614,.F.);
#5614 = EDGE_CURVE('',#5107,#5054,#5615,.T.);
#5615 = LINE('',#5616,#5617);
#5616 = CARTESIAN_POINT('',(72.,15.605,-3.76));
#5617 = VECTOR('',#5618,1.);
#5618 = DIRECTION('',(1.23E-15,0.707106781187,-0.707106781187));
#5619 = ORIENTED_EDGE('',*,*,#5620,.F.);
#5620 = EDGE_CURVE('',#5605,#5107,#5621,.T.);
#5621 = LINE('',#5622,#5623);
#5622 = CARTESIAN_POINT('',(30.,15.01,-3.165));
#5623 = VECTOR('',#5624,1.);
#5624 = DIRECTION('',(1.,0.,0.));
#5625 = PLANE('',#5626);
#5626 = AXIS2_PLACEMENT_3D('',#5627,#5628,#5629);
#5627 = CARTESIAN_POINT('',(30.,15.605,-3.76));
#5628 = DIRECTION('',(0.,0.707106781187,0.707106781187));
#5629 = DIRECTION('',(-1.,0.,0.));
#5630 = ADVANCED_FACE('',(#5631),#5642,.T.);
#5631 = FACE_BOUND('',#5632,.F.);
#5632 = EDGE_LOOP('',(#5633,#5634,#5635,#5636));
#5633 = ORIENTED_EDGE('',*,*,#5556,.F.);
#5634 = ORIENTED_EDGE('',*,*,#3598,.F.);
#5635 = ORIENTED_EDGE('',*,*,#5604,.T.);
#5636 = ORIENTED_EDGE('',*,*,#5637,.F.);
#5637 = EDGE_CURVE('',#5557,#5605,#5638,.T.);
#5638 = LINE('',#5639,#5640);
#5639 = CARTESIAN_POINT('',(30.,15.01,3.165));
#5640 = VECTOR('',#5641,1.);
#5641 = DIRECTION('',(0.,0.,-1.));
#5642 = PLANE('',#5643);
#5643 = AXIS2_PLACEMENT_3D('',#5644,#5645,#5646);
#5644 = CARTESIAN_POINT('',(29.405,15.605,3.165));
#5645 = DIRECTION('',(0.707106781187,0.707106781187,0.));
#5646 = DIRECTION('',(0.,0.,1.));
#5647 = ADVANCED_FACE('',(#5648,#5651),#5678,.F.);
#5648 = FACE_BOUND('',#5649,.F.);
#5649 = EDGE_LOOP('',(#5650));
#5650 = ORIENTED_EDGE('',*,*,#3620,.T.);
#5651 = FACE_BOUND('',#5652,.F.);
#5652 = EDGE_LOOP('',(#5653,#5664,#5672));
#5653 = ORIENTED_EDGE('',*,*,#5654,.F.);
#5654 = EDGE_CURVE('',#5655,#5657,#5659,.T.);
#5655 = VERTEX_POINT('',#5656);
#5656 = CARTESIAN_POINT('',(-0.165377158833,9.04,5.465675751446));
#5657 = VERTEX_POINT('',#5658);
#5658 = CARTESIAN_POINT('',(-1.834622841167,9.04,5.465675751446));
#5659 = CIRCLE('',#5660,1.575);
#5660 = AXIS2_PLACEMENT_3D('',#5661,#5662,#5663);
#5661 = CARTESIAN_POINT('',(-1.,9.04,4.13));
#5662 = DIRECTION('',(-0.,1.,0.));
#5663 = DIRECTION('',(1.,0.,0.));
#5664 = ORIENTED_EDGE('',*,*,#5665,.T.);
#5665 = EDGE_CURVE('',#5655,#5666,#5668,.T.);
#5666 = VERTEX_POINT('',#5667);
#5667 = CARTESIAN_POINT('',(-1.,9.04,5.987205985295));
#5668 = LINE('',#5669,#5670);
#5669 = CARTESIAN_POINT('',(-0.582688579416,9.04,5.726440868371));
#5670 = VECTOR('',#5671,1.);
#5671 = DIRECTION('',(-0.848048096156,0.,0.529919264233));
#5672 = ORIENTED_EDGE('',*,*,#5673,.T.);
#5673 = EDGE_CURVE('',#5666,#5657,#5674,.T.);
#5674 = LINE('',#5675,#5676);
#5675 = CARTESIAN_POINT('',(-1.834622841167,9.04,5.465675751446));
#5676 = VECTOR('',#5677,1.);
#5677 = DIRECTION('',(-0.848048096156,0.,-0.529919264233));
#5678 = PLANE('',#5679);
#5679 = AXIS2_PLACEMENT_3D('',#5680,#5681,#5682);
#5680 = CARTESIAN_POINT('',(-1.,9.04,4.13));
#5681 = DIRECTION('',(0.,1.,0.));
#5682 = DIRECTION('',(1.,0.,0.));
#5683 = ADVANCED_FACE('',(#5684,#5687),#5714,.T.);
#5684 = FACE_BOUND('',#5685,.T.);
#5685 = EDGE_LOOP('',(#5686));
#5686 = ORIENTED_EDGE('',*,*,#3654,.T.);
#5687 = FACE_BOUND('',#5688,.T.);
#5688 = EDGE_LOOP('',(#5689,#5700,#5708));
#5689 = ORIENTED_EDGE('',*,*,#5690,.F.);
#5690 = EDGE_CURVE('',#5691,#5693,#5695,.T.);
#5691 = VERTEX_POINT('',#5692);
#5692 = CARTESIAN_POINT('',(-0.165377158833,0.96,5.465675751446));
#5693 = VERTEX_POINT('',#5694);
#5694 = CARTESIAN_POINT('',(-1.834622841167,0.96,5.465675751446));
#5695 = CIRCLE('',#5696,1.575);
#5696 = AXIS2_PLACEMENT_3D('',#5697,#5698,#5699);
#5697 = CARTESIAN_POINT('',(-1.,0.96,4.13));
#5698 = DIRECTION('',(-0.,1.,0.));
#5699 = DIRECTION('',(1.,0.,0.));
#5700 = ORIENTED_EDGE('',*,*,#5701,.T.);
#5701 = EDGE_CURVE('',#5691,#5702,#5704,.T.);
#5702 = VERTEX_POINT('',#5703);
#5703 = CARTESIAN_POINT('',(-1.,0.96,5.987205985295));
#5704 = LINE('',#5705,#5706);
#5705 = CARTESIAN_POINT('',(-0.582688579416,0.96,5.726440868371));
#5706 = VECTOR('',#5707,1.);
#5707 = DIRECTION('',(-0.848048096156,0.,0.529919264233));
#5708 = ORIENTED_EDGE('',*,*,#5709,.T.);
#5709 = EDGE_CURVE('',#5702,#5693,#5710,.T.);
#5710 = LINE('',#5711,#5712);
#5711 = CARTESIAN_POINT('',(-1.834622841167,0.96,5.465675751446));
#5712 = VECTOR('',#5713,1.);
#5713 = DIRECTION('',(-0.848048096156,0.,-0.529919264233));
#5714 = PLANE('',#5715);
#5715 = AXIS2_PLACEMENT_3D('',#5716,#5717,#5718);
#5716 = CARTESIAN_POINT('',(-1.,0.96,4.13));
#5717 = DIRECTION('',(0.,1.,0.));
#5718 = DIRECTION('',(1.,0.,0.));
#5719 = ADVANCED_FACE('',(#5720),#5739,.T.);
#5720 = FACE_BOUND('',#5721,.T.);
#5721 = EDGE_LOOP('',(#5722,#5723,#5732,#5738));
#5722 = ORIENTED_EDGE('',*,*,#3812,.F.);
#5723 = ORIENTED_EDGE('',*,*,#5724,.T.);
#5724 = EDGE_CURVE('',#3805,#5725,#5727,.T.);
#5725 = VERTEX_POINT('',#5726);
#5726 = CARTESIAN_POINT('',(-3.501585074567,-6.,14.564174002647));
#5727 = CIRCLE('',#5728,2.);
#5728 = AXIS2_PLACEMENT_3D('',#5729,#5730,#5731);
#5729 = CARTESIAN_POINT('',(-2.5,-6.,12.833039305864));
#5730 = DIRECTION('',(0.,1.,-0.));
#5731 = DIRECTION('',(-1.,-0.,-4.4E-16));
#5732 = ORIENTED_EDGE('',*,*,#5733,.T.);
#5733 = EDGE_CURVE('',#5725,#3671,#5734,.T.);
#5734 = LINE('',#5735,#5736);
#5735 = CARTESIAN_POINT('',(-4.503170149134,-4.,16.29530869943));
#5736 = VECTOR('',#5737,1.);
#5737 = DIRECTION('',(-0.354113799081,0.707106781187,0.612048541621));
#5738 = ORIENTED_EDGE('',*,*,#3680,.F.);
#5739 = CONICAL_SURFACE('',#5740,4.,0.785398163397);
#5740 = AXIS2_PLACEMENT_3D('',#5741,#5742,#5743);
#5741 = CARTESIAN_POINT('',(-2.5,-4.,12.833039305864));
#5742 = DIRECTION('',(0.,1.,0.));
#5743 = DIRECTION('',(-1.,-0.,-4.4E-16));
#5744 = ADVANCED_FACE('',(#5745),#5750,.F.);
#5745 = FACE_BOUND('',#5746,.F.);
#5746 = EDGE_LOOP('',(#5747,#5748,#5749));
#5747 = ORIENTED_EDGE('',*,*,#4474,.F.);
#5748 = ORIENTED_EDGE('',*,*,#3786,.T.);
#5749 = ORIENTED_EDGE('',*,*,#3819,.F.);
#5750 = PLANE('',#5751);
#5751 = AXIS2_PLACEMENT_3D('',#5752,#5753,#5754);
#5752 = CARTESIAN_POINT('',(-4.5,-4.,-7.5));
#5753 = DIRECTION('',(0.57735026919,0.57735026919,0.57735026919));
#5754 = DIRECTION('',(-0.707106781187,0.707106781187,0.));
#5755 = ADVANCED_FACE('',(#5756,#5791,#5818),#5845,.T.);
#5756 = FACE_BOUND('',#5757,.T.);
#5757 = EDGE_LOOP('',(#5758,#5768,#5776,#5782,#5783,#5784,#5785));
#5758 = ORIENTED_EDGE('',*,*,#5759,.T.);
#5759 = EDGE_CURVE('',#5760,#5762,#5764,.T.);
#5760 = VERTEX_POINT('',#5761);
#5761 = CARTESIAN_POINT('',(14.5,-6.,24.24));
#5762 = VERTEX_POINT('',#5763);
#5763 = CARTESIAN_POINT('',(9.5,-6.,29.24));
#5764 = LINE('',#5765,#5766);
#5765 = CARTESIAN_POINT('',(11.25,-6.,27.49));
#5766 = VECTOR('',#5767,1.);
#5767 = DIRECTION('',(-0.707106781187,0.,0.707106781187));
#5768 = ORIENTED_EDGE('',*,*,#5769,.F.);
#5769 = EDGE_CURVE('',#5770,#5762,#5772,.T.);
#5770 = VERTEX_POINT('',#5771);
#5771 = CARTESIAN_POINT('',(9.5,-6.,22.086519652932));
#5772 = LINE('',#5773,#5774);
#5773 = CARTESIAN_POINT('',(9.5,-6.,23.24));
#5774 = VECTOR('',#5775,1.);
#5775 = DIRECTION('',(0.,0.,1.));
#5776 = ORIENTED_EDGE('',*,*,#5777,.F.);
#5777 = EDGE_CURVE('',#5725,#5770,#5778,.T.);
#5778 = LINE('',#5779,#5780);
#5779 = CARTESIAN_POINT('',(-3.501585074567,-6.,14.564174002647));
#5780 = VECTOR('',#5781,1.);
#5781 = DIRECTION('',(0.865567348391,0.,0.500792537284));
#5782 = ORIENTED_EDGE('',*,*,#5724,.F.);
#5783 = ORIENTED_EDGE('',*,*,#3802,.F.);
#5784 = ORIENTED_EDGE('',*,*,#4480,.T.);
#5785 = ORIENTED_EDGE('',*,*,#5786,.T.);
#5786 = EDGE_CURVE('',#4481,#5760,#5787,.T.);
#5787 = LINE('',#5788,#5789);
#5788 = CARTESIAN_POINT('',(14.5,-6.,7.87));
#5789 = VECTOR('',#5790,1.);
#5790 = DIRECTION('',(0.,0.,1.));
#5791 = FACE_BOUND('',#5792,.T.);
#5792 = EDGE_LOOP('',(#5793,#5803,#5812));
#5793 = ORIENTED_EDGE('',*,*,#5794,.F.);
#5794 = EDGE_CURVE('',#5795,#5797,#5799,.T.);
#5795 = VERTEX_POINT('',#5796);
#5796 = CARTESIAN_POINT('',(0.150000000001,-6.,6.121858428705));
#5797 = VERTEX_POINT('',#5798);
#5798 = CARTESIAN_POINT('',(-1.,-6.,6.785811238272));
#5799 = LINE('',#5800,#5801);
#5800 = CARTESIAN_POINT('',(0.837683145503,-6.,5.724824379533));
#5801 = VECTOR('',#5802,1.);
#5802 = DIRECTION('',(-0.866025403785,0.,0.499999999999));
#5803 = ORIENTED_EDGE('',*,*,#5804,.T.);
#5804 = EDGE_CURVE('',#5795,#5805,#5807,.T.);
#5805 = VERTEX_POINT('',#5806);
#5806 = CARTESIAN_POINT('',(-2.15,-6.,6.121858428704));
#5807 = CIRCLE('',#5808,2.3);
#5808 = AXIS2_PLACEMENT_3D('',#5809,#5810,#5811);
#5809 = CARTESIAN_POINT('',(-1.,-6.,4.13));
#5810 = DIRECTION('',(-0.,1.,0.));
#5811 = DIRECTION('',(1.,0.,0.));
#5812 = ORIENTED_EDGE('',*,*,#5813,.F.);
#5813 = EDGE_CURVE('',#5797,#5805,#5814,.T.);
#5814 = LINE('',#5815,#5816);
#5815 = CARTESIAN_POINT('',(1.270834863812,-6.,8.096878358179));
#5816 = VECTOR('',#5817,1.);
#5817 = DIRECTION('',(-0.866025403784,0.,-0.5));
#5818 = FACE_BOUND('',#5819,.T.);
#5819 = EDGE_LOOP('',(#5820,#5830,#5839));
#5820 = ORIENTED_EDGE('',*,*,#5821,.F.);
#5821 = EDGE_CURVE('',#5822,#5824,#5826,.T.);
#5822 = VERTEX_POINT('',#5823);
#5823 = CARTESIAN_POINT('',(11.420000000001,-6.,17.391858428705));
#5824 = VERTEX_POINT('',#5825);
#5825 = CARTESIAN_POINT('',(10.27,-6.,18.055811238272));
#5826 = LINE('',#5827,#5828);
#5827 = CARTESIAN_POINT('',(10.321459720657,-6.,18.026100954698));
#5828 = VECTOR('',#5829,1.);
#5829 = DIRECTION('',(-0.866025403785,0.,0.499999999999));
#5830 = ORIENTED_EDGE('',*,*,#5831,.T.);
#5831 = EDGE_CURVE('',#5822,#5832,#5834,.T.);
#5832 = VERTEX_POINT('',#5833);
#5833 = CARTESIAN_POINT('',(9.12,-6.,17.391858428704));
#5834 = CIRCLE('',#5835,2.3);
#5835 = AXIS2_PLACEMENT_3D('',#5836,#5837,#5838);
#5836 = CARTESIAN_POINT('',(10.27,-6.,15.4));
#5837 = DIRECTION('',(-0.,1.,0.));
#5838 = DIRECTION('',(1.,0.,0.));
#5839 = ORIENTED_EDGE('',*,*,#5840,.F.);
#5840 = EDGE_CURVE('',#5824,#5832,#5841,.T.);
#5841 = LINE('',#5842,#5843);
#5842 = CARTESIAN_POINT('',(5.874558288649,-6.,15.518101783017));
#5843 = VECTOR('',#5844,1.);
#5844 = DIRECTION('',(-0.866025403784,0.,-0.5));
#5845 = PLANE('',#5846);
#5846 = AXIS2_PLACEMENT_3D('',#5847,#5848,#5849);
#5847 = CARTESIAN_POINT('',(5.244690679082,-6.,9.114037902079));
#5848 = DIRECTION('',(-0.,-1.,-0.));
#5849 = DIRECTION('',(0.,0.,-1.));
#5850 = ADVANCED_FACE('',(#5851),#5856,.F.);
#5851 = FACE_BOUND('',#5852,.F.);
#5852 = EDGE_LOOP('',(#5853,#5854,#5855));
#5853 = ORIENTED_EDGE('',*,*,#4502,.F.);
#5854 = ORIENTED_EDGE('',*,*,#3872,.T.);
#5855 = ORIENTED_EDGE('',*,*,#3858,.F.);
#5856 = PLANE('',#5857);
#5857 = AXIS2_PLACEMENT_3D('',#5858,#5859,#5860);
#5858 = CARTESIAN_POINT('',(14.5,-23.5,-7.));
#5859 = DIRECTION('',(0.57735026919,0.57735026919,0.57735026919));
#5860 = DIRECTION('',(-8.326672684689E-17,-0.707106781187,0.707106781187
    ));
#5861 = ADVANCED_FACE('',(#5862,#5874,#5901,#5919,#5946),#5964,.F.);
#5862 = FACE_BOUND('',#5863,.F.);
#5863 = EDGE_LOOP('',(#5864,#5870,#5871,#5872,#5873));
#5864 = ORIENTED_EDGE('',*,*,#5865,.F.);
#5865 = EDGE_CURVE('',#3881,#5760,#5866,.T.);
#5866 = LINE('',#5867,#5868);
#5867 = CARTESIAN_POINT('',(14.5,-24.,24.24));
#5868 = VECTOR('',#5869,1.);
#5869 = DIRECTION('',(0.,1.,0.));
#5870 = ORIENTED_EDGE('',*,*,#3880,.F.);
#5871 = ORIENTED_EDGE('',*,*,#4510,.T.);
#5872 = ORIENTED_EDGE('',*,*,#4488,.T.);
#5873 = ORIENTED_EDGE('',*,*,#5786,.T.);
#5874 = FACE_BOUND('',#5875,.F.);
#5875 = EDGE_LOOP('',(#5876,#5887,#5895));
#5876 = ORIENTED_EDGE('',*,*,#5877,.F.);
#5877 = EDGE_CURVE('',#5878,#5880,#5882,.T.);
#5878 = VERTEX_POINT('',#5879);
#5879 = CARTESIAN_POINT('',(14.5,-9.115112193818,2.311941329811));
#5880 = VERTEX_POINT('',#5881);
#5881 = CARTESIAN_POINT('',(14.5,-7.884887806182,2.311941329811));
#5882 = CIRCLE('',#5883,1.1);
#5883 = AXIS2_PLACEMENT_3D('',#5884,#5885,#5886);
#5884 = CARTESIAN_POINT('',(14.5,-8.5,1.4));
#5885 = DIRECTION('',(1.,0.,0.));
#5886 = DIRECTION('',(0.,1.,0.));
#5887 = ORIENTED_EDGE('',*,*,#5888,.T.);
#5888 = EDGE_CURVE('',#5878,#5889,#5891,.T.);
#5889 = VERTEX_POINT('',#5890);
#5890 = CARTESIAN_POINT('',(14.5,-8.5,2.726839743354));
#5891 = LINE('',#5892,#5893);
#5892 = CARTESIAN_POINT('',(14.5,-9.115112193818,2.311941329811));
#5893 = VECTOR('',#5894,1.);
#5894 = DIRECTION('',(0.,0.829037572555,0.559192903471));
#5895 = ORIENTED_EDGE('',*,*,#5896,.T.);
#5896 = EDGE_CURVE('',#5889,#5880,#5897,.T.);
#5897 = LINE('',#5898,#5899);
#5898 = CARTESIAN_POINT('',(14.5,-8.5,2.726839743354));
#5899 = VECTOR('',#5900,1.);
#5900 = DIRECTION('',(0.,0.829037572555,-0.55919290347));
#5901 = FACE_BOUND('',#5902,.F.);
#5902 = EDGE_LOOP('',(#5903,#5912,#5918));
#5903 = ORIENTED_EDGE('',*,*,#5904,.F.);
#5904 = EDGE_CURVE('',#5905,#465,#5907,.T.);
#5905 = VERTEX_POINT('',#5906);
#5906 = CARTESIAN_POINT('',(14.5,-9.115112193818,15.311941329811));
#5907 = CIRCLE('',#5908,1.1);
#5908 = AXIS2_PLACEMENT_3D('',#5909,#5910,#5911);
#5909 = CARTESIAN_POINT('',(14.5,-8.5,14.4));
#5910 = DIRECTION('',(1.,0.,0.));
#5911 = DIRECTION('',(0.,1.,0.));
#5912 = ORIENTED_EDGE('',*,*,#5913,.T.);
#5913 = EDGE_CURVE('',#5905,#473,#5914,.T.);
#5914 = LINE('',#5915,#5916);
#5915 = CARTESIAN_POINT('',(14.5,-9.115112193818,15.311941329811));
#5916 = VECTOR('',#5917,1.);
#5917 = DIRECTION('',(0.,0.829037572555,0.559192903471));
#5918 = ORIENTED_EDGE('',*,*,#472,.T.);
#5919 = FACE_BOUND('',#5920,.F.);
#5920 = EDGE_LOOP('',(#5921,#5932,#5940));
#5921 = ORIENTED_EDGE('',*,*,#5922,.F.);
#5922 = EDGE_CURVE('',#5923,#5925,#5927,.T.);
#5923 = VERTEX_POINT('',#5924);
#5924 = CARTESIAN_POINT('',(14.5,-21.11511219381,2.311941329811));
#5925 = VERTEX_POINT('',#5926);
#5926 = CARTESIAN_POINT('',(14.5,-19.88488780618,2.311941329811));
#5927 = CIRCLE('',#5928,1.1);
#5928 = AXIS2_PLACEMENT_3D('',#5929,#5930,#5931);
#5929 = CARTESIAN_POINT('',(14.5,-20.5,1.4));
#5930 = DIRECTION('',(1.,0.,0.));
#5931 = DIRECTION('',(0.,1.,0.));
#5932 = ORIENTED_EDGE('',*,*,#5933,.T.);
#5933 = EDGE_CURVE('',#5923,#5934,#5936,.T.);
#5934 = VERTEX_POINT('',#5935);
#5935 = CARTESIAN_POINT('',(14.5,-20.5,2.726839743354));
#5936 = LINE('',#5937,#5938);
#5937 = CARTESIAN_POINT('',(14.5,-21.11511219381,2.311941329811));
#5938 = VECTOR('',#5939,1.);
#5939 = DIRECTION('',(0.,0.829037572555,0.559192903471));
#5940 = ORIENTED_EDGE('',*,*,#5941,.T.);
#5941 = EDGE_CURVE('',#5934,#5925,#5942,.T.);
#5942 = LINE('',#5943,#5944);
#5943 = CARTESIAN_POINT('',(14.5,-20.5,2.726839743354));
#5944 = VECTOR('',#5945,1.);
#5945 = DIRECTION('',(0.,0.829037572555,-0.55919290347));
#5946 = FACE_BOUND('',#5947,.F.);
#5947 = EDGE_LOOP('',(#5948,#5957,#5963));
#5948 = ORIENTED_EDGE('',*,*,#5949,.F.);
#5949 = EDGE_CURVE('',#5950,#228,#5952,.T.);
#5950 = VERTEX_POINT('',#5951);
#5951 = CARTESIAN_POINT('',(14.5,-21.11511219381,15.311941329811));
#5952 = CIRCLE('',#5953,1.1);
#5953 = AXIS2_PLACEMENT_3D('',#5954,#5955,#5956);
#5954 = CARTESIAN_POINT('',(14.5,-20.5,14.4));
#5955 = DIRECTION('',(1.,0.,0.));
#5956 = DIRECTION('',(0.,1.,0.));
#5957 = ORIENTED_EDGE('',*,*,#5958,.T.);
#5958 = EDGE_CURVE('',#5950,#236,#5959,.T.);
#5959 = LINE('',#5960,#5961);
#5960 = CARTESIAN_POINT('',(14.5,-21.11511219381,15.311941329811));
#5961 = VECTOR('',#5962,1.);
#5962 = DIRECTION('',(0.,0.829037572555,0.559192903471));
#5963 = ORIENTED_EDGE('',*,*,#235,.T.);
#5964 = PLANE('',#5965);
#5965 = AXIS2_PLACEMENT_3D('',#5966,#5967,#5968);
#5966 = CARTESIAN_POINT('',(14.5,-24.,-7.5));
#5967 = DIRECTION('',(1.,0.,0.));
#5968 = DIRECTION('',(0.,0.,1.));
#5969 = ADVANCED_FACE('',(#5970),#5991,.T.);
#5970 = FACE_BOUND('',#5971,.T.);
#5971 = EDGE_LOOP('',(#5972,#5973,#5974,#5975,#5976,#5984,#5990));
#5972 = ORIENTED_EDGE('',*,*,#5865,.F.);
#5973 = ORIENTED_EDGE('',*,*,#3911,.F.);
#5974 = ORIENTED_EDGE('',*,*,#3939,.F.);
#5975 = ORIENTED_EDGE('',*,*,#4108,.F.);
#5976 = ORIENTED_EDGE('',*,*,#5977,.T.);
#5977 = EDGE_CURVE('',#4109,#5978,#5980,.T.);
#5978 = VERTEX_POINT('',#5979);
#5979 = CARTESIAN_POINT('',(7.5,-4.,31.24));
#5980 = LINE('',#5981,#5982);
#5981 = CARTESIAN_POINT('',(7.5,-24.,31.24));
#5982 = VECTOR('',#5983,1.);
#5983 = DIRECTION('',(0.,1.,0.));
#5984 = ORIENTED_EDGE('',*,*,#5985,.F.);
#5985 = EDGE_CURVE('',#5762,#5978,#5986,.T.);
#5986 = LINE('',#5987,#5988);
#5987 = CARTESIAN_POINT('',(13.666666666667,-10.16666666666,
    25.073333333333));
#5988 = VECTOR('',#5989,1.);
#5989 = DIRECTION('',(-0.57735026919,0.57735026919,0.57735026919));
#5990 = ORIENTED_EDGE('',*,*,#5759,.F.);
#5991 = PLANE('',#5992);
#5992 = AXIS2_PLACEMENT_3D('',#5993,#5994,#5995);
#5993 = CARTESIAN_POINT('',(11.,-24.,27.74));
#5994 = DIRECTION('',(-0.707106781187,0.,-0.707106781187));
#5995 = DIRECTION('',(0.,1.,0.));
#5996 = ADVANCED_FACE('',(#5997),#6015,.T.);
#5997 = FACE_BOUND('',#5998,.T.);
#5998 = EDGE_LOOP('',(#5999,#6000,#6001,#6002,#6008,#6009));
#5999 = ORIENTED_EDGE('',*,*,#5977,.F.);
#6000 = ORIENTED_EDGE('',*,*,#4116,.F.);
#6001 = ORIENTED_EDGE('',*,*,#3995,.T.);
#6002 = ORIENTED_EDGE('',*,*,#6003,.F.);
#6003 = EDGE_CURVE('',#4622,#3996,#6004,.T.);
#6004 = LINE('',#6005,#6006);
#6005 = CARTESIAN_POINT('',(7.5,22.8,25.));
#6006 = VECTOR('',#6007,1.);
#6007 = DIRECTION('',(0.,0.,1.));
#6008 = ORIENTED_EDGE('',*,*,#4619,.F.);
#6009 = ORIENTED_EDGE('',*,*,#6010,.T.);
#6010 = EDGE_CURVE('',#4620,#5978,#6011,.T.);
#6011 = LINE('',#6012,#6013);
#6012 = CARTESIAN_POINT('',(7.5,-4.,23.24));
#6013 = VECTOR('',#6014,1.);
#6014 = DIRECTION('',(0.,0.,1.));
#6015 = PLANE('',#6016);
#6016 = AXIS2_PLACEMENT_3D('',#6017,#6018,#6019);
#6017 = CARTESIAN_POINT('',(7.5,4.477844311377,30.317844311377));
#6018 = DIRECTION('',(-1.,-0.,-0.));
#6019 = DIRECTION('',(0.,0.,-1.));
#6020 = ADVANCED_FACE('',(#6021),#6039,.T.);
#6021 = FACE_BOUND('',#6022,.T.);
#6022 = EDGE_LOOP('',(#6023,#6024,#6025,#6033));
#6023 = ORIENTED_EDGE('',*,*,#6003,.T.);
#6024 = ORIENTED_EDGE('',*,*,#4028,.T.);
#6025 = ORIENTED_EDGE('',*,*,#6026,.F.);
#6026 = EDGE_CURVE('',#6027,#4021,#6029,.T.);
#6027 = VERTEX_POINT('',#6028);
#6028 = CARTESIAN_POINT('',(9.5,24.8,22.086519652932));
#6029 = LINE('',#6030,#6031);
#6030 = CARTESIAN_POINT('',(9.5,24.8,23.24));
#6031 = VECTOR('',#6032,1.);
#6032 = DIRECTION('',(0.,0.,1.));
#6033 = ORIENTED_EDGE('',*,*,#6034,.F.);
#6034 = EDGE_CURVE('',#4622,#6027,#6035,.T.);
#6035 = LINE('',#6036,#6037);
#6036 = CARTESIAN_POINT('',(8.357401586241,23.657401586241,
    22.745502060363));
#6037 = VECTOR('',#6038,1.);
#6038 = DIRECTION('',(0.654752467059,0.654752467059,-0.377622051474));
#6039 = PLANE('',#6040);
#6040 = AXIS2_PLACEMENT_3D('',#6041,#6042,#6043);
#6041 = CARTESIAN_POINT('',(8.538402625606,23.838402625606,
    28.645089323612));
#6042 = DIRECTION('',(-0.707106781187,0.707106781187,0.));
#6043 = DIRECTION('',(0.707106781187,0.707106781187,0.));
#6044 = ADVANCED_FACE('',(#6045,#6108),#6135,.F.);
#6045 = FACE_BOUND('',#6046,.F.);
#6046 = EDGE_LOOP('',(#6047,#6055,#6056,#6057,#6065,#6074,#6080,#6081,
    #6082,#6083,#6084,#6085,#6093,#6101));
#6047 = ORIENTED_EDGE('',*,*,#6048,.T.);
#6048 = EDGE_CURVE('',#6049,#4044,#6051,.T.);
#6049 = VERTEX_POINT('',#6050);
#6050 = CARTESIAN_POINT('',(11.,24.8,18.683595691842));
#6051 = LINE('',#6052,#6053);
#6052 = CARTESIAN_POINT('',(11.,24.8,15.));
#6053 = VECTOR('',#6054,1.);
#6054 = DIRECTION('',(0.,0.,1.));
#6055 = ORIENTED_EDGE('',*,*,#4043,.F.);
#6056 = ORIENTED_EDGE('',*,*,#6026,.F.);
#6057 = ORIENTED_EDGE('',*,*,#6058,.T.);
#6058 = EDGE_CURVE('',#6027,#6059,#6061,.T.);
#6059 = VERTEX_POINT('',#6060);
#6060 = CARTESIAN_POINT('',(-3.501585074567,24.8,14.564174002647));
#6061 = LINE('',#6062,#6063);
#6062 = CARTESIAN_POINT('',(8.501585074567,24.8,21.508865303217));
#6063 = VECTOR('',#6064,1.);
#6064 = DIRECTION('',(-0.865567348391,0.,-0.500792537284));
#6065 = ORIENTED_EDGE('',*,*,#6066,.T.);
#6066 = EDGE_CURVE('',#6059,#6067,#6069,.T.);
#6067 = VERTEX_POINT('',#6068);
#6068 = CARTESIAN_POINT('',(-4.5,24.8,12.833039305864));
#6069 = CIRCLE('',#6070,2.);
#6070 = AXIS2_PLACEMENT_3D('',#6071,#6072,#6073);
#6071 = CARTESIAN_POINT('',(-2.5,24.8,12.833039305864));
#6072 = DIRECTION('',(0.,-1.,0.));
#6073 = DIRECTION('',(-0.500792537284,0.,0.865567348391));
#6074 = ORIENTED_EDGE('',*,*,#6075,.T.);
#6075 = EDGE_CURVE('',#6067,#4367,#6076,.T.);
#6076 = LINE('',#6077,#6078);
#6077 = CARTESIAN_POINT('',(-4.5,24.8,12.833039305864));
#6078 = VECTOR('',#6079,1.);
#6079 = DIRECTION('',(0.,0.,-1.));
#6080 = ORIENTED_EDGE('',*,*,#4374,.F.);
#6081 = ORIENTED_EDGE('',*,*,#4149,.T.);
#6082 = ORIENTED_EDGE('',*,*,#4189,.T.);
#6083 = ORIENTED_EDGE('',*,*,#4207,.F.);
#6084 = ORIENTED_EDGE('',*,*,#4216,.F.);
#6085 = ORIENTED_EDGE('',*,*,#6086,.F.);
#6086 = EDGE_CURVE('',#6087,#4217,#6089,.T.);
#6087 = VERTEX_POINT('',#6088);
#6088 = CARTESIAN_POINT('',(10.27,24.8,18.683908835518));
#6089 = LINE('',#6090,#6091);
#6090 = CARTESIAN_POINT('',(5.400220776354,24.8,16.515743434097));
#6091 = VECTOR('',#6092,1.);
#6092 = DIRECTION('',(-0.913545457647,0.,-0.406736643066));
#6093 = ORIENTED_EDGE('',*,*,#6094,.T.);
#6094 = EDGE_CURVE('',#6087,#6095,#6097,.T.);
#6095 = VERTEX_POINT('',#6096);
#6096 = CARTESIAN_POINT('',(11.296631678462,24.8,18.22682296302));
#6097 = LINE('',#6098,#6099);
#6098 = CARTESIAN_POINT('',(8.544550838889,24.8,19.452128297086));
#6099 = VECTOR('',#6100,1.);
#6100 = DIRECTION('',(0.913545457643,0.,-0.406736643076));
#6101 = ORIENTED_EDGE('',*,*,#6102,.F.);
#6102 = EDGE_CURVE('',#6049,#6095,#6103,.T.);
#6103 = CIRCLE('',#6104,0.5);
#6104 = AXIS2_PLACEMENT_3D('',#6105,#6106,#6107);
#6105 = CARTESIAN_POINT('',(11.5,24.8,18.683595691842));
#6106 = DIRECTION('',(0.,-1.,0.));
#6107 = DIRECTION('',(0.,0.,-1.));
#6108 = FACE_BOUND('',#6109,.F.);
#6109 = EDGE_LOOP('',(#6110,#6121,#6129));
#6110 = ORIENTED_EDGE('',*,*,#6111,.F.);
#6111 = EDGE_CURVE('',#6112,#6114,#6116,.T.);
#6112 = VERTEX_POINT('',#6113);
#6113 = CARTESIAN_POINT('',(-2.220209929224,24.8,6.870636372937));
#6114 = VERTEX_POINT('',#6115);
#6115 = CARTESIAN_POINT('',(0.220209929227,24.8,6.870636372928));
#6116 = CIRCLE('',#6117,3.);
#6117 = AXIS2_PLACEMENT_3D('',#6118,#6119,#6120);
#6118 = CARTESIAN_POINT('',(-1.,24.8,4.13));
#6119 = DIRECTION('',(-0.,-1.,-0.));
#6120 = DIRECTION('',(-1.,0.,0.));
#6121 = ORIENTED_EDGE('',*,*,#6122,.F.);
#6122 = EDGE_CURVE('',#6123,#6112,#6125,.T.);
#6123 = VERTEX_POINT('',#6124);
#6124 = CARTESIAN_POINT('',(-1.,24.8,7.413908835518));
#6125 = LINE('',#6126,#6127);
#6126 = CARTESIAN_POINT('',(0.926806805557,24.8,8.271778496374));
#6127 = VECTOR('',#6128,1.);
#6128 = DIRECTION('',(-0.913545457647,0.,-0.406736643066));
#6129 = ORIENTED_EDGE('',*,*,#6130,.F.);
#6130 = EDGE_CURVE('',#6114,#6123,#6131,.T.);
#6131 = LINE('',#6132,#6133);
#6132 = CARTESIAN_POINT('',(-0.116484223476,24.8,7.020542267887));
#6133 = VECTOR('',#6134,1.);
#6134 = DIRECTION('',(-0.913545457643,0.,0.406736643076));
#6135 = PLANE('',#6136);
#6136 = AXIS2_PLACEMENT_3D('',#6137,#6138,#6139);
#6137 = CARTESIAN_POINT('',(1.636363636364,24.8,11.863636363636));
#6138 = DIRECTION('',(-0.,-1.,-0.));
#6139 = DIRECTION('',(0.,0.,-1.));
#6140 = ADVANCED_FACE('',(#6141),#6158,.F.);
#6141 = FACE_BOUND('',#6142,.F.);
#6142 = EDGE_LOOP('',(#6143,#6144,#6150,#6151,#6157));
#6143 = ORIENTED_EDGE('',*,*,#6048,.F.);
#6144 = ORIENTED_EDGE('',*,*,#6145,.F.);
#6145 = EDGE_CURVE('',#4268,#6049,#6146,.T.);
#6146 = LINE('',#6147,#6148);
#6147 = CARTESIAN_POINT('',(11.,30.3,18.683595691842));
#6148 = VECTOR('',#6149,1.);
#6149 = DIRECTION('',(0.,-1.,0.));
#6150 = ORIENTED_EDGE('',*,*,#4265,.F.);
#6151 = ORIENTED_EDGE('',*,*,#6152,.T.);
#6152 = EDGE_CURVE('',#4266,#4069,#6153,.T.);
#6153 = LINE('',#6154,#6155);
#6154 = CARTESIAN_POINT('',(11.,33.485,30.055));
#6155 = VECTOR('',#6156,1.);
#6156 = DIRECTION('',(0.,-0.707106781187,0.707106781187));
#6157 = ORIENTED_EDGE('',*,*,#4076,.F.);
#6158 = PLANE('',#6159);
#6159 = AXIS2_PLACEMENT_3D('',#6160,#6161,#6162);
#6160 = CARTESIAN_POINT('',(11.,24.8,15.));
#6161 = DIRECTION('',(1.,0.,0.));
#6162 = DIRECTION('',(0.,0.,1.));
#6163 = ADVANCED_FACE('',(#6164),#6170,.T.);
#6164 = FACE_BOUND('',#6165,.T.);
#6165 = EDGE_LOOP('',(#6166,#6167,#6168,#6169));
#6166 = ORIENTED_EDGE('',*,*,#4275,.F.);
#6167 = ORIENTED_EDGE('',*,*,#6152,.T.);
#6168 = ORIENTED_EDGE('',*,*,#4068,.T.);
#6169 = ORIENTED_EDGE('',*,*,#4093,.F.);
#6170 = PLANE('',#6171);
#6171 = AXIS2_PLACEMENT_3D('',#6172,#6173,#6174);
#6172 = CARTESIAN_POINT('',(11.,30.3,33.24));
#6173 = DIRECTION('',(-0.57735026919,0.57735026919,0.57735026919));
#6174 = DIRECTION('',(-1.249000902703E-15,-0.707106781187,0.707106781187
    ));
#6175 = ADVANCED_FACE('',(#6176),#6194,.F.);
#6176 = FACE_BOUND('',#6177,.F.);
#6177 = EDGE_LOOP('',(#6178,#6179,#6185,#6186,#6192,#6193));
#6178 = ORIENTED_EDGE('',*,*,#4283,.F.);
#6179 = ORIENTED_EDGE('',*,*,#6180,.T.);
#6180 = EDGE_CURVE('',#4284,#6095,#6181,.T.);
#6181 = LINE('',#6182,#6183);
#6182 = CARTESIAN_POINT('',(11.296631678462,30.3,18.22682296302));
#6183 = VECTOR('',#6184,1.);
#6184 = DIRECTION('',(0.,-1.,0.));
#6185 = ORIENTED_EDGE('',*,*,#6094,.F.);
#6186 = ORIENTED_EDGE('',*,*,#6187,.F.);
#6187 = EDGE_CURVE('',#4669,#6087,#6188,.T.);
#6188 = LINE('',#6189,#6190);
#6189 = CARTESIAN_POINT('',(10.27,21.3,18.683908835518));
#6190 = VECTOR('',#6191,1.);
#6191 = DIRECTION('',(0.,1.,0.));
#6192 = ORIENTED_EDGE('',*,*,#4676,.F.);
#6193 = ORIENTED_EDGE('',*,*,#4242,.T.);
#6194 = PLANE('',#6195);
#6195 = AXIS2_PLACEMENT_3D('',#6196,#6197,#6198);
#6196 = CARTESIAN_POINT('',(11.490209929227,21.3,18.140636372928));
#6197 = DIRECTION('',(0.406736643076,0.,0.913545457643));
#6198 = DIRECTION('',(-0.913545457643,0.,0.406736643076));
#6199 = ADVANCED_FACE('',(#6200),#6206,.F.);
#6200 = FACE_BOUND('',#6201,.F.);
#6201 = EDGE_LOOP('',(#6202,#6203,#6204,#6205));
#6202 = ORIENTED_EDGE('',*,*,#4668,.F.);
#6203 = ORIENTED_EDGE('',*,*,#6187,.T.);
#6204 = ORIENTED_EDGE('',*,*,#6086,.T.);
#6205 = ORIENTED_EDGE('',*,*,#4225,.F.);
#6206 = PLANE('',#6207);
#6207 = AXIS2_PLACEMENT_3D('',#6208,#6209,#6210);
#6208 = CARTESIAN_POINT('',(10.27,21.3,18.683908835518));
#6209 = DIRECTION('',(-0.406736643066,0.,0.913545457647));
#6210 = DIRECTION('',(-0.913545457647,0.,-0.406736643066));
#6211 = ADVANCED_FACE('',(#6212),#6218,.T.);
#6212 = FACE_BOUND('',#6213,.T.);
#6213 = EDGE_LOOP('',(#6214,#6215,#6216,#6217));
#6214 = ORIENTED_EDGE('',*,*,#4291,.T.);
#6215 = ORIENTED_EDGE('',*,*,#6180,.T.);
#6216 = ORIENTED_EDGE('',*,*,#6102,.F.);
#6217 = ORIENTED_EDGE('',*,*,#6145,.F.);
#6218 = CYLINDRICAL_SURFACE('',#6219,0.5);
#6219 = AXIS2_PLACEMENT_3D('',#6220,#6221,#6222);
#6220 = CARTESIAN_POINT('',(11.5,30.3,18.683595691842));
#6221 = DIRECTION('',(0.,-1.,0.));
#6222 = DIRECTION('',(-1.,0.,0.));
#6223 = ADVANCED_FACE('',(#6224),#6234,.F.);
#6224 = FACE_BOUND('',#6225,.F.);
#6225 = EDGE_LOOP('',(#6226,#6227,#6228));
#6226 = ORIENTED_EDGE('',*,*,#4405,.F.);
#6227 = ORIENTED_EDGE('',*,*,#4366,.T.);
#6228 = ORIENTED_EDGE('',*,*,#6229,.F.);
#6229 = EDGE_CURVE('',#4398,#4367,#6230,.T.);
#6230 = LINE('',#6231,#6232);
#6231 = CARTESIAN_POINT('',(-5.5,23.8,-5.5));
#6232 = VECTOR('',#6233,1.);
#6233 = DIRECTION('',(0.707106781187,0.707106781187,1.63E-15));
#6234 = PLANE('',#6235);
#6235 = AXIS2_PLACEMENT_3D('',#6236,#6237,#6238);
#6236 = CARTESIAN_POINT('',(-4.5,22.8,-7.5));
#6237 = DIRECTION('',(0.57735026919,-0.57735026919,0.57735026919));
#6238 = DIRECTION('',(0.707106781187,0.707106781187,1.221245327088E-15)
  );
#6239 = ADVANCED_FACE('',(#6240),#6258,.F.);
#6240 = FACE_BOUND('',#6241,.F.);
#6241 = EDGE_LOOP('',(#6242,#6250,#6251,#6252));
#6242 = ORIENTED_EDGE('',*,*,#6243,.F.);
#6243 = EDGE_CURVE('',#4423,#6244,#6246,.T.);
#6244 = VERTEX_POINT('',#6245);
#6245 = CARTESIAN_POINT('',(-6.5,22.8,12.833039305864));
#6246 = LINE('',#6247,#6248);
#6247 = CARTESIAN_POINT('',(-6.5,-6.,12.833039305864));
#6248 = VECTOR('',#6249,1.);
#6249 = DIRECTION('',(0.,1.,0.));
#6250 = ORIENTED_EDGE('',*,*,#4422,.F.);
#6251 = ORIENTED_EDGE('',*,*,#4397,.T.);
#6252 = ORIENTED_EDGE('',*,*,#6253,.F.);
#6253 = EDGE_CURVE('',#6244,#4398,#6254,.T.);
#6254 = LINE('',#6255,#6256);
#6255 = CARTESIAN_POINT('',(-6.5,22.8,12.833039305864));
#6256 = VECTOR('',#6257,1.);
#6257 = DIRECTION('',(0.,0.,-1.));
#6258 = PLANE('',#6259);
#6259 = AXIS2_PLACEMENT_3D('',#6260,#6261,#6262);
#6260 = CARTESIAN_POINT('',(-6.5,-6.,-7.5));
#6261 = DIRECTION('',(1.,0.,0.));
#6262 = DIRECTION('',(0.,0.,1.));
#6263 = ADVANCED_FACE('',(#6264),#6276,.T.);
#6264 = FACE_BOUND('',#6265,.F.);
#6265 = EDGE_LOOP('',(#6266,#6267,#6268,#6269));
#6266 = ORIENTED_EDGE('',*,*,#4639,.F.);
#6267 = ORIENTED_EDGE('',*,*,#4430,.F.);
#6268 = ORIENTED_EDGE('',*,*,#6243,.T.);
#6269 = ORIENTED_EDGE('',*,*,#6270,.F.);
#6270 = EDGE_CURVE('',#4640,#6244,#6271,.T.);
#6271 = CIRCLE('',#6272,4.);
#6272 = AXIS2_PLACEMENT_3D('',#6273,#6274,#6275);
#6273 = CARTESIAN_POINT('',(-2.5,22.8,12.833039305864));
#6274 = DIRECTION('',(0.,-1.,0.));
#6275 = DIRECTION('',(-0.500792537284,0.,0.865567348391));
#6276 = CYLINDRICAL_SURFACE('',#6277,4.);
#6277 = AXIS2_PLACEMENT_3D('',#6278,#6279,#6280);
#6278 = CARTESIAN_POINT('',(-2.5,-6.,12.833039305864));
#6279 = DIRECTION('',(0.,1.,0.));
#6280 = DIRECTION('',(-0.500792537284,0.,0.865567348391));
#6281 = ADVANCED_FACE('',(#6282),#6287,.T.);
#6282 = FACE_BOUND('',#6283,.T.);
#6283 = EDGE_LOOP('',(#6284,#6285,#6286));
#6284 = ORIENTED_EDGE('',*,*,#4558,.F.);
#6285 = ORIENTED_EDGE('',*,*,#4573,.T.);
#6286 = ORIENTED_EDGE('',*,*,#5010,.F.);
#6287 = PLANE('',#6288);
#6288 = AXIS2_PLACEMENT_3D('',#6289,#6290,#6291);
#6289 = CARTESIAN_POINT('',(72.,4.8,-7.5));
#6290 = DIRECTION('',(0.57735026919,-0.57735026919,-0.57735026919));
#6291 = DIRECTION('',(0.707106781187,0.707106781187,-6.661338147751E-16)
  );
#6292 = ADVANCED_FACE('',(#6293),#6298,.F.);
#6293 = FACE_BOUND('',#6294,.F.);
#6294 = EDGE_LOOP('',(#6295,#6296,#6297));
#6295 = ORIENTED_EDGE('',*,*,#4604,.F.);
#6296 = ORIENTED_EDGE('',*,*,#4580,.T.);
#6297 = ORIENTED_EDGE('',*,*,#5068,.F.);
#6298 = PLANE('',#6299);
#6299 = AXIS2_PLACEMENT_3D('',#6300,#6301,#6302);
#6300 = CARTESIAN_POINT('',(72.,15.2,-7.5));
#6301 = DIRECTION('',(-0.57735026919,-0.57735026919,0.57735026919));
#6302 = DIRECTION('',(0.707106781187,-0.707106781187,-6.661338147751E-16
    ));
#6303 = ADVANCED_FACE('',(#6304),#6315,.F.);
#6304 = FACE_BOUND('',#6305,.F.);
#6305 = EDGE_LOOP('',(#6306,#6307,#6308,#6314));
#6306 = ORIENTED_EDGE('',*,*,#480,.F.);
#6307 = ORIENTED_EDGE('',*,*,#5913,.F.);
#6308 = ORIENTED_EDGE('',*,*,#6309,.T.);
#6309 = EDGE_CURVE('',#5905,#423,#6310,.T.);
#6310 = LINE('',#6311,#6312);
#6311 = CARTESIAN_POINT('',(14.5,-9.115112193818,15.311941329811));
#6312 = VECTOR('',#6313,1.);
#6313 = DIRECTION('',(1.,0.,0.));
#6314 = ORIENTED_EDGE('',*,*,#430,.T.);
#6315 = PLANE('',#6316);
#6316 = AXIS2_PLACEMENT_3D('',#6317,#6318,#6319);
#6317 = CARTESIAN_POINT('',(14.5,-9.115112193818,15.311941329811));
#6318 = DIRECTION('',(0.,-0.559192903471,0.829037572555));
#6319 = DIRECTION('',(0.,0.829037572555,0.559192903471));
#6320 = ADVANCED_FACE('',(#6321),#6327,.F.);
#6321 = FACE_BOUND('',#6322,.T.);
#6322 = EDGE_LOOP('',(#6323,#6324,#6325,#6326));
#6323 = ORIENTED_EDGE('',*,*,#464,.F.);
#6324 = ORIENTED_EDGE('',*,*,#5904,.F.);
#6325 = ORIENTED_EDGE('',*,*,#6309,.T.);
#6326 = ORIENTED_EDGE('',*,*,#447,.F.);
#6327 = CYLINDRICAL_SURFACE('',#6328,1.1);
#6328 = AXIS2_PLACEMENT_3D('',#6329,#6330,#6331);
#6329 = CARTESIAN_POINT('',(14.5,-8.5,14.4));
#6330 = DIRECTION('',(-1.,-0.,-0.));
#6331 = DIRECTION('',(0.,1.,0.));
#6332 = ADVANCED_FACE('',(#6333),#6344,.F.);
#6333 = FACE_BOUND('',#6334,.F.);
#6334 = EDGE_LOOP('',(#6335,#6336,#6337,#6343));
#6335 = ORIENTED_EDGE('',*,*,#243,.F.);
#6336 = ORIENTED_EDGE('',*,*,#5958,.F.);
#6337 = ORIENTED_EDGE('',*,*,#6338,.T.);
#6338 = EDGE_CURVE('',#5950,#186,#6339,.T.);
#6339 = LINE('',#6340,#6341);
#6340 = CARTESIAN_POINT('',(14.5,-21.11511219381,15.311941329811));
#6341 = VECTOR('',#6342,1.);
#6342 = DIRECTION('',(1.,0.,0.));
#6343 = ORIENTED_EDGE('',*,*,#193,.T.);
#6344 = PLANE('',#6345);
#6345 = AXIS2_PLACEMENT_3D('',#6346,#6347,#6348);
#6346 = CARTESIAN_POINT('',(14.5,-21.11511219381,15.311941329811));
#6347 = DIRECTION('',(0.,-0.559192903471,0.829037572555));
#6348 = DIRECTION('',(0.,0.829037572555,0.559192903471));
#6349 = ADVANCED_FACE('',(#6350),#6356,.F.);
#6350 = FACE_BOUND('',#6351,.T.);
#6351 = EDGE_LOOP('',(#6352,#6353,#6354,#6355));
#6352 = ORIENTED_EDGE('',*,*,#227,.F.);
#6353 = ORIENTED_EDGE('',*,*,#5949,.F.);
#6354 = ORIENTED_EDGE('',*,*,#6338,.T.);
#6355 = ORIENTED_EDGE('',*,*,#210,.F.);
#6356 = CYLINDRICAL_SURFACE('',#6357,1.1);
#6357 = AXIS2_PLACEMENT_3D('',#6358,#6359,#6360);
#6358 = CARTESIAN_POINT('',(14.5,-20.5,14.4));
#6359 = DIRECTION('',(-1.,-0.,-0.));
#6360 = DIRECTION('',(0.,1.,0.));
#6361 = ADVANCED_FACE('',(#6362),#6373,.T.);
#6362 = FACE_BOUND('',#6363,.F.);
#6363 = EDGE_LOOP('',(#6364,#6365,#6366,#6372));
#6364 = ORIENTED_EDGE('',*,*,#6034,.F.);
#6365 = ORIENTED_EDGE('',*,*,#4647,.T.);
#6366 = ORIENTED_EDGE('',*,*,#6367,.T.);
#6367 = EDGE_CURVE('',#4640,#6059,#6368,.T.);
#6368 = LINE('',#6369,#6370);
#6369 = CARTESIAN_POINT('',(-4.002377611851,23.8,15.429741351038));
#6370 = VECTOR('',#6371,1.);
#6371 = DIRECTION('',(0.354113799081,0.707106781187,-0.612048541621));
#6372 = ORIENTED_EDGE('',*,*,#6058,.F.);
#6373 = PLANE('',#6374);
#6374 = AXIS2_PLACEMENT_3D('',#6375,#6376,#6377);
#6375 = CARTESIAN_POINT('',(8.000792537284,23.8,22.374432651609));
#6376 = DIRECTION('',(-0.354113799081,0.707106781187,0.612048541621));
#6377 = DIRECTION('',(0.865567348391,2.775557561563E-17,0.500792537284)
  );
#6378 = ADVANCED_FACE('',(#6379),#6390,.F.);
#6379 = FACE_BOUND('',#6380,.T.);
#6380 = EDGE_LOOP('',(#6381,#6382,#6383,#6389));
#6381 = ORIENTED_EDGE('',*,*,#5733,.F.);
#6382 = ORIENTED_EDGE('',*,*,#5777,.T.);
#6383 = ORIENTED_EDGE('',*,*,#6384,.T.);
#6384 = EDGE_CURVE('',#5770,#4620,#6385,.T.);
#6385 = LINE('',#6386,#6387);
#6386 = CARTESIAN_POINT('',(6.643051189681,-3.143051189681,
    23.734236805573));
#6387 = VECTOR('',#6388,1.);
#6388 = DIRECTION('',(-0.654752467059,0.654752467059,0.377622051474));
#6389 = ORIENTED_EDGE('',*,*,#4629,.F.);
#6390 = PLANE('',#6391);
#6391 = AXIS2_PLACEMENT_3D('',#6392,#6393,#6394);
#6392 = CARTESIAN_POINT('',(-4.002377611851,-5.,15.429741351038));
#6393 = DIRECTION('',(0.354113799081,0.707106781187,-0.612048541621));
#6394 = DIRECTION('',(-0.865567348391,-0.,-0.500792537284));
#6395 = ADVANCED_FACE('',(#6396),#6412,.F.);
#6396 = FACE_BOUND('',#6397,.T.);
#6397 = EDGE_LOOP('',(#6398,#6399,#6405,#6406));
#6398 = ORIENTED_EDGE('',*,*,#4695,.F.);
#6399 = ORIENTED_EDGE('',*,*,#6400,.T.);
#6400 = EDGE_CURVE('',#4696,#5832,#6401,.T.);
#6401 = LINE('',#6402,#6403);
#6402 = CARTESIAN_POINT('',(9.12,-1.,17.391858428704));
#6403 = VECTOR('',#6404,1.);
#6404 = DIRECTION('',(0.,-1.,0.));
#6405 = ORIENTED_EDGE('',*,*,#5831,.F.);
#6406 = ORIENTED_EDGE('',*,*,#6407,.F.);
#6407 = EDGE_CURVE('',#4698,#5822,#6408,.T.);
#6408 = LINE('',#6409,#6410);
#6409 = CARTESIAN_POINT('',(11.420000000001,-1.,17.391858428705));
#6410 = VECTOR('',#6411,1.);
#6411 = DIRECTION('',(0.,-1.,0.));
#6412 = CYLINDRICAL_SURFACE('',#6413,2.3);
#6413 = AXIS2_PLACEMENT_3D('',#6414,#6415,#6416);
#6414 = CARTESIAN_POINT('',(10.27,-1.,15.4));
#6415 = DIRECTION('',(-0.,1.,-0.));
#6416 = DIRECTION('',(1.,0.,0.));
#6417 = ADVANCED_FACE('',(#6418),#6429,.F.);
#6418 = FACE_BOUND('',#6419,.F.);
#6419 = EDGE_LOOP('',(#6420,#6421,#6422,#6423));
#6420 = ORIENTED_EDGE('',*,*,#4714,.F.);
#6421 = ORIENTED_EDGE('',*,*,#6400,.T.);
#6422 = ORIENTED_EDGE('',*,*,#5840,.F.);
#6423 = ORIENTED_EDGE('',*,*,#6424,.F.);
#6424 = EDGE_CURVE('',#4707,#5824,#6425,.T.);
#6425 = LINE('',#6426,#6427);
#6426 = CARTESIAN_POINT('',(10.27,-1.,18.055811238272));
#6427 = VECTOR('',#6428,1.);
#6428 = DIRECTION('',(0.,-1.,0.));
#6429 = PLANE('',#6430);
#6430 = AXIS2_PLACEMENT_3D('',#6431,#6432,#6433);
#6431 = CARTESIAN_POINT('',(9.12,-1.,17.391858428704));
#6432 = DIRECTION('',(-0.5,0.,0.866025403784));
#6433 = DIRECTION('',(0.866025403784,0.,0.5));
#6434 = ADVANCED_FACE('',(#6435),#6441,.F.);
#6435 = FACE_BOUND('',#6436,.F.);
#6436 = EDGE_LOOP('',(#6437,#6438,#6439,#6440));
#6437 = ORIENTED_EDGE('',*,*,#4706,.F.);
#6438 = ORIENTED_EDGE('',*,*,#6424,.T.);
#6439 = ORIENTED_EDGE('',*,*,#5821,.F.);
#6440 = ORIENTED_EDGE('',*,*,#6407,.F.);
#6441 = PLANE('',#6442);
#6442 = AXIS2_PLACEMENT_3D('',#6443,#6444,#6445);
#6443 = CARTESIAN_POINT('',(10.27,-1.,18.055811238272));
#6444 = DIRECTION('',(0.499999999999,0.,0.866025403785));
#6445 = DIRECTION('',(0.866025403785,0.,-0.499999999999));
#6446 = ADVANCED_FACE('',(#6447),#6465,.F.);
#6447 = FACE_BOUND('',#6448,.F.);
#6448 = EDGE_LOOP('',(#6449,#6457,#6458,#6459));
#6449 = ORIENTED_EDGE('',*,*,#6450,.F.);
#6450 = EDGE_CURVE('',#4734,#6451,#6453,.T.);
#6451 = VERTEX_POINT('',#6452);
#6452 = CARTESIAN_POINT('',(30.,5.,4.165));
#6453 = LINE('',#6454,#6455);
#6454 = CARTESIAN_POINT('',(30.,3.,4.165));
#6455 = VECTOR('',#6456,1.);
#6456 = DIRECTION('',(0.,1.,0.));
#6457 = ORIENTED_EDGE('',*,*,#4751,.T.);
#6458 = ORIENTED_EDGE('',*,*,#5145,.F.);
#6459 = ORIENTED_EDGE('',*,*,#6460,.F.);
#6460 = EDGE_CURVE('',#6451,#5085,#6461,.T.);
#6461 = LINE('',#6462,#6463);
#6462 = CARTESIAN_POINT('',(30.,5.,4.165));
#6463 = VECTOR('',#6464,1.);
#6464 = DIRECTION('',(1.,0.,0.));
#6465 = PLANE('',#6466);
#6466 = AXIS2_PLACEMENT_3D('',#6467,#6468,#6469);
#6467 = CARTESIAN_POINT('',(30.,3.,4.165));
#6468 = DIRECTION('',(0.,0.,1.));
#6469 = DIRECTION('',(1.,0.,0.));
#6470 = ADVANCED_FACE('',(#6471),#6476,.F.);
#6471 = FACE_BOUND('',#6472,.F.);
#6472 = EDGE_LOOP('',(#6473,#6474,#6475));
#6473 = ORIENTED_EDGE('',*,*,#4765,.F.);
#6474 = ORIENTED_EDGE('',*,*,#5139,.T.);
#6475 = ORIENTED_EDGE('',*,*,#4743,.F.);
#6476 = PLANE('',#6477);
#6477 = AXIS2_PLACEMENT_3D('',#6478,#6479,#6480);
#6478 = CARTESIAN_POINT('',(73.,4.8,5.165));
#6479 = DIRECTION('',(-0.49700734612,0.613589316197,0.613589316197));
#6480 = DIRECTION('',(0.,0.707106781187,-0.707106781187));
#6481 = ADVANCED_FACE('',(#6482),#6500,.T.);
#6482 = FACE_BOUND('',#6483,.T.);
#6483 = EDGE_LOOP('',(#6484,#6492,#6493,#6494));
#6484 = ORIENTED_EDGE('',*,*,#6485,.F.);
#6485 = EDGE_CURVE('',#4808,#6486,#6488,.T.);
#6486 = VERTEX_POINT('',#6487);
#6487 = CARTESIAN_POINT('',(30.,5.,-2.165));
#6488 = LINE('',#6489,#6490);
#6489 = CARTESIAN_POINT('',(30.,3.,-2.165));
#6490 = VECTOR('',#6491,1.);
#6491 = DIRECTION('',(0.,1.,0.));
#6492 = ORIENTED_EDGE('',*,*,#4825,.T.);
#6493 = ORIENTED_EDGE('',*,*,#5039,.F.);
#6494 = ORIENTED_EDGE('',*,*,#6495,.F.);
#6495 = EDGE_CURVE('',#6486,#5025,#6496,.T.);
#6496 = LINE('',#6497,#6498);
#6497 = CARTESIAN_POINT('',(30.,5.,-2.165));
#6498 = VECTOR('',#6499,1.);
#6499 = DIRECTION('',(1.,0.,0.));
#6500 = PLANE('',#6501);
#6501 = AXIS2_PLACEMENT_3D('',#6502,#6503,#6504);
#6502 = CARTESIAN_POINT('',(30.,3.,-2.165));
#6503 = DIRECTION('',(0.,0.,1.));
#6504 = DIRECTION('',(1.,0.,0.));
#6505 = ADVANCED_FACE('',(#6506),#6511,.F.);
#6506 = FACE_BOUND('',#6507,.F.);
#6507 = EDGE_LOOP('',(#6508,#6509,#6510));
#6508 = ORIENTED_EDGE('',*,*,#5033,.F.);
#6509 = ORIENTED_EDGE('',*,*,#5003,.T.);
#6510 = ORIENTED_EDGE('',*,*,#4817,.F.);
#6511 = PLANE('',#6512);
#6512 = AXIS2_PLACEMENT_3D('',#6513,#6514,#6515);
#6513 = CARTESIAN_POINT('',(73.,4.8,-3.165));
#6514 = DIRECTION('',(-0.49700734612,0.613589316197,-0.613589316197));
#6515 = DIRECTION('',(0.,-0.707106781187,-0.707106781187));
#6516 = ADVANCED_FACE('',(#6517),#6528,.T.);
#6517 = FACE_BOUND('',#6518,.T.);
#6518 = EDGE_LOOP('',(#6519,#6520,#6521,#6522));
#6519 = ORIENTED_EDGE('',*,*,#6450,.F.);
#6520 = ORIENTED_EDGE('',*,*,#4842,.T.);
#6521 = ORIENTED_EDGE('',*,*,#6485,.T.);
#6522 = ORIENTED_EDGE('',*,*,#6523,.T.);
#6523 = EDGE_CURVE('',#6486,#6451,#6524,.T.);
#6524 = LINE('',#6525,#6526);
#6525 = CARTESIAN_POINT('',(30.,5.,-2.165));
#6526 = VECTOR('',#6527,1.);
#6527 = DIRECTION('',(0.,0.,1.));
#6528 = PLANE('',#6529);
#6529 = AXIS2_PLACEMENT_3D('',#6530,#6531,#6532);
#6530 = CARTESIAN_POINT('',(30.,3.,-2.165));
#6531 = DIRECTION('',(1.,0.,0.));
#6532 = DIRECTION('',(0.,0.,1.));
#6533 = ADVANCED_FACE('',(#6534,#6561),#6566,.T.);
#6534 = FACE_BOUND('',#6535,.T.);
#6535 = EDGE_LOOP('',(#6536,#6546,#6555));
#6536 = ORIENTED_EDGE('',*,*,#6537,.T.);
#6537 = EDGE_CURVE('',#6538,#6540,#6542,.T.);
#6538 = VERTEX_POINT('',#6539);
#6539 = CARTESIAN_POINT('',(17.,-8.5,3.933057691858));
#6540 = VERTEX_POINT('',#6541);
#6541 = CARTESIAN_POINT('',(17.,-7.325694902712,3.140978902366));
#6542 = LINE('',#6543,#6544);
#6543 = CARTESIAN_POINT('',(17.,-7.94080709653,3.55587731591));
#6544 = VECTOR('',#6545,1.);
#6545 = DIRECTION('',(0.,0.829037572555,-0.55919290347));
#6546 = ORIENTED_EDGE('',*,*,#6547,.T.);
#6547 = EDGE_CURVE('',#6540,#6548,#6550,.T.);
#6548 = VERTEX_POINT('',#6549);
#6549 = CARTESIAN_POINT('',(17.,-9.674305097289,3.140978902366));
#6550 = CIRCLE('',#6551,2.1);
#6551 = AXIS2_PLACEMENT_3D('',#6552,#6553,#6554);
#6552 = CARTESIAN_POINT('',(17.,-8.5,1.4));
#6553 = DIRECTION('',(-1.,0.,0.));
#6554 = DIRECTION('',(0.,0.559192903471,0.829037572555));
#6555 = ORIENTED_EDGE('',*,*,#6556,.T.);
#6556 = EDGE_CURVE('',#6548,#6538,#6557,.T.);
#6557 = LINE('',#6558,#6559);
#6558 = CARTESIAN_POINT('',(17.,-9.674305097288,3.140978902366));
#6559 = VECTOR('',#6560,1.);
#6560 = DIRECTION('',(0.,0.829037572555,0.559192903471));
#6561 = FACE_BOUND('',#6562,.T.);
#6562 = EDGE_LOOP('',(#6563,#6564,#6565));
#6563 = ORIENTED_EDGE('',*,*,#4911,.T.);
#6564 = ORIENTED_EDGE('',*,*,#4856,.F.);
#6565 = ORIENTED_EDGE('',*,*,#4887,.F.);
#6566 = PLANE('',#6567);
#6567 = AXIS2_PLACEMENT_3D('',#6568,#6569,#6570);
#6568 = CARTESIAN_POINT('',(17.,-8.5,1.587967208153));
#6569 = DIRECTION('',(1.,0.,0.));
#6570 = DIRECTION('',(0.,1.,0.));
#6571 = ADVANCED_FACE('',(#6572,#6599),#6604,.T.);
#6572 = FACE_BOUND('',#6573,.T.);
#6573 = EDGE_LOOP('',(#6574,#6584,#6593));
#6574 = ORIENTED_EDGE('',*,*,#6575,.T.);
#6575 = EDGE_CURVE('',#6576,#6578,#6580,.T.);
#6576 = VERTEX_POINT('',#6577);
#6577 = CARTESIAN_POINT('',(17.,-20.5,3.933057691858));
#6578 = VERTEX_POINT('',#6579);
#6579 = CARTESIAN_POINT('',(17.,-19.32569490271,3.140978902366));
#6580 = LINE('',#6581,#6582);
#6581 = CARTESIAN_POINT('',(17.,-19.94080709653,3.55587731591));
#6582 = VECTOR('',#6583,1.);
#6583 = DIRECTION('',(0.,0.829037572555,-0.55919290347));
#6584 = ORIENTED_EDGE('',*,*,#6585,.T.);
#6585 = EDGE_CURVE('',#6578,#6586,#6588,.T.);
#6586 = VERTEX_POINT('',#6587);
#6587 = CARTESIAN_POINT('',(17.,-21.67430509728,3.140978902366));
#6588 = CIRCLE('',#6589,2.1);
#6589 = AXIS2_PLACEMENT_3D('',#6590,#6591,#6592);
#6590 = CARTESIAN_POINT('',(17.,-20.5,1.4));
#6591 = DIRECTION('',(-1.,0.,0.));
#6592 = DIRECTION('',(0.,0.559192903471,0.829037572555));
#6593 = ORIENTED_EDGE('',*,*,#6594,.T.);
#6594 = EDGE_CURVE('',#6586,#6576,#6595,.T.);
#6595 = LINE('',#6596,#6597);
#6596 = CARTESIAN_POINT('',(17.,-21.67430509728,3.140978902366));
#6597 = VECTOR('',#6598,1.);
#6598 = DIRECTION('',(0.,0.829037572555,0.559192903471));
#6599 = FACE_BOUND('',#6600,.T.);
#6600 = EDGE_LOOP('',(#6601,#6602,#6603));
#6601 = ORIENTED_EDGE('',*,*,#4984,.T.);
#6602 = ORIENTED_EDGE('',*,*,#4929,.F.);
#6603 = ORIENTED_EDGE('',*,*,#4960,.F.);
#6604 = PLANE('',#6605);
#6605 = AXIS2_PLACEMENT_3D('',#6606,#6607,#6608);
#6606 = CARTESIAN_POINT('',(17.,-20.5,1.587967208153));
#6607 = DIRECTION('',(1.,0.,0.));
#6608 = DIRECTION('',(0.,1.,0.));
#6609 = ADVANCED_FACE('',(#6610),#6615,.T.);
#6610 = FACE_BOUND('',#6611,.T.);
#6611 = EDGE_LOOP('',(#6612,#6613,#6614));
#6612 = ORIENTED_EDGE('',*,*,#5106,.F.);
#6613 = ORIENTED_EDGE('',*,*,#5061,.T.);
#6614 = ORIENTED_EDGE('',*,*,#5614,.F.);
#6615 = PLANE('',#6616);
#6616 = AXIS2_PLACEMENT_3D('',#6617,#6618,#6619);
#6617 = CARTESIAN_POINT('',(73.,15.2,-4.165));
#6618 = DIRECTION('',(0.49700734612,0.613589316197,0.613589316197));
#6619 = DIRECTION('',(2.775557561563E-17,0.707106781187,-0.707106781187)
  );
#6620 = ADVANCED_FACE('',(#6621,#6627,#6697,#6731,#6801,#6835),#6905,.F.
  );
#6621 = FACE_BOUND('',#6622,.F.);
#6622 = EDGE_LOOP('',(#6623,#6624,#6625,#6626));
#6623 = ORIENTED_EDGE('',*,*,#6495,.F.);
#6624 = ORIENTED_EDGE('',*,*,#6523,.T.);
#6625 = ORIENTED_EDGE('',*,*,#6460,.T.);
#6626 = ORIENTED_EDGE('',*,*,#5092,.F.);
#6627 = FACE_BOUND('',#6628,.F.);
#6628 = EDGE_LOOP('',(#6629,#6639,#6648,#6656,#6665,#6673,#6682,#6690));
#6629 = ORIENTED_EDGE('',*,*,#6630,.T.);
#6630 = EDGE_CURVE('',#6631,#6633,#6635,.T.);
#6631 = VERTEX_POINT('',#6632);
#6632 = CARTESIAN_POINT('',(37.91,5.,1.01));
#6633 = VERTEX_POINT('',#6634);
#6634 = CARTESIAN_POINT('',(37.91,5.,0.99));
#6635 = LINE('',#6636,#6637);
#6636 = CARTESIAN_POINT('',(37.91,5.,-3.25E-02));
#6637 = VECTOR('',#6638,1.);
#6638 = DIRECTION('',(0.,0.,-1.));
#6639 = ORIENTED_EDGE('',*,*,#6640,.T.);
#6640 = EDGE_CURVE('',#6633,#6641,#6643,.T.);
#6641 = VERTEX_POINT('',#6642);
#6642 = CARTESIAN_POINT('',(39.,5.,-0.1));
#6643 = CIRCLE('',#6644,1.09);
#6644 = AXIS2_PLACEMENT_3D('',#6645,#6646,#6647);
#6645 = CARTESIAN_POINT('',(39.,5.,0.99));
#6646 = DIRECTION('',(0.,-1.,1.2E-16));
#6647 = DIRECTION('',(-1.,0.,0.));
#6648 = ORIENTED_EDGE('',*,*,#6649,.F.);
#6649 = EDGE_CURVE('',#6650,#6641,#6652,.T.);
#6650 = VERTEX_POINT('',#6651);
#6651 = CARTESIAN_POINT('',(40.02,5.,-0.1));
#6652 = LINE('',#6653,#6654);
#6653 = CARTESIAN_POINT('',(33.955,5.,-1.E-01));
#6654 = VECTOR('',#6655,1.);
#6655 = DIRECTION('',(-1.,0.,0.));
#6656 = ORIENTED_EDGE('',*,*,#6657,.T.);
#6657 = EDGE_CURVE('',#6650,#6658,#6660,.T.);
#6658 = VERTEX_POINT('',#6659);
#6659 = CARTESIAN_POINT('',(41.11,5.,0.99));
#6660 = CIRCLE('',#6661,1.09);
#6661 = AXIS2_PLACEMENT_3D('',#6662,#6663,#6664);
#6662 = CARTESIAN_POINT('',(40.02,5.,0.99));
#6663 = DIRECTION('',(0.,-1.,1.2E-16));
#6664 = DIRECTION('',(1.,0.,0.));
#6665 = ORIENTED_EDGE('',*,*,#6666,.F.);
#6666 = EDGE_CURVE('',#6667,#6658,#6669,.T.);
#6667 = VERTEX_POINT('',#6668);
#6668 = CARTESIAN_POINT('',(41.11,5.,1.01));
#6669 = LINE('',#6670,#6671);
#6670 = CARTESIAN_POINT('',(41.11,5.,-3.25E-02));
#6671 = VECTOR('',#6672,1.);
#6672 = DIRECTION('',(0.,0.,-1.));
#6673 = ORIENTED_EDGE('',*,*,#6674,.T.);
#6674 = EDGE_CURVE('',#6667,#6675,#6677,.T.);
#6675 = VERTEX_POINT('',#6676);
#6676 = CARTESIAN_POINT('',(40.02,5.,2.1));
#6677 = CIRCLE('',#6678,1.09);
#6678 = AXIS2_PLACEMENT_3D('',#6679,#6680,#6681);
#6679 = CARTESIAN_POINT('',(40.02,5.,1.01));
#6680 = DIRECTION('',(0.,-1.,1.2E-16));
#6681 = DIRECTION('',(1.,0.,0.));
#6682 = ORIENTED_EDGE('',*,*,#6683,.T.);
#6683 = EDGE_CURVE('',#6675,#6684,#6686,.T.);
#6684 = VERTEX_POINT('',#6685);
#6685 = CARTESIAN_POINT('',(39.,5.,2.1));
#6686 = LINE('',#6687,#6688);
#6687 = CARTESIAN_POINT('',(33.955,5.,2.1));
#6688 = VECTOR('',#6689,1.);
#6689 = DIRECTION('',(-1.,0.,0.));
#6690 = ORIENTED_EDGE('',*,*,#6691,.T.);
#6691 = EDGE_CURVE('',#6684,#6631,#6692,.T.);
#6692 = CIRCLE('',#6693,1.09);
#6693 = AXIS2_PLACEMENT_3D('',#6694,#6695,#6696);
#6694 = CARTESIAN_POINT('',(39.,5.,1.01));
#6695 = DIRECTION('',(0.,-1.,1.2E-16));
#6696 = DIRECTION('',(-1.,0.,0.));
#6697 = FACE_BOUND('',#6698,.F.);
#6698 = EDGE_LOOP('',(#6699,#6709,#6717,#6725));
#6699 = ORIENTED_EDGE('',*,*,#6700,.F.);
#6700 = EDGE_CURVE('',#6701,#6703,#6705,.T.);
#6701 = VERTEX_POINT('',#6702);
#6702 = CARTESIAN_POINT('',(43.01,5.,3.2));
#6703 = VERTEX_POINT('',#6704);
#6704 = CARTESIAN_POINT('',(48.01,5.,3.2));
#6705 = LINE('',#6706,#6707);
#6706 = CARTESIAN_POINT('',(36.78,5.,3.2));
#6707 = VECTOR('',#6708,1.);
#6708 = DIRECTION('',(1.,0.,0.));
#6709 = ORIENTED_EDGE('',*,*,#6710,.T.);
#6710 = EDGE_CURVE('',#6701,#6711,#6713,.T.);
#6711 = VERTEX_POINT('',#6712);
#6712 = CARTESIAN_POINT('',(43.01,5.,-1.2));
#6713 = LINE('',#6714,#6715);
#6714 = CARTESIAN_POINT('',(43.01,5.,0.5175));
#6715 = VECTOR('',#6716,1.);
#6716 = DIRECTION('',(0.,0.,-1.));
#6717 = ORIENTED_EDGE('',*,*,#6718,.F.);
#6718 = EDGE_CURVE('',#6719,#6711,#6721,.T.);
#6719 = VERTEX_POINT('',#6720);
#6720 = CARTESIAN_POINT('',(48.01,5.,-1.2));
#6721 = LINE('',#6722,#6723);
#6722 = CARTESIAN_POINT('',(36.78,5.,-1.2));
#6723 = VECTOR('',#6724,1.);
#6724 = DIRECTION('',(-1.,0.,0.));
#6725 = ORIENTED_EDGE('',*,*,#6726,.F.);
#6726 = EDGE_CURVE('',#6703,#6719,#6727,.T.);
#6727 = LINE('',#6728,#6729);
#6728 = CARTESIAN_POINT('',(48.01,5.,0.5175));
#6729 = VECTOR('',#6730,1.);
#6730 = DIRECTION('',(0.,0.,-1.));
#6731 = FACE_BOUND('',#6732,.F.);
#6732 = EDGE_LOOP('',(#6733,#6743,#6752,#6760,#6769,#6777,#6786,#6794));
#6733 = ORIENTED_EDGE('',*,*,#6734,.T.);
#6734 = EDGE_CURVE('',#6735,#6737,#6739,.T.);
#6735 = VERTEX_POINT('',#6736);
#6736 = CARTESIAN_POINT('',(52.91,5.,1.01));
#6737 = VERTEX_POINT('',#6738);
#6738 = CARTESIAN_POINT('',(52.91,5.,0.99));
#6739 = LINE('',#6740,#6741);
#6740 = CARTESIAN_POINT('',(52.91,5.,-3.25E-02));
#6741 = VECTOR('',#6742,1.);
#6742 = DIRECTION('',(0.,0.,-1.));
#6743 = ORIENTED_EDGE('',*,*,#6744,.T.);
#6744 = EDGE_CURVE('',#6737,#6745,#6747,.T.);
#6745 = VERTEX_POINT('',#6746);
#6746 = CARTESIAN_POINT('',(54.,5.,-0.1));
#6747 = CIRCLE('',#6748,1.09);
#6748 = AXIS2_PLACEMENT_3D('',#6749,#6750,#6751);
#6749 = CARTESIAN_POINT('',(54.,5.,0.99));
#6750 = DIRECTION('',(0.,-1.,1.2E-16));
#6751 = DIRECTION('',(-1.,0.,0.));
#6752 = ORIENTED_EDGE('',*,*,#6753,.F.);
#6753 = EDGE_CURVE('',#6754,#6745,#6756,.T.);
#6754 = VERTEX_POINT('',#6755);
#6755 = CARTESIAN_POINT('',(55.02,5.,-0.1));
#6756 = LINE('',#6757,#6758);
#6757 = CARTESIAN_POINT('',(41.455,5.,-1.E-01));
#6758 = VECTOR('',#6759,1.);
#6759 = DIRECTION('',(-1.,0.,0.));
#6760 = ORIENTED_EDGE('',*,*,#6761,.T.);
#6761 = EDGE_CURVE('',#6754,#6762,#6764,.T.);
#6762 = VERTEX_POINT('',#6763);
#6763 = CARTESIAN_POINT('',(56.11,5.,0.99));
#6764 = CIRCLE('',#6765,1.09);
#6765 = AXIS2_PLACEMENT_3D('',#6766,#6767,#6768);
#6766 = CARTESIAN_POINT('',(55.02,5.,0.99));
#6767 = DIRECTION('',(0.,-1.,1.2E-16));
#6768 = DIRECTION('',(1.,0.,0.));
#6769 = ORIENTED_EDGE('',*,*,#6770,.F.);
#6770 = EDGE_CURVE('',#6771,#6762,#6773,.T.);
#6771 = VERTEX_POINT('',#6772);
#6772 = CARTESIAN_POINT('',(56.11,5.,1.01));
#6773 = LINE('',#6774,#6775);
#6774 = CARTESIAN_POINT('',(56.11,5.,-3.25E-02));
#6775 = VECTOR('',#6776,1.);
#6776 = DIRECTION('',(0.,0.,-1.));
#6777 = ORIENTED_EDGE('',*,*,#6778,.T.);
#6778 = EDGE_CURVE('',#6771,#6779,#6781,.T.);
#6779 = VERTEX_POINT('',#6780);
#6780 = CARTESIAN_POINT('',(55.02,5.,2.1));
#6781 = CIRCLE('',#6782,1.09);
#6782 = AXIS2_PLACEMENT_3D('',#6783,#6784,#6785);
#6783 = CARTESIAN_POINT('',(55.02,5.,1.01));
#6784 = DIRECTION('',(0.,-1.,1.2E-16));
#6785 = DIRECTION('',(1.,0.,0.));
#6786 = ORIENTED_EDGE('',*,*,#6787,.T.);
#6787 = EDGE_CURVE('',#6779,#6788,#6790,.T.);
#6788 = VERTEX_POINT('',#6789);
#6789 = CARTESIAN_POINT('',(54.,5.,2.1));
#6790 = LINE('',#6791,#6792);
#6791 = CARTESIAN_POINT('',(41.455,5.,2.1));
#6792 = VECTOR('',#6793,1.);
#6793 = DIRECTION('',(-1.,0.,0.));
#6794 = ORIENTED_EDGE('',*,*,#6795,.T.);
#6795 = EDGE_CURVE('',#6788,#6735,#6796,.T.);
#6796 = CIRCLE('',#6797,1.09);
#6797 = AXIS2_PLACEMENT_3D('',#6798,#6799,#6800);
#6798 = CARTESIAN_POINT('',(54.,5.,1.01));
#6799 = DIRECTION('',(0.,-1.,1.2E-16));
#6800 = DIRECTION('',(-1.,0.,0.));
#6801 = FACE_BOUND('',#6802,.F.);
#6802 = EDGE_LOOP('',(#6803,#6813,#6821,#6829));
#6803 = ORIENTED_EDGE('',*,*,#6804,.F.);
#6804 = EDGE_CURVE('',#6805,#6807,#6809,.T.);
#6805 = VERTEX_POINT('',#6806);
#6806 = CARTESIAN_POINT('',(58.01,5.,3.2));
#6807 = VERTEX_POINT('',#6808);
#6808 = CARTESIAN_POINT('',(63.01,5.,3.2));
#6809 = LINE('',#6810,#6811);
#6810 = CARTESIAN_POINT('',(44.28,5.,3.2));
#6811 = VECTOR('',#6812,1.);
#6812 = DIRECTION('',(1.,0.,0.));
#6813 = ORIENTED_EDGE('',*,*,#6814,.T.);
#6814 = EDGE_CURVE('',#6805,#6815,#6817,.T.);
#6815 = VERTEX_POINT('',#6816);
#6816 = CARTESIAN_POINT('',(58.01,5.,-1.2));
#6817 = LINE('',#6818,#6819);
#6818 = CARTESIAN_POINT('',(58.01,5.,0.5175));
#6819 = VECTOR('',#6820,1.);
#6820 = DIRECTION('',(0.,0.,-1.));
#6821 = ORIENTED_EDGE('',*,*,#6822,.F.);
#6822 = EDGE_CURVE('',#6823,#6815,#6825,.T.);
#6823 = VERTEX_POINT('',#6824);
#6824 = CARTESIAN_POINT('',(63.01,5.,-1.2));
#6825 = LINE('',#6826,#6827);
#6826 = CARTESIAN_POINT('',(44.28,5.,-1.2));
#6827 = VECTOR('',#6828,1.);
#6828 = DIRECTION('',(-1.,0.,0.));
#6829 = ORIENTED_EDGE('',*,*,#6830,.F.);
#6830 = EDGE_CURVE('',#6807,#6823,#6831,.T.);
#6831 = LINE('',#6832,#6833);
#6832 = CARTESIAN_POINT('',(63.01,5.,0.5175));
#6833 = VECTOR('',#6834,1.);
#6834 = DIRECTION('',(0.,0.,-1.));
#6835 = FACE_BOUND('',#6836,.F.);
#6836 = EDGE_LOOP('',(#6837,#6847,#6856,#6864,#6873,#6881,#6890,#6898));
#6837 = ORIENTED_EDGE('',*,*,#6838,.T.);
#6838 = EDGE_CURVE('',#6839,#6841,#6843,.T.);
#6839 = VERTEX_POINT('',#6840);
#6840 = CARTESIAN_POINT('',(67.91,5.,1.01));
#6841 = VERTEX_POINT('',#6842);
#6842 = CARTESIAN_POINT('',(67.91,5.,0.99));
#6843 = LINE('',#6844,#6845);
#6844 = CARTESIAN_POINT('',(67.91,5.,-3.25E-02));
#6845 = VECTOR('',#6846,1.);
#6846 = DIRECTION('',(0.,0.,-1.));
#6847 = ORIENTED_EDGE('',*,*,#6848,.T.);
#6848 = EDGE_CURVE('',#6841,#6849,#6851,.T.);
#6849 = VERTEX_POINT('',#6850);
#6850 = CARTESIAN_POINT('',(69.,5.,-0.1));
#6851 = CIRCLE('',#6852,1.09);
#6852 = AXIS2_PLACEMENT_3D('',#6853,#6854,#6855);
#6853 = CARTESIAN_POINT('',(69.,5.,0.99));
#6854 = DIRECTION('',(0.,-1.,1.2E-16));
#6855 = DIRECTION('',(-1.,0.,0.));
#6856 = ORIENTED_EDGE('',*,*,#6857,.F.);
#6857 = EDGE_CURVE('',#6858,#6849,#6860,.T.);
#6858 = VERTEX_POINT('',#6859);
#6859 = CARTESIAN_POINT('',(70.02,5.,-0.1));
#6860 = LINE('',#6861,#6862);
#6861 = CARTESIAN_POINT('',(48.955,5.,-1.E-01));
#6862 = VECTOR('',#6863,1.);
#6863 = DIRECTION('',(-1.,0.,0.));
#6864 = ORIENTED_EDGE('',*,*,#6865,.T.);
#6865 = EDGE_CURVE('',#6858,#6866,#6868,.T.);
#6866 = VERTEX_POINT('',#6867);
#6867 = CARTESIAN_POINT('',(71.11,5.,0.99));
#6868 = CIRCLE('',#6869,1.09);
#6869 = AXIS2_PLACEMENT_3D('',#6870,#6871,#6872);
#6870 = CARTESIAN_POINT('',(70.02,5.,0.99));
#6871 = DIRECTION('',(0.,-1.,1.2E-16));
#6872 = DIRECTION('',(1.,0.,0.));
#6873 = ORIENTED_EDGE('',*,*,#6874,.F.);
#6874 = EDGE_CURVE('',#6875,#6866,#6877,.T.);
#6875 = VERTEX_POINT('',#6876);
#6876 = CARTESIAN_POINT('',(71.11,5.,1.01));
#6877 = LINE('',#6878,#6879);
#6878 = CARTESIAN_POINT('',(71.11,5.,-3.25E-02));
#6879 = VECTOR('',#6880,1.);
#6880 = DIRECTION('',(0.,0.,-1.));
#6881 = ORIENTED_EDGE('',*,*,#6882,.T.);
#6882 = EDGE_CURVE('',#6875,#6883,#6885,.T.);
#6883 = VERTEX_POINT('',#6884);
#6884 = CARTESIAN_POINT('',(70.02,5.,2.1));
#6885 = CIRCLE('',#6886,1.09);
#6886 = AXIS2_PLACEMENT_3D('',#6887,#6888,#6889);
#6887 = CARTESIAN_POINT('',(70.02,5.,1.01));
#6888 = DIRECTION('',(0.,-1.,1.2E-16));
#6889 = DIRECTION('',(1.,0.,0.));
#6890 = ORIENTED_EDGE('',*,*,#6891,.T.);
#6891 = EDGE_CURVE('',#6883,#6892,#6894,.T.);
#6892 = VERTEX_POINT('',#6893);
#6893 = CARTESIAN_POINT('',(69.,5.,2.1));
#6894 = LINE('',#6895,#6896);
#6895 = CARTESIAN_POINT('',(48.955,5.,2.1));
#6896 = VECTOR('',#6897,1.);
#6897 = DIRECTION('',(-1.,0.,0.));
#6898 = ORIENTED_EDGE('',*,*,#6899,.T.);
#6899 = EDGE_CURVE('',#6892,#6839,#6900,.T.);
#6900 = CIRCLE('',#6901,1.09);
#6901 = AXIS2_PLACEMENT_3D('',#6902,#6903,#6904);
#6902 = CARTESIAN_POINT('',(69.,5.,1.01));
#6903 = DIRECTION('',(0.,-1.,1.2E-16));
#6904 = DIRECTION('',(-1.,0.,0.));
#6905 = PLANE('',#6906);
#6906 = AXIS2_PLACEMENT_3D('',#6907,#6908,#6909);
#6907 = CARTESIAN_POINT('',(30.,5.,-2.165));
#6908 = DIRECTION('',(0.,1.,0.));
#6909 = DIRECTION('',(0.,0.,1.));
#6910 = ADVANCED_FACE('',(#6911),#6929,.T.);
#6911 = FACE_BOUND('',#6912,.T.);
#6912 = EDGE_LOOP('',(#6913,#6921,#6927,#6928));
#6913 = ORIENTED_EDGE('',*,*,#6914,.F.);
#6914 = EDGE_CURVE('',#6915,#5605,#6917,.T.);
#6915 = VERTEX_POINT('',#6916);
#6916 = CARTESIAN_POINT('',(30.,15.,-3.165));
#6917 = LINE('',#6918,#6919);
#6918 = CARTESIAN_POINT('',(30.,15.,-3.165));
#6919 = VECTOR('',#6920,1.);
#6920 = DIRECTION('',(0.,1.,0.));
#6921 = ORIENTED_EDGE('',*,*,#6922,.T.);
#6922 = EDGE_CURVE('',#6915,#5116,#6923,.T.);
#6923 = LINE('',#6924,#6925);
#6924 = CARTESIAN_POINT('',(30.,15.,-3.165));
#6925 = VECTOR('',#6926,1.);
#6926 = DIRECTION('',(1.,0.,0.));
#6927 = ORIENTED_EDGE('',*,*,#5123,.F.);
#6928 = ORIENTED_EDGE('',*,*,#5620,.F.);
#6929 = PLANE('',#6930);
#6930 = AXIS2_PLACEMENT_3D('',#6931,#6932,#6933);
#6931 = CARTESIAN_POINT('',(30.,15.,-3.165));
#6932 = DIRECTION('',(0.,0.,1.));
#6933 = DIRECTION('',(1.,0.,0.));
#6934 = ADVANCED_FACE('',(#6935,#6953,#7023,#7057,#7127,#7161),#7231,.T.
  );
#6935 = FACE_BOUND('',#6936,.T.);
#6936 = EDGE_LOOP('',(#6937,#6938,#6946,#6952));
#6937 = ORIENTED_EDGE('',*,*,#6922,.F.);
#6938 = ORIENTED_EDGE('',*,*,#6939,.T.);
#6939 = EDGE_CURVE('',#6915,#6940,#6942,.T.);
#6940 = VERTEX_POINT('',#6941);
#6941 = CARTESIAN_POINT('',(30.,15.,3.165));
#6942 = LINE('',#6943,#6944);
#6943 = CARTESIAN_POINT('',(30.,15.,-3.165));
#6944 = VECTOR('',#6945,1.);
#6945 = DIRECTION('',(0.,0.,1.));
#6946 = ORIENTED_EDGE('',*,*,#6947,.T.);
#6947 = EDGE_CURVE('',#6940,#5162,#6948,.T.);
#6948 = LINE('',#6949,#6950);
#6949 = CARTESIAN_POINT('',(30.,15.,3.165));
#6950 = VECTOR('',#6951,1.);
#6951 = DIRECTION('',(1.,0.,0.));
#6952 = ORIENTED_EDGE('',*,*,#5169,.F.);
#6953 = FACE_BOUND('',#6954,.T.);
#6954 = EDGE_LOOP('',(#6955,#6966,#6974,#6983,#6991,#7000,#7008,#7017));
#6955 = ORIENTED_EDGE('',*,*,#6956,.F.);
#6956 = EDGE_CURVE('',#6957,#6959,#6961,.T.);
#6957 = VERTEX_POINT('',#6958);
#6958 = CARTESIAN_POINT('',(37.91,15.,1.E-02));
#6959 = VERTEX_POINT('',#6960);
#6960 = CARTESIAN_POINT('',(39.,15.,1.1));
#6961 = CIRCLE('',#6962,1.09);
#6962 = AXIS2_PLACEMENT_3D('',#6963,#6964,#6965);
#6963 = CARTESIAN_POINT('',(39.,15.,1.E-02));
#6964 = DIRECTION('',(0.,1.,-0.));
#6965 = DIRECTION('',(-1.,0.,0.));
#6966 = ORIENTED_EDGE('',*,*,#6967,.T.);
#6967 = EDGE_CURVE('',#6957,#6968,#6970,.T.);
#6968 = VERTEX_POINT('',#6969);
#6969 = CARTESIAN_POINT('',(37.91,15.,-1.E-02));
#6970 = LINE('',#6971,#6972);
#6971 = CARTESIAN_POINT('',(37.91,15.,-2.1325));
#6972 = VECTOR('',#6973,1.);
#6973 = DIRECTION('',(0.,0.,-1.));
#6974 = ORIENTED_EDGE('',*,*,#6975,.F.);
#6975 = EDGE_CURVE('',#6976,#6968,#6978,.T.);
#6976 = VERTEX_POINT('',#6977);
#6977 = CARTESIAN_POINT('',(39.,15.,-1.1));
#6978 = CIRCLE('',#6979,1.09);
#6979 = AXIS2_PLACEMENT_3D('',#6980,#6981,#6982);
#6980 = CARTESIAN_POINT('',(39.,15.,-1.E-02));
#6981 = DIRECTION('',(0.,1.,-0.));
#6982 = DIRECTION('',(-1.,0.,0.));
#6983 = ORIENTED_EDGE('',*,*,#6984,.T.);
#6984 = EDGE_CURVE('',#6976,#6985,#6987,.T.);
#6985 = VERTEX_POINT('',#6986);
#6986 = CARTESIAN_POINT('',(40.02,15.,-1.1));
#6987 = LINE('',#6988,#6989);
#6988 = CARTESIAN_POINT('',(33.955,15.,-1.1));
#6989 = VECTOR('',#6990,1.);
#6990 = DIRECTION('',(1.,0.,0.));
#6991 = ORIENTED_EDGE('',*,*,#6992,.F.);
#6992 = EDGE_CURVE('',#6993,#6985,#6995,.T.);
#6993 = VERTEX_POINT('',#6994);
#6994 = CARTESIAN_POINT('',(41.11,15.,-1.E-02));
#6995 = CIRCLE('',#6996,1.09);
#6996 = AXIS2_PLACEMENT_3D('',#6997,#6998,#6999);
#6997 = CARTESIAN_POINT('',(40.02,15.,-1.E-02));
#6998 = DIRECTION('',(-0.,1.,0.));
#6999 = DIRECTION('',(1.,0.,0.));
#7000 = ORIENTED_EDGE('',*,*,#7001,.F.);
#7001 = EDGE_CURVE('',#7002,#6993,#7004,.T.);
#7002 = VERTEX_POINT('',#7003);
#7003 = CARTESIAN_POINT('',(41.11,15.,1.E-02));
#7004 = LINE('',#7005,#7006);
#7005 = CARTESIAN_POINT('',(41.11,15.,-2.1325));
#7006 = VECTOR('',#7007,1.);
#7007 = DIRECTION('',(0.,0.,-1.));
#7008 = ORIENTED_EDGE('',*,*,#7009,.F.);
#7009 = EDGE_CURVE('',#7010,#7002,#7012,.T.);
#7010 = VERTEX_POINT('',#7011);
#7011 = CARTESIAN_POINT('',(40.02,15.,1.1));
#7012 = CIRCLE('',#7013,1.09);
#7013 = AXIS2_PLACEMENT_3D('',#7014,#7015,#7016);
#7014 = CARTESIAN_POINT('',(40.02,15.,1.E-02));
#7015 = DIRECTION('',(-0.,1.,0.));
#7016 = DIRECTION('',(1.,0.,0.));
#7017 = ORIENTED_EDGE('',*,*,#7018,.F.);
#7018 = EDGE_CURVE('',#6959,#7010,#7019,.T.);
#7019 = LINE('',#7020,#7021);
#7020 = CARTESIAN_POINT('',(33.955,15.,1.1));
#7021 = VECTOR('',#7022,1.);
#7022 = DIRECTION('',(1.,0.,0.));
#7023 = FACE_BOUND('',#7024,.T.);
#7024 = EDGE_LOOP('',(#7025,#7035,#7043,#7051));
#7025 = ORIENTED_EDGE('',*,*,#7026,.F.);
#7026 = EDGE_CURVE('',#7027,#7029,#7031,.T.);
#7027 = VERTEX_POINT('',#7028);
#7028 = CARTESIAN_POINT('',(43.01,15.,2.2));
#7029 = VERTEX_POINT('',#7030);
#7030 = CARTESIAN_POINT('',(48.01,15.,2.2));
#7031 = LINE('',#7032,#7033);
#7032 = CARTESIAN_POINT('',(36.78,15.,2.2));
#7033 = VECTOR('',#7034,1.);
#7034 = DIRECTION('',(1.,0.,0.));
#7035 = ORIENTED_EDGE('',*,*,#7036,.T.);
#7036 = EDGE_CURVE('',#7027,#7037,#7039,.T.);
#7037 = VERTEX_POINT('',#7038);
#7038 = CARTESIAN_POINT('',(43.01,15.,-2.2));
#7039 = LINE('',#7040,#7041);
#7040 = CARTESIAN_POINT('',(43.01,15.,-2.6825));
#7041 = VECTOR('',#7042,1.);
#7042 = DIRECTION('',(0.,0.,-1.));
#7043 = ORIENTED_EDGE('',*,*,#7044,.F.);
#7044 = EDGE_CURVE('',#7045,#7037,#7047,.T.);
#7045 = VERTEX_POINT('',#7046);
#7046 = CARTESIAN_POINT('',(48.01,15.,-2.2));
#7047 = LINE('',#7048,#7049);
#7048 = CARTESIAN_POINT('',(36.78,15.,-2.2));
#7049 = VECTOR('',#7050,1.);
#7050 = DIRECTION('',(-1.,0.,0.));
#7051 = ORIENTED_EDGE('',*,*,#7052,.F.);
#7052 = EDGE_CURVE('',#7029,#7045,#7053,.T.);
#7053 = LINE('',#7054,#7055);
#7054 = CARTESIAN_POINT('',(48.01,15.,-2.6825));
#7055 = VECTOR('',#7056,1.);
#7056 = DIRECTION('',(0.,0.,-1.));
#7057 = FACE_BOUND('',#7058,.T.);
#7058 = EDGE_LOOP('',(#7059,#7070,#7078,#7087,#7095,#7104,#7112,#7121));
#7059 = ORIENTED_EDGE('',*,*,#7060,.F.);
#7060 = EDGE_CURVE('',#7061,#7063,#7065,.T.);
#7061 = VERTEX_POINT('',#7062);
#7062 = CARTESIAN_POINT('',(52.91,15.,1.E-02));
#7063 = VERTEX_POINT('',#7064);
#7064 = CARTESIAN_POINT('',(54.,15.,1.1));
#7065 = CIRCLE('',#7066,1.09);
#7066 = AXIS2_PLACEMENT_3D('',#7067,#7068,#7069);
#7067 = CARTESIAN_POINT('',(54.,15.,1.E-02));
#7068 = DIRECTION('',(0.,1.,-0.));
#7069 = DIRECTION('',(-1.,0.,0.));
#7070 = ORIENTED_EDGE('',*,*,#7071,.T.);
#7071 = EDGE_CURVE('',#7061,#7072,#7074,.T.);
#7072 = VERTEX_POINT('',#7073);
#7073 = CARTESIAN_POINT('',(52.91,15.,-1.E-02));
#7074 = LINE('',#7075,#7076);
#7075 = CARTESIAN_POINT('',(52.91,15.,-2.1325));
#7076 = VECTOR('',#7077,1.);
#7077 = DIRECTION('',(0.,0.,-1.));
#7078 = ORIENTED_EDGE('',*,*,#7079,.F.);
#7079 = EDGE_CURVE('',#7080,#7072,#7082,.T.);
#7080 = VERTEX_POINT('',#7081);
#7081 = CARTESIAN_POINT('',(54.,15.,-1.1));
#7082 = CIRCLE('',#7083,1.09);
#7083 = AXIS2_PLACEMENT_3D('',#7084,#7085,#7086);
#7084 = CARTESIAN_POINT('',(54.,15.,-1.E-02));
#7085 = DIRECTION('',(0.,1.,-0.));
#7086 = DIRECTION('',(-1.,0.,0.));
#7087 = ORIENTED_EDGE('',*,*,#7088,.T.);
#7088 = EDGE_CURVE('',#7080,#7089,#7091,.T.);
#7089 = VERTEX_POINT('',#7090);
#7090 = CARTESIAN_POINT('',(55.02,15.,-1.1));
#7091 = LINE('',#7092,#7093);
#7092 = CARTESIAN_POINT('',(41.455,15.,-1.1));
#7093 = VECTOR('',#7094,1.);
#7094 = DIRECTION('',(1.,0.,0.));
#7095 = ORIENTED_EDGE('',*,*,#7096,.F.);
#7096 = EDGE_CURVE('',#7097,#7089,#7099,.T.);
#7097 = VERTEX_POINT('',#7098);
#7098 = CARTESIAN_POINT('',(56.11,15.,-1.E-02));
#7099 = CIRCLE('',#7100,1.09);
#7100 = AXIS2_PLACEMENT_3D('',#7101,#7102,#7103);
#7101 = CARTESIAN_POINT('',(55.02,15.,-1.E-02));
#7102 = DIRECTION('',(-0.,1.,0.));
#7103 = DIRECTION('',(1.,0.,0.));
#7104 = ORIENTED_EDGE('',*,*,#7105,.F.);
#7105 = EDGE_CURVE('',#7106,#7097,#7108,.T.);
#7106 = VERTEX_POINT('',#7107);
#7107 = CARTESIAN_POINT('',(56.11,15.,1.E-02));
#7108 = LINE('',#7109,#7110);
#7109 = CARTESIAN_POINT('',(56.11,15.,-2.1325));
#7110 = VECTOR('',#7111,1.);
#7111 = DIRECTION('',(0.,0.,-1.));
#7112 = ORIENTED_EDGE('',*,*,#7113,.F.);
#7113 = EDGE_CURVE('',#7114,#7106,#7116,.T.);
#7114 = VERTEX_POINT('',#7115);
#7115 = CARTESIAN_POINT('',(55.02,15.,1.1));
#7116 = CIRCLE('',#7117,1.09);
#7117 = AXIS2_PLACEMENT_3D('',#7118,#7119,#7120);
#7118 = CARTESIAN_POINT('',(55.02,15.,1.E-02));
#7119 = DIRECTION('',(-0.,1.,0.));
#7120 = DIRECTION('',(1.,0.,0.));
#7121 = ORIENTED_EDGE('',*,*,#7122,.F.);
#7122 = EDGE_CURVE('',#7063,#7114,#7123,.T.);
#7123 = LINE('',#7124,#7125);
#7124 = CARTESIAN_POINT('',(41.455,15.,1.1));
#7125 = VECTOR('',#7126,1.);
#7126 = DIRECTION('',(1.,0.,0.));
#7127 = FACE_BOUND('',#7128,.T.);
#7128 = EDGE_LOOP('',(#7129,#7139,#7147,#7155));
#7129 = ORIENTED_EDGE('',*,*,#7130,.F.);
#7130 = EDGE_CURVE('',#7131,#7133,#7135,.T.);
#7131 = VERTEX_POINT('',#7132);
#7132 = CARTESIAN_POINT('',(58.01,15.,2.2));
#7133 = VERTEX_POINT('',#7134);
#7134 = CARTESIAN_POINT('',(63.01,15.,2.2));
#7135 = LINE('',#7136,#7137);
#7136 = CARTESIAN_POINT('',(44.28,15.,2.2));
#7137 = VECTOR('',#7138,1.);
#7138 = DIRECTION('',(1.,0.,0.));
#7139 = ORIENTED_EDGE('',*,*,#7140,.T.);
#7140 = EDGE_CURVE('',#7131,#7141,#7143,.T.);
#7141 = VERTEX_POINT('',#7142);
#7142 = CARTESIAN_POINT('',(58.01,15.,-2.2));
#7143 = LINE('',#7144,#7145);
#7144 = CARTESIAN_POINT('',(58.01,15.,-2.6825));
#7145 = VECTOR('',#7146,1.);
#7146 = DIRECTION('',(0.,0.,-1.));
#7147 = ORIENTED_EDGE('',*,*,#7148,.F.);
#7148 = EDGE_CURVE('',#7149,#7141,#7151,.T.);
#7149 = VERTEX_POINT('',#7150);
#7150 = CARTESIAN_POINT('',(63.01,15.,-2.2));
#7151 = LINE('',#7152,#7153);
#7152 = CARTESIAN_POINT('',(44.28,15.,-2.2));
#7153 = VECTOR('',#7154,1.);
#7154 = DIRECTION('',(-1.,0.,0.));
#7155 = ORIENTED_EDGE('',*,*,#7156,.F.);
#7156 = EDGE_CURVE('',#7133,#7149,#7157,.T.);
#7157 = LINE('',#7158,#7159);
#7158 = CARTESIAN_POINT('',(63.01,15.,-2.6825));
#7159 = VECTOR('',#7160,1.);
#7160 = DIRECTION('',(0.,0.,-1.));
#7161 = FACE_BOUND('',#7162,.T.);
#7162 = EDGE_LOOP('',(#7163,#7174,#7182,#7191,#7199,#7208,#7216,#7225));
#7163 = ORIENTED_EDGE('',*,*,#7164,.F.);
#7164 = EDGE_CURVE('',#7165,#7167,#7169,.T.);
#7165 = VERTEX_POINT('',#7166);
#7166 = CARTESIAN_POINT('',(67.91,15.,1.E-02));
#7167 = VERTEX_POINT('',#7168);
#7168 = CARTESIAN_POINT('',(69.,15.,1.1));
#7169 = CIRCLE('',#7170,1.09);
#7170 = AXIS2_PLACEMENT_3D('',#7171,#7172,#7173);
#7171 = CARTESIAN_POINT('',(69.,15.,1.E-02));
#7172 = DIRECTION('',(0.,1.,-0.));
#7173 = DIRECTION('',(-1.,0.,0.));
#7174 = ORIENTED_EDGE('',*,*,#7175,.T.);
#7175 = EDGE_CURVE('',#7165,#7176,#7178,.T.);
#7176 = VERTEX_POINT('',#7177);
#7177 = CARTESIAN_POINT('',(67.91,15.,-1.E-02));
#7178 = LINE('',#7179,#7180);
#7179 = CARTESIAN_POINT('',(67.91,15.,-2.1325));
#7180 = VECTOR('',#7181,1.);
#7181 = DIRECTION('',(0.,0.,-1.));
#7182 = ORIENTED_EDGE('',*,*,#7183,.F.);
#7183 = EDGE_CURVE('',#7184,#7176,#7186,.T.);
#7184 = VERTEX_POINT('',#7185);
#7185 = CARTESIAN_POINT('',(69.,15.,-1.1));
#7186 = CIRCLE('',#7187,1.09);
#7187 = AXIS2_PLACEMENT_3D('',#7188,#7189,#7190);
#7188 = CARTESIAN_POINT('',(69.,15.,-1.E-02));
#7189 = DIRECTION('',(0.,1.,-0.));
#7190 = DIRECTION('',(-1.,0.,0.));
#7191 = ORIENTED_EDGE('',*,*,#7192,.T.);
#7192 = EDGE_CURVE('',#7184,#7193,#7195,.T.);
#7193 = VERTEX_POINT('',#7194);
#7194 = CARTESIAN_POINT('',(70.02,15.,-1.1));
#7195 = LINE('',#7196,#7197);
#7196 = CARTESIAN_POINT('',(48.955,15.,-1.1));
#7197 = VECTOR('',#7198,1.);
#7198 = DIRECTION('',(1.,0.,0.));
#7199 = ORIENTED_EDGE('',*,*,#7200,.F.);
#7200 = EDGE_CURVE('',#7201,#7193,#7203,.T.);
#7201 = VERTEX_POINT('',#7202);
#7202 = CARTESIAN_POINT('',(71.11,15.,-1.E-02));
#7203 = CIRCLE('',#7204,1.09);
#7204 = AXIS2_PLACEMENT_3D('',#7205,#7206,#7207);
#7205 = CARTESIAN_POINT('',(70.02,15.,-1.E-02));
#7206 = DIRECTION('',(-0.,1.,0.));
#7207 = DIRECTION('',(1.,0.,0.));
#7208 = ORIENTED_EDGE('',*,*,#7209,.F.);
#7209 = EDGE_CURVE('',#7210,#7201,#7212,.T.);
#7210 = VERTEX_POINT('',#7211);
#7211 = CARTESIAN_POINT('',(71.11,15.,1.E-02));
#7212 = LINE('',#7213,#7214);
#7213 = CARTESIAN_POINT('',(71.11,15.,-2.1325));
#7214 = VECTOR('',#7215,1.);
#7215 = DIRECTION('',(0.,0.,-1.));
#7216 = ORIENTED_EDGE('',*,*,#7217,.F.);
#7217 = EDGE_CURVE('',#7218,#7210,#7220,.T.);
#7218 = VERTEX_POINT('',#7219);
#7219 = CARTESIAN_POINT('',(70.02,15.,1.1));
#7220 = CIRCLE('',#7221,1.09);
#7221 = AXIS2_PLACEMENT_3D('',#7222,#7223,#7224);
#7222 = CARTESIAN_POINT('',(70.02,15.,1.E-02));
#7223 = DIRECTION('',(-0.,1.,0.));
#7224 = DIRECTION('',(1.,0.,0.));
#7225 = ORIENTED_EDGE('',*,*,#7226,.F.);
#7226 = EDGE_CURVE('',#7167,#7218,#7227,.T.);
#7227 = LINE('',#7228,#7229);
#7228 = CARTESIAN_POINT('',(48.955,15.,1.1));
#7229 = VECTOR('',#7230,1.);
#7230 = DIRECTION('',(1.,0.,0.));
#7231 = PLANE('',#7232);
#7232 = AXIS2_PLACEMENT_3D('',#7233,#7234,#7235);
#7233 = CARTESIAN_POINT('',(30.,15.,-3.165));
#7234 = DIRECTION('',(0.,1.,0.));
#7235 = DIRECTION('',(0.,0.,1.));
#7236 = ADVANCED_FACE('',(#7237),#7242,.T.);
#7237 = FACE_BOUND('',#7238,.T.);
#7238 = EDGE_LOOP('',(#7239,#7240,#7241));
#7239 = ORIENTED_EDGE('',*,*,#5207,.F.);
#7240 = ORIENTED_EDGE('',*,*,#5183,.T.);
#7241 = ORIENTED_EDGE('',*,*,#5566,.F.);
#7242 = PLANE('',#7243);
#7243 = AXIS2_PLACEMENT_3D('',#7244,#7245,#7246);
#7244 = CARTESIAN_POINT('',(73.,15.2,4.165));
#7245 = DIRECTION('',(0.49700734612,0.613589316197,-0.613589316197));
#7246 = DIRECTION('',(-2.775557561563E-17,-0.707106781187,
    -0.707106781187));
#7247 = ADVANCED_FACE('',(#7248),#7259,.F.);
#7248 = FACE_BOUND('',#7249,.F.);
#7249 = EDGE_LOOP('',(#7250,#7256,#7257,#7258));
#7250 = ORIENTED_EDGE('',*,*,#7251,.F.);
#7251 = EDGE_CURVE('',#6940,#5557,#7252,.T.);
#7252 = LINE('',#7253,#7254);
#7253 = CARTESIAN_POINT('',(30.,15.,3.165));
#7254 = VECTOR('',#7255,1.);
#7255 = DIRECTION('',(0.,1.,0.));
#7256 = ORIENTED_EDGE('',*,*,#6947,.T.);
#7257 = ORIENTED_EDGE('',*,*,#5193,.F.);
#7258 = ORIENTED_EDGE('',*,*,#5572,.F.);
#7259 = PLANE('',#7260);
#7260 = AXIS2_PLACEMENT_3D('',#7261,#7262,#7263);
#7261 = CARTESIAN_POINT('',(30.,15.,3.165));
#7262 = DIRECTION('',(0.,0.,1.));
#7263 = DIRECTION('',(1.,0.,0.));
#7264 = ADVANCED_FACE('',(#7265),#7271,.T.);
#7265 = FACE_BOUND('',#7266,.T.);
#7266 = EDGE_LOOP('',(#7267,#7268,#7269,#7270));
#7267 = ORIENTED_EDGE('',*,*,#5349,.F.);
#7268 = ORIENTED_EDGE('',*,*,#5373,.T.);
#7269 = ORIENTED_EDGE('',*,*,#5232,.T.);
#7270 = ORIENTED_EDGE('',*,*,#5326,.F.);
#7271 = PLANE('',#7272);
#7272 = AXIS2_PLACEMENT_3D('',#7273,#7274,#7275);
#7273 = CARTESIAN_POINT('',(66.71,11.3,-2.2));
#7274 = DIRECTION('',(1.,0.,0.));
#7275 = DIRECTION('',(0.,0.,1.));
#7276 = ADVANCED_FACE('',(#7277),#7293,.F.);
#7277 = FACE_BOUND('',#7278,.F.);
#7278 = EDGE_LOOP('',(#7279,#7285,#7286,#7292));
#7279 = ORIENTED_EDGE('',*,*,#7280,.F.);
#7280 = EDGE_CURVE('',#5250,#7165,#7281,.T.);
#7281 = LINE('',#7282,#7283);
#7282 = CARTESIAN_POINT('',(67.91,11.3,1.E-02));
#7283 = VECTOR('',#7284,1.);
#7284 = DIRECTION('',(0.,1.,0.));
#7285 = ORIENTED_EDGE('',*,*,#5249,.T.);
#7286 = ORIENTED_EDGE('',*,*,#7287,.T.);
#7287 = EDGE_CURVE('',#5252,#7167,#7288,.T.);
#7288 = LINE('',#7289,#7290);
#7289 = CARTESIAN_POINT('',(69.,11.3,1.1));
#7290 = VECTOR('',#7291,1.);
#7291 = DIRECTION('',(0.,1.,0.));
#7292 = ORIENTED_EDGE('',*,*,#7164,.F.);
#7293 = CYLINDRICAL_SURFACE('',#7294,1.09);
#7294 = AXIS2_PLACEMENT_3D('',#7295,#7296,#7297);
#7295 = CARTESIAN_POINT('',(69.,11.3,1.E-02));
#7296 = DIRECTION('',(0.,1.,0.));
#7297 = DIRECTION('',(-1.,0.,0.));
#7298 = ADVANCED_FACE('',(#7299),#7310,.T.);
#7299 = FACE_BOUND('',#7300,.T.);
#7300 = EDGE_LOOP('',(#7301,#7302,#7303,#7309));
#7301 = ORIENTED_EDGE('',*,*,#7280,.F.);
#7302 = ORIENTED_EDGE('',*,*,#5260,.T.);
#7303 = ORIENTED_EDGE('',*,*,#7304,.T.);
#7304 = EDGE_CURVE('',#5261,#7176,#7305,.T.);
#7305 = LINE('',#7306,#7307);
#7306 = CARTESIAN_POINT('',(67.91,11.3,-1.E-02));
#7307 = VECTOR('',#7308,1.);
#7308 = DIRECTION('',(0.,1.,0.));
#7309 = ORIENTED_EDGE('',*,*,#7175,.F.);
#7310 = PLANE('',#7311);
#7311 = AXIS2_PLACEMENT_3D('',#7312,#7313,#7314);
#7312 = CARTESIAN_POINT('',(67.91,11.3,-1.1));
#7313 = DIRECTION('',(1.,0.,0.));
#7314 = DIRECTION('',(0.,0.,1.));
#7315 = ADVANCED_FACE('',(#7316),#7327,.F.);
#7316 = FACE_BOUND('',#7317,.F.);
#7317 = EDGE_LOOP('',(#7318,#7319,#7320,#7321));
#7318 = ORIENTED_EDGE('',*,*,#7226,.F.);
#7319 = ORIENTED_EDGE('',*,*,#7287,.F.);
#7320 = ORIENTED_EDGE('',*,*,#5311,.T.);
#7321 = ORIENTED_EDGE('',*,*,#7322,.T.);
#7322 = EDGE_CURVE('',#5303,#7218,#7323,.T.);
#7323 = LINE('',#7324,#7325);
#7324 = CARTESIAN_POINT('',(70.02,11.3,1.1));
#7325 = VECTOR('',#7326,1.);
#7326 = DIRECTION('',(0.,1.,0.));
#7327 = PLANE('',#7328);
#7328 = AXIS2_PLACEMENT_3D('',#7329,#7330,#7331);
#7329 = CARTESIAN_POINT('',(67.91,11.3,1.1));
#7330 = DIRECTION('',(0.,0.,1.));
#7331 = DIRECTION('',(1.,0.,0.));
#7332 = ADVANCED_FACE('',(#7333),#7344,.F.);
#7333 = FACE_BOUND('',#7334,.T.);
#7334 = EDGE_LOOP('',(#7335,#7336,#7337,#7343));
#7335 = ORIENTED_EDGE('',*,*,#7304,.F.);
#7336 = ORIENTED_EDGE('',*,*,#5268,.F.);
#7337 = ORIENTED_EDGE('',*,*,#7338,.T.);
#7338 = EDGE_CURVE('',#5269,#7184,#7339,.T.);
#7339 = LINE('',#7340,#7341);
#7340 = CARTESIAN_POINT('',(69.,11.3,-1.1));
#7341 = VECTOR('',#7342,1.);
#7342 = DIRECTION('',(0.,1.,0.));
#7343 = ORIENTED_EDGE('',*,*,#7183,.T.);
#7344 = CYLINDRICAL_SURFACE('',#7345,1.09);
#7345 = AXIS2_PLACEMENT_3D('',#7346,#7347,#7348);
#7346 = CARTESIAN_POINT('',(69.,11.3,-1.E-02));
#7347 = DIRECTION('',(0.,1.,0.));
#7348 = DIRECTION('',(-1.,0.,0.));
#7349 = ADVANCED_FACE('',(#7350),#7361,.F.);
#7350 = FACE_BOUND('',#7351,.T.);
#7351 = EDGE_LOOP('',(#7352,#7358,#7359,#7360));
#7352 = ORIENTED_EDGE('',*,*,#7353,.F.);
#7353 = EDGE_CURVE('',#5295,#7210,#7354,.T.);
#7354 = LINE('',#7355,#7356);
#7355 = CARTESIAN_POINT('',(71.11,11.3,1.E-02));
#7356 = VECTOR('',#7357,1.);
#7357 = DIRECTION('',(0.,1.,0.));
#7358 = ORIENTED_EDGE('',*,*,#5302,.F.);
#7359 = ORIENTED_EDGE('',*,*,#7322,.T.);
#7360 = ORIENTED_EDGE('',*,*,#7217,.T.);
#7361 = CYLINDRICAL_SURFACE('',#7362,1.09);
#7362 = AXIS2_PLACEMENT_3D('',#7363,#7364,#7365);
#7363 = CARTESIAN_POINT('',(70.02,11.3,1.E-02));
#7364 = DIRECTION('',(0.,1.,0.));
#7365 = DIRECTION('',(1.,0.,0.));
#7366 = ADVANCED_FACE('',(#7367),#7378,.T.);
#7367 = FACE_BOUND('',#7368,.T.);
#7368 = EDGE_LOOP('',(#7369,#7370,#7371,#7372));
#7369 = ORIENTED_EDGE('',*,*,#7192,.F.);
#7370 = ORIENTED_EDGE('',*,*,#7338,.F.);
#7371 = ORIENTED_EDGE('',*,*,#5277,.T.);
#7372 = ORIENTED_EDGE('',*,*,#7373,.T.);
#7373 = EDGE_CURVE('',#5278,#7193,#7374,.T.);
#7374 = LINE('',#7375,#7376);
#7375 = CARTESIAN_POINT('',(70.02,11.3,-1.1));
#7376 = VECTOR('',#7377,1.);
#7377 = DIRECTION('',(0.,1.,0.));
#7378 = PLANE('',#7379);
#7379 = AXIS2_PLACEMENT_3D('',#7380,#7381,#7382);
#7380 = CARTESIAN_POINT('',(67.91,11.3,-1.1));
#7381 = DIRECTION('',(0.,0.,1.));
#7382 = DIRECTION('',(1.,0.,0.));
#7383 = ADVANCED_FACE('',(#7384),#7395,.F.);
#7384 = FACE_BOUND('',#7385,.F.);
#7385 = EDGE_LOOP('',(#7386,#7387,#7388,#7394));
#7386 = ORIENTED_EDGE('',*,*,#7353,.F.);
#7387 = ORIENTED_EDGE('',*,*,#5294,.T.);
#7388 = ORIENTED_EDGE('',*,*,#7389,.T.);
#7389 = EDGE_CURVE('',#5286,#7201,#7390,.T.);
#7390 = LINE('',#7391,#7392);
#7391 = CARTESIAN_POINT('',(71.11,11.3,-1.E-02));
#7392 = VECTOR('',#7393,1.);
#7393 = DIRECTION('',(0.,1.,0.));
#7394 = ORIENTED_EDGE('',*,*,#7209,.F.);
#7395 = PLANE('',#7396);
#7396 = AXIS2_PLACEMENT_3D('',#7397,#7398,#7399);
#7397 = CARTESIAN_POINT('',(71.11,11.3,-1.1));
#7398 = DIRECTION('',(1.,0.,0.));
#7399 = DIRECTION('',(0.,0.,1.));
#7400 = ADVANCED_FACE('',(#7401),#7407,.F.);
#7401 = FACE_BOUND('',#7402,.F.);
#7402 = EDGE_LOOP('',(#7403,#7404,#7405,#7406));
#7403 = ORIENTED_EDGE('',*,*,#7389,.F.);
#7404 = ORIENTED_EDGE('',*,*,#5285,.T.);
#7405 = ORIENTED_EDGE('',*,*,#7373,.T.);
#7406 = ORIENTED_EDGE('',*,*,#7200,.F.);
#7407 = CYLINDRICAL_SURFACE('',#7408,1.09);
#7408 = AXIS2_PLACEMENT_3D('',#7409,#7410,#7411);
#7409 = CARTESIAN_POINT('',(70.02,11.3,-1.E-02));
#7410 = DIRECTION('',(0.,1.,0.));
#7411 = DIRECTION('',(1.,0.,0.));
#7412 = ADVANCED_FACE('',(#7413),#7419,.T.);
#7413 = FACE_BOUND('',#7414,.T.);
#7414 = EDGE_LOOP('',(#7415,#7416,#7417,#7418));
#7415 = ORIENTED_EDGE('',*,*,#5515,.F.);
#7416 = ORIENTED_EDGE('',*,*,#5539,.T.);
#7417 = ORIENTED_EDGE('',*,*,#5398,.T.);
#7418 = ORIENTED_EDGE('',*,*,#5492,.F.);
#7419 = PLANE('',#7420);
#7420 = AXIS2_PLACEMENT_3D('',#7421,#7422,#7423);
#7421 = CARTESIAN_POINT('',(66.71,8.7,3.2));
#7422 = DIRECTION('',(1.,0.,0.));
#7423 = DIRECTION('',(0.,0.,-1.));
#7424 = ADVANCED_FACE('',(#7425),#7441,.F.);
#7425 = FACE_BOUND('',#7426,.F.);
#7426 = EDGE_LOOP('',(#7427,#7433,#7434,#7440));
#7427 = ORIENTED_EDGE('',*,*,#7428,.F.);
#7428 = EDGE_CURVE('',#5416,#6841,#7429,.T.);
#7429 = LINE('',#7430,#7431);
#7430 = CARTESIAN_POINT('',(67.91,8.7,0.99));
#7431 = VECTOR('',#7432,1.);
#7432 = DIRECTION('',(0.,-1.,0.));
#7433 = ORIENTED_EDGE('',*,*,#5415,.T.);
#7434 = ORIENTED_EDGE('',*,*,#7435,.T.);
#7435 = EDGE_CURVE('',#5418,#6849,#7436,.T.);
#7436 = LINE('',#7437,#7438);
#7437 = CARTESIAN_POINT('',(69.,8.7,-0.1));
#7438 = VECTOR('',#7439,1.);
#7439 = DIRECTION('',(0.,-1.,0.));
#7440 = ORIENTED_EDGE('',*,*,#6848,.F.);
#7441 = CYLINDRICAL_SURFACE('',#7442,1.09);
#7442 = AXIS2_PLACEMENT_3D('',#7443,#7444,#7445);
#7443 = CARTESIAN_POINT('',(69.,8.7,0.99));
#7444 = DIRECTION('',(0.,-1.,0.));
#7445 = DIRECTION('',(-1.,0.,0.));
#7446 = ADVANCED_FACE('',(#7447),#7458,.T.);
#7447 = FACE_BOUND('',#7448,.T.);
#7448 = EDGE_LOOP('',(#7449,#7450,#7451,#7457));
#7449 = ORIENTED_EDGE('',*,*,#7428,.F.);
#7450 = ORIENTED_EDGE('',*,*,#5426,.T.);
#7451 = ORIENTED_EDGE('',*,*,#7452,.T.);
#7452 = EDGE_CURVE('',#5427,#6839,#7453,.T.);
#7453 = LINE('',#7454,#7455);
#7454 = CARTESIAN_POINT('',(67.91,8.7,1.01));
#7455 = VECTOR('',#7456,1.);
#7456 = DIRECTION('',(0.,-1.,0.));
#7457 = ORIENTED_EDGE('',*,*,#6838,.T.);
#7458 = PLANE('',#7459);
#7459 = AXIS2_PLACEMENT_3D('',#7460,#7461,#7462);
#7460 = CARTESIAN_POINT('',(67.91,8.7,2.1));
#7461 = DIRECTION('',(1.,0.,0.));
#7462 = DIRECTION('',(0.,0.,-1.));
#7463 = ADVANCED_FACE('',(#7464),#7475,.F.);
#7464 = FACE_BOUND('',#7465,.F.);
#7465 = EDGE_LOOP('',(#7466,#7467,#7468,#7469));
#7466 = ORIENTED_EDGE('',*,*,#6857,.T.);
#7467 = ORIENTED_EDGE('',*,*,#7435,.F.);
#7468 = ORIENTED_EDGE('',*,*,#5477,.T.);
#7469 = ORIENTED_EDGE('',*,*,#7470,.T.);
#7470 = EDGE_CURVE('',#5469,#6858,#7471,.T.);
#7471 = LINE('',#7472,#7473);
#7472 = CARTESIAN_POINT('',(70.02,8.7,-0.1));
#7473 = VECTOR('',#7474,1.);
#7474 = DIRECTION('',(0.,-1.,0.));
#7475 = PLANE('',#7476);
#7476 = AXIS2_PLACEMENT_3D('',#7477,#7478,#7479);
#7477 = CARTESIAN_POINT('',(67.91,8.7,-0.1));
#7478 = DIRECTION('',(0.,0.,-1.));
#7479 = DIRECTION('',(1.,0.,0.));
#7480 = ADVANCED_FACE('',(#7481),#7492,.F.);
#7481 = FACE_BOUND('',#7482,.T.);
#7482 = EDGE_LOOP('',(#7483,#7484,#7485,#7491));
#7483 = ORIENTED_EDGE('',*,*,#7452,.F.);
#7484 = ORIENTED_EDGE('',*,*,#5434,.F.);
#7485 = ORIENTED_EDGE('',*,*,#7486,.T.);
#7486 = EDGE_CURVE('',#5435,#6892,#7487,.T.);
#7487 = LINE('',#7488,#7489);
#7488 = CARTESIAN_POINT('',(69.,8.7,2.1));
#7489 = VECTOR('',#7490,1.);
#7490 = DIRECTION('',(0.,-1.,0.));
#7491 = ORIENTED_EDGE('',*,*,#6899,.T.);
#7492 = CYLINDRICAL_SURFACE('',#7493,1.09);
#7493 = AXIS2_PLACEMENT_3D('',#7494,#7495,#7496);
#7494 = CARTESIAN_POINT('',(69.,8.7,1.01));
#7495 = DIRECTION('',(0.,-1.,0.));
#7496 = DIRECTION('',(-1.,0.,0.));
#7497 = ADVANCED_FACE('',(#7498),#7509,.F.);
#7498 = FACE_BOUND('',#7499,.T.);
#7499 = EDGE_LOOP('',(#7500,#7506,#7507,#7508));
#7500 = ORIENTED_EDGE('',*,*,#7501,.F.);
#7501 = EDGE_CURVE('',#5461,#6866,#7502,.T.);
#7502 = LINE('',#7503,#7504);
#7503 = CARTESIAN_POINT('',(71.11,8.7,0.99));
#7504 = VECTOR('',#7505,1.);
#7505 = DIRECTION('',(0.,-1.,0.));
#7506 = ORIENTED_EDGE('',*,*,#5468,.F.);
#7507 = ORIENTED_EDGE('',*,*,#7470,.T.);
#7508 = ORIENTED_EDGE('',*,*,#6865,.T.);
#7509 = CYLINDRICAL_SURFACE('',#7510,1.09);
#7510 = AXIS2_PLACEMENT_3D('',#7511,#7512,#7513);
#7511 = CARTESIAN_POINT('',(70.02,8.7,0.99));
#7512 = DIRECTION('',(0.,-1.,0.));
#7513 = DIRECTION('',(1.,0.,0.));
#7514 = ADVANCED_FACE('',(#7515),#7526,.T.);
#7515 = FACE_BOUND('',#7516,.T.);
#7516 = EDGE_LOOP('',(#7517,#7518,#7519,#7520));
#7517 = ORIENTED_EDGE('',*,*,#6891,.T.);
#7518 = ORIENTED_EDGE('',*,*,#7486,.F.);
#7519 = ORIENTED_EDGE('',*,*,#5443,.T.);
#7520 = ORIENTED_EDGE('',*,*,#7521,.T.);
#7521 = EDGE_CURVE('',#5444,#6883,#7522,.T.);
#7522 = LINE('',#7523,#7524);
#7523 = CARTESIAN_POINT('',(70.02,8.7,2.1));
#7524 = VECTOR('',#7525,1.);
#7525 = DIRECTION('',(0.,-1.,0.));
#7526 = PLANE('',#7527);
#7527 = AXIS2_PLACEMENT_3D('',#7528,#7529,#7530);
#7528 = CARTESIAN_POINT('',(67.91,8.7,2.1));
#7529 = DIRECTION('',(0.,0.,-1.));
#7530 = DIRECTION('',(1.,0.,0.));
#7531 = ADVANCED_FACE('',(#7532),#7543,.F.);
#7532 = FACE_BOUND('',#7533,.F.);
#7533 = EDGE_LOOP('',(#7534,#7535,#7536,#7542));
#7534 = ORIENTED_EDGE('',*,*,#7501,.F.);
#7535 = ORIENTED_EDGE('',*,*,#5460,.T.);
#7536 = ORIENTED_EDGE('',*,*,#7537,.T.);
#7537 = EDGE_CURVE('',#5452,#6875,#7538,.T.);
#7538 = LINE('',#7539,#7540);
#7539 = CARTESIAN_POINT('',(71.11,8.7,1.01));
#7540 = VECTOR('',#7541,1.);
#7541 = DIRECTION('',(0.,-1.,0.));
#7542 = ORIENTED_EDGE('',*,*,#6874,.T.);
#7543 = PLANE('',#7544);
#7544 = AXIS2_PLACEMENT_3D('',#7545,#7546,#7547);
#7545 = CARTESIAN_POINT('',(71.11,8.7,2.1));
#7546 = DIRECTION('',(1.,0.,0.));
#7547 = DIRECTION('',(0.,0.,-1.));
#7548 = ADVANCED_FACE('',(#7549),#7555,.F.);
#7549 = FACE_BOUND('',#7550,.F.);
#7550 = EDGE_LOOP('',(#7551,#7552,#7553,#7554));
#7551 = ORIENTED_EDGE('',*,*,#7537,.F.);
#7552 = ORIENTED_EDGE('',*,*,#5451,.T.);
#7553 = ORIENTED_EDGE('',*,*,#7521,.T.);
#7554 = ORIENTED_EDGE('',*,*,#6882,.F.);
#7555 = CYLINDRICAL_SURFACE('',#7556,1.09);
#7556 = AXIS2_PLACEMENT_3D('',#7557,#7558,#7559);
#7557 = CARTESIAN_POINT('',(70.02,8.7,1.01));
#7558 = DIRECTION('',(0.,-1.,0.));
#7559 = DIRECTION('',(1.,0.,0.));
#7560 = ADVANCED_FACE('',(#7561),#7567,.T.);
#7561 = FACE_BOUND('',#7562,.T.);
#7562 = EDGE_LOOP('',(#7563,#7564,#7565,#7566));
#7563 = ORIENTED_EDGE('',*,*,#7251,.F.);
#7564 = ORIENTED_EDGE('',*,*,#6939,.F.);
#7565 = ORIENTED_EDGE('',*,*,#6914,.T.);
#7566 = ORIENTED_EDGE('',*,*,#5637,.F.);
#7567 = PLANE('',#7568);
#7568 = AXIS2_PLACEMENT_3D('',#7569,#7570,#7571);
#7569 = CARTESIAN_POINT('',(30.,15.,-3.165));
#7570 = DIRECTION('',(1.,0.,0.));
#7571 = DIRECTION('',(0.,0.,1.));
#7572 = ADVANCED_FACE('',(#7573),#7599,.F.);
#7573 = FACE_BOUND('',#7574,.T.);
#7574 = EDGE_LOOP('',(#7575,#7583,#7592,#7598));
#7575 = ORIENTED_EDGE('',*,*,#7576,.F.);
#7576 = EDGE_CURVE('',#7577,#5655,#7579,.T.);
#7577 = VERTEX_POINT('',#7578);
#7578 = CARTESIAN_POINT('',(-0.165377158833,21.3,5.465675751446));
#7579 = LINE('',#7580,#7581);
#7580 = CARTESIAN_POINT('',(-0.165377158833,49.,5.465675751446));
#7581 = VECTOR('',#7582,1.);
#7582 = DIRECTION('',(0.,-1.,0.));
#7583 = ORIENTED_EDGE('',*,*,#7584,.T.);
#7584 = EDGE_CURVE('',#7577,#7585,#7587,.T.);
#7585 = VERTEX_POINT('',#7586);
#7586 = CARTESIAN_POINT('',(-1.834622841167,21.3,5.465675751446));
#7587 = CIRCLE('',#7588,1.575);
#7588 = AXIS2_PLACEMENT_3D('',#7589,#7590,#7591);
#7589 = CARTESIAN_POINT('',(-1.,21.3,4.13));
#7590 = DIRECTION('',(-0.,1.,2.2E-16));
#7591 = DIRECTION('',(1.,0.,0.));
#7592 = ORIENTED_EDGE('',*,*,#7593,.T.);
#7593 = EDGE_CURVE('',#7585,#5657,#7594,.T.);
#7594 = LINE('',#7595,#7596);
#7595 = CARTESIAN_POINT('',(-1.834622841167,49.,5.465675751446));
#7596 = VECTOR('',#7597,1.);
#7597 = DIRECTION('',(0.,-1.,0.));
#7598 = ORIENTED_EDGE('',*,*,#5654,.F.);
#7599 = CYLINDRICAL_SURFACE('',#7600,1.575);
#7600 = AXIS2_PLACEMENT_3D('',#7601,#7602,#7603);
#7601 = CARTESIAN_POINT('',(-1.,49.,4.13));
#7602 = DIRECTION('',(-0.,1.,-0.));
#7603 = DIRECTION('',(1.,0.,0.));
#7604 = ADVANCED_FACE('',(#7605),#7623,.F.);
#7605 = FACE_BOUND('',#7606,.F.);
#7606 = EDGE_LOOP('',(#7607,#7615,#7616,#7617));
#7607 = ORIENTED_EDGE('',*,*,#7608,.F.);
#7608 = EDGE_CURVE('',#7585,#7609,#7611,.T.);
#7609 = VERTEX_POINT('',#7610);
#7610 = CARTESIAN_POINT('',(-1.,21.3,5.987205985295));
#7611 = LINE('',#7612,#7613);
#7612 = CARTESIAN_POINT('',(-1.787438623075,21.3,5.495159723226));
#7613 = VECTOR('',#7614,1.);
#7614 = DIRECTION('',(0.848048096156,-1.2E-16,0.529919264233));
#7615 = ORIENTED_EDGE('',*,*,#7593,.T.);
#7616 = ORIENTED_EDGE('',*,*,#5673,.F.);
#7617 = ORIENTED_EDGE('',*,*,#7618,.F.);
#7618 = EDGE_CURVE('',#7609,#5666,#7619,.T.);
#7619 = LINE('',#7620,#7621);
#7620 = CARTESIAN_POINT('',(-1.,49.,5.987205985295));
#7621 = VECTOR('',#7622,1.);
#7622 = DIRECTION('',(0.,-1.,0.));
#7623 = PLANE('',#7624);
#7624 = AXIS2_PLACEMENT_3D('',#7625,#7626,#7627);
#7625 = CARTESIAN_POINT('',(-1.834622841167,49.,5.465675751446));
#7626 = DIRECTION('',(-0.529919264233,0.,0.848048096156));
#7627 = DIRECTION('',(0.848048096156,0.,0.529919264233));
#7628 = ADVANCED_FACE('',(#7629),#7640,.F.);
#7629 = FACE_BOUND('',#7630,.F.);
#7630 = EDGE_LOOP('',(#7631,#7637,#7638,#7639));
#7631 = ORIENTED_EDGE('',*,*,#7632,.F.);
#7632 = EDGE_CURVE('',#7609,#7577,#7633,.T.);
#7633 = LINE('',#7634,#7635);
#7634 = CARTESIAN_POINT('',(-0.629872797508,21.3,5.75592484015));
#7635 = VECTOR('',#7636,1.);
#7636 = DIRECTION('',(0.848048096156,1.2E-16,-0.529919264233));
#7637 = ORIENTED_EDGE('',*,*,#7618,.T.);
#7638 = ORIENTED_EDGE('',*,*,#5665,.F.);
#7639 = ORIENTED_EDGE('',*,*,#7576,.F.);
#7640 = PLANE('',#7641);
#7641 = AXIS2_PLACEMENT_3D('',#7642,#7643,#7644);
#7642 = CARTESIAN_POINT('',(-1.,49.,5.987205985295));
#7643 = DIRECTION('',(0.529919264233,0.,0.848048096156));
#7644 = DIRECTION('',(0.848048096156,0.,-0.529919264233));
#7645 = ADVANCED_FACE('',(#7646),#7672,.F.);
#7646 = FACE_BOUND('',#7647,.T.);
#7647 = EDGE_LOOP('',(#7648,#7656,#7657,#7665));
#7648 = ORIENTED_EDGE('',*,*,#7649,.F.);
#7649 = EDGE_CURVE('',#5691,#7650,#7652,.T.);
#7650 = VERTEX_POINT('',#7651);
#7651 = CARTESIAN_POINT('',(-0.165377158833,-1.,5.465675751446));
#7652 = LINE('',#7653,#7654);
#7653 = CARTESIAN_POINT('',(-0.165377158833,49.,5.465675751446));
#7654 = VECTOR('',#7655,1.);
#7655 = DIRECTION('',(0.,-1.,0.));
#7656 = ORIENTED_EDGE('',*,*,#5690,.T.);
#7657 = ORIENTED_EDGE('',*,*,#7658,.T.);
#7658 = EDGE_CURVE('',#5693,#7659,#7661,.T.);
#7659 = VERTEX_POINT('',#7660);
#7660 = CARTESIAN_POINT('',(-1.834622841167,-1.,5.465675751446));
#7661 = LINE('',#7662,#7663);
#7662 = CARTESIAN_POINT('',(-1.834622841167,49.,5.465675751446));
#7663 = VECTOR('',#7664,1.);
#7664 = DIRECTION('',(0.,-1.,0.));
#7665 = ORIENTED_EDGE('',*,*,#7666,.T.);
#7666 = EDGE_CURVE('',#7659,#7650,#7667,.T.);
#7667 = CIRCLE('',#7668,1.575);
#7668 = AXIS2_PLACEMENT_3D('',#7669,#7670,#7671);
#7669 = CARTESIAN_POINT('',(-1.,-1.,4.13));
#7670 = DIRECTION('',(0.,-1.,0.));
#7671 = DIRECTION('',(1.,0.,0.));
#7672 = CYLINDRICAL_SURFACE('',#7673,1.575);
#7673 = AXIS2_PLACEMENT_3D('',#7674,#7675,#7676);
#7674 = CARTESIAN_POINT('',(-1.,49.,4.13));
#7675 = DIRECTION('',(-0.,1.,-0.));
#7676 = DIRECTION('',(1.,0.,0.));
#7677 = ADVANCED_FACE('',(#7678),#7696,.F.);
#7678 = FACE_BOUND('',#7679,.F.);
#7679 = EDGE_LOOP('',(#7680,#7681,#7682,#7690));
#7680 = ORIENTED_EDGE('',*,*,#5709,.T.);
#7681 = ORIENTED_EDGE('',*,*,#7658,.T.);
#7682 = ORIENTED_EDGE('',*,*,#7683,.T.);
#7683 = EDGE_CURVE('',#7659,#7684,#7686,.T.);
#7684 = VERTEX_POINT('',#7685);
#7685 = CARTESIAN_POINT('',(-1.,-1.,5.987205985295));
#7686 = LINE('',#7687,#7688);
#7687 = CARTESIAN_POINT('',(-1.834622841167,-1.,5.465675751446));
#7688 = VECTOR('',#7689,1.);
#7689 = DIRECTION('',(0.848048096156,0.,0.529919264233));
#7690 = ORIENTED_EDGE('',*,*,#7691,.F.);
#7691 = EDGE_CURVE('',#5702,#7684,#7692,.T.);
#7692 = LINE('',#7693,#7694);
#7693 = CARTESIAN_POINT('',(-1.,49.,5.987205985295));
#7694 = VECTOR('',#7695,1.);
#7695 = DIRECTION('',(0.,-1.,0.));
#7696 = PLANE('',#7697);
#7697 = AXIS2_PLACEMENT_3D('',#7698,#7699,#7700);
#7698 = CARTESIAN_POINT('',(-1.834622841167,49.,5.465675751446));
#7699 = DIRECTION('',(-0.529919264233,0.,0.848048096156));
#7700 = DIRECTION('',(0.848048096156,0.,0.529919264233));
#7701 = ADVANCED_FACE('',(#7702),#7713,.F.);
#7702 = FACE_BOUND('',#7703,.F.);
#7703 = EDGE_LOOP('',(#7704,#7705,#7706,#7712));
#7704 = ORIENTED_EDGE('',*,*,#5701,.T.);
#7705 = ORIENTED_EDGE('',*,*,#7691,.T.);
#7706 = ORIENTED_EDGE('',*,*,#7707,.T.);
#7707 = EDGE_CURVE('',#7684,#7650,#7708,.T.);
#7708 = LINE('',#7709,#7710);
#7709 = CARTESIAN_POINT('',(-1.,-1.,5.987205985295));
#7710 = VECTOR('',#7711,1.);
#7711 = DIRECTION('',(0.848048096156,0.,-0.529919264233));
#7712 = ORIENTED_EDGE('',*,*,#7649,.F.);
#7713 = PLANE('',#7714);
#7714 = AXIS2_PLACEMENT_3D('',#7715,#7716,#7717);
#7715 = CARTESIAN_POINT('',(-1.,49.,5.987205985295));
#7716 = DIRECTION('',(0.529919264233,0.,0.848048096156));
#7717 = DIRECTION('',(0.848048096156,0.,-0.529919264233));
#7718 = ADVANCED_FACE('',(#7719),#7725,.T.);
#7719 = FACE_BOUND('',#7720,.T.);
#7720 = EDGE_LOOP('',(#7721,#7722,#7723,#7724));
#7721 = ORIENTED_EDGE('',*,*,#6384,.F.);
#7722 = ORIENTED_EDGE('',*,*,#5769,.T.);
#7723 = ORIENTED_EDGE('',*,*,#5985,.T.);
#7724 = ORIENTED_EDGE('',*,*,#6010,.F.);
#7725 = PLANE('',#7726);
#7726 = AXIS2_PLACEMENT_3D('',#7727,#7728,#7729);
#7727 = CARTESIAN_POINT('',(8.5,-5.,23.24));
#7728 = DIRECTION('',(-0.707106781187,-0.707106781187,0.));
#7729 = DIRECTION('',(0.,0.,1.));
#7730 = ADVANCED_FACE('',(#7731),#7756,.F.);
#7731 = FACE_BOUND('',#7732,.F.);
#7732 = EDGE_LOOP('',(#7733,#7743,#7749,#7750));
#7733 = ORIENTED_EDGE('',*,*,#7734,.F.);
#7734 = EDGE_CURVE('',#7735,#7737,#7739,.T.);
#7735 = VERTEX_POINT('',#7736);
#7736 = CARTESIAN_POINT('',(-1.,-1.,6.785811238272));
#7737 = VERTEX_POINT('',#7738);
#7738 = CARTESIAN_POINT('',(0.150000000001,-1.,6.121858428705));
#7739 = LINE('',#7740,#7741);
#7740 = CARTESIAN_POINT('',(-1.,-1.,6.785811238272));
#7741 = VECTOR('',#7742,1.);
#7742 = DIRECTION('',(0.866025403785,0.,-0.499999999999));
#7743 = ORIENTED_EDGE('',*,*,#7744,.T.);
#7744 = EDGE_CURVE('',#7735,#5797,#7745,.T.);
#7745 = LINE('',#7746,#7747);
#7746 = CARTESIAN_POINT('',(-1.,-1.,6.785811238272));
#7747 = VECTOR('',#7748,1.);
#7748 = DIRECTION('',(0.,-1.,0.));
#7749 = ORIENTED_EDGE('',*,*,#5794,.F.);
#7750 = ORIENTED_EDGE('',*,*,#7751,.F.);
#7751 = EDGE_CURVE('',#7737,#5795,#7752,.T.);
#7752 = LINE('',#7753,#7754);
#7753 = CARTESIAN_POINT('',(0.150000000001,-1.,6.121858428705));
#7754 = VECTOR('',#7755,1.);
#7755 = DIRECTION('',(0.,-1.,0.));
#7756 = PLANE('',#7757);
#7757 = AXIS2_PLACEMENT_3D('',#7758,#7759,#7760);
#7758 = CARTESIAN_POINT('',(-1.,-1.,6.785811238272));
#7759 = DIRECTION('',(0.499999999999,0.,0.866025403785));
#7760 = DIRECTION('',(0.866025403785,0.,-0.499999999999));
#7761 = ADVANCED_FACE('',(#7762),#7780,.F.);
#7762 = FACE_BOUND('',#7763,.F.);
#7763 = EDGE_LOOP('',(#7764,#7772,#7778,#7779));
#7764 = ORIENTED_EDGE('',*,*,#7765,.F.);
#7765 = EDGE_CURVE('',#7766,#7735,#7768,.T.);
#7766 = VERTEX_POINT('',#7767);
#7767 = CARTESIAN_POINT('',(-2.15,-1.,6.121858428704));
#7768 = LINE('',#7769,#7770);
#7769 = CARTESIAN_POINT('',(-2.15,-1.,6.121858428704));
#7770 = VECTOR('',#7771,1.);
#7771 = DIRECTION('',(0.866025403784,0.,0.5));
#7772 = ORIENTED_EDGE('',*,*,#7773,.T.);
#7773 = EDGE_CURVE('',#7766,#5805,#7774,.T.);
#7774 = LINE('',#7775,#7776);
#7775 = CARTESIAN_POINT('',(-2.15,-1.,6.121858428704));
#7776 = VECTOR('',#7777,1.);
#7777 = DIRECTION('',(0.,-1.,0.));
#7778 = ORIENTED_EDGE('',*,*,#5813,.F.);
#7779 = ORIENTED_EDGE('',*,*,#7744,.F.);
#7780 = PLANE('',#7781);
#7781 = AXIS2_PLACEMENT_3D('',#7782,#7783,#7784);
#7782 = CARTESIAN_POINT('',(-2.15,-1.,6.121858428704));
#7783 = DIRECTION('',(-0.5,0.,0.866025403784));
#7784 = DIRECTION('',(0.866025403784,0.,0.5));
#7785 = ADVANCED_FACE('',(#7786),#7798,.F.);
#7786 = FACE_BOUND('',#7787,.T.);
#7787 = EDGE_LOOP('',(#7788,#7795,#7796,#7797));
#7788 = ORIENTED_EDGE('',*,*,#7789,.F.);
#7789 = EDGE_CURVE('',#7766,#7737,#7790,.T.);
#7790 = CIRCLE('',#7791,2.3);
#7791 = AXIS2_PLACEMENT_3D('',#7792,#7793,#7794);
#7792 = CARTESIAN_POINT('',(-1.,-1.,4.13));
#7793 = DIRECTION('',(0.,-1.,0.));
#7794 = DIRECTION('',(1.,0.,0.));
#7795 = ORIENTED_EDGE('',*,*,#7773,.T.);
#7796 = ORIENTED_EDGE('',*,*,#5804,.F.);
#7797 = ORIENTED_EDGE('',*,*,#7751,.F.);
#7798 = CYLINDRICAL_SURFACE('',#7799,2.3);
#7799 = AXIS2_PLACEMENT_3D('',#7800,#7801,#7802);
#7800 = CARTESIAN_POINT('',(-1.,-1.,4.13));
#7801 = DIRECTION('',(-0.,1.,-0.));
#7802 = DIRECTION('',(1.,0.,0.));
#7803 = ADVANCED_FACE('',(#7804),#7830,.F.);
#7804 = FACE_BOUND('',#7805,.T.);
#7805 = EDGE_LOOP('',(#7806,#7814,#7815,#7823));
#7806 = ORIENTED_EDGE('',*,*,#7807,.F.);
#7807 = EDGE_CURVE('',#5880,#7808,#7810,.T.);
#7808 = VERTEX_POINT('',#7809);
#7809 = CARTESIAN_POINT('',(16.,-7.884887806182,2.311941329811));
#7810 = LINE('',#7811,#7812);
#7811 = CARTESIAN_POINT('',(14.5,-7.884887806182,2.311941329811));
#7812 = VECTOR('',#7813,1.);
#7813 = DIRECTION('',(1.,0.,0.));
#7814 = ORIENTED_EDGE('',*,*,#5877,.F.);
#7815 = ORIENTED_EDGE('',*,*,#7816,.T.);
#7816 = EDGE_CURVE('',#5878,#7817,#7819,.T.);
#7817 = VERTEX_POINT('',#7818);
#7818 = CARTESIAN_POINT('',(16.,-9.115112193818,2.311941329811));
#7819 = LINE('',#7820,#7821);
#7820 = CARTESIAN_POINT('',(14.5,-9.115112193818,2.311941329811));
#7821 = VECTOR('',#7822,1.);
#7822 = DIRECTION('',(1.,0.,0.));
#7823 = ORIENTED_EDGE('',*,*,#7824,.F.);
#7824 = EDGE_CURVE('',#7808,#7817,#7825,.T.);
#7825 = CIRCLE('',#7826,1.1);
#7826 = AXIS2_PLACEMENT_3D('',#7827,#7828,#7829);
#7827 = CARTESIAN_POINT('',(16.,-8.5,1.4));
#7828 = DIRECTION('',(-1.,0.,0.));
#7829 = DIRECTION('',(0.,0.559192903471,0.829037572555));
#7830 = CYLINDRICAL_SURFACE('',#7831,1.1);
#7831 = AXIS2_PLACEMENT_3D('',#7832,#7833,#7834);
#7832 = CARTESIAN_POINT('',(14.5,-8.5,1.4));
#7833 = DIRECTION('',(-1.,-0.,-0.));
#7834 = DIRECTION('',(0.,1.,0.));
#7835 = ADVANCED_FACE('',(#7836),#7854,.F.);
#7836 = FACE_BOUND('',#7837,.F.);
#7837 = EDGE_LOOP('',(#7838,#7839,#7840,#7848));
#7838 = ORIENTED_EDGE('',*,*,#7807,.F.);
#7839 = ORIENTED_EDGE('',*,*,#5896,.F.);
#7840 = ORIENTED_EDGE('',*,*,#7841,.T.);
#7841 = EDGE_CURVE('',#5889,#7842,#7844,.T.);
#7842 = VERTEX_POINT('',#7843);
#7843 = CARTESIAN_POINT('',(16.,-8.5,2.726839743354));
#7844 = LINE('',#7845,#7846);
#7845 = CARTESIAN_POINT('',(14.5,-8.5,2.726839743354));
#7846 = VECTOR('',#7847,1.);
#7847 = DIRECTION('',(1.,0.,0.));
#7848 = ORIENTED_EDGE('',*,*,#7849,.T.);
#7849 = EDGE_CURVE('',#7842,#7808,#7850,.T.);
#7850 = LINE('',#7851,#7852);
#7851 = CARTESIAN_POINT('',(16.,-8.5,2.726839743354));
#7852 = VECTOR('',#7853,1.);
#7853 = DIRECTION('',(0.,0.829037572555,-0.55919290347));
#7854 = PLANE('',#7855);
#7855 = AXIS2_PLACEMENT_3D('',#7856,#7857,#7858);
#7856 = CARTESIAN_POINT('',(14.5,-8.5,2.726839743354));
#7857 = DIRECTION('',(0.,0.55919290347,0.829037572555));
#7858 = DIRECTION('',(0.,0.829037572555,-0.55919290347));
#7859 = ADVANCED_FACE('',(#7860),#7871,.F.);
#7860 = FACE_BOUND('',#7861,.F.);
#7861 = EDGE_LOOP('',(#7862,#7863,#7864,#7865));
#7862 = ORIENTED_EDGE('',*,*,#7841,.F.);
#7863 = ORIENTED_EDGE('',*,*,#5888,.F.);
#7864 = ORIENTED_EDGE('',*,*,#7816,.T.);
#7865 = ORIENTED_EDGE('',*,*,#7866,.T.);
#7866 = EDGE_CURVE('',#7817,#7842,#7867,.T.);
#7867 = LINE('',#7868,#7869);
#7868 = CARTESIAN_POINT('',(16.,-9.115112193818,2.311941329811));
#7869 = VECTOR('',#7870,1.);
#7870 = DIRECTION('',(0.,0.829037572555,0.559192903471));
#7871 = PLANE('',#7872);
#7872 = AXIS2_PLACEMENT_3D('',#7873,#7874,#7875);
#7873 = CARTESIAN_POINT('',(14.5,-9.115112193818,2.311941329811));
#7874 = DIRECTION('',(0.,-0.559192903471,0.829037572555));
#7875 = DIRECTION('',(0.,0.829037572555,0.559192903471));
#7876 = ADVANCED_FACE('',(#7877),#7903,.F.);
#7877 = FACE_BOUND('',#7878,.T.);
#7878 = EDGE_LOOP('',(#7879,#7887,#7888,#7896));
#7879 = ORIENTED_EDGE('',*,*,#7880,.F.);
#7880 = EDGE_CURVE('',#5925,#7881,#7883,.T.);
#7881 = VERTEX_POINT('',#7882);
#7882 = CARTESIAN_POINT('',(16.,-19.88488780618,2.311941329811));
#7883 = LINE('',#7884,#7885);
#7884 = CARTESIAN_POINT('',(14.5,-19.88488780618,2.311941329811));
#7885 = VECTOR('',#7886,1.);
#7886 = DIRECTION('',(1.,0.,0.));
#7887 = ORIENTED_EDGE('',*,*,#5922,.F.);
#7888 = ORIENTED_EDGE('',*,*,#7889,.T.);
#7889 = EDGE_CURVE('',#5923,#7890,#7892,.T.);
#7890 = VERTEX_POINT('',#7891);
#7891 = CARTESIAN_POINT('',(16.,-21.11511219381,2.311941329811));
#7892 = LINE('',#7893,#7894);
#7893 = CARTESIAN_POINT('',(14.5,-21.11511219381,2.311941329811));
#7894 = VECTOR('',#7895,1.);
#7895 = DIRECTION('',(1.,0.,0.));
#7896 = ORIENTED_EDGE('',*,*,#7897,.F.);
#7897 = EDGE_CURVE('',#7881,#7890,#7898,.T.);
#7898 = CIRCLE('',#7899,1.1);
#7899 = AXIS2_PLACEMENT_3D('',#7900,#7901,#7902);
#7900 = CARTESIAN_POINT('',(16.,-20.5,1.4));
#7901 = DIRECTION('',(-1.,0.,0.));
#7902 = DIRECTION('',(0.,0.559192903471,0.829037572555));
#7903 = CYLINDRICAL_SURFACE('',#7904,1.1);
#7904 = AXIS2_PLACEMENT_3D('',#7905,#7906,#7907);
#7905 = CARTESIAN_POINT('',(14.5,-20.5,1.4));
#7906 = DIRECTION('',(-1.,-0.,-0.));
#7907 = DIRECTION('',(0.,1.,0.));
#7908 = ADVANCED_FACE('',(#7909),#7927,.F.);
#7909 = FACE_BOUND('',#7910,.F.);
#7910 = EDGE_LOOP('',(#7911,#7912,#7913,#7921));
#7911 = ORIENTED_EDGE('',*,*,#7880,.F.);
#7912 = ORIENTED_EDGE('',*,*,#5941,.F.);
#7913 = ORIENTED_EDGE('',*,*,#7914,.T.);
#7914 = EDGE_CURVE('',#5934,#7915,#7917,.T.);
#7915 = VERTEX_POINT('',#7916);
#7916 = CARTESIAN_POINT('',(16.,-20.5,2.726839743354));
#7917 = LINE('',#7918,#7919);
#7918 = CARTESIAN_POINT('',(14.5,-20.5,2.726839743354));
#7919 = VECTOR('',#7920,1.);
#7920 = DIRECTION('',(1.,0.,0.));
#7921 = ORIENTED_EDGE('',*,*,#7922,.T.);
#7922 = EDGE_CURVE('',#7915,#7881,#7923,.T.);
#7923 = LINE('',#7924,#7925);
#7924 = CARTESIAN_POINT('',(16.,-20.5,2.726839743354));
#7925 = VECTOR('',#7926,1.);
#7926 = DIRECTION('',(0.,0.829037572555,-0.55919290347));
#7927 = PLANE('',#7928);
#7928 = AXIS2_PLACEMENT_3D('',#7929,#7930,#7931);
#7929 = CARTESIAN_POINT('',(14.5,-20.5,2.726839743354));
#7930 = DIRECTION('',(0.,0.55919290347,0.829037572555));
#7931 = DIRECTION('',(0.,0.829037572555,-0.55919290347));
#7932 = ADVANCED_FACE('',(#7933),#7944,.F.);
#7933 = FACE_BOUND('',#7934,.F.);
#7934 = EDGE_LOOP('',(#7935,#7936,#7937,#7938));
#7935 = ORIENTED_EDGE('',*,*,#7914,.F.);
#7936 = ORIENTED_EDGE('',*,*,#5933,.F.);
#7937 = ORIENTED_EDGE('',*,*,#7889,.T.);
#7938 = ORIENTED_EDGE('',*,*,#7939,.T.);
#7939 = EDGE_CURVE('',#7890,#7915,#7940,.T.);
#7940 = LINE('',#7941,#7942);
#7941 = CARTESIAN_POINT('',(16.,-21.11511219381,2.311941329811));
#7942 = VECTOR('',#7943,1.);
#7943 = DIRECTION('',(0.,0.829037572555,0.559192903471));
#7944 = PLANE('',#7945);
#7945 = AXIS2_PLACEMENT_3D('',#7946,#7947,#7948);
#7946 = CARTESIAN_POINT('',(14.5,-21.11511219381,2.311941329811));
#7947 = DIRECTION('',(0.,-0.559192903471,0.829037572555));
#7948 = DIRECTION('',(0.,0.829037572555,0.559192903471));
#7949 = ADVANCED_FACE('',(#7950),#7961,.T.);
#7950 = FACE_BOUND('',#7951,.F.);
#7951 = EDGE_LOOP('',(#7952,#7953,#7954,#7960));
#7952 = ORIENTED_EDGE('',*,*,#6367,.F.);
#7953 = ORIENTED_EDGE('',*,*,#6270,.T.);
#7954 = ORIENTED_EDGE('',*,*,#7955,.T.);
#7955 = EDGE_CURVE('',#6244,#6067,#7956,.T.);
#7956 = LINE('',#7957,#7958);
#7957 = CARTESIAN_POINT('',(-6.5,22.8,12.833039305864));
#7958 = VECTOR('',#7959,1.);
#7959 = DIRECTION('',(0.707106781187,0.707106781187,1.1E-16));
#7960 = ORIENTED_EDGE('',*,*,#6066,.F.);
#7961 = CONICAL_SURFACE('',#7962,4.,0.785398163397);
#7962 = AXIS2_PLACEMENT_3D('',#7963,#7964,#7965);
#7963 = CARTESIAN_POINT('',(-2.5,22.8,12.833039305864));
#7964 = DIRECTION('',(0.,-1.,0.));
#7965 = DIRECTION('',(-0.500792537284,0.,0.865567348391));
#7966 = ADVANCED_FACE('',(#7967),#7973,.T.);
#7967 = FACE_BOUND('',#7968,.F.);
#7968 = EDGE_LOOP('',(#7969,#7970,#7971,#7972));
#7969 = ORIENTED_EDGE('',*,*,#7955,.F.);
#7970 = ORIENTED_EDGE('',*,*,#6253,.T.);
#7971 = ORIENTED_EDGE('',*,*,#6229,.T.);
#7972 = ORIENTED_EDGE('',*,*,#6075,.F.);
#7973 = PLANE('',#7974);
#7974 = AXIS2_PLACEMENT_3D('',#7975,#7976,#7977);
#7975 = CARTESIAN_POINT('',(-5.5,23.8,12.833039305864));
#7976 = DIRECTION('',(-0.707106781187,0.707106781187,0.));
#7977 = DIRECTION('',(0.,0.,1.));
#7978 = ADVANCED_FACE('',(#7979),#8005,.F.);
#7979 = FACE_BOUND('',#7980,.T.);
#7980 = EDGE_LOOP('',(#7981,#7992,#7998,#7999));
#7981 = ORIENTED_EDGE('',*,*,#7982,.F.);
#7982 = EDGE_CURVE('',#7983,#7985,#7987,.T.);
#7983 = VERTEX_POINT('',#7984);
#7984 = CARTESIAN_POINT('',(0.220209929227,21.3,6.870636372928));
#7985 = VERTEX_POINT('',#7986);
#7986 = CARTESIAN_POINT('',(-2.220209929224,21.3,6.870636372937));
#7987 = CIRCLE('',#7988,3.);
#7988 = AXIS2_PLACEMENT_3D('',#7989,#7990,#7991);
#7989 = CARTESIAN_POINT('',(-1.,21.3,4.13));
#7990 = DIRECTION('',(0.,1.,-0.));
#7991 = DIRECTION('',(-1.,0.,0.));
#7992 = ORIENTED_EDGE('',*,*,#7993,.T.);
#7993 = EDGE_CURVE('',#7983,#6114,#7994,.T.);
#7994 = LINE('',#7995,#7996);
#7995 = CARTESIAN_POINT('',(0.220209929227,21.3,6.870636372928));
#7996 = VECTOR('',#7997,1.);
#7997 = DIRECTION('',(0.,1.,0.));
#7998 = ORIENTED_EDGE('',*,*,#6111,.F.);
#7999 = ORIENTED_EDGE('',*,*,#8000,.F.);
#8000 = EDGE_CURVE('',#7985,#6112,#8001,.T.);
#8001 = LINE('',#8002,#8003);
#8002 = CARTESIAN_POINT('',(-2.220209929224,21.3,6.870636372937));
#8003 = VECTOR('',#8004,1.);
#8004 = DIRECTION('',(0.,1.,0.));
#8005 = CYLINDRICAL_SURFACE('',#8006,3.);
#8006 = AXIS2_PLACEMENT_3D('',#8007,#8008,#8009);
#8007 = CARTESIAN_POINT('',(-1.,21.3,4.13));
#8008 = DIRECTION('',(0.,-1.,-0.));
#8009 = DIRECTION('',(-1.,0.,0.));
#8010 = ADVANCED_FACE('',(#8011),#8029,.F.);
#8011 = FACE_BOUND('',#8012,.F.);
#8012 = EDGE_LOOP('',(#8013,#8021,#8022,#8023));
#8013 = ORIENTED_EDGE('',*,*,#8014,.F.);
#8014 = EDGE_CURVE('',#7983,#8015,#8017,.T.);
#8015 = VERTEX_POINT('',#8016);
#8016 = CARTESIAN_POINT('',(-1.,21.3,7.413908835518));
#8017 = LINE('',#8018,#8019);
#8018 = CARTESIAN_POINT('',(0.220209929227,21.3,6.870636372928));
#8019 = VECTOR('',#8020,1.);
#8020 = DIRECTION('',(-0.913545457643,0.,0.406736643076));
#8021 = ORIENTED_EDGE('',*,*,#7993,.T.);
#8022 = ORIENTED_EDGE('',*,*,#6130,.T.);
#8023 = ORIENTED_EDGE('',*,*,#8024,.F.);
#8024 = EDGE_CURVE('',#8015,#6123,#8025,.T.);
#8025 = LINE('',#8026,#8027);
#8026 = CARTESIAN_POINT('',(-1.,21.3,7.413908835518));
#8027 = VECTOR('',#8028,1.);
#8028 = DIRECTION('',(0.,1.,0.));
#8029 = PLANE('',#8030);
#8030 = AXIS2_PLACEMENT_3D('',#8031,#8032,#8033);
#8031 = CARTESIAN_POINT('',(0.220209929227,21.3,6.870636372928));
#8032 = DIRECTION('',(0.406736643076,0.,0.913545457643));
#8033 = DIRECTION('',(-0.913545457643,0.,0.406736643076));
#8034 = ADVANCED_FACE('',(#8035),#8046,.F.);
#8035 = FACE_BOUND('',#8036,.F.);
#8036 = EDGE_LOOP('',(#8037,#8043,#8044,#8045));
#8037 = ORIENTED_EDGE('',*,*,#8038,.F.);
#8038 = EDGE_CURVE('',#8015,#7985,#8039,.T.);
#8039 = LINE('',#8040,#8041);
#8040 = CARTESIAN_POINT('',(-1.,21.3,7.413908835518));
#8041 = VECTOR('',#8042,1.);
#8042 = DIRECTION('',(-0.913545457647,0.,-0.406736643066));
#8043 = ORIENTED_EDGE('',*,*,#8024,.T.);
#8044 = ORIENTED_EDGE('',*,*,#6122,.T.);
#8045 = ORIENTED_EDGE('',*,*,#8000,.F.);
#8046 = PLANE('',#8047);
#8047 = AXIS2_PLACEMENT_3D('',#8048,#8049,#8050);
#8048 = CARTESIAN_POINT('',(-1.,21.3,7.413908835518));
#8049 = DIRECTION('',(-0.406736643066,0.,0.913545457647));
#8050 = DIRECTION('',(-0.913545457647,0.,-0.406736643066));
#8051 = ADVANCED_FACE('',(#8052),#8068,.F.);
#8052 = FACE_BOUND('',#8053,.T.);
#8053 = EDGE_LOOP('',(#8054,#8060,#8061,#8067));
#8054 = ORIENTED_EDGE('',*,*,#8055,.F.);
#8055 = EDGE_CURVE('',#7842,#6538,#8056,.T.);
#8056 = LINE('',#8057,#8058);
#8057 = CARTESIAN_POINT('',(16.305410480086,-8.5,3.095231346095));
#8058 = VECTOR('',#8059,1.);
#8059 = DIRECTION('',(0.638230619643,-2.3332E-13,0.769845228698));
#8060 = ORIENTED_EDGE('',*,*,#7849,.T.);
#8061 = ORIENTED_EDGE('',*,*,#8062,.T.);
#8062 = EDGE_CURVE('',#7808,#6540,#8063,.T.);
#8063 = LINE('',#8064,#8065);
#8064 = CARTESIAN_POINT('',(16.5,-7.605291354447,2.726460116088));
#8065 = VECTOR('',#8066,1.);
#8066 = DIRECTION('',(0.707106781187,0.395409094035,0.586218089412));
#8067 = ORIENTED_EDGE('',*,*,#6537,.F.);
#8068 = PLANE('',#8069);
#8069 = AXIS2_PLACEMENT_3D('',#8070,#8071,#8072);
#8070 = CARTESIAN_POINT('',(16.5,-8.220403548265,3.141358529632));
#8071 = DIRECTION('',(-0.707106781187,0.395409094035,0.586218089412));
#8072 = DIRECTION('',(1.110223024625E-16,-0.829037572555,0.55919290347)
  );
#8073 = ADVANCED_FACE('',(#8074),#8085,.F.);
#8074 = FACE_BOUND('',#8075,.T.);
#8075 = EDGE_LOOP('',(#8076,#8082,#8083,#8084));
#8076 = ORIENTED_EDGE('',*,*,#8077,.F.);
#8077 = EDGE_CURVE('',#7817,#6548,#8078,.T.);
#8078 = LINE('',#8079,#8080);
#8079 = CARTESIAN_POINT('',(16.,-9.115112193818,2.311941329811));
#8080 = VECTOR('',#8081,1.);
#8081 = DIRECTION('',(0.707106781187,-0.395409094036,0.586218089412));
#8082 = ORIENTED_EDGE('',*,*,#7866,.T.);
#8083 = ORIENTED_EDGE('',*,*,#8055,.T.);
#8084 = ORIENTED_EDGE('',*,*,#6556,.F.);
#8085 = PLANE('',#8086);
#8086 = AXIS2_PLACEMENT_3D('',#8087,#8088,#8089);
#8087 = CARTESIAN_POINT('',(16.5,-9.394708645553,2.726460116088));
#8088 = DIRECTION('',(-0.707106781187,-0.395409094035,0.586218089412));
#8089 = DIRECTION('',(2.775557561563E-17,-0.829037572555,-0.559192903471
    ));
#8090 = ADVANCED_FACE('',(#8091),#8097,.F.);
#8091 = FACE_BOUND('',#8092,.T.);
#8092 = EDGE_LOOP('',(#8093,#8094,#8095,#8096));
#8093 = ORIENTED_EDGE('',*,*,#8062,.F.);
#8094 = ORIENTED_EDGE('',*,*,#7824,.T.);
#8095 = ORIENTED_EDGE('',*,*,#8077,.T.);
#8096 = ORIENTED_EDGE('',*,*,#6547,.F.);
#8097 = CONICAL_SURFACE('',#8098,1.1,0.785398163397);
#8098 = AXIS2_PLACEMENT_3D('',#8099,#8100,#8101);
#8099 = CARTESIAN_POINT('',(16.,-8.5,1.4));
#8100 = DIRECTION('',(1.,0.,0.));
#8101 = DIRECTION('',(0.,0.559192903471,0.829037572555));
#8102 = ADVANCED_FACE('',(#8103),#8119,.F.);
#8103 = FACE_BOUND('',#8104,.T.);
#8104 = EDGE_LOOP('',(#8105,#8111,#8112,#8118));
#8105 = ORIENTED_EDGE('',*,*,#8106,.F.);
#8106 = EDGE_CURVE('',#7915,#6576,#8107,.T.);
#8107 = LINE('',#8108,#8109);
#8108 = CARTESIAN_POINT('',(16.305410480086,-20.5,3.095231346095));
#8109 = VECTOR('',#8110,1.);
#8110 = DIRECTION('',(0.638230619643,-2.3332E-13,0.769845228698));
#8111 = ORIENTED_EDGE('',*,*,#7922,.T.);
#8112 = ORIENTED_EDGE('',*,*,#8113,.T.);
#8113 = EDGE_CURVE('',#7881,#6578,#8114,.T.);
#8114 = LINE('',#8115,#8116);
#8115 = CARTESIAN_POINT('',(16.5,-19.60529135444,2.726460116088));
#8116 = VECTOR('',#8117,1.);
#8117 = DIRECTION('',(0.707106781187,0.395409094035,0.586218089412));
#8118 = ORIENTED_EDGE('',*,*,#6575,.F.);
#8119 = PLANE('',#8120);
#8120 = AXIS2_PLACEMENT_3D('',#8121,#8122,#8123);
#8121 = CARTESIAN_POINT('',(16.5,-20.22040354826,3.141358529632));
#8122 = DIRECTION('',(-0.707106781187,0.395409094035,0.586218089412));
#8123 = DIRECTION('',(1.110223024625E-16,-0.829037572555,0.55919290347)
  );
#8124 = ADVANCED_FACE('',(#8125),#8136,.F.);
#8125 = FACE_BOUND('',#8126,.T.);
#8126 = EDGE_LOOP('',(#8127,#8133,#8134,#8135));
#8127 = ORIENTED_EDGE('',*,*,#8128,.F.);
#8128 = EDGE_CURVE('',#7890,#6586,#8129,.T.);
#8129 = LINE('',#8130,#8131);
#8130 = CARTESIAN_POINT('',(16.,-21.11511219381,2.311941329811));
#8131 = VECTOR('',#8132,1.);
#8132 = DIRECTION('',(0.707106781187,-0.395409094036,0.586218089412));
#8133 = ORIENTED_EDGE('',*,*,#7939,.T.);
#8134 = ORIENTED_EDGE('',*,*,#8106,.T.);
#8135 = ORIENTED_EDGE('',*,*,#6594,.F.);
#8136 = PLANE('',#8137);
#8137 = AXIS2_PLACEMENT_3D('',#8138,#8139,#8140);
#8138 = CARTESIAN_POINT('',(16.5,-21.39470864555,2.726460116088));
#8139 = DIRECTION('',(-0.707106781187,-0.395409094035,0.586218089412));
#8140 = DIRECTION('',(2.775557561563E-17,-0.829037572555,-0.559192903471
    ));
#8141 = ADVANCED_FACE('',(#8142),#8148,.F.);
#8142 = FACE_BOUND('',#8143,.T.);
#8143 = EDGE_LOOP('',(#8144,#8145,#8146,#8147));
#8144 = ORIENTED_EDGE('',*,*,#8113,.F.);
#8145 = ORIENTED_EDGE('',*,*,#7897,.T.);
#8146 = ORIENTED_EDGE('',*,*,#8128,.T.);
#8147 = ORIENTED_EDGE('',*,*,#6585,.F.);
#8148 = CONICAL_SURFACE('',#8149,1.1,0.785398163397);
#8149 = AXIS2_PLACEMENT_3D('',#8150,#8151,#8152);
#8150 = CARTESIAN_POINT('',(16.,-20.5,1.4));
#8151 = DIRECTION('',(1.,0.,0.));
#8152 = DIRECTION('',(0.,0.559192903471,0.829037572555));
#8153 = ADVANCED_FACE('',(#8154),#8179,.T.);
#8154 = FACE_BOUND('',#8155,.T.);
#8155 = EDGE_LOOP('',(#8156,#8164,#8172,#8178));
#8156 = ORIENTED_EDGE('',*,*,#8157,.F.);
#8157 = EDGE_CURVE('',#8158,#6633,#8160,.T.);
#8158 = VERTEX_POINT('',#8159);
#8159 = CARTESIAN_POINT('',(37.91,6.5,0.99));
#8160 = LINE('',#8161,#8162);
#8161 = CARTESIAN_POINT('',(37.91,8.7,0.99));
#8162 = VECTOR('',#8163,1.);
#8163 = DIRECTION('',(0.,-1.,0.));
#8164 = ORIENTED_EDGE('',*,*,#8165,.F.);
#8165 = EDGE_CURVE('',#8166,#8158,#8168,.T.);
#8166 = VERTEX_POINT('',#8167);
#8167 = CARTESIAN_POINT('',(37.91,6.5,1.01));
#8168 = LINE('',#8169,#8170);
#8169 = CARTESIAN_POINT('',(37.91,6.5,1.01));
#8170 = VECTOR('',#8171,1.);
#8171 = DIRECTION('',(-0.,-1.2E-16,-1.));
#8172 = ORIENTED_EDGE('',*,*,#8173,.T.);
#8173 = EDGE_CURVE('',#8166,#6631,#8174,.T.);
#8174 = LINE('',#8175,#8176);
#8175 = CARTESIAN_POINT('',(37.91,8.7,1.01));
#8176 = VECTOR('',#8177,1.);
#8177 = DIRECTION('',(0.,-1.,0.));
#8178 = ORIENTED_EDGE('',*,*,#6630,.T.);
#8179 = PLANE('',#8180);
#8180 = AXIS2_PLACEMENT_3D('',#8181,#8182,#8183);
#8181 = CARTESIAN_POINT('',(37.91,8.7,2.1));
#8182 = DIRECTION('',(1.,0.,0.));
#8183 = DIRECTION('',(0.,0.,-1.));
#8184 = ADVANCED_FACE('',(#8185),#8204,.F.);
#8185 = FACE_BOUND('',#8186,.T.);
#8186 = EDGE_LOOP('',(#8187,#8188,#8197,#8203));
#8187 = ORIENTED_EDGE('',*,*,#8173,.F.);
#8188 = ORIENTED_EDGE('',*,*,#8189,.F.);
#8189 = EDGE_CURVE('',#8190,#8166,#8192,.T.);
#8190 = VERTEX_POINT('',#8191);
#8191 = CARTESIAN_POINT('',(39.,6.5,2.1));
#8192 = CIRCLE('',#8193,1.09);
#8193 = AXIS2_PLACEMENT_3D('',#8194,#8195,#8196);
#8194 = CARTESIAN_POINT('',(39.,6.5,1.01));
#8195 = DIRECTION('',(0.,-1.,1.2E-16));
#8196 = DIRECTION('',(0.,1.2E-16,1.));
#8197 = ORIENTED_EDGE('',*,*,#8198,.T.);
#8198 = EDGE_CURVE('',#8190,#6684,#8199,.T.);
#8199 = LINE('',#8200,#8201);
#8200 = CARTESIAN_POINT('',(39.,8.7,2.1));
#8201 = VECTOR('',#8202,1.);
#8202 = DIRECTION('',(0.,-1.,0.));
#8203 = ORIENTED_EDGE('',*,*,#6691,.T.);
#8204 = CYLINDRICAL_SURFACE('',#8205,1.09);
#8205 = AXIS2_PLACEMENT_3D('',#8206,#8207,#8208);
#8206 = CARTESIAN_POINT('',(39.,8.7,1.01));
#8207 = DIRECTION('',(0.,-1.,0.));
#8208 = DIRECTION('',(-1.,0.,0.));
#8209 = ADVANCED_FACE('',(#8210),#8228,.T.);
#8210 = FACE_BOUND('',#8211,.T.);
#8211 = EDGE_LOOP('',(#8212,#8220,#8221,#8222));
#8212 = ORIENTED_EDGE('',*,*,#8213,.T.);
#8213 = EDGE_CURVE('',#8214,#6675,#8216,.T.);
#8214 = VERTEX_POINT('',#8215);
#8215 = CARTESIAN_POINT('',(40.02,6.5,2.1));
#8216 = LINE('',#8217,#8218);
#8217 = CARTESIAN_POINT('',(40.02,8.7,2.1));
#8218 = VECTOR('',#8219,1.);
#8219 = DIRECTION('',(0.,-1.,0.));
#8220 = ORIENTED_EDGE('',*,*,#6683,.T.);
#8221 = ORIENTED_EDGE('',*,*,#8198,.F.);
#8222 = ORIENTED_EDGE('',*,*,#8223,.F.);
#8223 = EDGE_CURVE('',#8214,#8190,#8224,.T.);
#8224 = LINE('',#8225,#8226);
#8225 = CARTESIAN_POINT('',(40.02,6.5,2.1));
#8226 = VECTOR('',#8227,1.);
#8227 = DIRECTION('',(-1.,-0.,-0.));
#8228 = PLANE('',#8229);
#8229 = AXIS2_PLACEMENT_3D('',#8230,#8231,#8232);
#8230 = CARTESIAN_POINT('',(37.91,8.7,2.1));
#8231 = DIRECTION('',(0.,0.,-1.));
#8232 = DIRECTION('',(1.,0.,0.));
#8233 = ADVANCED_FACE('',(#8234),#8253,.F.);
#8234 = FACE_BOUND('',#8235,.F.);
#8235 = EDGE_LOOP('',(#8236,#8244,#8251,#8252));
#8236 = ORIENTED_EDGE('',*,*,#8237,.F.);
#8237 = EDGE_CURVE('',#8238,#6667,#8240,.T.);
#8238 = VERTEX_POINT('',#8239);
#8239 = CARTESIAN_POINT('',(41.11,6.5,1.01));
#8240 = LINE('',#8241,#8242);
#8241 = CARTESIAN_POINT('',(41.11,8.7,1.01));
#8242 = VECTOR('',#8243,1.);
#8243 = DIRECTION('',(0.,-1.,0.));
#8244 = ORIENTED_EDGE('',*,*,#8245,.T.);
#8245 = EDGE_CURVE('',#8238,#8214,#8246,.T.);
#8246 = CIRCLE('',#8247,1.09);
#8247 = AXIS2_PLACEMENT_3D('',#8248,#8249,#8250);
#8248 = CARTESIAN_POINT('',(40.02,6.5,1.01));
#8249 = DIRECTION('',(0.,-1.,1.2E-16));
#8250 = DIRECTION('',(1.,-2.4E-32,-2.E-16));
#8251 = ORIENTED_EDGE('',*,*,#8213,.T.);
#8252 = ORIENTED_EDGE('',*,*,#6674,.F.);
#8253 = CYLINDRICAL_SURFACE('',#8254,1.09);
#8254 = AXIS2_PLACEMENT_3D('',#8255,#8256,#8257);
#8255 = CARTESIAN_POINT('',(40.02,8.7,1.01));
#8256 = DIRECTION('',(0.,-1.,0.));
#8257 = DIRECTION('',(1.,0.,0.));
#8258 = ADVANCED_FACE('',(#8259),#8277,.F.);
#8259 = FACE_BOUND('',#8260,.F.);
#8260 = EDGE_LOOP('',(#8261,#8269,#8275,#8276));
#8261 = ORIENTED_EDGE('',*,*,#8262,.F.);
#8262 = EDGE_CURVE('',#8263,#6658,#8265,.T.);
#8263 = VERTEX_POINT('',#8264);
#8264 = CARTESIAN_POINT('',(41.11,6.5,0.99));
#8265 = LINE('',#8266,#8267);
#8266 = CARTESIAN_POINT('',(41.11,8.7,0.99));
#8267 = VECTOR('',#8268,1.);
#8268 = DIRECTION('',(0.,-1.,0.));
#8269 = ORIENTED_EDGE('',*,*,#8270,.T.);
#8270 = EDGE_CURVE('',#8263,#8238,#8271,.T.);
#8271 = LINE('',#8272,#8273);
#8272 = CARTESIAN_POINT('',(41.11,6.5,0.99));
#8273 = VECTOR('',#8274,1.);
#8274 = DIRECTION('',(0.,1.2E-16,1.));
#8275 = ORIENTED_EDGE('',*,*,#8237,.T.);
#8276 = ORIENTED_EDGE('',*,*,#6666,.T.);
#8277 = PLANE('',#8278);
#8278 = AXIS2_PLACEMENT_3D('',#8279,#8280,#8281);
#8279 = CARTESIAN_POINT('',(41.11,8.7,2.1));
#8280 = DIRECTION('',(1.,0.,0.));
#8281 = DIRECTION('',(0.,0.,-1.));
#8282 = ADVANCED_FACE('',(#8283),#8302,.F.);
#8283 = FACE_BOUND('',#8284,.T.);
#8284 = EDGE_LOOP('',(#8285,#8286,#8295,#8301));
#8285 = ORIENTED_EDGE('',*,*,#8262,.F.);
#8286 = ORIENTED_EDGE('',*,*,#8287,.F.);
#8287 = EDGE_CURVE('',#8288,#8263,#8290,.T.);
#8288 = VERTEX_POINT('',#8289);
#8289 = CARTESIAN_POINT('',(40.02,6.5,-0.1));
#8290 = CIRCLE('',#8291,1.09);
#8291 = AXIS2_PLACEMENT_3D('',#8292,#8293,#8294);
#8292 = CARTESIAN_POINT('',(40.02,6.5,0.99));
#8293 = DIRECTION('',(0.,-1.,1.2E-16));
#8294 = DIRECTION('',(0.,-1.2E-16,-1.));
#8295 = ORIENTED_EDGE('',*,*,#8296,.T.);
#8296 = EDGE_CURVE('',#8288,#6650,#8297,.T.);
#8297 = LINE('',#8298,#8299);
#8298 = CARTESIAN_POINT('',(40.02,8.7,-0.1));
#8299 = VECTOR('',#8300,1.);
#8300 = DIRECTION('',(0.,-1.,0.));
#8301 = ORIENTED_EDGE('',*,*,#6657,.T.);
#8302 = CYLINDRICAL_SURFACE('',#8303,1.09);
#8303 = AXIS2_PLACEMENT_3D('',#8304,#8305,#8306);
#8304 = CARTESIAN_POINT('',(40.02,8.7,0.99));
#8305 = DIRECTION('',(0.,-1.,0.));
#8306 = DIRECTION('',(1.,0.,0.));
#8307 = ADVANCED_FACE('',(#8308),#8326,.F.);
#8308 = FACE_BOUND('',#8309,.F.);
#8309 = EDGE_LOOP('',(#8310,#8311,#8312,#8320));
#8310 = ORIENTED_EDGE('',*,*,#8296,.T.);
#8311 = ORIENTED_EDGE('',*,*,#6649,.T.);
#8312 = ORIENTED_EDGE('',*,*,#8313,.F.);
#8313 = EDGE_CURVE('',#8314,#6641,#8316,.T.);
#8314 = VERTEX_POINT('',#8315);
#8315 = CARTESIAN_POINT('',(39.,6.5,-0.1));
#8316 = LINE('',#8317,#8318);
#8317 = CARTESIAN_POINT('',(39.,8.7,-0.1));
#8318 = VECTOR('',#8319,1.);
#8319 = DIRECTION('',(0.,-1.,0.));
#8320 = ORIENTED_EDGE('',*,*,#8321,.T.);
#8321 = EDGE_CURVE('',#8314,#8288,#8322,.T.);
#8322 = LINE('',#8323,#8324);
#8323 = CARTESIAN_POINT('',(39.,6.5,-1.E-01));
#8324 = VECTOR('',#8325,1.);
#8325 = DIRECTION('',(1.,0.,0.));
#8326 = PLANE('',#8327);
#8327 = AXIS2_PLACEMENT_3D('',#8328,#8329,#8330);
#8328 = CARTESIAN_POINT('',(37.91,8.7,-0.1));
#8329 = DIRECTION('',(0.,0.,-1.));
#8330 = DIRECTION('',(1.,0.,0.));
#8331 = ADVANCED_FACE('',(#8332),#8344,.F.);
#8332 = FACE_BOUND('',#8333,.F.);
#8333 = EDGE_LOOP('',(#8334,#8335,#8342,#8343));
#8334 = ORIENTED_EDGE('',*,*,#8157,.F.);
#8335 = ORIENTED_EDGE('',*,*,#8336,.T.);
#8336 = EDGE_CURVE('',#8158,#8314,#8337,.T.);
#8337 = CIRCLE('',#8338,1.09);
#8338 = AXIS2_PLACEMENT_3D('',#8339,#8340,#8341);
#8339 = CARTESIAN_POINT('',(39.,6.5,0.99));
#8340 = DIRECTION('',(0.,-1.,1.2E-16));
#8341 = DIRECTION('',(-1.,-2.4E-32,-2.E-16));
#8342 = ORIENTED_EDGE('',*,*,#8313,.T.);
#8343 = ORIENTED_EDGE('',*,*,#6640,.F.);
#8344 = CYLINDRICAL_SURFACE('',#8345,1.09);
#8345 = AXIS2_PLACEMENT_3D('',#8346,#8347,#8348);
#8346 = CARTESIAN_POINT('',(39.,8.7,0.99));
#8347 = DIRECTION('',(0.,-1.,0.));
#8348 = DIRECTION('',(-1.,0.,0.));
#8349 = ADVANCED_FACE('',(#8350),#8391,.F.);
#8350 = FACE_BOUND('',#8351,.F.);
#8351 = EDGE_LOOP('',(#8352,#8362,#8370,#8376,#8377,#8385));
#8352 = ORIENTED_EDGE('',*,*,#8353,.T.);
#8353 = EDGE_CURVE('',#8354,#8356,#8358,.T.);
#8354 = VERTEX_POINT('',#8355);
#8355 = CARTESIAN_POINT('',(36.71,8.7,3.2));
#8356 = VERTEX_POINT('',#8357);
#8357 = CARTESIAN_POINT('',(36.71,7.5,3.2));
#8358 = LINE('',#8359,#8360);
#8359 = CARTESIAN_POINT('',(36.71,8.7,3.2));
#8360 = VECTOR('',#8361,1.);
#8361 = DIRECTION('',(0.,-1.,0.));
#8362 = ORIENTED_EDGE('',*,*,#8363,.T.);
#8363 = EDGE_CURVE('',#8356,#8364,#8366,.T.);
#8364 = VERTEX_POINT('',#8365);
#8365 = CARTESIAN_POINT('',(43.01,7.5,3.2));
#8366 = LINE('',#8367,#8368);
#8367 = CARTESIAN_POINT('',(36.71,7.5,3.2));
#8368 = VECTOR('',#8369,1.);
#8369 = DIRECTION('',(1.,0.,0.));
#8370 = ORIENTED_EDGE('',*,*,#8371,.T.);
#8371 = EDGE_CURVE('',#8364,#6701,#8372,.T.);
#8372 = LINE('',#8373,#8374);
#8373 = CARTESIAN_POINT('',(43.01,8.7,3.2));
#8374 = VECTOR('',#8375,1.);
#8375 = DIRECTION('',(0.,-1.,0.));
#8376 = ORIENTED_EDGE('',*,*,#6700,.T.);
#8377 = ORIENTED_EDGE('',*,*,#8378,.F.);
#8378 = EDGE_CURVE('',#8379,#6703,#8381,.T.);
#8379 = VERTEX_POINT('',#8380);
#8380 = CARTESIAN_POINT('',(48.01,8.7,3.2));
#8381 = LINE('',#8382,#8383);
#8382 = CARTESIAN_POINT('',(48.01,8.7,3.2));
#8383 = VECTOR('',#8384,1.);
#8384 = DIRECTION('',(0.,-1.,0.));
#8385 = ORIENTED_EDGE('',*,*,#8386,.F.);
#8386 = EDGE_CURVE('',#8354,#8379,#8387,.T.);
#8387 = LINE('',#8388,#8389);
#8388 = CARTESIAN_POINT('',(36.71,8.7,3.2));
#8389 = VECTOR('',#8390,1.);
#8390 = DIRECTION('',(1.,0.,0.));
#8391 = PLANE('',#8392);
#8392 = AXIS2_PLACEMENT_3D('',#8393,#8394,#8395);
#8393 = CARTESIAN_POINT('',(43.56,5.05,3.2));
#8394 = DIRECTION('',(-0.,0.,1.));
#8395 = DIRECTION('',(-1.,0.,0.));
#8396 = ADVANCED_FACE('',(#8397),#8415,.F.);
#8397 = FACE_BOUND('',#8398,.F.);
#8398 = EDGE_LOOP('',(#8399,#8407,#8413,#8414));
#8399 = ORIENTED_EDGE('',*,*,#8400,.F.);
#8400 = EDGE_CURVE('',#8401,#6719,#8403,.T.);
#8401 = VERTEX_POINT('',#8402);
#8402 = CARTESIAN_POINT('',(48.01,8.7,-1.2));
#8403 = LINE('',#8404,#8405);
#8404 = CARTESIAN_POINT('',(48.01,8.7,-1.2));
#8405 = VECTOR('',#8406,1.);
#8406 = DIRECTION('',(0.,-1.,0.));
#8407 = ORIENTED_EDGE('',*,*,#8408,.F.);
#8408 = EDGE_CURVE('',#8379,#8401,#8409,.T.);
#8409 = LINE('',#8410,#8411);
#8410 = CARTESIAN_POINT('',(48.01,8.7,3.2));
#8411 = VECTOR('',#8412,1.);
#8412 = DIRECTION('',(0.,0.,-1.));
#8413 = ORIENTED_EDGE('',*,*,#8378,.T.);
#8414 = ORIENTED_EDGE('',*,*,#6726,.T.);
#8415 = PLANE('',#8416);
#8416 = AXIS2_PLACEMENT_3D('',#8417,#8418,#8419);
#8417 = CARTESIAN_POINT('',(48.01,8.7,3.2));
#8418 = DIRECTION('',(1.,0.,0.));
#8419 = DIRECTION('',(0.,0.,-1.));
#8420 = ADVANCED_FACE('',(#8421),#8455,.F.);
#8421 = FACE_BOUND('',#8422,.F.);
#8422 = EDGE_LOOP('',(#8423,#8433,#8441,#8447,#8448,#8449));
#8423 = ORIENTED_EDGE('',*,*,#8424,.F.);
#8424 = EDGE_CURVE('',#8425,#8427,#8429,.T.);
#8425 = VERTEX_POINT('',#8426);
#8426 = CARTESIAN_POINT('',(36.71,7.,-1.2));
#8427 = VERTEX_POINT('',#8428);
#8428 = CARTESIAN_POINT('',(43.01,7.,-1.2));
#8429 = LINE('',#8430,#8431);
#8430 = CARTESIAN_POINT('',(36.71,7.,-1.2));
#8431 = VECTOR('',#8432,1.);
#8432 = DIRECTION('',(1.,0.,0.));
#8433 = ORIENTED_EDGE('',*,*,#8434,.F.);
#8434 = EDGE_CURVE('',#8435,#8425,#8437,.T.);
#8435 = VERTEX_POINT('',#8436);
#8436 = CARTESIAN_POINT('',(36.71,8.7,-1.2));
#8437 = LINE('',#8438,#8439);
#8438 = CARTESIAN_POINT('',(36.71,8.7,-1.2));
#8439 = VECTOR('',#8440,1.);
#8440 = DIRECTION('',(0.,-1.,0.));
#8441 = ORIENTED_EDGE('',*,*,#8442,.T.);
#8442 = EDGE_CURVE('',#8435,#8401,#8443,.T.);
#8443 = LINE('',#8444,#8445);
#8444 = CARTESIAN_POINT('',(43.01,8.7,-1.2));
#8445 = VECTOR('',#8446,1.);
#8446 = DIRECTION('',(1.,0.,0.));
#8447 = ORIENTED_EDGE('',*,*,#8400,.T.);
#8448 = ORIENTED_EDGE('',*,*,#6718,.T.);
#8449 = ORIENTED_EDGE('',*,*,#8450,.F.);
#8450 = EDGE_CURVE('',#8427,#6711,#8451,.T.);
#8451 = LINE('',#8452,#8453);
#8452 = CARTESIAN_POINT('',(43.01,8.7,-1.2));
#8453 = VECTOR('',#8454,1.);
#8454 = DIRECTION('',(0.,-1.,0.));
#8455 = PLANE('',#8456);
#8456 = AXIS2_PLACEMENT_3D('',#8457,#8458,#8459);
#8457 = CARTESIAN_POINT('',(43.56,5.05,-1.2));
#8458 = DIRECTION('',(0.,0.,-1.));
#8459 = DIRECTION('',(1.,0.,0.));
#8460 = ADVANCED_FACE('',(#8461),#8480,.T.);
#8461 = FACE_BOUND('',#8462,.T.);
#8462 = EDGE_LOOP('',(#8463,#8471,#8477,#8478,#8479));
#8463 = ORIENTED_EDGE('',*,*,#8464,.T.);
#8464 = EDGE_CURVE('',#8427,#8465,#8467,.T.);
#8465 = VERTEX_POINT('',#8466);
#8466 = CARTESIAN_POINT('',(43.01,7.,2.7));
#8467 = LINE('',#8468,#8469);
#8468 = CARTESIAN_POINT('',(43.01,7.,3.2));
#8469 = VECTOR('',#8470,1.);
#8470 = DIRECTION('',(0.,0.,1.));
#8471 = ORIENTED_EDGE('',*,*,#8472,.F.);
#8472 = EDGE_CURVE('',#8364,#8465,#8473,.T.);
#8473 = LINE('',#8474,#8475);
#8474 = CARTESIAN_POINT('',(43.01,7.675,3.375));
#8475 = VECTOR('',#8476,1.);
#8476 = DIRECTION('',(0.,-0.707106781187,-0.707106781187));
#8477 = ORIENTED_EDGE('',*,*,#8371,.T.);
#8478 = ORIENTED_EDGE('',*,*,#6710,.T.);
#8479 = ORIENTED_EDGE('',*,*,#8450,.F.);
#8480 = PLANE('',#8481);
#8481 = AXIS2_PLACEMENT_3D('',#8482,#8483,#8484);
#8482 = CARTESIAN_POINT('',(43.01,8.7,3.2));
#8483 = DIRECTION('',(1.,0.,0.));
#8484 = DIRECTION('',(0.,0.,-1.));
#8485 = ADVANCED_FACE('',(#8486),#8511,.T.);
#8486 = FACE_BOUND('',#8487,.T.);
#8487 = EDGE_LOOP('',(#8488,#8496,#8504,#8510));
#8488 = ORIENTED_EDGE('',*,*,#8489,.F.);
#8489 = EDGE_CURVE('',#8490,#6737,#8492,.T.);
#8490 = VERTEX_POINT('',#8491);
#8491 = CARTESIAN_POINT('',(52.91,7.,0.99));
#8492 = LINE('',#8493,#8494);
#8493 = CARTESIAN_POINT('',(52.91,8.7,0.99));
#8494 = VECTOR('',#8495,1.);
#8495 = DIRECTION('',(0.,-1.,0.));
#8496 = ORIENTED_EDGE('',*,*,#8497,.T.);
#8497 = EDGE_CURVE('',#8490,#8498,#8500,.T.);
#8498 = VERTEX_POINT('',#8499);
#8499 = CARTESIAN_POINT('',(52.91,7.,1.01));
#8500 = LINE('',#8501,#8502);
#8501 = CARTESIAN_POINT('',(52.91,7.,2.65));
#8502 = VECTOR('',#8503,1.);
#8503 = DIRECTION('',(0.,0.,1.));
#8504 = ORIENTED_EDGE('',*,*,#8505,.T.);
#8505 = EDGE_CURVE('',#8498,#6735,#8506,.T.);
#8506 = LINE('',#8507,#8508);
#8507 = CARTESIAN_POINT('',(52.91,8.7,1.01));
#8508 = VECTOR('',#8509,1.);
#8509 = DIRECTION('',(0.,-1.,0.));
#8510 = ORIENTED_EDGE('',*,*,#6734,.T.);
#8511 = PLANE('',#8512);
#8512 = AXIS2_PLACEMENT_3D('',#8513,#8514,#8515);
#8513 = CARTESIAN_POINT('',(52.91,8.7,2.1));
#8514 = DIRECTION('',(1.,0.,0.));
#8515 = DIRECTION('',(0.,0.,-1.));
#8516 = ADVANCED_FACE('',(#8517),#8536,.F.);
#8517 = FACE_BOUND('',#8518,.T.);
#8518 = EDGE_LOOP('',(#8519,#8520,#8529,#8535));
#8519 = ORIENTED_EDGE('',*,*,#8505,.F.);
#8520 = ORIENTED_EDGE('',*,*,#8521,.F.);
#8521 = EDGE_CURVE('',#8522,#8498,#8524,.T.);
#8522 = VERTEX_POINT('',#8523);
#8523 = CARTESIAN_POINT('',(54.,7.,2.1));
#8524 = CIRCLE('',#8525,1.09);
#8525 = AXIS2_PLACEMENT_3D('',#8526,#8527,#8528);
#8526 = CARTESIAN_POINT('',(54.,7.,1.01));
#8527 = DIRECTION('',(-0.,-1.,-0.));
#8528 = DIRECTION('',(-1.,0.,0.));
#8529 = ORIENTED_EDGE('',*,*,#8530,.T.);
#8530 = EDGE_CURVE('',#8522,#6788,#8531,.T.);
#8531 = LINE('',#8532,#8533);
#8532 = CARTESIAN_POINT('',(54.,8.7,2.1));
#8533 = VECTOR('',#8534,1.);
#8534 = DIRECTION('',(0.,-1.,0.));
#8535 = ORIENTED_EDGE('',*,*,#6795,.T.);
#8536 = CYLINDRICAL_SURFACE('',#8537,1.09);
#8537 = AXIS2_PLACEMENT_3D('',#8538,#8539,#8540);
#8538 = CARTESIAN_POINT('',(54.,8.7,1.01));
#8539 = DIRECTION('',(0.,-1.,0.));
#8540 = DIRECTION('',(-1.,0.,0.));
#8541 = ADVANCED_FACE('',(#8542),#8560,.T.);
#8542 = FACE_BOUND('',#8543,.T.);
#8543 = EDGE_LOOP('',(#8544,#8545,#8546,#8554));
#8544 = ORIENTED_EDGE('',*,*,#6787,.T.);
#8545 = ORIENTED_EDGE('',*,*,#8530,.F.);
#8546 = ORIENTED_EDGE('',*,*,#8547,.T.);
#8547 = EDGE_CURVE('',#8522,#8548,#8550,.T.);
#8548 = VERTEX_POINT('',#8549);
#8549 = CARTESIAN_POINT('',(55.02,7.,2.1));
#8550 = LINE('',#8551,#8552);
#8551 = CARTESIAN_POINT('',(52.31,7.,2.1));
#8552 = VECTOR('',#8553,1.);
#8553 = DIRECTION('',(1.,0.,0.));
#8554 = ORIENTED_EDGE('',*,*,#8555,.T.);
#8555 = EDGE_CURVE('',#8548,#6779,#8556,.T.);
#8556 = LINE('',#8557,#8558);
#8557 = CARTESIAN_POINT('',(55.02,8.7,2.1));
#8558 = VECTOR('',#8559,1.);
#8559 = DIRECTION('',(0.,-1.,0.));
#8560 = PLANE('',#8561);
#8561 = AXIS2_PLACEMENT_3D('',#8562,#8563,#8564);
#8562 = CARTESIAN_POINT('',(52.91,8.7,2.1));
#8563 = DIRECTION('',(0.,0.,-1.));
#8564 = DIRECTION('',(1.,0.,0.));
#8565 = ADVANCED_FACE('',(#8566),#8585,.F.);
#8566 = FACE_BOUND('',#8567,.F.);
#8567 = EDGE_LOOP('',(#8568,#8576,#8583,#8584));
#8568 = ORIENTED_EDGE('',*,*,#8569,.F.);
#8569 = EDGE_CURVE('',#8570,#6771,#8572,.T.);
#8570 = VERTEX_POINT('',#8571);
#8571 = CARTESIAN_POINT('',(56.11,7.,1.01));
#8572 = LINE('',#8573,#8574);
#8573 = CARTESIAN_POINT('',(56.11,8.7,1.01));
#8574 = VECTOR('',#8575,1.);
#8575 = DIRECTION('',(0.,-1.,0.));
#8576 = ORIENTED_EDGE('',*,*,#8577,.T.);
#8577 = EDGE_CURVE('',#8570,#8548,#8578,.T.);
#8578 = CIRCLE('',#8579,1.09);
#8579 = AXIS2_PLACEMENT_3D('',#8580,#8581,#8582);
#8580 = CARTESIAN_POINT('',(55.02,7.,1.01));
#8581 = DIRECTION('',(0.,-1.,0.));
#8582 = DIRECTION('',(1.,0.,0.));
#8583 = ORIENTED_EDGE('',*,*,#8555,.T.);
#8584 = ORIENTED_EDGE('',*,*,#6778,.F.);
#8585 = CYLINDRICAL_SURFACE('',#8586,1.09);
#8586 = AXIS2_PLACEMENT_3D('',#8587,#8588,#8589);
#8587 = CARTESIAN_POINT('',(55.02,8.7,1.01));
#8588 = DIRECTION('',(0.,-1.,0.));
#8589 = DIRECTION('',(1.,0.,0.));
#8590 = ADVANCED_FACE('',(#8591),#8609,.F.);
#8591 = FACE_BOUND('',#8592,.F.);
#8592 = EDGE_LOOP('',(#8593,#8601,#8607,#8608));
#8593 = ORIENTED_EDGE('',*,*,#8594,.F.);
#8594 = EDGE_CURVE('',#8595,#6762,#8597,.T.);
#8595 = VERTEX_POINT('',#8596);
#8596 = CARTESIAN_POINT('',(56.11,7.,0.99));
#8597 = LINE('',#8598,#8599);
#8598 = CARTESIAN_POINT('',(56.11,8.7,0.99));
#8599 = VECTOR('',#8600,1.);
#8600 = DIRECTION('',(0.,-1.,0.));
#8601 = ORIENTED_EDGE('',*,*,#8602,.T.);
#8602 = EDGE_CURVE('',#8595,#8570,#8603,.T.);
#8603 = LINE('',#8604,#8605);
#8604 = CARTESIAN_POINT('',(56.11,7.,2.65));
#8605 = VECTOR('',#8606,1.);
#8606 = DIRECTION('',(0.,0.,1.));
#8607 = ORIENTED_EDGE('',*,*,#8569,.T.);
#8608 = ORIENTED_EDGE('',*,*,#6770,.T.);
#8609 = PLANE('',#8610);
#8610 = AXIS2_PLACEMENT_3D('',#8611,#8612,#8613);
#8611 = CARTESIAN_POINT('',(56.11,8.7,2.1));
#8612 = DIRECTION('',(1.,0.,0.));
#8613 = DIRECTION('',(0.,0.,-1.));
#8614 = ADVANCED_FACE('',(#8615),#8634,.F.);
#8615 = FACE_BOUND('',#8616,.T.);
#8616 = EDGE_LOOP('',(#8617,#8618,#8627,#8633));
#8617 = ORIENTED_EDGE('',*,*,#8594,.F.);
#8618 = ORIENTED_EDGE('',*,*,#8619,.F.);
#8619 = EDGE_CURVE('',#8620,#8595,#8622,.T.);
#8620 = VERTEX_POINT('',#8621);
#8621 = CARTESIAN_POINT('',(55.02,7.,-0.1));
#8622 = CIRCLE('',#8623,1.09);
#8623 = AXIS2_PLACEMENT_3D('',#8624,#8625,#8626);
#8624 = CARTESIAN_POINT('',(55.02,7.,0.99));
#8625 = DIRECTION('',(0.,-1.,0.));
#8626 = DIRECTION('',(1.,0.,0.));
#8627 = ORIENTED_EDGE('',*,*,#8628,.T.);
#8628 = EDGE_CURVE('',#8620,#6754,#8629,.T.);
#8629 = LINE('',#8630,#8631);
#8630 = CARTESIAN_POINT('',(55.02,8.7,-0.1));
#8631 = VECTOR('',#8632,1.);
#8632 = DIRECTION('',(0.,-1.,0.));
#8633 = ORIENTED_EDGE('',*,*,#6761,.T.);
#8634 = CYLINDRICAL_SURFACE('',#8635,1.09);
#8635 = AXIS2_PLACEMENT_3D('',#8636,#8637,#8638);
#8636 = CARTESIAN_POINT('',(55.02,8.7,0.99));
#8637 = DIRECTION('',(0.,-1.,0.));
#8638 = DIRECTION('',(1.,0.,0.));
#8639 = ADVANCED_FACE('',(#8640),#8658,.F.);
#8640 = FACE_BOUND('',#8641,.F.);
#8641 = EDGE_LOOP('',(#8642,#8643,#8651,#8657));
#8642 = ORIENTED_EDGE('',*,*,#6753,.T.);
#8643 = ORIENTED_EDGE('',*,*,#8644,.F.);
#8644 = EDGE_CURVE('',#8645,#6745,#8647,.T.);
#8645 = VERTEX_POINT('',#8646);
#8646 = CARTESIAN_POINT('',(54.,7.,-0.1));
#8647 = LINE('',#8648,#8649);
#8648 = CARTESIAN_POINT('',(54.,8.7,-0.1));
#8649 = VECTOR('',#8650,1.);
#8650 = DIRECTION('',(0.,-1.,0.));
#8651 = ORIENTED_EDGE('',*,*,#8652,.T.);
#8652 = EDGE_CURVE('',#8645,#8620,#8653,.T.);
#8653 = LINE('',#8654,#8655);
#8654 = CARTESIAN_POINT('',(52.31,7.,-0.1));
#8655 = VECTOR('',#8656,1.);
#8656 = DIRECTION('',(1.,0.,0.));
#8657 = ORIENTED_EDGE('',*,*,#8628,.T.);
#8658 = PLANE('',#8659);
#8659 = AXIS2_PLACEMENT_3D('',#8660,#8661,#8662);
#8660 = CARTESIAN_POINT('',(52.91,8.7,-0.1));
#8661 = DIRECTION('',(0.,0.,-1.));
#8662 = DIRECTION('',(1.,0.,0.));
#8663 = ADVANCED_FACE('',(#8664),#8676,.F.);
#8664 = FACE_BOUND('',#8665,.F.);
#8665 = EDGE_LOOP('',(#8666,#8667,#8674,#8675));
#8666 = ORIENTED_EDGE('',*,*,#8489,.F.);
#8667 = ORIENTED_EDGE('',*,*,#8668,.T.);
#8668 = EDGE_CURVE('',#8490,#8645,#8669,.T.);
#8669 = CIRCLE('',#8670,1.09);
#8670 = AXIS2_PLACEMENT_3D('',#8671,#8672,#8673);
#8671 = CARTESIAN_POINT('',(54.,7.,0.99));
#8672 = DIRECTION('',(-0.,-1.,-0.));
#8673 = DIRECTION('',(-1.,0.,0.));
#8674 = ORIENTED_EDGE('',*,*,#8644,.T.);
#8675 = ORIENTED_EDGE('',*,*,#6744,.F.);
#8676 = CYLINDRICAL_SURFACE('',#8677,1.09);
#8677 = AXIS2_PLACEMENT_3D('',#8678,#8679,#8680);
#8678 = CARTESIAN_POINT('',(54.,8.7,0.99));
#8679 = DIRECTION('',(0.,-1.,0.));
#8680 = DIRECTION('',(-1.,0.,0.));
#8681 = ADVANCED_FACE('',(#8682),#8723,.F.);
#8682 = FACE_BOUND('',#8683,.F.);
#8683 = EDGE_LOOP('',(#8684,#8694,#8702,#8708,#8709,#8717));
#8684 = ORIENTED_EDGE('',*,*,#8685,.T.);
#8685 = EDGE_CURVE('',#8686,#8688,#8690,.T.);
#8686 = VERTEX_POINT('',#8687);
#8687 = CARTESIAN_POINT('',(51.71,8.7,3.2));
#8688 = VERTEX_POINT('',#8689);
#8689 = CARTESIAN_POINT('',(51.71,7.,3.2));
#8690 = LINE('',#8691,#8692);
#8691 = CARTESIAN_POINT('',(51.71,8.7,3.2));
#8692 = VECTOR('',#8693,1.);
#8693 = DIRECTION('',(0.,-1.,0.));
#8694 = ORIENTED_EDGE('',*,*,#8695,.T.);
#8695 = EDGE_CURVE('',#8688,#8696,#8698,.T.);
#8696 = VERTEX_POINT('',#8697);
#8697 = CARTESIAN_POINT('',(58.01,7.,3.2));
#8698 = LINE('',#8699,#8700);
#8699 = CARTESIAN_POINT('',(51.71,7.,3.2));
#8700 = VECTOR('',#8701,1.);
#8701 = DIRECTION('',(1.,0.,0.));
#8702 = ORIENTED_EDGE('',*,*,#8703,.T.);
#8703 = EDGE_CURVE('',#8696,#6805,#8704,.T.);
#8704 = LINE('',#8705,#8706);
#8705 = CARTESIAN_POINT('',(58.01,8.7,3.2));
#8706 = VECTOR('',#8707,1.);
#8707 = DIRECTION('',(0.,-1.,0.));
#8708 = ORIENTED_EDGE('',*,*,#6804,.T.);
#8709 = ORIENTED_EDGE('',*,*,#8710,.F.);
#8710 = EDGE_CURVE('',#8711,#6807,#8713,.T.);
#8711 = VERTEX_POINT('',#8712);
#8712 = CARTESIAN_POINT('',(63.01,8.7,3.2));
#8713 = LINE('',#8714,#8715);
#8714 = CARTESIAN_POINT('',(63.01,8.7,3.2));
#8715 = VECTOR('',#8716,1.);
#8716 = DIRECTION('',(0.,-1.,0.));
#8717 = ORIENTED_EDGE('',*,*,#8718,.F.);
#8718 = EDGE_CURVE('',#8686,#8711,#8719,.T.);
#8719 = LINE('',#8720,#8721);
#8720 = CARTESIAN_POINT('',(51.71,8.7,3.2));
#8721 = VECTOR('',#8722,1.);
#8722 = DIRECTION('',(1.,0.,0.));
#8723 = PLANE('',#8724);
#8724 = AXIS2_PLACEMENT_3D('',#8725,#8726,#8727);
#8725 = CARTESIAN_POINT('',(58.56,5.05,3.2));
#8726 = DIRECTION('',(-0.,0.,1.));
#8727 = DIRECTION('',(-1.,0.,0.));
#8728 = ADVANCED_FACE('',(#8729),#8747,.F.);
#8729 = FACE_BOUND('',#8730,.F.);
#8730 = EDGE_LOOP('',(#8731,#8739,#8745,#8746));
#8731 = ORIENTED_EDGE('',*,*,#8732,.F.);
#8732 = EDGE_CURVE('',#8733,#6823,#8735,.T.);
#8733 = VERTEX_POINT('',#8734);
#8734 = CARTESIAN_POINT('',(63.01,8.7,-1.2));
#8735 = LINE('',#8736,#8737);
#8736 = CARTESIAN_POINT('',(63.01,8.7,-1.2));
#8737 = VECTOR('',#8738,1.);
#8738 = DIRECTION('',(0.,-1.,0.));
#8739 = ORIENTED_EDGE('',*,*,#8740,.F.);
#8740 = EDGE_CURVE('',#8711,#8733,#8741,.T.);
#8741 = LINE('',#8742,#8743);
#8742 = CARTESIAN_POINT('',(63.01,8.7,3.2));
#8743 = VECTOR('',#8744,1.);
#8744 = DIRECTION('',(0.,0.,-1.));
#8745 = ORIENTED_EDGE('',*,*,#8710,.T.);
#8746 = ORIENTED_EDGE('',*,*,#6830,.T.);
#8747 = PLANE('',#8748);
#8748 = AXIS2_PLACEMENT_3D('',#8749,#8750,#8751);
#8749 = CARTESIAN_POINT('',(63.01,8.7,3.2));
#8750 = DIRECTION('',(1.,0.,0.));
#8751 = DIRECTION('',(0.,0.,-1.));
#8752 = ADVANCED_FACE('',(#8753),#8787,.F.);
#8753 = FACE_BOUND('',#8754,.F.);
#8754 = EDGE_LOOP('',(#8755,#8765,#8773,#8779,#8780,#8781));
#8755 = ORIENTED_EDGE('',*,*,#8756,.F.);
#8756 = EDGE_CURVE('',#8757,#8759,#8761,.T.);
#8757 = VERTEX_POINT('',#8758);
#8758 = CARTESIAN_POINT('',(51.71,7.,-1.2));
#8759 = VERTEX_POINT('',#8760);
#8760 = CARTESIAN_POINT('',(58.01,7.,-1.2));
#8761 = LINE('',#8762,#8763);
#8762 = CARTESIAN_POINT('',(51.71,7.,-1.2));
#8763 = VECTOR('',#8764,1.);
#8764 = DIRECTION('',(1.,0.,0.));
#8765 = ORIENTED_EDGE('',*,*,#8766,.F.);
#8766 = EDGE_CURVE('',#8767,#8757,#8769,.T.);
#8767 = VERTEX_POINT('',#8768);
#8768 = CARTESIAN_POINT('',(51.71,8.7,-1.2));
#8769 = LINE('',#8770,#8771);
#8770 = CARTESIAN_POINT('',(51.71,8.7,-1.2));
#8771 = VECTOR('',#8772,1.);
#8772 = DIRECTION('',(0.,-1.,0.));
#8773 = ORIENTED_EDGE('',*,*,#8774,.T.);
#8774 = EDGE_CURVE('',#8767,#8733,#8775,.T.);
#8775 = LINE('',#8776,#8777);
#8776 = CARTESIAN_POINT('',(58.01,8.7,-1.2));
#8777 = VECTOR('',#8778,1.);
#8778 = DIRECTION('',(1.,0.,0.));
#8779 = ORIENTED_EDGE('',*,*,#8732,.T.);
#8780 = ORIENTED_EDGE('',*,*,#6822,.T.);
#8781 = ORIENTED_EDGE('',*,*,#8782,.F.);
#8782 = EDGE_CURVE('',#8759,#6815,#8783,.T.);
#8783 = LINE('',#8784,#8785);
#8784 = CARTESIAN_POINT('',(58.01,8.7,-1.2));
#8785 = VECTOR('',#8786,1.);
#8786 = DIRECTION('',(0.,-1.,0.));
#8787 = PLANE('',#8788);
#8788 = AXIS2_PLACEMENT_3D('',#8789,#8790,#8791);
#8789 = CARTESIAN_POINT('',(58.56,5.05,-1.2));
#8790 = DIRECTION('',(0.,0.,-1.));
#8791 = DIRECTION('',(1.,0.,0.));
#8792 = ADVANCED_FACE('',(#8793),#8804,.T.);
#8793 = FACE_BOUND('',#8794,.T.);
#8794 = EDGE_LOOP('',(#8795,#8796,#8802,#8803));
#8795 = ORIENTED_EDGE('',*,*,#8782,.F.);
#8796 = ORIENTED_EDGE('',*,*,#8797,.T.);
#8797 = EDGE_CURVE('',#8759,#8696,#8798,.T.);
#8798 = LINE('',#8799,#8800);
#8799 = CARTESIAN_POINT('',(58.01,7.,3.2));
#8800 = VECTOR('',#8801,1.);
#8801 = DIRECTION('',(0.,0.,1.));
#8802 = ORIENTED_EDGE('',*,*,#8703,.T.);
#8803 = ORIENTED_EDGE('',*,*,#6814,.T.);
#8804 = PLANE('',#8805);
#8805 = AXIS2_PLACEMENT_3D('',#8806,#8807,#8808);
#8806 = CARTESIAN_POINT('',(58.01,8.7,3.2));
#8807 = DIRECTION('',(1.,0.,0.));
#8808 = DIRECTION('',(0.,0.,-1.));
#8809 = ADVANCED_FACE('',(#8810),#8836,.F.);
#8810 = FACE_BOUND('',#8811,.F.);
#8811 = EDGE_LOOP('',(#8812,#8820,#8829,#8835));
#8812 = ORIENTED_EDGE('',*,*,#8813,.F.);
#8813 = EDGE_CURVE('',#8814,#6957,#8816,.T.);
#8814 = VERTEX_POINT('',#8815);
#8815 = CARTESIAN_POINT('',(37.91,13.,1.E-02));
#8816 = LINE('',#8817,#8818);
#8817 = CARTESIAN_POINT('',(37.91,11.3,1.E-02));
#8818 = VECTOR('',#8819,1.);
#8819 = DIRECTION('',(0.,1.,0.));
#8820 = ORIENTED_EDGE('',*,*,#8821,.T.);
#8821 = EDGE_CURVE('',#8814,#8822,#8824,.T.);
#8822 = VERTEX_POINT('',#8823);
#8823 = CARTESIAN_POINT('',(39.,13.,1.1));
#8824 = CIRCLE('',#8825,1.09);
#8825 = AXIS2_PLACEMENT_3D('',#8826,#8827,#8828);
#8826 = CARTESIAN_POINT('',(39.,13.,1.E-02));
#8827 = DIRECTION('',(0.,1.,-0.));
#8828 = DIRECTION('',(-1.,0.,0.));
#8829 = ORIENTED_EDGE('',*,*,#8830,.T.);
#8830 = EDGE_CURVE('',#8822,#6959,#8831,.T.);
#8831 = LINE('',#8832,#8833);
#8832 = CARTESIAN_POINT('',(39.,11.3,1.1));
#8833 = VECTOR('',#8834,1.);
#8834 = DIRECTION('',(0.,1.,0.));
#8835 = ORIENTED_EDGE('',*,*,#6956,.F.);
#8836 = CYLINDRICAL_SURFACE('',#8837,1.09);
#8837 = AXIS2_PLACEMENT_3D('',#8838,#8839,#8840);
#8838 = CARTESIAN_POINT('',(39.,11.3,1.E-02));
#8839 = DIRECTION('',(0.,1.,0.));
#8840 = DIRECTION('',(-1.,0.,0.));
#8841 = ADVANCED_FACE('',(#8842),#8860,.F.);
#8842 = FACE_BOUND('',#8843,.F.);
#8843 = EDGE_LOOP('',(#8844,#8845,#8846,#8854));
#8844 = ORIENTED_EDGE('',*,*,#7018,.F.);
#8845 = ORIENTED_EDGE('',*,*,#8830,.F.);
#8846 = ORIENTED_EDGE('',*,*,#8847,.T.);
#8847 = EDGE_CURVE('',#8822,#8848,#8850,.T.);
#8848 = VERTEX_POINT('',#8849);
#8849 = CARTESIAN_POINT('',(40.02,13.,1.1));
#8850 = LINE('',#8851,#8852);
#8851 = CARTESIAN_POINT('',(37.31,13.,1.1));
#8852 = VECTOR('',#8853,1.);
#8853 = DIRECTION('',(1.,0.,0.));
#8854 = ORIENTED_EDGE('',*,*,#8855,.T.);
#8855 = EDGE_CURVE('',#8848,#7010,#8856,.T.);
#8856 = LINE('',#8857,#8858);
#8857 = CARTESIAN_POINT('',(40.02,11.3,1.1));
#8858 = VECTOR('',#8859,1.);
#8859 = DIRECTION('',(0.,1.,0.));
#8860 = PLANE('',#8861);
#8861 = AXIS2_PLACEMENT_3D('',#8862,#8863,#8864);
#8862 = CARTESIAN_POINT('',(37.91,11.3,1.1));
#8863 = DIRECTION('',(0.,0.,1.));
#8864 = DIRECTION('',(1.,0.,0.));
#8865 = ADVANCED_FACE('',(#8866),#8885,.F.);
#8866 = FACE_BOUND('',#8867,.T.);
#8867 = EDGE_LOOP('',(#8868,#8876,#8883,#8884));
#8868 = ORIENTED_EDGE('',*,*,#8869,.F.);
#8869 = EDGE_CURVE('',#8870,#7002,#8872,.T.);
#8870 = VERTEX_POINT('',#8871);
#8871 = CARTESIAN_POINT('',(41.11,13.,1.E-02));
#8872 = LINE('',#8873,#8874);
#8873 = CARTESIAN_POINT('',(41.11,11.3,1.E-02));
#8874 = VECTOR('',#8875,1.);
#8875 = DIRECTION('',(0.,1.,0.));
#8876 = ORIENTED_EDGE('',*,*,#8877,.F.);
#8877 = EDGE_CURVE('',#8848,#8870,#8878,.T.);
#8878 = CIRCLE('',#8879,1.09);
#8879 = AXIS2_PLACEMENT_3D('',#8880,#8881,#8882);
#8880 = CARTESIAN_POINT('',(40.02,13.,1.E-02));
#8881 = DIRECTION('',(-0.,1.,0.));
#8882 = DIRECTION('',(1.,0.,0.));
#8883 = ORIENTED_EDGE('',*,*,#8855,.T.);
#8884 = ORIENTED_EDGE('',*,*,#7009,.T.);
#8885 = CYLINDRICAL_SURFACE('',#8886,1.09);
#8886 = AXIS2_PLACEMENT_3D('',#8887,#8888,#8889);
#8887 = CARTESIAN_POINT('',(40.02,11.3,1.E-02));
#8888 = DIRECTION('',(0.,1.,0.));
#8889 = DIRECTION('',(1.,0.,0.));
#8890 = ADVANCED_FACE('',(#8891),#8909,.F.);
#8891 = FACE_BOUND('',#8892,.F.);
#8892 = EDGE_LOOP('',(#8893,#8894,#8902,#8908));
#8893 = ORIENTED_EDGE('',*,*,#8869,.F.);
#8894 = ORIENTED_EDGE('',*,*,#8895,.T.);
#8895 = EDGE_CURVE('',#8870,#8896,#8898,.T.);
#8896 = VERTEX_POINT('',#8897);
#8897 = CARTESIAN_POINT('',(41.11,13.,-1.E-02));
#8898 = LINE('',#8899,#8900);
#8899 = CARTESIAN_POINT('',(41.11,13.,-1.65));
#8900 = VECTOR('',#8901,1.);
#8901 = DIRECTION('',(0.,0.,-1.));
#8902 = ORIENTED_EDGE('',*,*,#8903,.T.);
#8903 = EDGE_CURVE('',#8896,#6993,#8904,.T.);
#8904 = LINE('',#8905,#8906);
#8905 = CARTESIAN_POINT('',(41.11,11.3,-1.E-02));
#8906 = VECTOR('',#8907,1.);
#8907 = DIRECTION('',(0.,1.,0.));
#8908 = ORIENTED_EDGE('',*,*,#7001,.F.);
#8909 = PLANE('',#8910);
#8910 = AXIS2_PLACEMENT_3D('',#8911,#8912,#8913);
#8911 = CARTESIAN_POINT('',(41.11,11.3,-1.1));
#8912 = DIRECTION('',(1.,0.,0.));
#8913 = DIRECTION('',(0.,0.,1.));
#8914 = ADVANCED_FACE('',(#8915),#8934,.F.);
#8915 = FACE_BOUND('',#8916,.F.);
#8916 = EDGE_LOOP('',(#8917,#8918,#8927,#8933));
#8917 = ORIENTED_EDGE('',*,*,#8903,.F.);
#8918 = ORIENTED_EDGE('',*,*,#8919,.T.);
#8919 = EDGE_CURVE('',#8896,#8920,#8922,.T.);
#8920 = VERTEX_POINT('',#8921);
#8921 = CARTESIAN_POINT('',(40.02,13.,-1.1));
#8922 = CIRCLE('',#8923,1.09);
#8923 = AXIS2_PLACEMENT_3D('',#8924,#8925,#8926);
#8924 = CARTESIAN_POINT('',(40.02,13.,-1.E-02));
#8925 = DIRECTION('',(-0.,1.,0.));
#8926 = DIRECTION('',(1.,0.,0.));
#8927 = ORIENTED_EDGE('',*,*,#8928,.T.);
#8928 = EDGE_CURVE('',#8920,#6985,#8929,.T.);
#8929 = LINE('',#8930,#8931);
#8930 = CARTESIAN_POINT('',(40.02,11.3,-1.1));
#8931 = VECTOR('',#8932,1.);
#8932 = DIRECTION('',(0.,1.,0.));
#8933 = ORIENTED_EDGE('',*,*,#6992,.F.);
#8934 = CYLINDRICAL_SURFACE('',#8935,1.09);
#8935 = AXIS2_PLACEMENT_3D('',#8936,#8937,#8938);
#8936 = CARTESIAN_POINT('',(40.02,11.3,-1.E-02));
#8937 = DIRECTION('',(0.,1.,0.));
#8938 = DIRECTION('',(1.,0.,0.));
#8939 = ADVANCED_FACE('',(#8940),#8958,.T.);
#8940 = FACE_BOUND('',#8941,.T.);
#8941 = EDGE_LOOP('',(#8942,#8943,#8951,#8957));
#8942 = ORIENTED_EDGE('',*,*,#6984,.F.);
#8943 = ORIENTED_EDGE('',*,*,#8944,.F.);
#8944 = EDGE_CURVE('',#8945,#6976,#8947,.T.);
#8945 = VERTEX_POINT('',#8946);
#8946 = CARTESIAN_POINT('',(39.,13.,-1.1));
#8947 = LINE('',#8948,#8949);
#8948 = CARTESIAN_POINT('',(39.,11.3,-1.1));
#8949 = VECTOR('',#8950,1.);
#8950 = DIRECTION('',(0.,1.,0.));
#8951 = ORIENTED_EDGE('',*,*,#8952,.T.);
#8952 = EDGE_CURVE('',#8945,#8920,#8953,.T.);
#8953 = LINE('',#8954,#8955);
#8954 = CARTESIAN_POINT('',(37.31,13.,-1.1));
#8955 = VECTOR('',#8956,1.);
#8956 = DIRECTION('',(1.,0.,0.));
#8957 = ORIENTED_EDGE('',*,*,#8928,.T.);
#8958 = PLANE('',#8959);
#8959 = AXIS2_PLACEMENT_3D('',#8960,#8961,#8962);
#8960 = CARTESIAN_POINT('',(37.91,11.3,-1.1));
#8961 = DIRECTION('',(0.,0.,1.));
#8962 = DIRECTION('',(1.,0.,0.));
#8963 = ADVANCED_FACE('',(#8964),#8983,.F.);
#8964 = FACE_BOUND('',#8965,.T.);
#8965 = EDGE_LOOP('',(#8966,#8974,#8981,#8982));
#8966 = ORIENTED_EDGE('',*,*,#8967,.F.);
#8967 = EDGE_CURVE('',#8968,#6968,#8970,.T.);
#8968 = VERTEX_POINT('',#8969);
#8969 = CARTESIAN_POINT('',(37.91,13.,-1.E-02));
#8970 = LINE('',#8971,#8972);
#8971 = CARTESIAN_POINT('',(37.91,11.3,-1.E-02));
#8972 = VECTOR('',#8973,1.);
#8973 = DIRECTION('',(0.,1.,0.));
#8974 = ORIENTED_EDGE('',*,*,#8975,.F.);
#8975 = EDGE_CURVE('',#8945,#8968,#8976,.T.);
#8976 = CIRCLE('',#8977,1.09);
#8977 = AXIS2_PLACEMENT_3D('',#8978,#8979,#8980);
#8978 = CARTESIAN_POINT('',(39.,13.,-1.E-02));
#8979 = DIRECTION('',(0.,1.,-0.));
#8980 = DIRECTION('',(-1.,0.,0.));
#8981 = ORIENTED_EDGE('',*,*,#8944,.T.);
#8982 = ORIENTED_EDGE('',*,*,#6975,.T.);
#8983 = CYLINDRICAL_SURFACE('',#8984,1.09);
#8984 = AXIS2_PLACEMENT_3D('',#8985,#8986,#8987);
#8985 = CARTESIAN_POINT('',(39.,11.3,-1.E-02));
#8986 = DIRECTION('',(0.,1.,0.));
#8987 = DIRECTION('',(-1.,0.,0.));
#8988 = ADVANCED_FACE('',(#8989),#9000,.T.);
#8989 = FACE_BOUND('',#8990,.T.);
#8990 = EDGE_LOOP('',(#8991,#8992,#8998,#8999));
#8991 = ORIENTED_EDGE('',*,*,#8813,.F.);
#8992 = ORIENTED_EDGE('',*,*,#8993,.T.);
#8993 = EDGE_CURVE('',#8814,#8968,#8994,.T.);
#8994 = LINE('',#8995,#8996);
#8995 = CARTESIAN_POINT('',(37.91,13.,-1.65));
#8996 = VECTOR('',#8997,1.);
#8997 = DIRECTION('',(0.,0.,-1.));
#8998 = ORIENTED_EDGE('',*,*,#8967,.T.);
#8999 = ORIENTED_EDGE('',*,*,#6967,.F.);
#9000 = PLANE('',#9001);
#9001 = AXIS2_PLACEMENT_3D('',#9002,#9003,#9004);
#9002 = CARTESIAN_POINT('',(37.91,11.3,-1.1));
#9003 = DIRECTION('',(1.,0.,0.));
#9004 = DIRECTION('',(0.,0.,1.));
#9005 = ADVANCED_FACE('',(#9006),#9047,.F.);
#9006 = FACE_BOUND('',#9007,.F.);
#9007 = EDGE_LOOP('',(#9008,#9018,#9026,#9034,#9040,#9041));
#9008 = ORIENTED_EDGE('',*,*,#9009,.F.);
#9009 = EDGE_CURVE('',#9010,#9012,#9014,.T.);
#9010 = VERTEX_POINT('',#9011);
#9011 = CARTESIAN_POINT('',(36.71,13.,2.2));
#9012 = VERTEX_POINT('',#9013);
#9013 = CARTESIAN_POINT('',(43.01,13.,2.2));
#9014 = LINE('',#9015,#9016);
#9015 = CARTESIAN_POINT('',(36.71,13.,2.2));
#9016 = VECTOR('',#9017,1.);
#9017 = DIRECTION('',(1.,0.,0.));
#9018 = ORIENTED_EDGE('',*,*,#9019,.F.);
#9019 = EDGE_CURVE('',#9020,#9010,#9022,.T.);
#9020 = VERTEX_POINT('',#9021);
#9021 = CARTESIAN_POINT('',(36.71,11.3,2.2));
#9022 = LINE('',#9023,#9024);
#9023 = CARTESIAN_POINT('',(36.71,11.3,2.2));
#9024 = VECTOR('',#9025,1.);
#9025 = DIRECTION('',(0.,1.,0.));
#9026 = ORIENTED_EDGE('',*,*,#9027,.T.);
#9027 = EDGE_CURVE('',#9020,#9028,#9030,.T.);
#9028 = VERTEX_POINT('',#9029);
#9029 = CARTESIAN_POINT('',(48.01,11.3,2.2));
#9030 = LINE('',#9031,#9032);
#9031 = CARTESIAN_POINT('',(43.01,11.3,2.2));
#9032 = VECTOR('',#9033,1.);
#9033 = DIRECTION('',(1.,0.,0.));
#9034 = ORIENTED_EDGE('',*,*,#9035,.T.);
#9035 = EDGE_CURVE('',#9028,#7029,#9036,.T.);
#9036 = LINE('',#9037,#9038);
#9037 = CARTESIAN_POINT('',(48.01,11.3,2.2));
#9038 = VECTOR('',#9039,1.);
#9039 = DIRECTION('',(0.,1.,0.));
#9040 = ORIENTED_EDGE('',*,*,#7026,.F.);
#9041 = ORIENTED_EDGE('',*,*,#9042,.F.);
#9042 = EDGE_CURVE('',#9012,#7027,#9043,.T.);
#9043 = LINE('',#9044,#9045);
#9044 = CARTESIAN_POINT('',(43.01,11.3,2.2));
#9045 = VECTOR('',#9046,1.);
#9046 = DIRECTION('',(0.,1.,0.));
#9047 = PLANE('',#9048);
#9048 = AXIS2_PLACEMENT_3D('',#9049,#9050,#9051);
#9049 = CARTESIAN_POINT('',(43.56,14.95,2.2));
#9050 = DIRECTION('',(0.,0.,1.));
#9051 = DIRECTION('',(1.,0.,0.));
#9052 = ADVANCED_FACE('',(#9053),#9071,.F.);
#9053 = FACE_BOUND('',#9054,.F.);
#9054 = EDGE_LOOP('',(#9055,#9056,#9064,#9070));
#9055 = ORIENTED_EDGE('',*,*,#9035,.F.);
#9056 = ORIENTED_EDGE('',*,*,#9057,.F.);
#9057 = EDGE_CURVE('',#9058,#9028,#9060,.T.);
#9058 = VERTEX_POINT('',#9059);
#9059 = CARTESIAN_POINT('',(48.01,11.3,-2.2));
#9060 = LINE('',#9061,#9062);
#9061 = CARTESIAN_POINT('',(48.01,11.3,-2.2));
#9062 = VECTOR('',#9063,1.);
#9063 = DIRECTION('',(0.,0.,1.));
#9064 = ORIENTED_EDGE('',*,*,#9065,.T.);
#9065 = EDGE_CURVE('',#9058,#7045,#9066,.T.);
#9066 = LINE('',#9067,#9068);
#9067 = CARTESIAN_POINT('',(48.01,11.3,-2.2));
#9068 = VECTOR('',#9069,1.);
#9069 = DIRECTION('',(0.,1.,0.));
#9070 = ORIENTED_EDGE('',*,*,#7052,.F.);
#9071 = PLANE('',#9072);
#9072 = AXIS2_PLACEMENT_3D('',#9073,#9074,#9075);
#9073 = CARTESIAN_POINT('',(48.01,11.3,-2.2));
#9074 = DIRECTION('',(1.,0.,0.));
#9075 = DIRECTION('',(0.,0.,1.));
#9076 = ADVANCED_FACE('',(#9077),#9111,.F.);
#9077 = FACE_BOUND('',#9078,.F.);
#9078 = EDGE_LOOP('',(#9079,#9089,#9097,#9103,#9104,#9105));
#9079 = ORIENTED_EDGE('',*,*,#9080,.T.);
#9080 = EDGE_CURVE('',#9081,#9083,#9085,.T.);
#9081 = VERTEX_POINT('',#9082);
#9082 = CARTESIAN_POINT('',(36.71,11.3,-2.2));
#9083 = VERTEX_POINT('',#9084);
#9084 = CARTESIAN_POINT('',(36.71,13.,-2.2));
#9085 = LINE('',#9086,#9087);
#9086 = CARTESIAN_POINT('',(36.71,11.3,-2.2));
#9087 = VECTOR('',#9088,1.);
#9088 = DIRECTION('',(0.,1.,0.));
#9089 = ORIENTED_EDGE('',*,*,#9090,.T.);
#9090 = EDGE_CURVE('',#9083,#9091,#9093,.T.);
#9091 = VERTEX_POINT('',#9092);
#9092 = CARTESIAN_POINT('',(43.01,13.,-2.2));
#9093 = LINE('',#9094,#9095);
#9094 = CARTESIAN_POINT('',(36.71,13.,-2.2));
#9095 = VECTOR('',#9096,1.);
#9096 = DIRECTION('',(1.,0.,0.));
#9097 = ORIENTED_EDGE('',*,*,#9098,.T.);
#9098 = EDGE_CURVE('',#9091,#7037,#9099,.T.);
#9099 = LINE('',#9100,#9101);
#9100 = CARTESIAN_POINT('',(43.01,11.3,-2.2));
#9101 = VECTOR('',#9102,1.);
#9102 = DIRECTION('',(0.,1.,0.));
#9103 = ORIENTED_EDGE('',*,*,#7044,.F.);
#9104 = ORIENTED_EDGE('',*,*,#9065,.F.);
#9105 = ORIENTED_EDGE('',*,*,#9106,.F.);
#9106 = EDGE_CURVE('',#9081,#9058,#9107,.T.);
#9107 = LINE('',#9108,#9109);
#9108 = CARTESIAN_POINT('',(36.71,11.3,-2.2));
#9109 = VECTOR('',#9110,1.);
#9110 = DIRECTION('',(1.,0.,0.));
#9111 = PLANE('',#9112);
#9112 = AXIS2_PLACEMENT_3D('',#9113,#9114,#9115);
#9113 = CARTESIAN_POINT('',(43.56,14.95,-2.2));
#9114 = DIRECTION('',(-0.,-0.,-1.));
#9115 = DIRECTION('',(-1.,0.,0.));
#9116 = ADVANCED_FACE('',(#9117),#9128,.T.);
#9117 = FACE_BOUND('',#9118,.T.);
#9118 = EDGE_LOOP('',(#9119,#9120,#9126,#9127));
#9119 = ORIENTED_EDGE('',*,*,#9042,.F.);
#9120 = ORIENTED_EDGE('',*,*,#9121,.T.);
#9121 = EDGE_CURVE('',#9012,#9091,#9122,.T.);
#9122 = LINE('',#9123,#9124);
#9123 = CARTESIAN_POINT('',(43.01,13.,-2.2));
#9124 = VECTOR('',#9125,1.);
#9125 = DIRECTION('',(0.,0.,-1.));
#9126 = ORIENTED_EDGE('',*,*,#9098,.T.);
#9127 = ORIENTED_EDGE('',*,*,#7036,.F.);
#9128 = PLANE('',#9129);
#9129 = AXIS2_PLACEMENT_3D('',#9130,#9131,#9132);
#9130 = CARTESIAN_POINT('',(43.01,11.3,-2.2));
#9131 = DIRECTION('',(1.,0.,0.));
#9132 = DIRECTION('',(0.,0.,1.));
#9133 = ADVANCED_FACE('',(#9134),#9160,.F.);
#9134 = FACE_BOUND('',#9135,.F.);
#9135 = EDGE_LOOP('',(#9136,#9144,#9153,#9159));
#9136 = ORIENTED_EDGE('',*,*,#9137,.F.);
#9137 = EDGE_CURVE('',#9138,#7061,#9140,.T.);
#9138 = VERTEX_POINT('',#9139);
#9139 = CARTESIAN_POINT('',(52.91,13.5,1.E-02));
#9140 = LINE('',#9141,#9142);
#9141 = CARTESIAN_POINT('',(52.91,11.3,1.E-02));
#9142 = VECTOR('',#9143,1.);
#9143 = DIRECTION('',(0.,1.,0.));
#9144 = ORIENTED_EDGE('',*,*,#9145,.T.);
#9145 = EDGE_CURVE('',#9138,#9146,#9148,.T.);
#9146 = VERTEX_POINT('',#9147);
#9147 = CARTESIAN_POINT('',(54.,13.5,1.1));
#9148 = CIRCLE('',#9149,1.09);
#9149 = AXIS2_PLACEMENT_3D('',#9150,#9151,#9152);
#9150 = CARTESIAN_POINT('',(54.,13.5,1.E-02));
#9151 = DIRECTION('',(0.,1.,-0.));
#9152 = DIRECTION('',(-1.,0.,0.));
#9153 = ORIENTED_EDGE('',*,*,#9154,.T.);
#9154 = EDGE_CURVE('',#9146,#7063,#9155,.T.);
#9155 = LINE('',#9156,#9157);
#9156 = CARTESIAN_POINT('',(54.,11.3,1.1));
#9157 = VECTOR('',#9158,1.);
#9158 = DIRECTION('',(0.,1.,0.));
#9159 = ORIENTED_EDGE('',*,*,#7060,.F.);
#9160 = CYLINDRICAL_SURFACE('',#9161,1.09);
#9161 = AXIS2_PLACEMENT_3D('',#9162,#9163,#9164);
#9162 = CARTESIAN_POINT('',(54.,11.3,1.E-02));
#9163 = DIRECTION('',(0.,1.,0.));
#9164 = DIRECTION('',(-1.,0.,0.));
#9165 = ADVANCED_FACE('',(#9166),#9184,.F.);
#9166 = FACE_BOUND('',#9167,.F.);
#9167 = EDGE_LOOP('',(#9168,#9176,#9177,#9178));
#9168 = ORIENTED_EDGE('',*,*,#9169,.T.);
#9169 = EDGE_CURVE('',#9170,#7114,#9172,.T.);
#9170 = VERTEX_POINT('',#9171);
#9171 = CARTESIAN_POINT('',(55.02,13.5,1.1));
#9172 = LINE('',#9173,#9174);
#9173 = CARTESIAN_POINT('',(55.02,11.3,1.1));
#9174 = VECTOR('',#9175,1.);
#9175 = DIRECTION('',(0.,1.,0.));
#9176 = ORIENTED_EDGE('',*,*,#7122,.F.);
#9177 = ORIENTED_EDGE('',*,*,#9154,.F.);
#9178 = ORIENTED_EDGE('',*,*,#9179,.T.);
#9179 = EDGE_CURVE('',#9146,#9170,#9180,.T.);
#9180 = LINE('',#9181,#9182);
#9181 = CARTESIAN_POINT('',(54.,13.5,1.1));
#9182 = VECTOR('',#9183,1.);
#9183 = DIRECTION('',(1.,0.,0.));
#9184 = PLANE('',#9185);
#9185 = AXIS2_PLACEMENT_3D('',#9186,#9187,#9188);
#9186 = CARTESIAN_POINT('',(52.91,11.3,1.1));
#9187 = DIRECTION('',(0.,0.,1.));
#9188 = DIRECTION('',(1.,0.,0.));
#9189 = ADVANCED_FACE('',(#9190),#9209,.F.);
#9190 = FACE_BOUND('',#9191,.T.);
#9191 = EDGE_LOOP('',(#9192,#9200,#9207,#9208));
#9192 = ORIENTED_EDGE('',*,*,#9193,.F.);
#9193 = EDGE_CURVE('',#9194,#7106,#9196,.T.);
#9194 = VERTEX_POINT('',#9195);
#9195 = CARTESIAN_POINT('',(56.11,13.5,1.E-02));
#9196 = LINE('',#9197,#9198);
#9197 = CARTESIAN_POINT('',(56.11,11.3,1.E-02));
#9198 = VECTOR('',#9199,1.);
#9199 = DIRECTION('',(0.,1.,0.));
#9200 = ORIENTED_EDGE('',*,*,#9201,.F.);
#9201 = EDGE_CURVE('',#9170,#9194,#9202,.T.);
#9202 = CIRCLE('',#9203,1.09);
#9203 = AXIS2_PLACEMENT_3D('',#9204,#9205,#9206);
#9204 = CARTESIAN_POINT('',(55.02,13.5,1.E-02));
#9205 = DIRECTION('',(0.,1.,0.));
#9206 = DIRECTION('',(0.,0.,1.));
#9207 = ORIENTED_EDGE('',*,*,#9169,.T.);
#9208 = ORIENTED_EDGE('',*,*,#7113,.T.);
#9209 = CYLINDRICAL_SURFACE('',#9210,1.09);
#9210 = AXIS2_PLACEMENT_3D('',#9211,#9212,#9213);
#9211 = CARTESIAN_POINT('',(55.02,11.3,1.E-02));
#9212 = DIRECTION('',(0.,1.,0.));
#9213 = DIRECTION('',(1.,0.,0.));
#9214 = ADVANCED_FACE('',(#9215),#9233,.F.);
#9215 = FACE_BOUND('',#9216,.F.);
#9216 = EDGE_LOOP('',(#9217,#9218,#9226,#9232));
#9217 = ORIENTED_EDGE('',*,*,#9193,.F.);
#9218 = ORIENTED_EDGE('',*,*,#9219,.T.);
#9219 = EDGE_CURVE('',#9194,#9220,#9222,.T.);
#9220 = VERTEX_POINT('',#9221);
#9221 = CARTESIAN_POINT('',(56.11,13.5,-1.E-02));
#9222 = LINE('',#9223,#9224);
#9223 = CARTESIAN_POINT('',(56.11,13.5,1.E-02));
#9224 = VECTOR('',#9225,1.);
#9225 = DIRECTION('',(0.,0.,-1.));
#9226 = ORIENTED_EDGE('',*,*,#9227,.T.);
#9227 = EDGE_CURVE('',#9220,#7097,#9228,.T.);
#9228 = LINE('',#9229,#9230);
#9229 = CARTESIAN_POINT('',(56.11,11.3,-1.E-02));
#9230 = VECTOR('',#9231,1.);
#9231 = DIRECTION('',(0.,1.,0.));
#9232 = ORIENTED_EDGE('',*,*,#7105,.F.);
#9233 = PLANE('',#9234);
#9234 = AXIS2_PLACEMENT_3D('',#9235,#9236,#9237);
#9235 = CARTESIAN_POINT('',(56.11,11.3,-1.1));
#9236 = DIRECTION('',(1.,0.,0.));
#9237 = DIRECTION('',(0.,0.,1.));
#9238 = ADVANCED_FACE('',(#9239),#9258,.F.);
#9239 = FACE_BOUND('',#9240,.F.);
#9240 = EDGE_LOOP('',(#9241,#9242,#9251,#9257));
#9241 = ORIENTED_EDGE('',*,*,#9227,.F.);
#9242 = ORIENTED_EDGE('',*,*,#9243,.T.);
#9243 = EDGE_CURVE('',#9220,#9244,#9246,.T.);
#9244 = VERTEX_POINT('',#9245);
#9245 = CARTESIAN_POINT('',(55.02,13.5,-1.1));
#9246 = CIRCLE('',#9247,1.09);
#9247 = AXIS2_PLACEMENT_3D('',#9248,#9249,#9250);
#9248 = CARTESIAN_POINT('',(55.02,13.5,-1.E-02));
#9249 = DIRECTION('',(-0.,1.,0.));
#9250 = DIRECTION('',(1.,0.,0.));
#9251 = ORIENTED_EDGE('',*,*,#9252,.T.);
#9252 = EDGE_CURVE('',#9244,#7089,#9253,.T.);
#9253 = LINE('',#9254,#9255);
#9254 = CARTESIAN_POINT('',(55.02,11.3,-1.1));
#9255 = VECTOR('',#9256,1.);
#9256 = DIRECTION('',(0.,1.,0.));
#9257 = ORIENTED_EDGE('',*,*,#7096,.F.);
#9258 = CYLINDRICAL_SURFACE('',#9259,1.09);
#9259 = AXIS2_PLACEMENT_3D('',#9260,#9261,#9262);
#9260 = CARTESIAN_POINT('',(55.02,11.3,-1.E-02));
#9261 = DIRECTION('',(0.,1.,0.));
#9262 = DIRECTION('',(1.,0.,0.));
#9263 = ADVANCED_FACE('',(#9264),#9282,.T.);
#9264 = FACE_BOUND('',#9265,.T.);
#9265 = EDGE_LOOP('',(#9266,#9267,#9268,#9276));
#9266 = ORIENTED_EDGE('',*,*,#9252,.T.);
#9267 = ORIENTED_EDGE('',*,*,#7088,.F.);
#9268 = ORIENTED_EDGE('',*,*,#9269,.F.);
#9269 = EDGE_CURVE('',#9270,#7080,#9272,.T.);
#9270 = VERTEX_POINT('',#9271);
#9271 = CARTESIAN_POINT('',(54.,13.5,-1.1));
#9272 = LINE('',#9273,#9274);
#9273 = CARTESIAN_POINT('',(54.,11.3,-1.1));
#9274 = VECTOR('',#9275,1.);
#9275 = DIRECTION('',(0.,1.,0.));
#9276 = ORIENTED_EDGE('',*,*,#9277,.F.);
#9277 = EDGE_CURVE('',#9244,#9270,#9278,.T.);
#9278 = LINE('',#9279,#9280);
#9279 = CARTESIAN_POINT('',(55.02,13.5,-1.1));
#9280 = VECTOR('',#9281,1.);
#9281 = DIRECTION('',(-1.,-0.,-0.));
#9282 = PLANE('',#9283);
#9283 = AXIS2_PLACEMENT_3D('',#9284,#9285,#9286);
#9284 = CARTESIAN_POINT('',(52.91,11.3,-1.1));
#9285 = DIRECTION('',(0.,0.,1.));
#9286 = DIRECTION('',(1.,0.,0.));
#9287 = ADVANCED_FACE('',(#9288),#9307,.F.);
#9288 = FACE_BOUND('',#9289,.T.);
#9289 = EDGE_LOOP('',(#9290,#9298,#9305,#9306));
#9290 = ORIENTED_EDGE('',*,*,#9291,.F.);
#9291 = EDGE_CURVE('',#9292,#7072,#9294,.T.);
#9292 = VERTEX_POINT('',#9293);
#9293 = CARTESIAN_POINT('',(52.91,13.5,-1.E-02));
#9294 = LINE('',#9295,#9296);
#9295 = CARTESIAN_POINT('',(52.91,11.3,-1.E-02));
#9296 = VECTOR('',#9297,1.);
#9297 = DIRECTION('',(0.,1.,0.));
#9298 = ORIENTED_EDGE('',*,*,#9299,.F.);
#9299 = EDGE_CURVE('',#9270,#9292,#9300,.T.);
#9300 = CIRCLE('',#9301,1.09);
#9301 = AXIS2_PLACEMENT_3D('',#9302,#9303,#9304);
#9302 = CARTESIAN_POINT('',(54.,13.5,-1.E-02));
#9303 = DIRECTION('',(0.,1.,0.));
#9304 = DIRECTION('',(0.,0.,-1.));
#9305 = ORIENTED_EDGE('',*,*,#9269,.T.);
#9306 = ORIENTED_EDGE('',*,*,#7079,.T.);
#9307 = CYLINDRICAL_SURFACE('',#9308,1.09);
#9308 = AXIS2_PLACEMENT_3D('',#9309,#9310,#9311);
#9309 = CARTESIAN_POINT('',(54.,11.3,-1.E-02));
#9310 = DIRECTION('',(0.,1.,0.));
#9311 = DIRECTION('',(-1.,0.,0.));
#9312 = ADVANCED_FACE('',(#9313),#9324,.T.);
#9313 = FACE_BOUND('',#9314,.T.);
#9314 = EDGE_LOOP('',(#9315,#9316,#9322,#9323));
#9315 = ORIENTED_EDGE('',*,*,#9137,.F.);
#9316 = ORIENTED_EDGE('',*,*,#9317,.F.);
#9317 = EDGE_CURVE('',#9292,#9138,#9318,.T.);
#9318 = LINE('',#9319,#9320);
#9319 = CARTESIAN_POINT('',(52.91,13.5,-1.E-02));
#9320 = VECTOR('',#9321,1.);
#9321 = DIRECTION('',(0.,0.,1.));
#9322 = ORIENTED_EDGE('',*,*,#9291,.T.);
#9323 = ORIENTED_EDGE('',*,*,#7071,.F.);
#9324 = PLANE('',#9325);
#9325 = AXIS2_PLACEMENT_3D('',#9326,#9327,#9328);
#9326 = CARTESIAN_POINT('',(52.91,11.3,-1.1));
#9327 = DIRECTION('',(1.,0.,0.));
#9328 = DIRECTION('',(0.,0.,1.));
#9329 = ADVANCED_FACE('',(#9330),#9371,.F.);
#9330 = FACE_BOUND('',#9331,.F.);
#9331 = EDGE_LOOP('',(#9332,#9342,#9350,#9358,#9364,#9365));
#9332 = ORIENTED_EDGE('',*,*,#9333,.F.);
#9333 = EDGE_CURVE('',#9334,#9336,#9338,.T.);
#9334 = VERTEX_POINT('',#9335);
#9335 = CARTESIAN_POINT('',(52.21,13.,2.2));
#9336 = VERTEX_POINT('',#9337);
#9337 = CARTESIAN_POINT('',(58.01,13.,2.2));
#9338 = LINE('',#9339,#9340);
#9339 = CARTESIAN_POINT('',(51.71,13.,2.2));
#9340 = VECTOR('',#9341,1.);
#9341 = DIRECTION('',(1.,0.,0.));
#9342 = ORIENTED_EDGE('',*,*,#9343,.F.);
#9343 = EDGE_CURVE('',#9344,#9334,#9346,.T.);
#9344 = VERTEX_POINT('',#9345);
#9345 = CARTESIAN_POINT('',(52.21,11.3,2.2));
#9346 = LINE('',#9347,#9348);
#9347 = CARTESIAN_POINT('',(52.21,11.3,2.2));
#9348 = VECTOR('',#9349,1.);
#9349 = DIRECTION('',(0.,1.,0.));
#9350 = ORIENTED_EDGE('',*,*,#9351,.T.);
#9351 = EDGE_CURVE('',#9344,#9352,#9354,.T.);
#9352 = VERTEX_POINT('',#9353);
#9353 = CARTESIAN_POINT('',(63.01,11.3,2.2));
#9354 = LINE('',#9355,#9356);
#9355 = CARTESIAN_POINT('',(58.01,11.3,2.2));
#9356 = VECTOR('',#9357,1.);
#9357 = DIRECTION('',(1.,0.,0.));
#9358 = ORIENTED_EDGE('',*,*,#9359,.T.);
#9359 = EDGE_CURVE('',#9352,#7133,#9360,.T.);
#9360 = LINE('',#9361,#9362);
#9361 = CARTESIAN_POINT('',(63.01,11.3,2.2));
#9362 = VECTOR('',#9363,1.);
#9363 = DIRECTION('',(0.,1.,0.));
#9364 = ORIENTED_EDGE('',*,*,#7130,.F.);
#9365 = ORIENTED_EDGE('',*,*,#9366,.F.);
#9366 = EDGE_CURVE('',#9336,#7131,#9367,.T.);
#9367 = LINE('',#9368,#9369);
#9368 = CARTESIAN_POINT('',(58.01,11.3,2.2));
#9369 = VECTOR('',#9370,1.);
#9370 = DIRECTION('',(0.,1.,0.));
#9371 = PLANE('',#9372);
#9372 = AXIS2_PLACEMENT_3D('',#9373,#9374,#9375);
#9373 = CARTESIAN_POINT('',(58.56,14.95,2.2));
#9374 = DIRECTION('',(0.,0.,1.));
#9375 = DIRECTION('',(1.,0.,0.));
#9376 = ADVANCED_FACE('',(#9377),#9395,.F.);
#9377 = FACE_BOUND('',#9378,.F.);
#9378 = EDGE_LOOP('',(#9379,#9380,#9388,#9394));
#9379 = ORIENTED_EDGE('',*,*,#9359,.F.);
#9380 = ORIENTED_EDGE('',*,*,#9381,.F.);
#9381 = EDGE_CURVE('',#9382,#9352,#9384,.T.);
#9382 = VERTEX_POINT('',#9383);
#9383 = CARTESIAN_POINT('',(63.01,11.3,-2.2));
#9384 = LINE('',#9385,#9386);
#9385 = CARTESIAN_POINT('',(63.01,11.3,-2.2));
#9386 = VECTOR('',#9387,1.);
#9387 = DIRECTION('',(0.,0.,1.));
#9388 = ORIENTED_EDGE('',*,*,#9389,.T.);
#9389 = EDGE_CURVE('',#9382,#7149,#9390,.T.);
#9390 = LINE('',#9391,#9392);
#9391 = CARTESIAN_POINT('',(63.01,11.3,-2.2));
#9392 = VECTOR('',#9393,1.);
#9393 = DIRECTION('',(0.,1.,0.));
#9394 = ORIENTED_EDGE('',*,*,#7156,.F.);
#9395 = PLANE('',#9396);
#9396 = AXIS2_PLACEMENT_3D('',#9397,#9398,#9399);
#9397 = CARTESIAN_POINT('',(63.01,11.3,-2.2));
#9398 = DIRECTION('',(1.,0.,0.));
#9399 = DIRECTION('',(0.,0.,1.));
#9400 = ADVANCED_FACE('',(#9401),#9435,.F.);
#9401 = FACE_BOUND('',#9402,.F.);
#9402 = EDGE_LOOP('',(#9403,#9413,#9421,#9427,#9428,#9429));
#9403 = ORIENTED_EDGE('',*,*,#9404,.T.);
#9404 = EDGE_CURVE('',#9405,#9407,#9409,.T.);
#9405 = VERTEX_POINT('',#9406);
#9406 = CARTESIAN_POINT('',(51.71,11.3,-2.2));
#9407 = VERTEX_POINT('',#9408);
#9408 = CARTESIAN_POINT('',(51.71,13.,-2.2));
#9409 = LINE('',#9410,#9411);
#9410 = CARTESIAN_POINT('',(51.71,11.3,-2.2));
#9411 = VECTOR('',#9412,1.);
#9412 = DIRECTION('',(0.,1.,0.));
#9413 = ORIENTED_EDGE('',*,*,#9414,.T.);
#9414 = EDGE_CURVE('',#9407,#9415,#9417,.T.);
#9415 = VERTEX_POINT('',#9416);
#9416 = CARTESIAN_POINT('',(58.01,13.,-2.2));
#9417 = LINE('',#9418,#9419);
#9418 = CARTESIAN_POINT('',(51.71,13.,-2.2));
#9419 = VECTOR('',#9420,1.);
#9420 = DIRECTION('',(1.,0.,0.));
#9421 = ORIENTED_EDGE('',*,*,#9422,.T.);
#9422 = EDGE_CURVE('',#9415,#7141,#9423,.T.);
#9423 = LINE('',#9424,#9425);
#9424 = CARTESIAN_POINT('',(58.01,11.3,-2.2));
#9425 = VECTOR('',#9426,1.);
#9426 = DIRECTION('',(0.,1.,0.));
#9427 = ORIENTED_EDGE('',*,*,#7148,.F.);
#9428 = ORIENTED_EDGE('',*,*,#9389,.F.);
#9429 = ORIENTED_EDGE('',*,*,#9430,.F.);
#9430 = EDGE_CURVE('',#9405,#9382,#9431,.T.);
#9431 = LINE('',#9432,#9433);
#9432 = CARTESIAN_POINT('',(51.71,11.3,-2.2));
#9433 = VECTOR('',#9434,1.);
#9434 = DIRECTION('',(1.,0.,0.));
#9435 = PLANE('',#9436);
#9436 = AXIS2_PLACEMENT_3D('',#9437,#9438,#9439);
#9437 = CARTESIAN_POINT('',(58.56,14.95,-2.2));
#9438 = DIRECTION('',(-0.,-0.,-1.));
#9439 = DIRECTION('',(-1.,0.,0.));
#9440 = ADVANCED_FACE('',(#9441),#9452,.T.);
#9441 = FACE_BOUND('',#9442,.T.);
#9442 = EDGE_LOOP('',(#9443,#9444,#9450,#9451));
#9443 = ORIENTED_EDGE('',*,*,#9366,.F.);
#9444 = ORIENTED_EDGE('',*,*,#9445,.T.);
#9445 = EDGE_CURVE('',#9336,#9415,#9446,.T.);
#9446 = LINE('',#9447,#9448);
#9447 = CARTESIAN_POINT('',(58.01,13.,-2.2));
#9448 = VECTOR('',#9449,1.);
#9449 = DIRECTION('',(0.,0.,-1.));
#9450 = ORIENTED_EDGE('',*,*,#9422,.T.);
#9451 = ORIENTED_EDGE('',*,*,#7140,.F.);
#9452 = PLANE('',#9453);
#9453 = AXIS2_PLACEMENT_3D('',#9454,#9455,#9456);
#9454 = CARTESIAN_POINT('',(58.01,11.3,-2.2));
#9455 = DIRECTION('',(1.,0.,0.));
#9456 = DIRECTION('',(0.,0.,1.));
#9457 = ADVANCED_FACE('',(#9458,#9463),#9468,.T.);
#9458 = FACE_BOUND('',#9459,.T.);
#9459 = EDGE_LOOP('',(#9460,#9461,#9462));
#9460 = ORIENTED_EDGE('',*,*,#7982,.T.);
#9461 = ORIENTED_EDGE('',*,*,#8038,.F.);
#9462 = ORIENTED_EDGE('',*,*,#8014,.F.);
#9463 = FACE_BOUND('',#9464,.T.);
#9464 = EDGE_LOOP('',(#9465,#9466,#9467));
#9465 = ORIENTED_EDGE('',*,*,#7584,.F.);
#9466 = ORIENTED_EDGE('',*,*,#7632,.F.);
#9467 = ORIENTED_EDGE('',*,*,#7608,.F.);
#9468 = PLANE('',#9469);
#9469 = AXIS2_PLACEMENT_3D('',#9470,#9471,#9472);
#9470 = CARTESIAN_POINT('',(-1.,21.3,4.339989010436));
#9471 = DIRECTION('',(0.,1.,0.));
#9472 = DIRECTION('',(-1.,0.,0.));
#9473 = ADVANCED_FACE('',(#9474,#9479),#9484,.T.);
#9474 = FACE_BOUND('',#9475,.T.);
#9475 = EDGE_LOOP('',(#9476,#9477,#9478));
#9476 = ORIENTED_EDGE('',*,*,#7789,.T.);
#9477 = ORIENTED_EDGE('',*,*,#7734,.F.);
#9478 = ORIENTED_EDGE('',*,*,#7765,.F.);
#9479 = FACE_BOUND('',#9480,.T.);
#9480 = EDGE_LOOP('',(#9481,#9482,#9483));
#9481 = ORIENTED_EDGE('',*,*,#7666,.F.);
#9482 = ORIENTED_EDGE('',*,*,#7683,.T.);
#9483 = ORIENTED_EDGE('',*,*,#7707,.T.);
#9484 = PLANE('',#9485);
#9485 = AXIS2_PLACEMENT_3D('',#9486,#9487,#9488);
#9486 = CARTESIAN_POINT('',(-1.,-1.,4.339516380421));
#9487 = DIRECTION('',(0.,-1.,0.));
#9488 = DIRECTION('',(1.,0.,0.));
#9489 = ADVANCED_FACE('',(#9490),#9515,.F.);
#9490 = FACE_BOUND('',#9491,.T.);
#9491 = EDGE_LOOP('',(#9492,#9500,#9501,#9509));
#9492 = ORIENTED_EDGE('',*,*,#9493,.F.);
#9493 = EDGE_CURVE('',#8166,#9494,#9496,.T.);
#9494 = VERTEX_POINT('',#9495);
#9495 = CARTESIAN_POINT('',(37.41,7.,1.01));
#9496 = LINE('',#9497,#9498);
#9497 = CARTESIAN_POINT('',(37.91,6.5,1.01));
#9498 = VECTOR('',#9499,1.);
#9499 = DIRECTION('',(-0.707106781187,0.707106781187,-4.E-17));
#9500 = ORIENTED_EDGE('',*,*,#8165,.T.);
#9501 = ORIENTED_EDGE('',*,*,#9502,.T.);
#9502 = EDGE_CURVE('',#8158,#9503,#9505,.T.);
#9503 = VERTEX_POINT('',#9504);
#9504 = CARTESIAN_POINT('',(37.41,7.,0.99));
#9505 = LINE('',#9506,#9507);
#9506 = CARTESIAN_POINT('',(37.66,6.75,0.99));
#9507 = VECTOR('',#9508,1.);
#9508 = DIRECTION('',(-0.707106781187,0.707106781187,-9.E-17));
#9509 = ORIENTED_EDGE('',*,*,#9510,.F.);
#9510 = EDGE_CURVE('',#9494,#9503,#9511,.T.);
#9511 = LINE('',#9512,#9513);
#9512 = CARTESIAN_POINT('',(37.41,7.,1.01));
#9513 = VECTOR('',#9514,1.);
#9514 = DIRECTION('',(-0.,-1.2E-16,-1.));
#9515 = PLANE('',#9516);
#9516 = AXIS2_PLACEMENT_3D('',#9517,#9518,#9519);
#9517 = CARTESIAN_POINT('',(37.66,6.75,1.01));
#9518 = DIRECTION('',(-0.707106781187,-0.707106781187,1.3E-16));
#9519 = DIRECTION('',(3.192388155425E-17,1.519238815543E-16,1.));
#9520 = ADVANCED_FACE('',(#9521),#9540,.F.);
#9521 = FACE_BOUND('',#9522,.T.);
#9522 = EDGE_LOOP('',(#9523,#9531,#9532,#9533));
#9523 = ORIENTED_EDGE('',*,*,#9524,.F.);
#9524 = EDGE_CURVE('',#8190,#9525,#9527,.T.);
#9525 = VERTEX_POINT('',#9526);
#9526 = CARTESIAN_POINT('',(39.,7.,2.6));
#9527 = LINE('',#9528,#9529);
#9528 = CARTESIAN_POINT('',(39.,6.75,2.35));
#9529 = VECTOR('',#9530,1.);
#9530 = DIRECTION('',(0.,0.707106781187,0.707106781187));
#9531 = ORIENTED_EDGE('',*,*,#8189,.T.);
#9532 = ORIENTED_EDGE('',*,*,#9493,.T.);
#9533 = ORIENTED_EDGE('',*,*,#9534,.F.);
#9534 = EDGE_CURVE('',#9525,#9494,#9535,.T.);
#9535 = CIRCLE('',#9536,1.59);
#9536 = AXIS2_PLACEMENT_3D('',#9537,#9538,#9539);
#9537 = CARTESIAN_POINT('',(39.,7.,1.01));
#9538 = DIRECTION('',(0.,-1.,1.2E-16));
#9539 = DIRECTION('',(0.,1.2E-16,1.));
#9540 = CONICAL_SURFACE('',#9541,1.09,0.785398163397);
#9541 = AXIS2_PLACEMENT_3D('',#9542,#9543,#9544);
#9542 = CARTESIAN_POINT('',(39.,6.5,1.01));
#9543 = DIRECTION('',(0.,1.,-1.2E-16));
#9544 = DIRECTION('',(0.,1.2E-16,1.));
#9545 = ADVANCED_FACE('',(#9546),#9564,.F.);
#9546 = FACE_BOUND('',#9547,.T.);
#9547 = EDGE_LOOP('',(#9548,#9556,#9557,#9558));
#9548 = ORIENTED_EDGE('',*,*,#9549,.F.);
#9549 = EDGE_CURVE('',#8214,#9550,#9552,.T.);
#9550 = VERTEX_POINT('',#9551);
#9551 = CARTESIAN_POINT('',(40.02,7.,2.6));
#9552 = LINE('',#9553,#9554);
#9553 = CARTESIAN_POINT('',(40.02,6.5,2.1));
#9554 = VECTOR('',#9555,1.);
#9555 = DIRECTION('',(1.9E-16,0.707106781187,0.707106781187));
#9556 = ORIENTED_EDGE('',*,*,#8223,.T.);
#9557 = ORIENTED_EDGE('',*,*,#9524,.T.);
#9558 = ORIENTED_EDGE('',*,*,#9559,.F.);
#9559 = EDGE_CURVE('',#9550,#9525,#9560,.T.);
#9560 = LINE('',#9561,#9562);
#9561 = CARTESIAN_POINT('',(40.02,7.,2.6));
#9562 = VECTOR('',#9563,1.);
#9563 = DIRECTION('',(-1.,-0.,-0.));
#9564 = PLANE('',#9565);
#9565 = AXIS2_PLACEMENT_3D('',#9566,#9567,#9568);
#9566 = CARTESIAN_POINT('',(40.02,6.75,2.35));
#9567 = DIRECTION('',(0.,-0.707106781187,0.707106781187));
#9568 = DIRECTION('',(1.,0.,0.));
#9569 = ADVANCED_FACE('',(#9570),#9589,.F.);
#9570 = FACE_BOUND('',#9571,.T.);
#9571 = EDGE_LOOP('',(#9572,#9580,#9581,#9582));
#9572 = ORIENTED_EDGE('',*,*,#9573,.F.);
#9573 = EDGE_CURVE('',#8238,#9574,#9576,.T.);
#9574 = VERTEX_POINT('',#9575);
#9575 = CARTESIAN_POINT('',(41.61,7.,1.01));
#9576 = LINE('',#9577,#9578);
#9577 = CARTESIAN_POINT('',(41.11,6.5,1.01));
#9578 = VECTOR('',#9579,1.);
#9579 = DIRECTION('',(0.707106781187,0.707106781187,-2.3E-16));
#9580 = ORIENTED_EDGE('',*,*,#8245,.T.);
#9581 = ORIENTED_EDGE('',*,*,#9549,.T.);
#9582 = ORIENTED_EDGE('',*,*,#9583,.F.);
#9583 = EDGE_CURVE('',#9574,#9550,#9584,.T.);
#9584 = CIRCLE('',#9585,1.59);
#9585 = AXIS2_PLACEMENT_3D('',#9586,#9587,#9588);
#9586 = CARTESIAN_POINT('',(40.02,7.,1.01));
#9587 = DIRECTION('',(0.,-1.,1.2E-16));
#9588 = DIRECTION('',(1.,-2.4E-32,-2.E-16));
#9589 = CONICAL_SURFACE('',#9590,1.09,0.785398163397);
#9590 = AXIS2_PLACEMENT_3D('',#9591,#9592,#9593);
#9591 = CARTESIAN_POINT('',(40.02,6.5,1.01));
#9592 = DIRECTION('',(0.,1.,-1.2E-16));
#9593 = DIRECTION('',(1.,-2.4E-32,-2.E-16));
#9594 = ADVANCED_FACE('',(#9595),#9613,.T.);
#9595 = FACE_BOUND('',#9596,.T.);
#9596 = EDGE_LOOP('',(#9597,#9605,#9606,#9607));
#9597 = ORIENTED_EDGE('',*,*,#9598,.F.);
#9598 = EDGE_CURVE('',#8263,#9599,#9601,.T.);
#9599 = VERTEX_POINT('',#9600);
#9600 = CARTESIAN_POINT('',(41.61,7.,0.99));
#9601 = LINE('',#9602,#9603);
#9602 = CARTESIAN_POINT('',(41.11,6.5,0.99));
#9603 = VECTOR('',#9604,1.);
#9604 = DIRECTION('',(0.707106781187,0.707106781187,-1.3E-16));
#9605 = ORIENTED_EDGE('',*,*,#8270,.T.);
#9606 = ORIENTED_EDGE('',*,*,#9573,.T.);
#9607 = ORIENTED_EDGE('',*,*,#9608,.F.);
#9608 = EDGE_CURVE('',#9599,#9574,#9609,.T.);
#9609 = LINE('',#9610,#9611);
#9610 = CARTESIAN_POINT('',(41.61,7.,0.99));
#9611 = VECTOR('',#9612,1.);
#9612 = DIRECTION('',(0.,1.2E-16,1.));
#9613 = PLANE('',#9614);
#9614 = AXIS2_PLACEMENT_3D('',#9615,#9616,#9617);
#9615 = CARTESIAN_POINT('',(41.36,6.75,0.99));
#9616 = DIRECTION('',(-0.707106781187,0.707106781187,-1.3E-16));
#9617 = DIRECTION('',(-3.192388155425E-17,1.519238815543E-16,1.));
#9618 = ADVANCED_FACE('',(#9619),#9638,.F.);
#9619 = FACE_BOUND('',#9620,.T.);
#9620 = EDGE_LOOP('',(#9621,#9629,#9630,#9631));
#9621 = ORIENTED_EDGE('',*,*,#9622,.F.);
#9622 = EDGE_CURVE('',#8288,#9623,#9625,.T.);
#9623 = VERTEX_POINT('',#9624);
#9624 = CARTESIAN_POINT('',(40.02,7.,-0.6));
#9625 = LINE('',#9626,#9627);
#9626 = CARTESIAN_POINT('',(40.02,6.75,-0.35));
#9627 = VECTOR('',#9628,1.);
#9628 = DIRECTION('',(0.,0.707106781187,-0.707106781187));
#9629 = ORIENTED_EDGE('',*,*,#8287,.T.);
#9630 = ORIENTED_EDGE('',*,*,#9598,.T.);
#9631 = ORIENTED_EDGE('',*,*,#9632,.F.);
#9632 = EDGE_CURVE('',#9623,#9599,#9633,.T.);
#9633 = CIRCLE('',#9634,1.59);
#9634 = AXIS2_PLACEMENT_3D('',#9635,#9636,#9637);
#9635 = CARTESIAN_POINT('',(40.02,7.,0.99));
#9636 = DIRECTION('',(0.,-1.,1.2E-16));
#9637 = DIRECTION('',(0.,-1.2E-16,-1.));
#9638 = CONICAL_SURFACE('',#9639,1.09,0.785398163397);
#9639 = AXIS2_PLACEMENT_3D('',#9640,#9641,#9642);
#9640 = CARTESIAN_POINT('',(40.02,6.5,0.99));
#9641 = DIRECTION('',(0.,1.,-1.2E-16));
#9642 = DIRECTION('',(0.,-1.2E-16,-1.));
#9643 = ADVANCED_FACE('',(#9644),#9662,.T.);
#9644 = FACE_BOUND('',#9645,.T.);
#9645 = EDGE_LOOP('',(#9646,#9654,#9655,#9656));
#9646 = ORIENTED_EDGE('',*,*,#9647,.F.);
#9647 = EDGE_CURVE('',#8314,#9648,#9650,.T.);
#9648 = VERTEX_POINT('',#9649);
#9649 = CARTESIAN_POINT('',(39.,7.,-0.6));
#9650 = LINE('',#9651,#9652);
#9651 = CARTESIAN_POINT('',(39.,6.5,-1.E-01));
#9652 = VECTOR('',#9653,1.);
#9653 = DIRECTION('',(1.E-16,0.707106781187,-0.707106781187));
#9654 = ORIENTED_EDGE('',*,*,#8321,.T.);
#9655 = ORIENTED_EDGE('',*,*,#9622,.T.);
#9656 = ORIENTED_EDGE('',*,*,#9657,.F.);
#9657 = EDGE_CURVE('',#9648,#9623,#9658,.T.);
#9658 = LINE('',#9659,#9660);
#9659 = CARTESIAN_POINT('',(39.,7.,-0.6));
#9660 = VECTOR('',#9661,1.);
#9661 = DIRECTION('',(1.,0.,0.));
#9662 = PLANE('',#9663);
#9663 = AXIS2_PLACEMENT_3D('',#9664,#9665,#9666);
#9664 = CARTESIAN_POINT('',(39.,6.75,-0.35));
#9665 = DIRECTION('',(0.,0.707106781187,0.707106781187));
#9666 = DIRECTION('',(1.,0.,0.));
#9667 = ADVANCED_FACE('',(#9668),#9680,.F.);
#9668 = FACE_BOUND('',#9669,.T.);
#9669 = EDGE_LOOP('',(#9670,#9671,#9672,#9673));
#9670 = ORIENTED_EDGE('',*,*,#9502,.F.);
#9671 = ORIENTED_EDGE('',*,*,#8336,.T.);
#9672 = ORIENTED_EDGE('',*,*,#9647,.T.);
#9673 = ORIENTED_EDGE('',*,*,#9674,.F.);
#9674 = EDGE_CURVE('',#9503,#9648,#9675,.T.);
#9675 = CIRCLE('',#9676,1.59);
#9676 = AXIS2_PLACEMENT_3D('',#9677,#9678,#9679);
#9677 = CARTESIAN_POINT('',(39.,7.,0.99));
#9678 = DIRECTION('',(0.,-1.,1.2E-16));
#9679 = DIRECTION('',(-1.,-2.4E-32,-2.E-16));
#9680 = CONICAL_SURFACE('',#9681,1.09,0.785398163397);
#9681 = AXIS2_PLACEMENT_3D('',#9682,#9683,#9684);
#9682 = CARTESIAN_POINT('',(39.,6.5,0.99));
#9683 = DIRECTION('',(0.,1.,-1.2E-16));
#9684 = DIRECTION('',(-1.,-2.4E-32,-2.E-16));
#9685 = ADVANCED_FACE('',(#9686),#9710,.T.);
#9686 = FACE_BOUND('',#9687,.T.);
#9687 = EDGE_LOOP('',(#9688,#9696,#9697,#9703,#9704));
#9688 = ORIENTED_EDGE('',*,*,#9689,.T.);
#9689 = EDGE_CURVE('',#9690,#8425,#9692,.T.);
#9690 = VERTEX_POINT('',#9691);
#9691 = CARTESIAN_POINT('',(36.71,7.,2.7));
#9692 = LINE('',#9693,#9694);
#9693 = CARTESIAN_POINT('',(36.71,7.,3.2));
#9694 = VECTOR('',#9695,1.);
#9695 = DIRECTION('',(0.,0.,-1.));
#9696 = ORIENTED_EDGE('',*,*,#8434,.F.);
#9697 = ORIENTED_EDGE('',*,*,#9698,.F.);
#9698 = EDGE_CURVE('',#8354,#8435,#9699,.T.);
#9699 = LINE('',#9700,#9701);
#9700 = CARTESIAN_POINT('',(36.71,8.7,3.2));
#9701 = VECTOR('',#9702,1.);
#9702 = DIRECTION('',(0.,0.,-1.));
#9703 = ORIENTED_EDGE('',*,*,#8353,.T.);
#9704 = ORIENTED_EDGE('',*,*,#9705,.T.);
#9705 = EDGE_CURVE('',#8356,#9690,#9706,.T.);
#9706 = LINE('',#9707,#9708);
#9707 = CARTESIAN_POINT('',(36.71,7.675,3.375));
#9708 = VECTOR('',#9709,1.);
#9709 = DIRECTION('',(0.,-0.707106781187,-0.707106781187));
#9710 = PLANE('',#9711);
#9711 = AXIS2_PLACEMENT_3D('',#9712,#9713,#9714);
#9712 = CARTESIAN_POINT('',(36.71,8.7,3.2));
#9713 = DIRECTION('',(1.,0.,0.));
#9714 = DIRECTION('',(0.,0.,-1.));
#9715 = ADVANCED_FACE('',(#9716),#9727,.F.);
#9716 = FACE_BOUND('',#9717,.T.);
#9717 = EDGE_LOOP('',(#9718,#9719,#9720,#9721));
#9718 = ORIENTED_EDGE('',*,*,#9705,.F.);
#9719 = ORIENTED_EDGE('',*,*,#8363,.T.);
#9720 = ORIENTED_EDGE('',*,*,#8472,.T.);
#9721 = ORIENTED_EDGE('',*,*,#9722,.F.);
#9722 = EDGE_CURVE('',#9690,#8465,#9723,.T.);
#9723 = LINE('',#9724,#9725);
#9724 = CARTESIAN_POINT('',(36.71,7.,2.7));
#9725 = VECTOR('',#9726,1.);
#9726 = DIRECTION('',(1.,0.,0.));
#9727 = PLANE('',#9728);
#9728 = AXIS2_PLACEMENT_3D('',#9729,#9730,#9731);
#9729 = CARTESIAN_POINT('',(36.71,7.25,2.95));
#9730 = DIRECTION('',(0.,-0.707106781187,0.707106781187));
#9731 = DIRECTION('',(-1.,-0.,-0.));
#9732 = ADVANCED_FACE('',(#9733),#9739,.F.);
#9733 = FACE_BOUND('',#9734,.F.);
#9734 = EDGE_LOOP('',(#9735,#9736,#9737,#9738));
#9735 = ORIENTED_EDGE('',*,*,#8386,.T.);
#9736 = ORIENTED_EDGE('',*,*,#8408,.T.);
#9737 = ORIENTED_EDGE('',*,*,#8442,.F.);
#9738 = ORIENTED_EDGE('',*,*,#9698,.F.);
#9739 = PLANE('',#9740);
#9740 = AXIS2_PLACEMENT_3D('',#9741,#9742,#9743);
#9741 = CARTESIAN_POINT('',(42.36,8.7,1.));
#9742 = DIRECTION('',(-0.,1.,0.));
#9743 = DIRECTION('',(0.,0.,1.));
#9744 = ADVANCED_FACE('',(#9745,#9751),#9761,.F.);
#9745 = FACE_BOUND('',#9746,.F.);
#9746 = EDGE_LOOP('',(#9747,#9748,#9749,#9750));
#9747 = ORIENTED_EDGE('',*,*,#8464,.T.);
#9748 = ORIENTED_EDGE('',*,*,#9722,.F.);
#9749 = ORIENTED_EDGE('',*,*,#9689,.T.);
#9750 = ORIENTED_EDGE('',*,*,#8424,.T.);
#9751 = FACE_BOUND('',#9752,.F.);
#9752 = EDGE_LOOP('',(#9753,#9754,#9755,#9756,#9757,#9758,#9759,#9760));
#9753 = ORIENTED_EDGE('',*,*,#9583,.F.);
#9754 = ORIENTED_EDGE('',*,*,#9608,.F.);
#9755 = ORIENTED_EDGE('',*,*,#9632,.F.);
#9756 = ORIENTED_EDGE('',*,*,#9657,.F.);
#9757 = ORIENTED_EDGE('',*,*,#9674,.F.);
#9758 = ORIENTED_EDGE('',*,*,#9510,.F.);
#9759 = ORIENTED_EDGE('',*,*,#9534,.F.);
#9760 = ORIENTED_EDGE('',*,*,#9559,.F.);
#9761 = PLANE('',#9762);
#9762 = AXIS2_PLACEMENT_3D('',#9763,#9764,#9765);
#9763 = CARTESIAN_POINT('',(36.71,7.,3.2));
#9764 = DIRECTION('',(0.,-1.,0.));
#9765 = DIRECTION('',(0.,0.,-1.));
#9766 = ADVANCED_FACE('',(#9767,#9778),#9788,.F.);
#9767 = FACE_BOUND('',#9768,.F.);
#9768 = EDGE_LOOP('',(#9769,#9770,#9776,#9777));
#9769 = ORIENTED_EDGE('',*,*,#8695,.F.);
#9770 = ORIENTED_EDGE('',*,*,#9771,.T.);
#9771 = EDGE_CURVE('',#8688,#8757,#9772,.T.);
#9772 = LINE('',#9773,#9774);
#9773 = CARTESIAN_POINT('',(51.71,7.,3.2));
#9774 = VECTOR('',#9775,1.);
#9775 = DIRECTION('',(0.,0.,-1.));
#9776 = ORIENTED_EDGE('',*,*,#8756,.T.);
#9777 = ORIENTED_EDGE('',*,*,#8797,.T.);
#9778 = FACE_BOUND('',#9779,.F.);
#9779 = EDGE_LOOP('',(#9780,#9781,#9782,#9783,#9784,#9785,#9786,#9787));
#9780 = ORIENTED_EDGE('',*,*,#8668,.F.);
#9781 = ORIENTED_EDGE('',*,*,#8497,.T.);
#9782 = ORIENTED_EDGE('',*,*,#8521,.F.);
#9783 = ORIENTED_EDGE('',*,*,#8547,.T.);
#9784 = ORIENTED_EDGE('',*,*,#8577,.F.);
#9785 = ORIENTED_EDGE('',*,*,#8602,.F.);
#9786 = ORIENTED_EDGE('',*,*,#8619,.F.);
#9787 = ORIENTED_EDGE('',*,*,#8652,.F.);
#9788 = PLANE('',#9789);
#9789 = AXIS2_PLACEMENT_3D('',#9790,#9791,#9792);
#9790 = CARTESIAN_POINT('',(51.71,7.,3.2));
#9791 = DIRECTION('',(0.,-1.,0.));
#9792 = DIRECTION('',(0.,0.,-1.));
#9793 = ADVANCED_FACE('',(#9794),#9805,.T.);
#9794 = FACE_BOUND('',#9795,.T.);
#9795 = EDGE_LOOP('',(#9796,#9802,#9803,#9804));
#9796 = ORIENTED_EDGE('',*,*,#9797,.F.);
#9797 = EDGE_CURVE('',#8686,#8767,#9798,.T.);
#9798 = LINE('',#9799,#9800);
#9799 = CARTESIAN_POINT('',(51.71,8.7,3.2));
#9800 = VECTOR('',#9801,1.);
#9801 = DIRECTION('',(0.,0.,-1.));
#9802 = ORIENTED_EDGE('',*,*,#8685,.T.);
#9803 = ORIENTED_EDGE('',*,*,#9771,.T.);
#9804 = ORIENTED_EDGE('',*,*,#8766,.F.);
#9805 = PLANE('',#9806);
#9806 = AXIS2_PLACEMENT_3D('',#9807,#9808,#9809);
#9807 = CARTESIAN_POINT('',(51.71,8.7,3.2));
#9808 = DIRECTION('',(1.,0.,0.));
#9809 = DIRECTION('',(0.,0.,-1.));
#9810 = ADVANCED_FACE('',(#9811),#9817,.F.);
#9811 = FACE_BOUND('',#9812,.F.);
#9812 = EDGE_LOOP('',(#9813,#9814,#9815,#9816));
#9813 = ORIENTED_EDGE('',*,*,#8718,.T.);
#9814 = ORIENTED_EDGE('',*,*,#8740,.T.);
#9815 = ORIENTED_EDGE('',*,*,#8774,.F.);
#9816 = ORIENTED_EDGE('',*,*,#9797,.F.);
#9817 = PLANE('',#9818);
#9818 = AXIS2_PLACEMENT_3D('',#9819,#9820,#9821);
#9819 = CARTESIAN_POINT('',(57.36,8.7,1.));
#9820 = DIRECTION('',(-0.,1.,0.));
#9821 = DIRECTION('',(0.,0.,1.));
#9822 = ADVANCED_FACE('',(#9823,#9834),#9844,.F.);
#9823 = FACE_BOUND('',#9824,.F.);
#9824 = EDGE_LOOP('',(#9825,#9826,#9832,#9833));
#9825 = ORIENTED_EDGE('',*,*,#9090,.F.);
#9826 = ORIENTED_EDGE('',*,*,#9827,.T.);
#9827 = EDGE_CURVE('',#9083,#9010,#9828,.T.);
#9828 = LINE('',#9829,#9830);
#9829 = CARTESIAN_POINT('',(36.71,13.,-2.2));
#9830 = VECTOR('',#9831,1.);
#9831 = DIRECTION('',(0.,0.,1.));
#9832 = ORIENTED_EDGE('',*,*,#9009,.T.);
#9833 = ORIENTED_EDGE('',*,*,#9121,.T.);
#9834 = FACE_BOUND('',#9835,.F.);
#9835 = EDGE_LOOP('',(#9836,#9837,#9838,#9839,#9840,#9841,#9842,#9843));
#9836 = ORIENTED_EDGE('',*,*,#8821,.F.);
#9837 = ORIENTED_EDGE('',*,*,#8993,.T.);
#9838 = ORIENTED_EDGE('',*,*,#8975,.F.);
#9839 = ORIENTED_EDGE('',*,*,#8952,.T.);
#9840 = ORIENTED_EDGE('',*,*,#8919,.F.);
#9841 = ORIENTED_EDGE('',*,*,#8895,.F.);
#9842 = ORIENTED_EDGE('',*,*,#8877,.F.);
#9843 = ORIENTED_EDGE('',*,*,#8847,.F.);
#9844 = PLANE('',#9845);
#9845 = AXIS2_PLACEMENT_3D('',#9846,#9847,#9848);
#9846 = CARTESIAN_POINT('',(36.71,13.,-2.2));
#9847 = DIRECTION('',(0.,1.,0.));
#9848 = DIRECTION('',(0.,0.,1.));
#9849 = ADVANCED_FACE('',(#9850),#9861,.F.);
#9850 = FACE_BOUND('',#9851,.F.);
#9851 = EDGE_LOOP('',(#9852,#9853,#9854,#9855));
#9852 = ORIENTED_EDGE('',*,*,#9106,.T.);
#9853 = ORIENTED_EDGE('',*,*,#9057,.T.);
#9854 = ORIENTED_EDGE('',*,*,#9027,.F.);
#9855 = ORIENTED_EDGE('',*,*,#9856,.F.);
#9856 = EDGE_CURVE('',#9081,#9020,#9857,.T.);
#9857 = LINE('',#9858,#9859);
#9858 = CARTESIAN_POINT('',(36.71,11.3,-2.2));
#9859 = VECTOR('',#9860,1.);
#9860 = DIRECTION('',(0.,0.,1.));
#9861 = PLANE('',#9862);
#9862 = AXIS2_PLACEMENT_3D('',#9863,#9864,#9865);
#9863 = CARTESIAN_POINT('',(42.36,11.3,6.E-17));
#9864 = DIRECTION('',(-0.,-1.,-0.));
#9865 = DIRECTION('',(0.,0.,-1.));
#9866 = ADVANCED_FACE('',(#9867),#9873,.T.);
#9867 = FACE_BOUND('',#9868,.T.);
#9868 = EDGE_LOOP('',(#9869,#9870,#9871,#9872));
#9869 = ORIENTED_EDGE('',*,*,#9856,.F.);
#9870 = ORIENTED_EDGE('',*,*,#9080,.T.);
#9871 = ORIENTED_EDGE('',*,*,#9827,.T.);
#9872 = ORIENTED_EDGE('',*,*,#9019,.F.);
#9873 = PLANE('',#9874);
#9874 = AXIS2_PLACEMENT_3D('',#9875,#9876,#9877);
#9875 = CARTESIAN_POINT('',(36.71,11.3,-2.2));
#9876 = DIRECTION('',(1.,0.,0.));
#9877 = DIRECTION('',(0.,0.,1.));
#9878 = ADVANCED_FACE('',(#9879),#9905,.F.);
#9879 = FACE_BOUND('',#9880,.T.);
#9880 = EDGE_LOOP('',(#9881,#9889,#9890,#9898));
#9881 = ORIENTED_EDGE('',*,*,#9882,.F.);
#9882 = EDGE_CURVE('',#9138,#9883,#9885,.T.);
#9883 = VERTEX_POINT('',#9884);
#9884 = CARTESIAN_POINT('',(52.41,13.,1.E-02));
#9885 = LINE('',#9886,#9887);
#9886 = CARTESIAN_POINT('',(52.66,13.25,1.E-02));
#9887 = VECTOR('',#9888,1.);
#9888 = DIRECTION('',(-0.707106781187,-0.707106781187,-0.));
#9889 = ORIENTED_EDGE('',*,*,#9145,.T.);
#9890 = ORIENTED_EDGE('',*,*,#9891,.T.);
#9891 = EDGE_CURVE('',#9146,#9892,#9894,.T.);
#9892 = VERTEX_POINT('',#9893);
#9893 = CARTESIAN_POINT('',(54.,13.,1.6));
#9894 = LINE('',#9895,#9896);
#9895 = CARTESIAN_POINT('',(54.,13.5,1.1));
#9896 = VECTOR('',#9897,1.);
#9897 = DIRECTION('',(-4.E-17,-0.707106781187,0.707106781187));
#9898 = ORIENTED_EDGE('',*,*,#9899,.F.);
#9899 = EDGE_CURVE('',#9883,#9892,#9900,.T.);
#9900 = CIRCLE('',#9901,1.59);
#9901 = AXIS2_PLACEMENT_3D('',#9902,#9903,#9904);
#9902 = CARTESIAN_POINT('',(54.,13.,1.E-02));
#9903 = DIRECTION('',(0.,1.,-0.));
#9904 = DIRECTION('',(-1.,0.,0.));
#9905 = CONICAL_SURFACE('',#9906,1.09,0.785398163397);
#9906 = AXIS2_PLACEMENT_3D('',#9907,#9908,#9909);
#9907 = CARTESIAN_POINT('',(54.,13.5,1.E-02));
#9908 = DIRECTION('',(-0.,-1.,-0.));
#9909 = DIRECTION('',(-1.,0.,0.));
#9910 = ADVANCED_FACE('',(#9911),#9929,.T.);
#9911 = FACE_BOUND('',#9912,.T.);
#9912 = EDGE_LOOP('',(#9913,#9914,#9915,#9923));
#9913 = ORIENTED_EDGE('',*,*,#9891,.F.);
#9914 = ORIENTED_EDGE('',*,*,#9179,.T.);
#9915 = ORIENTED_EDGE('',*,*,#9916,.T.);
#9916 = EDGE_CURVE('',#9170,#9917,#9919,.T.);
#9917 = VERTEX_POINT('',#9918);
#9918 = CARTESIAN_POINT('',(55.02,13.,1.6));
#9919 = LINE('',#9920,#9921);
#9920 = CARTESIAN_POINT('',(55.02,13.25,1.35));
#9921 = VECTOR('',#9922,1.);
#9922 = DIRECTION('',(0.,-0.707106781187,0.707106781187));
#9923 = ORIENTED_EDGE('',*,*,#9924,.F.);
#9924 = EDGE_CURVE('',#9892,#9917,#9925,.T.);
#9925 = LINE('',#9926,#9927);
#9926 = CARTESIAN_POINT('',(54.,13.,1.6));
#9927 = VECTOR('',#9928,1.);
#9928 = DIRECTION('',(1.,0.,0.));
#9929 = PLANE('',#9930);
#9930 = AXIS2_PLACEMENT_3D('',#9931,#9932,#9933);
#9931 = CARTESIAN_POINT('',(54.,13.25,1.35));
#9932 = DIRECTION('',(0.,-0.707106781187,-0.707106781187));
#9933 = DIRECTION('',(1.,0.,0.));
#9934 = ADVANCED_FACE('',(#9935),#9954,.F.);
#9935 = FACE_BOUND('',#9936,.T.);
#9936 = EDGE_LOOP('',(#9937,#9938,#9939,#9947));
#9937 = ORIENTED_EDGE('',*,*,#9916,.F.);
#9938 = ORIENTED_EDGE('',*,*,#9201,.T.);
#9939 = ORIENTED_EDGE('',*,*,#9940,.T.);
#9940 = EDGE_CURVE('',#9194,#9941,#9943,.T.);
#9941 = VERTEX_POINT('',#9942);
#9942 = CARTESIAN_POINT('',(56.61,13.,1.E-02));
#9943 = LINE('',#9944,#9945);
#9944 = CARTESIAN_POINT('',(56.36,13.25,1.E-02));
#9945 = VECTOR('',#9946,1.);
#9946 = DIRECTION('',(0.707106781187,-0.707106781187,0.));
#9947 = ORIENTED_EDGE('',*,*,#9948,.F.);
#9948 = EDGE_CURVE('',#9917,#9941,#9949,.T.);
#9949 = CIRCLE('',#9950,1.59);
#9950 = AXIS2_PLACEMENT_3D('',#9951,#9952,#9953);
#9951 = CARTESIAN_POINT('',(55.02,13.,1.E-02));
#9952 = DIRECTION('',(0.,1.,0.));
#9953 = DIRECTION('',(0.,0.,1.));
#9954 = CONICAL_SURFACE('',#9955,1.09,0.785398163397);
#9955 = AXIS2_PLACEMENT_3D('',#9956,#9957,#9958);
#9956 = CARTESIAN_POINT('',(55.02,13.5,1.E-02));
#9957 = DIRECTION('',(-0.,-1.,-0.));
#9958 = DIRECTION('',(0.,0.,1.));
#9959 = ADVANCED_FACE('',(#9960),#9978,.T.);
#9960 = FACE_BOUND('',#9961,.T.);
#9961 = EDGE_LOOP('',(#9962,#9963,#9964,#9972));
#9962 = ORIENTED_EDGE('',*,*,#9940,.F.);
#9963 = ORIENTED_EDGE('',*,*,#9219,.T.);
#9964 = ORIENTED_EDGE('',*,*,#9965,.T.);
#9965 = EDGE_CURVE('',#9220,#9966,#9968,.T.);
#9966 = VERTEX_POINT('',#9967);
#9967 = CARTESIAN_POINT('',(56.61,13.,-1.E-02));
#9968 = LINE('',#9969,#9970);
#9969 = CARTESIAN_POINT('',(56.36,13.25,-1.E-02));
#9970 = VECTOR('',#9971,1.);
#9971 = DIRECTION('',(0.707106781187,-0.707106781187,0.));
#9972 = ORIENTED_EDGE('',*,*,#9973,.F.);
#9973 = EDGE_CURVE('',#9941,#9966,#9974,.T.);
#9974 = LINE('',#9975,#9976);
#9975 = CARTESIAN_POINT('',(56.61,13.,1.E-02));
#9976 = VECTOR('',#9977,1.);
#9977 = DIRECTION('',(0.,0.,-1.));
#9978 = PLANE('',#9979);
#9979 = AXIS2_PLACEMENT_3D('',#9980,#9981,#9982);
#9980 = CARTESIAN_POINT('',(56.36,13.25,1.E-02));
#9981 = DIRECTION('',(-0.707106781187,-0.707106781187,0.));
#9982 = DIRECTION('',(0.,0.,-1.));
#9983 = ADVANCED_FACE('',(#9984),#10003,.F.);
#9984 = FACE_BOUND('',#9985,.T.);
#9985 = EDGE_LOOP('',(#9986,#9987,#9988,#9996));
#9986 = ORIENTED_EDGE('',*,*,#9965,.F.);
#9987 = ORIENTED_EDGE('',*,*,#9243,.T.);
#9988 = ORIENTED_EDGE('',*,*,#9989,.T.);
#9989 = EDGE_CURVE('',#9244,#9990,#9992,.T.);
#9990 = VERTEX_POINT('',#9991);
#9991 = CARTESIAN_POINT('',(55.02,13.,-1.6));
#9992 = LINE('',#9993,#9994);
#9993 = CARTESIAN_POINT('',(55.02,13.5,-1.1));
#9994 = VECTOR('',#9995,1.);
#9995 = DIRECTION('',(4.E-17,-0.707106781187,-0.707106781187));
#9996 = ORIENTED_EDGE('',*,*,#9997,.F.);
#9997 = EDGE_CURVE('',#9966,#9990,#9998,.T.);
#9998 = CIRCLE('',#9999,1.59);
#9999 = AXIS2_PLACEMENT_3D('',#10000,#10001,#10002);
#10000 = CARTESIAN_POINT('',(55.02,13.,-1.E-02));
#10001 = DIRECTION('',(-0.,1.,0.));
#10002 = DIRECTION('',(1.,0.,0.));
#10003 = CONICAL_SURFACE('',#10004,1.09,0.785398163397);
#10004 = AXIS2_PLACEMENT_3D('',#10005,#10006,#10007);
#10005 = CARTESIAN_POINT('',(55.02,13.5,-1.E-02));
#10006 = DIRECTION('',(-0.,-1.,-0.));
#10007 = DIRECTION('',(1.,0.,0.));
#10008 = ADVANCED_FACE('',(#10009),#10027,.F.);
#10009 = FACE_BOUND('',#10010,.T.);
#10010 = EDGE_LOOP('',(#10011,#10012,#10013,#10021));
#10011 = ORIENTED_EDGE('',*,*,#9989,.F.);
#10012 = ORIENTED_EDGE('',*,*,#9277,.T.);
#10013 = ORIENTED_EDGE('',*,*,#10014,.T.);
#10014 = EDGE_CURVE('',#9270,#10015,#10017,.T.);
#10015 = VERTEX_POINT('',#10016);
#10016 = CARTESIAN_POINT('',(54.,13.,-1.6));
#10017 = LINE('',#10018,#10019);
#10018 = CARTESIAN_POINT('',(54.,13.25,-1.35));
#10019 = VECTOR('',#10020,1.);
#10020 = DIRECTION('',(-0.,-0.707106781187,-0.707106781187));
#10021 = ORIENTED_EDGE('',*,*,#10022,.F.);
#10022 = EDGE_CURVE('',#9990,#10015,#10023,.T.);
#10023 = LINE('',#10024,#10025);
#10024 = CARTESIAN_POINT('',(55.02,13.,-1.6));
#10025 = VECTOR('',#10026,1.);
#10026 = DIRECTION('',(-1.,-0.,-0.));
#10027 = PLANE('',#10028);
#10028 = AXIS2_PLACEMENT_3D('',#10029,#10030,#10031);
#10029 = CARTESIAN_POINT('',(55.02,13.25,-1.35));
#10030 = DIRECTION('',(0.,0.707106781187,-0.707106781187));
#10031 = DIRECTION('',(1.,0.,0.));
#10032 = ADVANCED_FACE('',(#10033),#10052,.F.);
#10033 = FACE_BOUND('',#10034,.T.);
#10034 = EDGE_LOOP('',(#10035,#10036,#10037,#10045));
#10035 = ORIENTED_EDGE('',*,*,#10014,.F.);
#10036 = ORIENTED_EDGE('',*,*,#9299,.T.);
#10037 = ORIENTED_EDGE('',*,*,#10038,.T.);
#10038 = EDGE_CURVE('',#9292,#10039,#10041,.T.);
#10039 = VERTEX_POINT('',#10040);
#10040 = CARTESIAN_POINT('',(52.41,13.,-1.E-02));
#10041 = LINE('',#10042,#10043);
#10042 = CARTESIAN_POINT('',(52.91,13.5,-1.E-02));
#10043 = VECTOR('',#10044,1.);
#10044 = DIRECTION('',(-0.707106781187,-0.707106781187,-4.E-17));
#10045 = ORIENTED_EDGE('',*,*,#10046,.F.);
#10046 = EDGE_CURVE('',#10015,#10039,#10047,.T.);
#10047 = CIRCLE('',#10048,1.59);
#10048 = AXIS2_PLACEMENT_3D('',#10049,#10050,#10051);
#10049 = CARTESIAN_POINT('',(54.,13.,-1.E-02));
#10050 = DIRECTION('',(0.,1.,0.));
#10051 = DIRECTION('',(0.,0.,-1.));
#10052 = CONICAL_SURFACE('',#10053,1.09,0.785398163397);
#10053 = AXIS2_PLACEMENT_3D('',#10054,#10055,#10056);
#10054 = CARTESIAN_POINT('',(54.,13.5,-1.E-02));
#10055 = DIRECTION('',(-0.,-1.,-0.));
#10056 = DIRECTION('',(0.,0.,-1.));
#10057 = ADVANCED_FACE('',(#10058),#10069,.F.);
#10058 = FACE_BOUND('',#10059,.T.);
#10059 = EDGE_LOOP('',(#10060,#10061,#10062,#10063));
#10060 = ORIENTED_EDGE('',*,*,#10038,.F.);
#10061 = ORIENTED_EDGE('',*,*,#9317,.T.);
#10062 = ORIENTED_EDGE('',*,*,#9882,.T.);
#10063 = ORIENTED_EDGE('',*,*,#10064,.F.);
#10064 = EDGE_CURVE('',#10039,#9883,#10065,.T.);
#10065 = LINE('',#10066,#10067);
#10066 = CARTESIAN_POINT('',(52.41,13.,-1.E-02));
#10067 = VECTOR('',#10068,1.);
#10068 = DIRECTION('',(0.,0.,1.));
#10069 = PLANE('',#10070);
#10070 = AXIS2_PLACEMENT_3D('',#10071,#10072,#10073);
#10071 = CARTESIAN_POINT('',(52.66,13.25,-1.E-02));
#10072 = DIRECTION('',(-0.707106781187,0.707106781187,0.));
#10073 = DIRECTION('',(-0.,-0.,-1.));
#10074 = ADVANCED_FACE('',(#10075,#10094),#10104,.F.);
#10075 = FACE_BOUND('',#10076,.F.);
#10076 = EDGE_LOOP('',(#10077,#10078,#10079,#10080,#10088));
#10077 = ORIENTED_EDGE('',*,*,#9333,.T.);
#10078 = ORIENTED_EDGE('',*,*,#9445,.T.);
#10079 = ORIENTED_EDGE('',*,*,#9414,.F.);
#10080 = ORIENTED_EDGE('',*,*,#10081,.T.);
#10081 = EDGE_CURVE('',#9407,#10082,#10084,.T.);
#10082 = VERTEX_POINT('',#10083);
#10083 = CARTESIAN_POINT('',(51.71,13.,1.7));
#10084 = LINE('',#10085,#10086);
#10085 = CARTESIAN_POINT('',(51.71,13.,-2.2));
#10086 = VECTOR('',#10087,1.);
#10087 = DIRECTION('',(0.,0.,1.));
#10088 = ORIENTED_EDGE('',*,*,#10089,.F.);
#10089 = EDGE_CURVE('',#9334,#10082,#10090,.T.);
#10090 = LINE('',#10091,#10092);
#10091 = CARTESIAN_POINT('',(50.86,13.,0.85));
#10092 = VECTOR('',#10093,1.);
#10093 = DIRECTION('',(-0.707106781187,0.,-0.707106781187));
#10094 = FACE_BOUND('',#10095,.F.);
#10095 = EDGE_LOOP('',(#10096,#10097,#10098,#10099,#10100,#10101,#10102,
    #10103));
#10096 = ORIENTED_EDGE('',*,*,#9973,.F.);
#10097 = ORIENTED_EDGE('',*,*,#9948,.F.);
#10098 = ORIENTED_EDGE('',*,*,#9924,.F.);
#10099 = ORIENTED_EDGE('',*,*,#9899,.F.);
#10100 = ORIENTED_EDGE('',*,*,#10064,.F.);
#10101 = ORIENTED_EDGE('',*,*,#10046,.F.);
#10102 = ORIENTED_EDGE('',*,*,#10022,.F.);
#10103 = ORIENTED_EDGE('',*,*,#9997,.F.);
#10104 = PLANE('',#10105);
#10105 = AXIS2_PLACEMENT_3D('',#10106,#10107,#10108);
#10106 = CARTESIAN_POINT('',(51.71,13.,-2.2));
#10107 = DIRECTION('',(0.,1.,0.));
#10108 = DIRECTION('',(0.,0.,1.));
#10109 = ADVANCED_FACE('',(#10110),#10128,.T.);
#10110 = FACE_BOUND('',#10111,.F.);
#10111 = EDGE_LOOP('',(#10112,#10120,#10121,#10122));
#10112 = ORIENTED_EDGE('',*,*,#10113,.F.);
#10113 = EDGE_CURVE('',#9344,#10114,#10116,.T.);
#10114 = VERTEX_POINT('',#10115);
#10115 = CARTESIAN_POINT('',(51.71,11.3,1.7));
#10116 = LINE('',#10117,#10118);
#10117 = CARTESIAN_POINT('',(52.8225,11.3,2.8125));
#10118 = VECTOR('',#10119,1.);
#10119 = DIRECTION('',(-0.707106781187,0.,-0.707106781187));
#10120 = ORIENTED_EDGE('',*,*,#9343,.T.);
#10121 = ORIENTED_EDGE('',*,*,#10089,.T.);
#10122 = ORIENTED_EDGE('',*,*,#10123,.F.);
#10123 = EDGE_CURVE('',#10114,#10082,#10124,.T.);
#10124 = LINE('',#10125,#10126);
#10125 = CARTESIAN_POINT('',(51.71,11.3,1.7));
#10126 = VECTOR('',#10127,1.);
#10127 = DIRECTION('',(0.,1.,0.));
#10128 = PLANE('',#10129);
#10129 = AXIS2_PLACEMENT_3D('',#10130,#10131,#10132);
#10130 = CARTESIAN_POINT('',(51.96,11.3,1.95));
#10131 = DIRECTION('',(0.707106781187,0.,-0.707106781187));
#10132 = DIRECTION('',(-0.,-1.,-0.));
#10133 = ADVANCED_FACE('',(#10134),#10146,.F.);
#10134 = FACE_BOUND('',#10135,.F.);
#10135 = EDGE_LOOP('',(#10136,#10137,#10138,#10144,#10145));
#10136 = ORIENTED_EDGE('',*,*,#9351,.F.);
#10137 = ORIENTED_EDGE('',*,*,#10113,.T.);
#10138 = ORIENTED_EDGE('',*,*,#10139,.F.);
#10139 = EDGE_CURVE('',#9405,#10114,#10140,.T.);
#10140 = LINE('',#10141,#10142);
#10141 = CARTESIAN_POINT('',(51.71,11.3,-2.2));
#10142 = VECTOR('',#10143,1.);
#10143 = DIRECTION('',(0.,0.,1.));
#10144 = ORIENTED_EDGE('',*,*,#9430,.T.);
#10145 = ORIENTED_EDGE('',*,*,#9381,.T.);
#10146 = PLANE('',#10147);
#10147 = AXIS2_PLACEMENT_3D('',#10148,#10149,#10150);
#10148 = CARTESIAN_POINT('',(57.36,11.3,6.E-17));
#10149 = DIRECTION('',(-0.,-1.,-0.));
#10150 = DIRECTION('',(0.,0.,-1.));
#10151 = ADVANCED_FACE('',(#10152),#10158,.T.);
#10152 = FACE_BOUND('',#10153,.T.);
#10153 = EDGE_LOOP('',(#10154,#10155,#10156,#10157));
#10154 = ORIENTED_EDGE('',*,*,#10139,.F.);
#10155 = ORIENTED_EDGE('',*,*,#9404,.T.);
#10156 = ORIENTED_EDGE('',*,*,#10081,.T.);
#10157 = ORIENTED_EDGE('',*,*,#10123,.F.);
#10158 = PLANE('',#10159);
#10159 = AXIS2_PLACEMENT_3D('',#10160,#10161,#10162);
#10160 = CARTESIAN_POINT('',(51.71,11.3,-2.2));
#10161 = DIRECTION('',(1.,0.,0.));
#10162 = DIRECTION('',(0.,0.,1.));
#10163 = ADVANCED_FACE('',(#10164,#10186,#10192,#10197),#10202,.T.);
#10164 = FACE_BOUND('',#10165,.T.);
#10165 = EDGE_LOOP('',(#10166,#10172,#10173,#10174,#10175,#10176,#10177,
    #10178,#10179,#10180,#10181,#10182,#10183,#10184,#10185));
#10166 = ORIENTED_EDGE('',*,*,#10167,.F.);
#10167 = EDGE_CURVE('',#1213,#1245,#10168,.T.);
#10168 = LINE('',#10169,#10170);
#10169 = CARTESIAN_POINT('',(18.5,4.2,12.03));
#10170 = VECTOR('',#10171,1.);
#10171 = DIRECTION('',(0.,-1.,0.));
#10172 = ORIENTED_EDGE('',*,*,#1220,.F.);
#10173 = ORIENTED_EDGE('',*,*,#1109,.T.);
#10174 = ORIENTED_EDGE('',*,*,#1061,.F.);
#10175 = ORIENTED_EDGE('',*,*,#974,.T.);
#10176 = ORIENTED_EDGE('',*,*,#1314,.F.);
#10177 = ORIENTED_EDGE('',*,*,#1084,.T.);
#10178 = ORIENTED_EDGE('',*,*,#1266,.F.);
#10179 = ORIENTED_EDGE('',*,*,#1338,.T.);
#10180 = ORIENTED_EDGE('',*,*,#2587,.T.);
#10181 = ORIENTED_EDGE('',*,*,#2528,.T.);
#10182 = ORIENTED_EDGE('',*,*,#513,.F.);
#10183 = ORIENTED_EDGE('',*,*,#583,.F.);
#10184 = ORIENTED_EDGE('',*,*,#1141,.T.);
#10185 = ORIENTED_EDGE('',*,*,#1252,.T.);
#10186 = FACE_BOUND('',#10187,.T.);
#10187 = EDGE_LOOP('',(#10188,#10189,#10190,#10191));
#10188 = ORIENTED_EDGE('',*,*,#694,.F.);
#10189 = ORIENTED_EDGE('',*,*,#869,.F.);
#10190 = ORIENTED_EDGE('',*,*,#829,.F.);
#10191 = ORIENTED_EDGE('',*,*,#782,.F.);
#10192 = FACE_BOUND('',#10193,.T.);
#10193 = EDGE_LOOP('',(#10194,#10195,#10196));
#10194 = ORIENTED_EDGE('',*,*,#276,.F.);
#10195 = ORIENTED_EDGE('',*,*,#315,.T.);
#10196 = ORIENTED_EDGE('',*,*,#338,.F.);
#10197 = FACE_BOUND('',#10198,.T.);
#10198 = EDGE_LOOP('',(#10199,#10200,#10201));
#10199 = ORIENTED_EDGE('',*,*,#39,.F.);
#10200 = ORIENTED_EDGE('',*,*,#78,.T.);
#10201 = ORIENTED_EDGE('',*,*,#101,.F.);
#10202 = PLANE('',#10203);
#10203 = AXIS2_PLACEMENT_3D('',#10204,#10205,#10206);
#10204 = CARTESIAN_POINT('',(18.5,6.293917827044,17.052014756584));
#10205 = DIRECTION('',(1.,0.,0.));
#10206 = DIRECTION('',(-0.,0.,1.));
#10207 = ADVANCED_FACE('',(#10208),#10218,.T.);
#10208 = FACE_BOUND('',#10209,.T.);
#10209 = EDGE_LOOP('',(#10210,#10211,#10212,#10213,#10214,#10215,#10216,
    #10217));
#10210 = ORIENTED_EDGE('',*,*,#1212,.T.);
#10211 = ORIENTED_EDGE('',*,*,#10167,.T.);
#10212 = ORIENTED_EDGE('',*,*,#1244,.F.);
#10213 = ORIENTED_EDGE('',*,*,#1937,.F.);
#10214 = ORIENTED_EDGE('',*,*,#2207,.F.);
#10215 = ORIENTED_EDGE('',*,*,#2290,.F.);
#10216 = ORIENTED_EDGE('',*,*,#2163,.T.);
#10217 = ORIENTED_EDGE('',*,*,#1948,.F.);
#10218 = PLANE('',#10219);
#10219 = AXIS2_PLACEMENT_3D('',#10220,#10221,#10222);
#10220 = CARTESIAN_POINT('',(5.666790490342,5.,12.03));
#10221 = DIRECTION('',(-0.,-0.,-1.));
#10222 = DIRECTION('',(-1.,0.,0.));
#10223 = ADVANCED_FACE('',(#10224),#10232,.T.);
#10224 = FACE_BOUND('',#10225,.F.);
#10225 = EDGE_LOOP('',(#10226,#10227,#10228,#10229,#10230,#10231));
#10226 = ORIENTED_EDGE('',*,*,#710,.T.);
#10227 = ORIENTED_EDGE('',*,*,#1772,.F.);
#10228 = ORIENTED_EDGE('',*,*,#1763,.F.);
#10229 = ORIENTED_EDGE('',*,*,#726,.F.);
#10230 = ORIENTED_EDGE('',*,*,#798,.F.);
#10231 = ORIENTED_EDGE('',*,*,#789,.F.);
#10232 = CYLINDRICAL_SURFACE('',#10233,3.6);
#10233 = AXIS2_PLACEMENT_3D('',#10234,#10235,#10236);
#10234 = CARTESIAN_POINT('',(10.27,18.04,15.4));
#10235 = DIRECTION('',(-0.,-1.,0.));
#10236 = DIRECTION('',(1.,0.,0.));
#10237 = ADVANCED_FACE('',(#10238),#10246,.T.);
#10238 = FACE_BOUND('',#10239,.F.);
#10239 = EDGE_LOOP('',(#10240,#10241,#10242,#10243,#10244,#10245));
#10240 = ORIENTED_EDGE('',*,*,#662,.F.);
#10241 = ORIENTED_EDGE('',*,*,#1815,.T.);
#10242 = ORIENTED_EDGE('',*,*,#1824,.T.);
#10243 = ORIENTED_EDGE('',*,*,#678,.T.);
#10244 = ORIENTED_EDGE('',*,*,#861,.T.);
#10245 = ORIENTED_EDGE('',*,*,#852,.T.);
#10246 = CYLINDRICAL_SURFACE('',#10247,3.6);
#10247 = AXIS2_PLACEMENT_3D('',#10248,#10249,#10250);
#10248 = CARTESIAN_POINT('',(10.27,8.96,15.4));
#10249 = DIRECTION('',(-0.,-1.,0.));
#10250 = DIRECTION('',(1.,0.,0.));
#10251 = ( GEOMETRIC_REPRESENTATION_CONTEXT(3) 
GLOBAL_UNCERTAINTY_ASSIGNED_CONTEXT((#10255)) 
GLOBAL_UNIT_ASSIGNED_CONTEXT((#10252,#10253,#10254)) 
REPRESENTATION_CONTEXT('Context #1',
  '3D Context with UNIT and UNCERTAINTY') );
#10252 = ( LENGTH_UNIT() NAMED_UNIT(*) SI_UNIT(.MILLI.,.METRE.) );
#10253 = ( NAMED_UNIT(*) PLANE_ANGLE_UNIT() SI_UNIT($,.RADIAN.) );
#10254 = ( NAMED_UNIT(*) SI_UNIT($,.STERADIAN.) SOLID_ANGLE_UNIT() );
#10255 = UNCERTAINTY_MEASURE_WITH_UNIT(LENGTH_MEASURE(2.E-05),#10252,
  'distance_accuracy_value','confusion accuracy');
#10256 = PRODUCT_RELATED_PRODUCT_CATEGORY('part',$,(#7));
#10257 = MECHANICAL_DESIGN_GEOMETRIC_PRESENTATION_REPRESENTATION('',(
    #10258,#10271,#10280,#10289,#10298,#10307,#10316,#10325,#10334,
    #10343,#10352,#10361,#10370,#10379,#10388,#10397,#10406,#10415,
    #10424,#10433,#10442,#10451,#10458,#10467,#10476,#10485,#10492,
    #10499,#10508,#10517,#10526,#10535,#10544,#10553,#10562,#10571,
    #10580,#10589,#10598,#10607,#10616,#10625,#10634,#10643,#10652,
    #10661,#10670,#10679,#10688,#10697,#10706,#10715,#10724,#10733,
    #10742,#10751,#10760,#10769,#10778,#10787,#10796,#10805,#10814,
    #10823,#10832,#10841,#10850,#10859,#10868,#10877,#10886,#10895,
    #10904,#10913,#10922,#10931,#10940,#10949,#10958,#10967,#10976,
    #10985,#10994,#11003,#11012,#11021,#11030,#11039,#11048,#11057,
    #11066,#11075,#11084,#11093,#11102,#11111,#11120,#11129,#11138,
    #11147,#11156,#11165,#11174,#11183,#11192,#11201,#11210,#11219,
    #11228,#11237,#11246,#11255,#11264,#11273,#11282,#11291,#11300,
    #11309,#11318,#11327,#11336,#11345,#11354,#11363,#11372,#11381,
    #11390,#11399,#11408,#11417,#11426,#11435,#11444,#11453,#11462,
    #11471,#11480,#11489,#11498,#11507,#11516,#11525,#11534,#11543,
    #11552,#11561,#11570,#11579,#11588,#11597,#11606,#11615,#11624,
    #11633,#11642,#11651,#11660,#11669,#11678,#11687,#11696,#11705,
    #11714,#11723,#11732,#11741,#11750,#11759,#11768,#11777,#11786,
    #11795,#11804,#11813,#11822,#11831,#11840,#11849,#11858,#11867,
    #11876,#11885,#11894,#11903,#11912,#11921,#11930,#11939,#11948,
    #11957,#11966,#11975,#11984,#11993,#12002,#12011,#12020,#12029,
    #12038,#12047,#12056,#12065,#12074,#12083,#12092,#12101,#12110,
    #12119,#12128,#12137,#12146,#12155,#12164,#12173,#12182,#12191,
    #12200,#12209,#12218,#12227,#12236,#12245,#12254,#12263,#12272,
    #12281,#12290,#12299,#12308,#12317,#12326,#12335,#12344,#12353,
    #12362,#12371,#12380,#12389,#12398,#12407,#12416,#12425,#12434,
    #12443,#12452,#12461,#12470,#12479,#12488,#12497,#12506,#12515,
    #12524,#12533,#12542,#12551,#12560,#12569,#12578,#12587,#12596,
    #12605,#12614,#12623,#12632,#12641,#12650,#12659,#12668,#12677,
    #12686,#12695,#12704,#12713,#12722,#12731,#12740,#12749,#12758,
    #12767,#12776,#12785,#12794,#12803,#12812,#12821,#12830,#12839,
    #12848,#12857,#12866,#12875,#12884,#12893,#12902,#12911,#12920,
    #12929,#12938,#12947,#12956,#12965,#12974,#12983,#12992,#13001,
    #13010,#13019,#13028,#13037,#13046,#13055,#13064,#13073,#13082,
    #13091,#13100,#13109,#13118,#13127,#13136,#13145,#13154,#13163,
    #13172,#13181,#13190,#13199,#13206,#13213,#13222),#10251);
#10258 = STYLED_ITEM('color',(#10259),#15);
#10259 = PRESENTATION_STYLE_ASSIGNMENT((#10260,#10268));
#10260 = SURFACE_STYLE_USAGE(.BOTH.,#10261);
#10261 = SURFACE_SIDE_STYLE('',(#10262,#10266));
#10262 = SURFACE_STYLE_FILL_AREA(#10263);
#10263 = FILL_AREA_STYLE('',(#10264));
#10264 = FILL_AREA_STYLE_COLOUR('',#10265);
#10265 = COLOUR_RGB('',0.800000010877,0.800000010877,0.800000010877);
#10266 = SURFACE_STYLE_RENDERING_WITH_PROPERTIES(.NORMAL_SHADING.,#10265
  ,(#10267));
#10267 = SURFACE_STYLE_TRANSPARENT(0.5);
#10268 = CURVE_STYLE('',#10269,POSITIVE_LENGTH_MEASURE(0.1),#10270);
#10269 = DRAUGHTING_PRE_DEFINED_CURVE_FONT('continuous');
#10270 = COLOUR_RGB('',9.803921802644E-02,9.803921802644E-02,
  9.803921802644E-02);
#10271 = OVER_RIDING_STYLED_ITEM('overriding color',(#10272),#17,#10258
  );
#10272 = PRESENTATION_STYLE_ASSIGNMENT((#10273));
#10273 = SURFACE_STYLE_USAGE(.BOTH.,#10274);
#10274 = SURFACE_SIDE_STYLE('',(#10275,#10278));
#10275 = SURFACE_STYLE_FILL_AREA(#10276);
#10276 = FILL_AREA_STYLE('',(#10277));
#10277 = FILL_AREA_STYLE_COLOUR('',#10265);
#10278 = SURFACE_STYLE_RENDERING_WITH_PROPERTIES(.NORMAL_SHADING.,#10265
  ,(#10279));
#10279 = SURFACE_STYLE_TRANSPARENT(1.);
#10280 = OVER_RIDING_STYLED_ITEM('overriding color',(#10281),#57,#10258
  );
#10281 = PRESENTATION_STYLE_ASSIGNMENT((#10282));
#10282 = SURFACE_STYLE_USAGE(.BOTH.,#10283);
#10283 = SURFACE_SIDE_STYLE('',(#10284,#10287));
#10284 = SURFACE_STYLE_FILL_AREA(#10285);
#10285 = FILL_AREA_STYLE('',(#10286));
#10286 = FILL_AREA_STYLE_COLOUR('',#10265);
#10287 = SURFACE_STYLE_RENDERING_WITH_PROPERTIES(.NORMAL_SHADING.,#10265
  ,(#10288));
#10288 = SURFACE_STYLE_TRANSPARENT(1.);
#10289 = OVER_RIDING_STYLED_ITEM('overriding color',(#10290),#90,#10258
  );
#10290 = PRESENTATION_STYLE_ASSIGNMENT((#10291));
#10291 = SURFACE_STYLE_USAGE(.BOTH.,#10292);
#10292 = SURFACE_SIDE_STYLE('',(#10293,#10296));
#10293 = SURFACE_STYLE_FILL_AREA(#10294);
#10294 = FILL_AREA_STYLE('',(#10295));
#10295 = FILL_AREA_STYLE_COLOUR('',#10265);
#10296 = SURFACE_STYLE_RENDERING_WITH_PROPERTIES(.NORMAL_SHADING.,#10265
  ,(#10297));
#10297 = SURFACE_STYLE_TRANSPARENT(1.);
#10298 = OVER_RIDING_STYLED_ITEM('overriding color',(#10299),#112,#10258
  );
#10299 = PRESENTATION_STYLE_ASSIGNMENT((#10300));
#10300 = SURFACE_STYLE_USAGE(.BOTH.,#10301);
#10301 = SURFACE_SIDE_STYLE('',(#10302,#10305));
#10302 = SURFACE_STYLE_FILL_AREA(#10303);
#10303 = FILL_AREA_STYLE('',(#10304));
#10304 = FILL_AREA_STYLE_COLOUR('',#10265);
#10305 = SURFACE_STYLE_RENDERING_WITH_PROPERTIES(.NORMAL_SHADING.,#10265
  ,(#10306));
#10306 = SURFACE_STYLE_TRANSPARENT(1.);
#10307 = OVER_RIDING_STYLED_ITEM('overriding color',(#10308),#150,#10258
  );
#10308 = PRESENTATION_STYLE_ASSIGNMENT((#10309));
#10309 = SURFACE_STYLE_USAGE(.BOTH.,#10310);
#10310 = SURFACE_SIDE_STYLE('',(#10311,#10314));
#10311 = SURFACE_STYLE_FILL_AREA(#10312);
#10312 = FILL_AREA_STYLE('',(#10313));
#10313 = FILL_AREA_STYLE_COLOUR('',#10265);
#10314 = SURFACE_STYLE_RENDERING_WITH_PROPERTIES(.NORMAL_SHADING.,#10265
  ,(#10315));
#10315 = SURFACE_STYLE_TRANSPARENT(1.);
#10316 = OVER_RIDING_STYLED_ITEM('overriding color',(#10317),#181,#10258
  );
#10317 = PRESENTATION_STYLE_ASSIGNMENT((#10318));
#10318 = SURFACE_STYLE_USAGE(.BOTH.,#10319);
#10319 = SURFACE_SIDE_STYLE('',(#10320,#10323));
#10320 = SURFACE_STYLE_FILL_AREA(#10321);
#10321 = FILL_AREA_STYLE('',(#10322));
#10322 = FILL_AREA_STYLE_COLOUR('',#10265);
#10323 = SURFACE_STYLE_RENDERING_WITH_PROPERTIES(.NORMAL_SHADING.,#10265
  ,(#10324));
#10324 = SURFACE_STYLE_TRANSPARENT(1.);
#10325 = OVER_RIDING_STYLED_ITEM('overriding color',(#10326),#205,#10258
  );
#10326 = PRESENTATION_STYLE_ASSIGNMENT((#10327));
#10327 = SURFACE_STYLE_USAGE(.BOTH.,#10328);
#10328 = SURFACE_SIDE_STYLE('',(#10329,#10332));
#10329 = SURFACE_STYLE_FILL_AREA(#10330);
#10330 = FILL_AREA_STYLE('',(#10331));
#10331 = FILL_AREA_STYLE_COLOUR('',#10265);
#10332 = SURFACE_STYLE_RENDERING_WITH_PROPERTIES(.NORMAL_SHADING.,#10265
  ,(#10333));
#10333 = SURFACE_STYLE_TRANSPARENT(1.);
#10334 = OVER_RIDING_STYLED_ITEM('overriding color',(#10335),#223,#10258
  );
#10335 = PRESENTATION_STYLE_ASSIGNMENT((#10336));
#10336 = SURFACE_STYLE_USAGE(.BOTH.,#10337);
#10337 = SURFACE_SIDE_STYLE('',(#10338,#10341));
#10338 = SURFACE_STYLE_FILL_AREA(#10339);
#10339 = FILL_AREA_STYLE('',(#10340));
#10340 = FILL_AREA_STYLE_COLOUR('',#10265);
#10341 = SURFACE_STYLE_RENDERING_WITH_PROPERTIES(.NORMAL_SHADING.,#10265
  ,(#10342));
#10342 = SURFACE_STYLE_TRANSPARENT(1.);
#10343 = OVER_RIDING_STYLED_ITEM('overriding color',(#10344),#254,#10258
  );
#10344 = PRESENTATION_STYLE_ASSIGNMENT((#10345));
#10345 = SURFACE_STYLE_USAGE(.BOTH.,#10346);
#10346 = SURFACE_SIDE_STYLE('',(#10347,#10350));
#10347 = SURFACE_STYLE_FILL_AREA(#10348);
#10348 = FILL_AREA_STYLE('',(#10349));
#10349 = FILL_AREA_STYLE_COLOUR('',#10265);
#10350 = SURFACE_STYLE_RENDERING_WITH_PROPERTIES(.NORMAL_SHADING.,#10265
  ,(#10351));
#10351 = SURFACE_STYLE_TRANSPARENT(1.);
#10352 = OVER_RIDING_STYLED_ITEM('overriding color',(#10353),#294,#10258
  );
#10353 = PRESENTATION_STYLE_ASSIGNMENT((#10354));
#10354 = SURFACE_STYLE_USAGE(.BOTH.,#10355);
#10355 = SURFACE_SIDE_STYLE('',(#10356,#10359));
#10356 = SURFACE_STYLE_FILL_AREA(#10357);
#10357 = FILL_AREA_STYLE('',(#10358));
#10358 = FILL_AREA_STYLE_COLOUR('',#10265);
#10359 = SURFACE_STYLE_RENDERING_WITH_PROPERTIES(.NORMAL_SHADING.,#10265
  ,(#10360));
#10360 = SURFACE_STYLE_TRANSPARENT(1.);
#10361 = OVER_RIDING_STYLED_ITEM('overriding color',(#10362),#327,#10258
  );
#10362 = PRESENTATION_STYLE_ASSIGNMENT((#10363));
#10363 = SURFACE_STYLE_USAGE(.BOTH.,#10364);
#10364 = SURFACE_SIDE_STYLE('',(#10365,#10368));
#10365 = SURFACE_STYLE_FILL_AREA(#10366);
#10366 = FILL_AREA_STYLE('',(#10367));
#10367 = FILL_AREA_STYLE_COLOUR('',#10265);
#10368 = SURFACE_STYLE_RENDERING_WITH_PROPERTIES(.NORMAL_SHADING.,#10265
  ,(#10369));
#10369 = SURFACE_STYLE_TRANSPARENT(1.);
#10370 = OVER_RIDING_STYLED_ITEM('overriding color',(#10371),#112,#10258
  );
#10371 = PRESENTATION_STYLE_ASSIGNMENT((#10372));
#10372 = SURFACE_STYLE_USAGE(.BOTH.,#10373);
#10373 = SURFACE_SIDE_STYLE('',(#10374,#10377));
#10374 = SURFACE_STYLE_FILL_AREA(#10375);
#10375 = FILL_AREA_STYLE('',(#10376));
#10376 = FILL_AREA_STYLE_COLOUR('',#10265);
#10377 = SURFACE_STYLE_RENDERING_WITH_PROPERTIES(.NORMAL_SHADING.,#10265
  ,(#10378));
#10378 = SURFACE_STYLE_TRANSPARENT(1.);
#10379 = OVER_RIDING_STYLED_ITEM('overriding color',(#10380),#150,#10258
  );
#10380 = PRESENTATION_STYLE_ASSIGNMENT((#10381));
#10381 = SURFACE_STYLE_USAGE(.BOTH.,#10382);
#10382 = SURFACE_SIDE_STYLE('',(#10383,#10386));
#10383 = SURFACE_STYLE_FILL_AREA(#10384);
#10384 = FILL_AREA_STYLE('',(#10385));
#10385 = FILL_AREA_STYLE_COLOUR('',#10265);
#10386 = SURFACE_STYLE_RENDERING_WITH_PROPERTIES(.NORMAL_SHADING.,#10265
  ,(#10387));
#10387 = SURFACE_STYLE_TRANSPARENT(1.);
#10388 = OVER_RIDING_STYLED_ITEM('overriding color',(#10389),#181,#10258
  );
#10389 = PRESENTATION_STYLE_ASSIGNMENT((#10390));
#10390 = SURFACE_STYLE_USAGE(.BOTH.,#10391);
#10391 = SURFACE_SIDE_STYLE('',(#10392,#10395));
#10392 = SURFACE_STYLE_FILL_AREA(#10393);
#10393 = FILL_AREA_STYLE('',(#10394));
#10394 = FILL_AREA_STYLE_COLOUR('',#10265);
#10395 = SURFACE_STYLE_RENDERING_WITH_PROPERTIES(.NORMAL_SHADING.,#10265
  ,(#10396));
#10396 = SURFACE_STYLE_TRANSPARENT(1.);
#10397 = OVER_RIDING_STYLED_ITEM('overriding color',(#10398),#205,#10258
  );
#10398 = PRESENTATION_STYLE_ASSIGNMENT((#10399));
#10399 = SURFACE_STYLE_USAGE(.BOTH.,#10400);
#10400 = SURFACE_SIDE_STYLE('',(#10401,#10404));
#10401 = SURFACE_STYLE_FILL_AREA(#10402);
#10402 = FILL_AREA_STYLE('',(#10403));
#10403 = FILL_AREA_STYLE_COLOUR('',#10265);
#10404 = SURFACE_STYLE_RENDERING_WITH_PROPERTIES(.NORMAL_SHADING.,#10265
  ,(#10405));
#10405 = SURFACE_STYLE_TRANSPARENT(1.);
#10406 = OVER_RIDING_STYLED_ITEM('overriding color',(#10407),#460,#10258
  );
#10407 = PRESENTATION_STYLE_ASSIGNMENT((#10408));
#10408 = SURFACE_STYLE_USAGE(.BOTH.,#10409);
#10409 = SURFACE_SIDE_STYLE('',(#10410,#10413));
#10410 = SURFACE_STYLE_FILL_AREA(#10411);
#10411 = FILL_AREA_STYLE('',(#10412));
#10412 = FILL_AREA_STYLE_COLOUR('',#10265);
#10413 = SURFACE_STYLE_RENDERING_WITH_PROPERTIES(.NORMAL_SHADING.,#10265
  ,(#10414));
#10414 = SURFACE_STYLE_TRANSPARENT(1.);
#10415 = OVER_RIDING_STYLED_ITEM('overriding color',(#10416),#491,#10258
  );
#10416 = PRESENTATION_STYLE_ASSIGNMENT((#10417));
#10417 = SURFACE_STYLE_USAGE(.BOTH.,#10418);
#10418 = SURFACE_SIDE_STYLE('',(#10419,#10422));
#10419 = SURFACE_STYLE_FILL_AREA(#10420);
#10420 = FILL_AREA_STYLE('',(#10421));
#10421 = FILL_AREA_STYLE_COLOUR('',#10265);
#10422 = SURFACE_STYLE_RENDERING_WITH_PROPERTIES(.NORMAL_SHADING.,#10265
  ,(#10423));
#10423 = SURFACE_STYLE_TRANSPARENT(1.);
#10424 = OVER_RIDING_STYLED_ITEM('overriding color',(#10425),#531,#10258
  );
#10425 = PRESENTATION_STYLE_ASSIGNMENT((#10426));
#10426 = SURFACE_STYLE_USAGE(.BOTH.,#10427);
#10427 = SURFACE_SIDE_STYLE('',(#10428,#10431));
#10428 = SURFACE_STYLE_FILL_AREA(#10429);
#10429 = FILL_AREA_STYLE('',(#10430));
#10430 = FILL_AREA_STYLE_COLOUR('',#10265);
#10431 = SURFACE_STYLE_RENDERING_WITH_PROPERTIES(.NORMAL_SHADING.,#10265
  ,(#10432));
#10432 = SURFACE_STYLE_TRANSPARENT(1.);
#10433 = OVER_RIDING_STYLED_ITEM('overriding color',(#10434),#562,#10258
  );
#10434 = PRESENTATION_STYLE_ASSIGNMENT((#10435));
#10435 = SURFACE_STYLE_USAGE(.BOTH.,#10436);
#10436 = SURFACE_SIDE_STYLE('',(#10437,#10440));
#10437 = SURFACE_STYLE_FILL_AREA(#10438);
#10438 = FILL_AREA_STYLE('',(#10439));
#10439 = FILL_AREA_STYLE_COLOUR('',#10265);
#10440 = SURFACE_STYLE_RENDERING_WITH_PROPERTIES(.NORMAL_SHADING.,#10265
  ,(#10441));
#10441 = SURFACE_STYLE_TRANSPARENT(1.);
#10442 = OVER_RIDING_STYLED_ITEM('overriding color',(#10443),#593,#10258
  );
#10443 = PRESENTATION_STYLE_ASSIGNMENT((#10444));
#10444 = SURFACE_STYLE_USAGE(.BOTH.,#10445);
#10445 = SURFACE_SIDE_STYLE('',(#10446,#10449));
#10446 = SURFACE_STYLE_FILL_AREA(#10447);
#10447 = FILL_AREA_STYLE('',(#10448));
#10448 = FILL_AREA_STYLE_COLOUR('',#10265);
#10449 = SURFACE_STYLE_RENDERING_WITH_PROPERTIES(.NORMAL_SHADING.,#10265
  ,(#10450));
#10450 = SURFACE_STYLE_TRANSPARENT(1.);
#10451 = OVER_RIDING_STYLED_ITEM('overriding color',(#10452),#624,#10258
  );
#10452 = PRESENTATION_STYLE_ASSIGNMENT((#10453));
#10453 = SURFACE_STYLE_USAGE(.BOTH.,#10454);
#10454 = SURFACE_SIDE_STYLE('',(#10455));
#10455 = SURFACE_STYLE_FILL_AREA(#10456);
#10456 = FILL_AREA_STYLE('',(#10457));
#10457 = FILL_AREA_STYLE_COLOUR('',#10265);
#10458 = OVER_RIDING_STYLED_ITEM('overriding color',(#10459),#760,#10258
  );
#10459 = PRESENTATION_STYLE_ASSIGNMENT((#10460));
#10460 = SURFACE_STYLE_USAGE(.BOTH.,#10461);
#10461 = SURFACE_SIDE_STYLE('',(#10462,#10465));
#10462 = SURFACE_STYLE_FILL_AREA(#10463);
#10463 = FILL_AREA_STYLE('',(#10464));
#10464 = FILL_AREA_STYLE_COLOUR('',#10265);
#10465 = SURFACE_STYLE_RENDERING_WITH_PROPERTIES(.NORMAL_SHADING.,#10265
  ,(#10466));
#10466 = SURFACE_STYLE_TRANSPARENT(1.);
#10467 = OVER_RIDING_STYLED_ITEM('overriding color',(#10468),#809,#10258
  );
#10468 = PRESENTATION_STYLE_ASSIGNMENT((#10469));
#10469 = SURFACE_STYLE_USAGE(.BOTH.,#10470);
#10470 = SURFACE_SIDE_STYLE('',(#10471,#10474));
#10471 = SURFACE_STYLE_FILL_AREA(#10472);
#10472 = FILL_AREA_STYLE('',(#10473));
#10473 = FILL_AREA_STYLE_COLOUR('',#10265);
#10474 = SURFACE_STYLE_RENDERING_WITH_PROPERTIES(.NORMAL_SHADING.,#10265
  ,(#10475));
#10475 = SURFACE_STYLE_TRANSPARENT(1.);
#10476 = OVER_RIDING_STYLED_ITEM('overriding color',(#10477),#840,#10258
  );
#10477 = PRESENTATION_STYLE_ASSIGNMENT((#10478));
#10478 = SURFACE_STYLE_USAGE(.BOTH.,#10479);
#10479 = SURFACE_SIDE_STYLE('',(#10480,#10483));
#10480 = SURFACE_STYLE_FILL_AREA(#10481);
#10481 = FILL_AREA_STYLE('',(#10482));
#10482 = FILL_AREA_STYLE_COLOUR('',#10265);
#10483 = SURFACE_STYLE_RENDERING_WITH_PROPERTIES(.NORMAL_SHADING.,#10265
  ,(#10484));
#10484 = SURFACE_STYLE_TRANSPARENT(1.);
#10485 = OVER_RIDING_STYLED_ITEM('overriding color',(#10486),#880,#10258
  );
#10486 = PRESENTATION_STYLE_ASSIGNMENT((#10487));
#10487 = SURFACE_STYLE_USAGE(.BOTH.,#10488);
#10488 = SURFACE_SIDE_STYLE('',(#10489));
#10489 = SURFACE_STYLE_FILL_AREA(#10490);
#10490 = FILL_AREA_STYLE('',(#10491));
#10491 = FILL_AREA_STYLE_COLOUR('',#10265);
#10492 = OVER_RIDING_STYLED_ITEM('overriding color',(#10493),#913,#10258
  );
#10493 = PRESENTATION_STYLE_ASSIGNMENT((#10494));
#10494 = SURFACE_STYLE_USAGE(.BOTH.,#10495);
#10495 = SURFACE_SIDE_STYLE('',(#10496));
#10496 = SURFACE_STYLE_FILL_AREA(#10497);
#10497 = FILL_AREA_STYLE('',(#10498));
#10498 = FILL_AREA_STYLE_COLOUR('',#10265);
#10499 = OVER_RIDING_STYLED_ITEM('overriding color',(#10500),#1040,
  #10258);
#10500 = PRESENTATION_STYLE_ASSIGNMENT((#10501));
#10501 = SURFACE_STYLE_USAGE(.BOTH.,#10502);
#10502 = SURFACE_SIDE_STYLE('',(#10503,#10506));
#10503 = SURFACE_STYLE_FILL_AREA(#10504);
#10504 = FILL_AREA_STYLE('',(#10505));
#10505 = FILL_AREA_STYLE_COLOUR('',#10265);
#10506 = SURFACE_STYLE_RENDERING_WITH_PROPERTIES(.NORMAL_SHADING.,#10265
  ,(#10507));
#10507 = SURFACE_STYLE_TRANSPARENT(1.);
#10508 = OVER_RIDING_STYLED_ITEM('overriding color',(#10509),#1080,
  #10258);
#10509 = PRESENTATION_STYLE_ASSIGNMENT((#10510));
#10510 = SURFACE_STYLE_USAGE(.BOTH.,#10511);
#10511 = SURFACE_SIDE_STYLE('',(#10512,#10515));
#10512 = SURFACE_STYLE_FILL_AREA(#10513);
#10513 = FILL_AREA_STYLE('',(#10514));
#10514 = FILL_AREA_STYLE_COLOUR('',#10265);
#10515 = SURFACE_STYLE_RENDERING_WITH_PROPERTIES(.NORMAL_SHADING.,#10265
  ,(#10516));
#10516 = SURFACE_STYLE_TRANSPARENT(1.);
#10517 = OVER_RIDING_STYLED_ITEM('overriding color',(#10518),#1198,
  #10258);
#10518 = PRESENTATION_STYLE_ASSIGNMENT((#10519));
#10519 = SURFACE_STYLE_USAGE(.BOTH.,#10520);
#10520 = SURFACE_SIDE_STYLE('',(#10521,#10524));
#10521 = SURFACE_STYLE_FILL_AREA(#10522);
#10522 = FILL_AREA_STYLE('',(#10523));
#10523 = FILL_AREA_STYLE_COLOUR('',#10265);
#10524 = SURFACE_STYLE_RENDERING_WITH_PROPERTIES(.NORMAL_SHADING.,#10265
  ,(#10525));
#10525 = SURFACE_STYLE_TRANSPARENT(1.);
#10526 = OVER_RIDING_STYLED_ITEM('overriding color',(#10527),#1230,
  #10258);
#10527 = PRESENTATION_STYLE_ASSIGNMENT((#10528));
#10528 = SURFACE_STYLE_USAGE(.BOTH.,#10529);
#10529 = SURFACE_SIDE_STYLE('',(#10530,#10533));
#10530 = SURFACE_STYLE_FILL_AREA(#10531);
#10531 = FILL_AREA_STYLE('',(#10532));
#10532 = FILL_AREA_STYLE_COLOUR('',#10265);
#10533 = SURFACE_STYLE_RENDERING_WITH_PROPERTIES(.NORMAL_SHADING.,#10265
  ,(#10534));
#10534 = SURFACE_STYLE_TRANSPARENT(1.);
#10535 = OVER_RIDING_STYLED_ITEM('overriding color',(#10536),#1262,
  #10258);
#10536 = PRESENTATION_STYLE_ASSIGNMENT((#10537));
#10537 = SURFACE_STYLE_USAGE(.BOTH.,#10538);
#10538 = SURFACE_SIDE_STYLE('',(#10539,#10542));
#10539 = SURFACE_STYLE_FILL_AREA(#10540);
#10540 = FILL_AREA_STYLE('',(#10541));
#10541 = FILL_AREA_STYLE_COLOUR('',#10265);
#10542 = SURFACE_STYLE_RENDERING_WITH_PROPERTIES(.NORMAL_SHADING.,#10265
  ,(#10543));
#10543 = SURFACE_STYLE_TRANSPARENT(1.);
#10544 = OVER_RIDING_STYLED_ITEM('overriding color',(#10545),#1293,
  #10258);
#10545 = PRESENTATION_STYLE_ASSIGNMENT((#10546));
#10546 = SURFACE_STYLE_USAGE(.BOTH.,#10547);
#10547 = SURFACE_SIDE_STYLE('',(#10548,#10551));
#10548 = SURFACE_STYLE_FILL_AREA(#10549);
#10549 = FILL_AREA_STYLE('',(#10550));
#10550 = FILL_AREA_STYLE_COLOUR('',#10265);
#10551 = SURFACE_STYLE_RENDERING_WITH_PROPERTIES(.NORMAL_SHADING.,#10265
  ,(#10552));
#10552 = SURFACE_STYLE_TRANSPARENT(1.);
#10553 = OVER_RIDING_STYLED_ITEM('overriding color',(#10554),#1324,
  #10258);
#10554 = PRESENTATION_STYLE_ASSIGNMENT((#10555));
#10555 = SURFACE_STYLE_USAGE(.BOTH.,#10556);
#10556 = SURFACE_SIDE_STYLE('',(#10557,#10560));
#10557 = SURFACE_STYLE_FILL_AREA(#10558);
#10558 = FILL_AREA_STYLE('',(#10559));
#10559 = FILL_AREA_STYLE_COLOUR('',#10265);
#10560 = SURFACE_STYLE_RENDERING_WITH_PROPERTIES(.NORMAL_SHADING.,#10265
  ,(#10561));
#10561 = SURFACE_STYLE_TRANSPARENT(1.);
#10562 = OVER_RIDING_STYLED_ITEM('overriding color',(#10563),#1355,
  #10258);
#10563 = PRESENTATION_STYLE_ASSIGNMENT((#10564));
#10564 = SURFACE_STYLE_USAGE(.BOTH.,#10565);
#10565 = SURFACE_SIDE_STYLE('',(#10566,#10569));
#10566 = SURFACE_STYLE_FILL_AREA(#10567);
#10567 = FILL_AREA_STYLE('',(#10568));
#10568 = FILL_AREA_STYLE_COLOUR('',#10265);
#10569 = SURFACE_STYLE_RENDERING_WITH_PROPERTIES(.NORMAL_SHADING.,#10265
  ,(#10570));
#10570 = SURFACE_STYLE_TRANSPARENT(1.);
#10571 = OVER_RIDING_STYLED_ITEM('overriding color',(#10572),#1708,
  #10258);
#10572 = PRESENTATION_STYLE_ASSIGNMENT((#10573));
#10573 = SURFACE_STYLE_USAGE(.BOTH.,#10574);
#10574 = SURFACE_SIDE_STYLE('',(#10575,#10578));
#10575 = SURFACE_STYLE_FILL_AREA(#10576);
#10576 = FILL_AREA_STYLE('',(#10577));
#10577 = FILL_AREA_STYLE_COLOUR('',#10265);
#10578 = SURFACE_STYLE_RENDERING_WITH_PROPERTIES(.NORMAL_SHADING.,#10265
  ,(#10579));
#10579 = SURFACE_STYLE_TRANSPARENT(1.);
#10580 = OVER_RIDING_STYLED_ITEM('overriding color',(#10581),#1759,
  #10258);
#10581 = PRESENTATION_STYLE_ASSIGNMENT((#10582));
#10582 = SURFACE_STYLE_USAGE(.BOTH.,#10583);
#10583 = SURFACE_SIDE_STYLE('',(#10584,#10587));
#10584 = SURFACE_STYLE_FILL_AREA(#10585);
#10585 = FILL_AREA_STYLE('',(#10586));
#10586 = FILL_AREA_STYLE_COLOUR('',#10265);
#10587 = SURFACE_STYLE_RENDERING_WITH_PROPERTIES(.NORMAL_SHADING.,#10265
  ,(#10588));
#10588 = SURFACE_STYLE_TRANSPARENT(1.);
#10589 = OVER_RIDING_STYLED_ITEM('overriding color',(#10590),#1811,
  #10258);
#10590 = PRESENTATION_STYLE_ASSIGNMENT((#10591));
#10591 = SURFACE_STYLE_USAGE(.BOTH.,#10592);
#10592 = SURFACE_SIDE_STYLE('',(#10593,#10596));
#10593 = SURFACE_STYLE_FILL_AREA(#10594);
#10594 = FILL_AREA_STYLE('',(#10595));
#10595 = FILL_AREA_STYLE_COLOUR('',#10265);
#10596 = SURFACE_STYLE_RENDERING_WITH_PROPERTIES(.NORMAL_SHADING.,#10265
  ,(#10597));
#10597 = SURFACE_STYLE_TRANSPARENT(1.);
#10598 = OVER_RIDING_STYLED_ITEM('overriding color',(#10599),#1863,
  #10258);
#10599 = PRESENTATION_STYLE_ASSIGNMENT((#10600));
#10600 = SURFACE_STYLE_USAGE(.BOTH.,#10601);
#10601 = SURFACE_SIDE_STYLE('',(#10602,#10605));
#10602 = SURFACE_STYLE_FILL_AREA(#10603);
#10603 = FILL_AREA_STYLE('',(#10604));
#10604 = FILL_AREA_STYLE_COLOUR('',#10265);
#10605 = SURFACE_STYLE_RENDERING_WITH_PROPERTIES(.NORMAL_SHADING.,#10265
  ,(#10606));
#10606 = SURFACE_STYLE_TRANSPARENT(1.);
#10607 = OVER_RIDING_STYLED_ITEM('overriding color',(#10608),#1877,
  #10258);
#10608 = PRESENTATION_STYLE_ASSIGNMENT((#10609));
#10609 = SURFACE_STYLE_USAGE(.BOTH.,#10610);
#10610 = SURFACE_SIDE_STYLE('',(#10611,#10614));
#10611 = SURFACE_STYLE_FILL_AREA(#10612);
#10612 = FILL_AREA_STYLE('',(#10613));
#10613 = FILL_AREA_STYLE_COLOUR('',#10265);
#10614 = SURFACE_STYLE_RENDERING_WITH_PROPERTIES(.NORMAL_SHADING.,#10265
  ,(#10615));
#10615 = SURFACE_STYLE_TRANSPARENT(1.);
#10616 = OVER_RIDING_STYLED_ITEM('overriding color',(#10617),#1895,
  #10258);
#10617 = PRESENTATION_STYLE_ASSIGNMENT((#10618));
#10618 = SURFACE_STYLE_USAGE(.BOTH.,#10619);
#10619 = SURFACE_SIDE_STYLE('',(#10620,#10623));
#10620 = SURFACE_STYLE_FILL_AREA(#10621);
#10621 = FILL_AREA_STYLE('',(#10622));
#10622 = FILL_AREA_STYLE_COLOUR('',#10265);
#10623 = SURFACE_STYLE_RENDERING_WITH_PROPERTIES(.NORMAL_SHADING.,#10265
  ,(#10624));
#10624 = SURFACE_STYLE_TRANSPARENT(1.);
#10625 = OVER_RIDING_STYLED_ITEM('overriding color',(#10626),#1905,
  #10258);
#10626 = PRESENTATION_STYLE_ASSIGNMENT((#10627));
#10627 = SURFACE_STYLE_USAGE(.BOTH.,#10628);
#10628 = SURFACE_SIDE_STYLE('',(#10629,#10632));
#10629 = SURFACE_STYLE_FILL_AREA(#10630);
#10630 = FILL_AREA_STYLE('',(#10631));
#10631 = FILL_AREA_STYLE_COLOUR('',#10265);
#10632 = SURFACE_STYLE_RENDERING_WITH_PROPERTIES(.NORMAL_SHADING.,#10265
  ,(#10633));
#10633 = SURFACE_STYLE_TRANSPARENT(1.);
#10634 = OVER_RIDING_STYLED_ITEM('overriding color',(#10635),#1923,
  #10258);
#10635 = PRESENTATION_STYLE_ASSIGNMENT((#10636));
#10636 = SURFACE_STYLE_USAGE(.BOTH.,#10637);
#10637 = SURFACE_SIDE_STYLE('',(#10638,#10641));
#10638 = SURFACE_STYLE_FILL_AREA(#10639);
#10639 = FILL_AREA_STYLE('',(#10640));
#10640 = FILL_AREA_STYLE_COLOUR('',#10265);
#10641 = SURFACE_STYLE_RENDERING_WITH_PROPERTIES(.NORMAL_SHADING.,#10265
  ,(#10642));
#10642 = SURFACE_STYLE_TRANSPARENT(1.);
#10643 = OVER_RIDING_STYLED_ITEM('overriding color',(#10644),#1933,
  #10258);
#10644 = PRESENTATION_STYLE_ASSIGNMENT((#10645));
#10645 = SURFACE_STYLE_USAGE(.BOTH.,#10646);
#10646 = SURFACE_SIDE_STYLE('',(#10647,#10650));
#10647 = SURFACE_STYLE_FILL_AREA(#10648);
#10648 = FILL_AREA_STYLE('',(#10649));
#10649 = FILL_AREA_STYLE_COLOUR('',#10265);
#10650 = SURFACE_STYLE_RENDERING_WITH_PROPERTIES(.NORMAL_SHADING.,#10265
  ,(#10651));
#10651 = SURFACE_STYLE_TRANSPARENT(1.);
#10652 = OVER_RIDING_STYLED_ITEM('overriding color',(#10653),#2002,
  #10258);
#10653 = PRESENTATION_STYLE_ASSIGNMENT((#10654));
#10654 = SURFACE_STYLE_USAGE(.BOTH.,#10655);
#10655 = SURFACE_SIDE_STYLE('',(#10656,#10659));
#10656 = SURFACE_STYLE_FILL_AREA(#10657);
#10657 = FILL_AREA_STYLE('',(#10658));
#10658 = FILL_AREA_STYLE_COLOUR('',#10265);
#10659 = SURFACE_STYLE_RENDERING_WITH_PROPERTIES(.NORMAL_SHADING.,#10265
  ,(#10660));
#10660 = SURFACE_STYLE_TRANSPARENT(1.);
#10661 = OVER_RIDING_STYLED_ITEM('overriding color',(#10662),#2041,
  #10258);
#10662 = PRESENTATION_STYLE_ASSIGNMENT((#10663));
#10663 = SURFACE_STYLE_USAGE(.BOTH.,#10664);
#10664 = SURFACE_SIDE_STYLE('',(#10665,#10668));
#10665 = SURFACE_STYLE_FILL_AREA(#10666);
#10666 = FILL_AREA_STYLE('',(#10667));
#10667 = FILL_AREA_STYLE_COLOUR('',#10265);
#10668 = SURFACE_STYLE_RENDERING_WITH_PROPERTIES(.NORMAL_SHADING.,#10265
  ,(#10669));
#10669 = SURFACE_STYLE_TRANSPARENT(1.);
#10670 = OVER_RIDING_STYLED_ITEM('overriding color',(#10671),#2065,
  #10258);
#10671 = PRESENTATION_STYLE_ASSIGNMENT((#10672));
#10672 = SURFACE_STYLE_USAGE(.BOTH.,#10673);
#10673 = SURFACE_SIDE_STYLE('',(#10674,#10677));
#10674 = SURFACE_STYLE_FILL_AREA(#10675);
#10675 = FILL_AREA_STYLE('',(#10676));
#10676 = FILL_AREA_STYLE_COLOUR('',#10265);
#10677 = SURFACE_STYLE_RENDERING_WITH_PROPERTIES(.NORMAL_SHADING.,#10265
  ,(#10678));
#10678 = SURFACE_STYLE_TRANSPARENT(1.);
#10679 = OVER_RIDING_STYLED_ITEM('overriding color',(#10680),#2096,
  #10258);
#10680 = PRESENTATION_STYLE_ASSIGNMENT((#10681));
#10681 = SURFACE_STYLE_USAGE(.BOTH.,#10682);
#10682 = SURFACE_SIDE_STYLE('',(#10683,#10686));
#10683 = SURFACE_STYLE_FILL_AREA(#10684);
#10684 = FILL_AREA_STYLE('',(#10685));
#10685 = FILL_AREA_STYLE_COLOUR('',#10265);
#10686 = SURFACE_STYLE_RENDERING_WITH_PROPERTIES(.NORMAL_SHADING.,#10265
  ,(#10687));
#10687 = SURFACE_STYLE_TRANSPARENT(1.);
#10688 = OVER_RIDING_STYLED_ITEM('overriding color',(#10689),#2127,
  #10258);
#10689 = PRESENTATION_STYLE_ASSIGNMENT((#10690));
#10690 = SURFACE_STYLE_USAGE(.BOTH.,#10691);
#10691 = SURFACE_SIDE_STYLE('',(#10692,#10695));
#10692 = SURFACE_STYLE_FILL_AREA(#10693);
#10693 = FILL_AREA_STYLE('',(#10694));
#10694 = FILL_AREA_STYLE_COLOUR('',#10265);
#10695 = SURFACE_STYLE_RENDERING_WITH_PROPERTIES(.NORMAL_SHADING.,#10265
  ,(#10696));
#10696 = SURFACE_STYLE_TRANSPARENT(1.);
#10697 = OVER_RIDING_STYLED_ITEM('overriding color',(#10698),#2159,
  #10258);
#10698 = PRESENTATION_STYLE_ASSIGNMENT((#10699));
#10699 = SURFACE_STYLE_USAGE(.BOTH.,#10700);
#10700 = SURFACE_SIDE_STYLE('',(#10701,#10704));
#10701 = SURFACE_STYLE_FILL_AREA(#10702);
#10702 = FILL_AREA_STYLE('',(#10703));
#10703 = FILL_AREA_STYLE_COLOUR('',#10265);
#10704 = SURFACE_STYLE_RENDERING_WITH_PROPERTIES(.NORMAL_SHADING.,#10265
  ,(#10705));
#10705 = SURFACE_STYLE_TRANSPARENT(1.);
#10706 = OVER_RIDING_STYLED_ITEM('overriding color',(#10707),#2202,
  #10258);
#10707 = PRESENTATION_STYLE_ASSIGNMENT((#10708));
#10708 = SURFACE_STYLE_USAGE(.BOTH.,#10709);
#10709 = SURFACE_SIDE_STYLE('',(#10710,#10713));
#10710 = SURFACE_STYLE_FILL_AREA(#10711);
#10711 = FILL_AREA_STYLE('',(#10712));
#10712 = FILL_AREA_STYLE_COLOUR('',#10265);
#10713 = SURFACE_STYLE_RENDERING_WITH_PROPERTIES(.NORMAL_SHADING.,#10265
  ,(#10714));
#10714 = SURFACE_STYLE_TRANSPARENT(1.);
#10715 = OVER_RIDING_STYLED_ITEM('overriding color',(#10716),#2245,
  #10258);
#10716 = PRESENTATION_STYLE_ASSIGNMENT((#10717));
#10717 = SURFACE_STYLE_USAGE(.BOTH.,#10718);
#10718 = SURFACE_SIDE_STYLE('',(#10719,#10722));
#10719 = SURFACE_STYLE_FILL_AREA(#10720);
#10720 = FILL_AREA_STYLE('',(#10721));
#10721 = FILL_AREA_STYLE_COLOUR('',#10265);
#10722 = SURFACE_STYLE_RENDERING_WITH_PROPERTIES(.NORMAL_SHADING.,#10265
  ,(#10723));
#10723 = SURFACE_STYLE_TRANSPARENT(1.);
#10724 = OVER_RIDING_STYLED_ITEM('overriding color',(#10725),#2331,
  #10258);
#10725 = PRESENTATION_STYLE_ASSIGNMENT((#10726));
#10726 = SURFACE_STYLE_USAGE(.BOTH.,#10727);
#10727 = SURFACE_SIDE_STYLE('',(#10728,#10731));
#10728 = SURFACE_STYLE_FILL_AREA(#10729);
#10729 = FILL_AREA_STYLE('',(#10730));
#10730 = FILL_AREA_STYLE_COLOUR('',#10265);
#10731 = SURFACE_STYLE_RENDERING_WITH_PROPERTIES(.NORMAL_SHADING.,#10265
  ,(#10732));
#10732 = SURFACE_STYLE_TRANSPARENT(1.);
#10733 = OVER_RIDING_STYLED_ITEM('overriding color',(#10734),#2347,
  #10258);
#10734 = PRESENTATION_STYLE_ASSIGNMENT((#10735));
#10735 = SURFACE_STYLE_USAGE(.BOTH.,#10736);
#10736 = SURFACE_SIDE_STYLE('',(#10737,#10740));
#10737 = SURFACE_STYLE_FILL_AREA(#10738);
#10738 = FILL_AREA_STYLE('',(#10739));
#10739 = FILL_AREA_STYLE_COLOUR('',#10265);
#10740 = SURFACE_STYLE_RENDERING_WITH_PROPERTIES(.NORMAL_SHADING.,#10265
  ,(#10741));
#10741 = SURFACE_STYLE_TRANSPARENT(1.);
#10742 = OVER_RIDING_STYLED_ITEM('overriding color',(#10743),#2420,
  #10258);
#10743 = PRESENTATION_STYLE_ASSIGNMENT((#10744));
#10744 = SURFACE_STYLE_USAGE(.BOTH.,#10745);
#10745 = SURFACE_SIDE_STYLE('',(#10746,#10749));
#10746 = SURFACE_STYLE_FILL_AREA(#10747);
#10747 = FILL_AREA_STYLE('',(#10748));
#10748 = FILL_AREA_STYLE_COLOUR('',#10265);
#10749 = SURFACE_STYLE_RENDERING_WITH_PROPERTIES(.NORMAL_SHADING.,#10265
  ,(#10750));
#10750 = SURFACE_STYLE_TRANSPARENT(1.);
#10751 = OVER_RIDING_STYLED_ITEM('overriding color',(#10752),#2491,
  #10258);
#10752 = PRESENTATION_STYLE_ASSIGNMENT((#10753));
#10753 = SURFACE_STYLE_USAGE(.BOTH.,#10754);
#10754 = SURFACE_SIDE_STYLE('',(#10755,#10758));
#10755 = SURFACE_STYLE_FILL_AREA(#10756);
#10756 = FILL_AREA_STYLE('',(#10757));
#10757 = FILL_AREA_STYLE_COLOUR('',#10265);
#10758 = SURFACE_STYLE_RENDERING_WITH_PROPERTIES(.NORMAL_SHADING.,#10265
  ,(#10759));
#10759 = SURFACE_STYLE_TRANSPARENT(1.);
#10760 = OVER_RIDING_STYLED_ITEM('overriding color',(#10761),#2514,
  #10258);
#10761 = PRESENTATION_STYLE_ASSIGNMENT((#10762));
#10762 = SURFACE_STYLE_USAGE(.BOTH.,#10763);
#10763 = SURFACE_SIDE_STYLE('',(#10764,#10767));
#10764 = SURFACE_STYLE_FILL_AREA(#10765);
#10765 = FILL_AREA_STYLE('',(#10766));
#10766 = FILL_AREA_STYLE_COLOUR('',#10265);
#10767 = SURFACE_STYLE_RENDERING_WITH_PROPERTIES(.NORMAL_SHADING.,#10265
  ,(#10768));
#10768 = SURFACE_STYLE_TRANSPARENT(1.);
#10769 = OVER_RIDING_STYLED_ITEM('overriding color',(#10770),#2545,
  #10258);
#10770 = PRESENTATION_STYLE_ASSIGNMENT((#10771));
#10771 = SURFACE_STYLE_USAGE(.BOTH.,#10772);
#10772 = SURFACE_SIDE_STYLE('',(#10773,#10776));
#10773 = SURFACE_STYLE_FILL_AREA(#10774);
#10774 = FILL_AREA_STYLE('',(#10775));
#10775 = FILL_AREA_STYLE_COLOUR('',#10265);
#10776 = SURFACE_STYLE_RENDERING_WITH_PROPERTIES(.NORMAL_SHADING.,#10265
  ,(#10777));
#10777 = SURFACE_STYLE_TRANSPARENT(1.);
#10778 = OVER_RIDING_STYLED_ITEM('overriding color',(#10779),#2568,
  #10258);
#10779 = PRESENTATION_STYLE_ASSIGNMENT((#10780));
#10780 = SURFACE_STYLE_USAGE(.BOTH.,#10781);
#10781 = SURFACE_SIDE_STYLE('',(#10782,#10785));
#10782 = SURFACE_STYLE_FILL_AREA(#10783);
#10783 = FILL_AREA_STYLE('',(#10784));
#10784 = FILL_AREA_STYLE_COLOUR('',#10265);
#10785 = SURFACE_STYLE_RENDERING_WITH_PROPERTIES(.NORMAL_SHADING.,#10265
  ,(#10786));
#10786 = SURFACE_STYLE_TRANSPARENT(1.);
#10787 = OVER_RIDING_STYLED_ITEM('overriding color',(#10788),#2597,
  #10258);
#10788 = PRESENTATION_STYLE_ASSIGNMENT((#10789));
#10789 = SURFACE_STYLE_USAGE(.BOTH.,#10790);
#10790 = SURFACE_SIDE_STYLE('',(#10791,#10794));
#10791 = SURFACE_STYLE_FILL_AREA(#10792);
#10792 = FILL_AREA_STYLE('',(#10793));
#10793 = FILL_AREA_STYLE_COLOUR('',#10265);
#10794 = SURFACE_STYLE_RENDERING_WITH_PROPERTIES(.NORMAL_SHADING.,#10265
  ,(#10795));
#10795 = SURFACE_STYLE_TRANSPARENT(1.);
#10796 = OVER_RIDING_STYLED_ITEM('overriding color',(#10797),#2654,
  #10258);
#10797 = PRESENTATION_STYLE_ASSIGNMENT((#10798));
#10798 = SURFACE_STYLE_USAGE(.BOTH.,#10799);
#10799 = SURFACE_SIDE_STYLE('',(#10800,#10803));
#10800 = SURFACE_STYLE_FILL_AREA(#10801);
#10801 = FILL_AREA_STYLE('',(#10802));
#10802 = FILL_AREA_STYLE_COLOUR('',#10265);
#10803 = SURFACE_STYLE_RENDERING_WITH_PROPERTIES(.NORMAL_SHADING.,#10265
  ,(#10804));
#10804 = SURFACE_STYLE_TRANSPARENT(1.);
#10805 = OVER_RIDING_STYLED_ITEM('overriding color',(#10806),#2678,
  #10258);
#10806 = PRESENTATION_STYLE_ASSIGNMENT((#10807));
#10807 = SURFACE_STYLE_USAGE(.BOTH.,#10808);
#10808 = SURFACE_SIDE_STYLE('',(#10809,#10812));
#10809 = SURFACE_STYLE_FILL_AREA(#10810);
#10810 = FILL_AREA_STYLE('',(#10811));
#10811 = FILL_AREA_STYLE_COLOUR('',#10265);
#10812 = SURFACE_STYLE_RENDERING_WITH_PROPERTIES(.NORMAL_SHADING.,#10265
  ,(#10813));
#10813 = SURFACE_STYLE_TRANSPARENT(1.);
#10814 = OVER_RIDING_STYLED_ITEM('overriding color',(#10815),#2846,
  #10258);
#10815 = PRESENTATION_STYLE_ASSIGNMENT((#10816));
#10816 = SURFACE_STYLE_USAGE(.BOTH.,#10817);
#10817 = SURFACE_SIDE_STYLE('',(#10818,#10821));
#10818 = SURFACE_STYLE_FILL_AREA(#10819);
#10819 = FILL_AREA_STYLE('',(#10820));
#10820 = FILL_AREA_STYLE_COLOUR('',#10265);
#10821 = SURFACE_STYLE_RENDERING_WITH_PROPERTIES(.NORMAL_SHADING.,#10265
  ,(#10822));
#10822 = SURFACE_STYLE_TRANSPARENT(1.);
#10823 = OVER_RIDING_STYLED_ITEM('overriding color',(#10824),#2870,
  #10258);
#10824 = PRESENTATION_STYLE_ASSIGNMENT((#10825));
#10825 = SURFACE_STYLE_USAGE(.BOTH.,#10826);
#10826 = SURFACE_SIDE_STYLE('',(#10827,#10830));
#10827 = SURFACE_STYLE_FILL_AREA(#10828);
#10828 = FILL_AREA_STYLE('',(#10829));
#10829 = FILL_AREA_STYLE_COLOUR('',#10265);
#10830 = SURFACE_STYLE_RENDERING_WITH_PROPERTIES(.NORMAL_SHADING.,#10265
  ,(#10831));
#10831 = SURFACE_STYLE_TRANSPARENT(1.);
#10832 = OVER_RIDING_STYLED_ITEM('overriding color',(#10833),#2904,
  #10258);
#10833 = PRESENTATION_STYLE_ASSIGNMENT((#10834));
#10834 = SURFACE_STYLE_USAGE(.BOTH.,#10835);
#10835 = SURFACE_SIDE_STYLE('',(#10836,#10839));
#10836 = SURFACE_STYLE_FILL_AREA(#10837);
#10837 = FILL_AREA_STYLE('',(#10838));
#10838 = FILL_AREA_STYLE_COLOUR('',#10265);
#10839 = SURFACE_STYLE_RENDERING_WITH_PROPERTIES(.NORMAL_SHADING.,#10265
  ,(#10840));
#10840 = SURFACE_STYLE_TRANSPARENT(1.);
#10841 = OVER_RIDING_STYLED_ITEM('overriding color',(#10842),#2935,
  #10258);
#10842 = PRESENTATION_STYLE_ASSIGNMENT((#10843));
#10843 = SURFACE_STYLE_USAGE(.BOTH.,#10844);
#10844 = SURFACE_SIDE_STYLE('',(#10845,#10848));
#10845 = SURFACE_STYLE_FILL_AREA(#10846);
#10846 = FILL_AREA_STYLE('',(#10847));
#10847 = FILL_AREA_STYLE_COLOUR('',#10265);
#10848 = SURFACE_STYLE_RENDERING_WITH_PROPERTIES(.NORMAL_SHADING.,#10265
  ,(#10849));
#10849 = SURFACE_STYLE_TRANSPARENT(1.);
#10850 = OVER_RIDING_STYLED_ITEM('overriding color',(#10851),#2959,
  #10258);
#10851 = PRESENTATION_STYLE_ASSIGNMENT((#10852));
#10852 = SURFACE_STYLE_USAGE(.BOTH.,#10853);
#10853 = SURFACE_SIDE_STYLE('',(#10854,#10857));
#10854 = SURFACE_STYLE_FILL_AREA(#10855);
#10855 = FILL_AREA_STYLE('',(#10856));
#10856 = FILL_AREA_STYLE_COLOUR('',#10265);
#10857 = SURFACE_STYLE_RENDERING_WITH_PROPERTIES(.NORMAL_SHADING.,#10265
  ,(#10858));
#10858 = SURFACE_STYLE_TRANSPARENT(1.);
#10859 = OVER_RIDING_STYLED_ITEM('overriding color',(#10860),#2983,
  #10258);
#10860 = PRESENTATION_STYLE_ASSIGNMENT((#10861));
#10861 = SURFACE_STYLE_USAGE(.BOTH.,#10862);
#10862 = SURFACE_SIDE_STYLE('',(#10863,#10866));
#10863 = SURFACE_STYLE_FILL_AREA(#10864);
#10864 = FILL_AREA_STYLE('',(#10865));
#10865 = FILL_AREA_STYLE_COLOUR('',#10265);
#10866 = SURFACE_STYLE_RENDERING_WITH_PROPERTIES(.NORMAL_SHADING.,#10265
  ,(#10867));
#10867 = SURFACE_STYLE_TRANSPARENT(1.);
#10868 = OVER_RIDING_STYLED_ITEM('overriding color',(#10869),#3000,
  #10258);
#10869 = PRESENTATION_STYLE_ASSIGNMENT((#10870));
#10870 = SURFACE_STYLE_USAGE(.BOTH.,#10871);
#10871 = SURFACE_SIDE_STYLE('',(#10872,#10875));
#10872 = SURFACE_STYLE_FILL_AREA(#10873);
#10873 = FILL_AREA_STYLE('',(#10874));
#10874 = FILL_AREA_STYLE_COLOUR('',#10265);
#10875 = SURFACE_STYLE_RENDERING_WITH_PROPERTIES(.NORMAL_SHADING.,#10265
  ,(#10876));
#10876 = SURFACE_STYLE_TRANSPARENT(1.);
#10877 = OVER_RIDING_STYLED_ITEM('overriding color',(#10878),#3032,
  #10258);
#10878 = PRESENTATION_STYLE_ASSIGNMENT((#10879));
#10879 = SURFACE_STYLE_USAGE(.BOTH.,#10880);
#10880 = SURFACE_SIDE_STYLE('',(#10881,#10884));
#10881 = SURFACE_STYLE_FILL_AREA(#10882);
#10882 = FILL_AREA_STYLE('',(#10883));
#10883 = FILL_AREA_STYLE_COLOUR('',#10265);
#10884 = SURFACE_STYLE_RENDERING_WITH_PROPERTIES(.NORMAL_SHADING.,#10265
  ,(#10885));
#10885 = SURFACE_STYLE_TRANSPARENT(1.);
#10886 = OVER_RIDING_STYLED_ITEM('overriding color',(#10887),#3056,
  #10258);
#10887 = PRESENTATION_STYLE_ASSIGNMENT((#10888));
#10888 = SURFACE_STYLE_USAGE(.BOTH.,#10889);
#10889 = SURFACE_SIDE_STYLE('',(#10890,#10893));
#10890 = SURFACE_STYLE_FILL_AREA(#10891);
#10891 = FILL_AREA_STYLE('',(#10892));
#10892 = FILL_AREA_STYLE_COLOUR('',#10265);
#10893 = SURFACE_STYLE_RENDERING_WITH_PROPERTIES(.NORMAL_SHADING.,#10265
  ,(#10894));
#10894 = SURFACE_STYLE_TRANSPARENT(1.);
#10895 = OVER_RIDING_STYLED_ITEM('overriding color',(#10896),#3073,
  #10258);
#10896 = PRESENTATION_STYLE_ASSIGNMENT((#10897));
#10897 = SURFACE_STYLE_USAGE(.BOTH.,#10898);
#10898 = SURFACE_SIDE_STYLE('',(#10899,#10902));
#10899 = SURFACE_STYLE_FILL_AREA(#10900);
#10900 = FILL_AREA_STYLE('',(#10901));
#10901 = FILL_AREA_STYLE_COLOUR('',#10265);
#10902 = SURFACE_STYLE_RENDERING_WITH_PROPERTIES(.NORMAL_SHADING.,#10265
  ,(#10903));
#10903 = SURFACE_STYLE_TRANSPARENT(1.);
#10904 = OVER_RIDING_STYLED_ITEM('overriding color',(#10905),#3105,
  #10258);
#10905 = PRESENTATION_STYLE_ASSIGNMENT((#10906));
#10906 = SURFACE_STYLE_USAGE(.BOTH.,#10907);
#10907 = SURFACE_SIDE_STYLE('',(#10908,#10911));
#10908 = SURFACE_STYLE_FILL_AREA(#10909);
#10909 = FILL_AREA_STYLE('',(#10910));
#10910 = FILL_AREA_STYLE_COLOUR('',#10265);
#10911 = SURFACE_STYLE_RENDERING_WITH_PROPERTIES(.NORMAL_SHADING.,#10265
  ,(#10912));
#10912 = SURFACE_STYLE_TRANSPARENT(1.);
#10913 = OVER_RIDING_STYLED_ITEM('overriding color',(#10914),#3129,
  #10258);
#10914 = PRESENTATION_STYLE_ASSIGNMENT((#10915));
#10915 = SURFACE_STYLE_USAGE(.BOTH.,#10916);
#10916 = SURFACE_SIDE_STYLE('',(#10917,#10920));
#10917 = SURFACE_STYLE_FILL_AREA(#10918);
#10918 = FILL_AREA_STYLE('',(#10919));
#10919 = FILL_AREA_STYLE_COLOUR('',#10265);
#10920 = SURFACE_STYLE_RENDERING_WITH_PROPERTIES(.NORMAL_SHADING.,#10265
  ,(#10921));
#10921 = SURFACE_STYLE_TRANSPARENT(1.);
#10922 = OVER_RIDING_STYLED_ITEM('overriding color',(#10923),#3146,
  #10258);
#10923 = PRESENTATION_STYLE_ASSIGNMENT((#10924));
#10924 = SURFACE_STYLE_USAGE(.BOTH.,#10925);
#10925 = SURFACE_SIDE_STYLE('',(#10926,#10929));
#10926 = SURFACE_STYLE_FILL_AREA(#10927);
#10927 = FILL_AREA_STYLE('',(#10928));
#10928 = FILL_AREA_STYLE_COLOUR('',#10265);
#10929 = SURFACE_STYLE_RENDERING_WITH_PROPERTIES(.NORMAL_SHADING.,#10265
  ,(#10930));
#10930 = SURFACE_STYLE_TRANSPARENT(1.);
#10931 = OVER_RIDING_STYLED_ITEM('overriding color',(#10932),#3181,
  #10258);
#10932 = PRESENTATION_STYLE_ASSIGNMENT((#10933));
#10933 = SURFACE_STYLE_USAGE(.BOTH.,#10934);
#10934 = SURFACE_SIDE_STYLE('',(#10935,#10938));
#10935 = SURFACE_STYLE_FILL_AREA(#10936);
#10936 = FILL_AREA_STYLE('',(#10937));
#10937 = FILL_AREA_STYLE_COLOUR('',#10265);
#10938 = SURFACE_STYLE_RENDERING_WITH_PROPERTIES(.NORMAL_SHADING.,#10265
  ,(#10939));
#10939 = SURFACE_STYLE_TRANSPARENT(1.);
#10940 = OVER_RIDING_STYLED_ITEM('overriding color',(#10941),#3198,
  #10258);
#10941 = PRESENTATION_STYLE_ASSIGNMENT((#10942));
#10942 = SURFACE_STYLE_USAGE(.BOTH.,#10943);
#10943 = SURFACE_SIDE_STYLE('',(#10944,#10947));
#10944 = SURFACE_STYLE_FILL_AREA(#10945);
#10945 = FILL_AREA_STYLE('',(#10946));
#10946 = FILL_AREA_STYLE_COLOUR('',#10265);
#10947 = SURFACE_STYLE_RENDERING_WITH_PROPERTIES(.NORMAL_SHADING.,#10265
  ,(#10948));
#10948 = SURFACE_STYLE_TRANSPARENT(1.);
#10949 = OVER_RIDING_STYLED_ITEM('overriding color',(#10950),#3230,
  #10258);
#10950 = PRESENTATION_STYLE_ASSIGNMENT((#10951));
#10951 = SURFACE_STYLE_USAGE(.BOTH.,#10952);
#10952 = SURFACE_SIDE_STYLE('',(#10953,#10956));
#10953 = SURFACE_STYLE_FILL_AREA(#10954);
#10954 = FILL_AREA_STYLE('',(#10955));
#10955 = FILL_AREA_STYLE_COLOUR('',#10265);
#10956 = SURFACE_STYLE_RENDERING_WITH_PROPERTIES(.NORMAL_SHADING.,#10265
  ,(#10957));
#10957 = SURFACE_STYLE_TRANSPARENT(1.);
#10958 = OVER_RIDING_STYLED_ITEM('overriding color',(#10959),#3340,
  #10258);
#10959 = PRESENTATION_STYLE_ASSIGNMENT((#10960));
#10960 = SURFACE_STYLE_USAGE(.BOTH.,#10961);
#10961 = SURFACE_SIDE_STYLE('',(#10962,#10965));
#10962 = SURFACE_STYLE_FILL_AREA(#10963);
#10963 = FILL_AREA_STYLE('',(#10964));
#10964 = FILL_AREA_STYLE_COLOUR('',#10265);
#10965 = SURFACE_STYLE_RENDERING_WITH_PROPERTIES(.NORMAL_SHADING.,#10265
  ,(#10966));
#10966 = SURFACE_STYLE_TRANSPARENT(1.);
#10967 = OVER_RIDING_STYLED_ITEM('overriding color',(#10968),#3356,
  #10258);
#10968 = PRESENTATION_STYLE_ASSIGNMENT((#10969));
#10969 = SURFACE_STYLE_USAGE(.BOTH.,#10970);
#10970 = SURFACE_SIDE_STYLE('',(#10971,#10974));
#10971 = SURFACE_STYLE_FILL_AREA(#10972);
#10972 = FILL_AREA_STYLE('',(#10973));
#10973 = FILL_AREA_STYLE_COLOUR('',#10265);
#10974 = SURFACE_STYLE_RENDERING_WITH_PROPERTIES(.NORMAL_SHADING.,#10265
  ,(#10975));
#10975 = SURFACE_STYLE_TRANSPARENT(1.);
#10976 = OVER_RIDING_STYLED_ITEM('overriding color',(#10977),#3519,
  #10258);
#10977 = PRESENTATION_STYLE_ASSIGNMENT((#10978));
#10978 = SURFACE_STYLE_USAGE(.BOTH.,#10979);
#10979 = SURFACE_SIDE_STYLE('',(#10980,#10983));
#10980 = SURFACE_STYLE_FILL_AREA(#10981);
#10981 = FILL_AREA_STYLE('',(#10982));
#10982 = FILL_AREA_STYLE_COLOUR('',#10265);
#10983 = SURFACE_STYLE_RENDERING_WITH_PROPERTIES(.NORMAL_SHADING.,#10265
  ,(#10984));
#10984 = SURFACE_STYLE_TRANSPARENT(1.);
#10985 = OVER_RIDING_STYLED_ITEM('overriding color',(#10986),#3535,
  #10258);
#10986 = PRESENTATION_STYLE_ASSIGNMENT((#10987));
#10987 = SURFACE_STYLE_USAGE(.BOTH.,#10988);
#10988 = SURFACE_SIDE_STYLE('',(#10989,#10992));
#10989 = SURFACE_STYLE_FILL_AREA(#10990);
#10990 = FILL_AREA_STYLE('',(#10991));
#10991 = FILL_AREA_STYLE_COLOUR('',#10265);
#10992 = SURFACE_STYLE_RENDERING_WITH_PROPERTIES(.NORMAL_SHADING.,#10265
  ,(#10993));
#10993 = SURFACE_STYLE_TRANSPARENT(1.);
#10994 = OVER_RIDING_STYLED_ITEM('overriding color',(#10995),#3567,
  #10258);
#10995 = PRESENTATION_STYLE_ASSIGNMENT((#10996));
#10996 = SURFACE_STYLE_USAGE(.BOTH.,#10997);
#10997 = SURFACE_SIDE_STYLE('',(#10998,#11001));
#10998 = SURFACE_STYLE_FILL_AREA(#10999);
#10999 = FILL_AREA_STYLE('',(#11000));
#11000 = FILL_AREA_STYLE_COLOUR('',#10265);
#11001 = SURFACE_STYLE_RENDERING_WITH_PROPERTIES(.NORMAL_SHADING.,#10265
  ,(#11002));
#11002 = SURFACE_STYLE_TRANSPARENT(1.);
#11003 = OVER_RIDING_STYLED_ITEM('overriding color',(#11004),#3616,
  #10258);
#11004 = PRESENTATION_STYLE_ASSIGNMENT((#11005));
#11005 = SURFACE_STYLE_USAGE(.BOTH.,#11006);
#11006 = SURFACE_SIDE_STYLE('',(#11007,#11010));
#11007 = SURFACE_STYLE_FILL_AREA(#11008);
#11008 = FILL_AREA_STYLE('',(#11009));
#11009 = FILL_AREA_STYLE_COLOUR('',#10265);
#11010 = SURFACE_STYLE_RENDERING_WITH_PROPERTIES(.NORMAL_SHADING.,#10265
  ,(#11011));
#11011 = SURFACE_STYLE_TRANSPARENT(1.);
#11012 = OVER_RIDING_STYLED_ITEM('overriding color',(#11013),#3641,
  #10258);
#11013 = PRESENTATION_STYLE_ASSIGNMENT((#11014));
#11014 = SURFACE_STYLE_USAGE(.BOTH.,#11015);
#11015 = SURFACE_SIDE_STYLE('',(#11016,#11019));
#11016 = SURFACE_STYLE_FILL_AREA(#11017);
#11017 = FILL_AREA_STYLE('',(#11018));
#11018 = FILL_AREA_STYLE_COLOUR('',#10265);
#11019 = SURFACE_STYLE_RENDERING_WITH_PROPERTIES(.NORMAL_SHADING.,#10265
  ,(#11020));
#11020 = SURFACE_STYLE_TRANSPARENT(1.);
#11021 = OVER_RIDING_STYLED_ITEM('overriding color',(#11022),#3666,
  #10258);
#11022 = PRESENTATION_STYLE_ASSIGNMENT((#11023));
#11023 = SURFACE_STYLE_USAGE(.BOTH.,#11024);
#11024 = SURFACE_SIDE_STYLE('',(#11025,#11028));
#11025 = SURFACE_STYLE_FILL_AREA(#11026);
#11026 = FILL_AREA_STYLE('',(#11027));
#11027 = FILL_AREA_STYLE_COLOUR('',#10265);
#11028 = SURFACE_STYLE_RENDERING_WITH_PROPERTIES(.NORMAL_SHADING.,#10265
  ,(#11029));
#11029 = SURFACE_STYLE_TRANSPARENT(1.);
#11030 = OVER_RIDING_STYLED_ITEM('overriding color',(#11031),#3699,
  #10258);
#11031 = PRESENTATION_STYLE_ASSIGNMENT((#11032));
#11032 = SURFACE_STYLE_USAGE(.BOTH.,#11033);
#11033 = SURFACE_SIDE_STYLE('',(#11034,#11037));
#11034 = SURFACE_STYLE_FILL_AREA(#11035);
#11035 = FILL_AREA_STYLE('',(#11036));
#11036 = FILL_AREA_STYLE_COLOUR('',#10265);
#11037 = SURFACE_STYLE_RENDERING_WITH_PROPERTIES(.NORMAL_SHADING.,#10265
  ,(#11038));
#11038 = SURFACE_STYLE_TRANSPARENT(1.);
#11039 = OVER_RIDING_STYLED_ITEM('overriding color',(#11040),#3723,
  #10258);
#11040 = PRESENTATION_STYLE_ASSIGNMENT((#11041));
#11041 = SURFACE_STYLE_USAGE(.BOTH.,#11042);
#11042 = SURFACE_SIDE_STYLE('',(#11043,#11046));
#11043 = SURFACE_STYLE_FILL_AREA(#11044);
#11044 = FILL_AREA_STYLE('',(#11045));
#11045 = FILL_AREA_STYLE_COLOUR('',#10265);
#11046 = SURFACE_STYLE_RENDERING_WITH_PROPERTIES(.NORMAL_SHADING.,#10265
  ,(#11047));
#11047 = SURFACE_STYLE_TRANSPARENT(1.);
#11048 = OVER_RIDING_STYLED_ITEM('overriding color',(#11049),#3740,
  #10258);
#11049 = PRESENTATION_STYLE_ASSIGNMENT((#11050));
#11050 = SURFACE_STYLE_USAGE(.BOTH.,#11051);
#11051 = SURFACE_SIDE_STYLE('',(#11052,#11055));
#11052 = SURFACE_STYLE_FILL_AREA(#11053);
#11053 = FILL_AREA_STYLE('',(#11054));
#11054 = FILL_AREA_STYLE_COLOUR('',#10265);
#11055 = SURFACE_STYLE_RENDERING_WITH_PROPERTIES(.NORMAL_SHADING.,#10265
  ,(#11056));
#11056 = SURFACE_STYLE_TRANSPARENT(1.);
#11057 = OVER_RIDING_STYLED_ITEM('overriding color',(#11058),#3758,
  #10258);
#11058 = PRESENTATION_STYLE_ASSIGNMENT((#11059));
#11059 = SURFACE_STYLE_USAGE(.BOTH.,#11060);
#11060 = SURFACE_SIDE_STYLE('',(#11061,#11064));
#11061 = SURFACE_STYLE_FILL_AREA(#11062);
#11062 = FILL_AREA_STYLE('',(#11063));
#11063 = FILL_AREA_STYLE_COLOUR('',#10265);
#11064 = SURFACE_STYLE_RENDERING_WITH_PROPERTIES(.NORMAL_SHADING.,#10265
  ,(#11065));
#11065 = SURFACE_STYLE_TRANSPARENT(1.);
#11066 = OVER_RIDING_STYLED_ITEM('overriding color',(#11067),#3781,
  #10258);
#11067 = PRESENTATION_STYLE_ASSIGNMENT((#11068));
#11068 = SURFACE_STYLE_USAGE(.BOTH.,#11069);
#11069 = SURFACE_SIDE_STYLE('',(#11070,#11073));
#11070 = SURFACE_STYLE_FILL_AREA(#11071);
#11071 = FILL_AREA_STYLE('',(#11072));
#11072 = FILL_AREA_STYLE_COLOUR('',#10265);
#11073 = SURFACE_STYLE_RENDERING_WITH_PROPERTIES(.NORMAL_SHADING.,#10265
  ,(#11074));
#11074 = SURFACE_STYLE_TRANSPARENT(1.);
#11075 = OVER_RIDING_STYLED_ITEM('overriding color',(#11076),#3798,
  #10258);
#11076 = PRESENTATION_STYLE_ASSIGNMENT((#11077));
#11077 = SURFACE_STYLE_USAGE(.BOTH.,#11078);
#11078 = SURFACE_SIDE_STYLE('',(#11079,#11082));
#11079 = SURFACE_STYLE_FILL_AREA(#11080);
#11080 = FILL_AREA_STYLE('',(#11081));
#11081 = FILL_AREA_STYLE_COLOUR('',#10265);
#11082 = SURFACE_STYLE_RENDERING_WITH_PROPERTIES(.NORMAL_SHADING.,#10265
  ,(#11083));
#11083 = SURFACE_STYLE_TRANSPARENT(1.);
#11084 = OVER_RIDING_STYLED_ITEM('overriding color',(#11085),#3829,
  #10258);
#11085 = PRESENTATION_STYLE_ASSIGNMENT((#11086));
#11086 = SURFACE_STYLE_USAGE(.BOTH.,#11087);
#11087 = SURFACE_SIDE_STYLE('',(#11088,#11091));
#11088 = SURFACE_STYLE_FILL_AREA(#11089);
#11089 = FILL_AREA_STYLE('',(#11090));
#11090 = FILL_AREA_STYLE_COLOUR('',#10265);
#11091 = SURFACE_STYLE_RENDERING_WITH_PROPERTIES(.NORMAL_SHADING.,#10265
  ,(#11092));
#11092 = SURFACE_STYLE_TRANSPARENT(1.);
#11093 = OVER_RIDING_STYLED_ITEM('overriding color',(#11094),#3846,
  #10258);
#11094 = PRESENTATION_STYLE_ASSIGNMENT((#11095));
#11095 = SURFACE_STYLE_USAGE(.BOTH.,#11096);
#11096 = SURFACE_SIDE_STYLE('',(#11097,#11100));
#11097 = SURFACE_STYLE_FILL_AREA(#11098);
#11098 = FILL_AREA_STYLE('',(#11099));
#11099 = FILL_AREA_STYLE_COLOUR('',#10265);
#11100 = SURFACE_STYLE_RENDERING_WITH_PROPERTIES(.NORMAL_SHADING.,#10265
  ,(#11101));
#11101 = SURFACE_STYLE_TRANSPARENT(1.);
#11102 = OVER_RIDING_STYLED_ITEM('overriding color',(#11103),#3868,
  #10258);
#11103 = PRESENTATION_STYLE_ASSIGNMENT((#11104));
#11104 = SURFACE_STYLE_USAGE(.BOTH.,#11105);
#11105 = SURFACE_SIDE_STYLE('',(#11106,#11109));
#11106 = SURFACE_STYLE_FILL_AREA(#11107);
#11107 = FILL_AREA_STYLE('',(#11108));
#11108 = FILL_AREA_STYLE_COLOUR('',#10265);
#11109 = SURFACE_STYLE_RENDERING_WITH_PROPERTIES(.NORMAL_SHADING.,#10265
  ,(#11110));
#11110 = SURFACE_STYLE_TRANSPARENT(1.);
#11111 = OVER_RIDING_STYLED_ITEM('overriding color',(#11112),#3899,
  #10258);
#11112 = PRESENTATION_STYLE_ASSIGNMENT((#11113));
#11113 = SURFACE_STYLE_USAGE(.BOTH.,#11114);
#11114 = SURFACE_SIDE_STYLE('',(#11115,#11118));
#11115 = SURFACE_STYLE_FILL_AREA(#11116);
#11116 = FILL_AREA_STYLE('',(#11117));
#11117 = FILL_AREA_STYLE_COLOUR('',#10265);
#11118 = SURFACE_STYLE_RENDERING_WITH_PROPERTIES(.NORMAL_SHADING.,#10265
  ,(#11119));
#11119 = SURFACE_STYLE_TRANSPARENT(1.);
#11120 = OVER_RIDING_STYLED_ITEM('overriding color',(#11121),#3923,
  #10258);
#11121 = PRESENTATION_STYLE_ASSIGNMENT((#11122));
#11122 = SURFACE_STYLE_USAGE(.BOTH.,#11123);
#11123 = SURFACE_SIDE_STYLE('',(#11124,#11127));
#11124 = SURFACE_STYLE_FILL_AREA(#11125);
#11125 = FILL_AREA_STYLE('',(#11126));
#11126 = FILL_AREA_STYLE_COLOUR('',#10265);
#11127 = SURFACE_STYLE_RENDERING_WITH_PROPERTIES(.NORMAL_SHADING.,#10265
  ,(#11128));
#11128 = SURFACE_STYLE_TRANSPARENT(1.);
#11129 = OVER_RIDING_STYLED_ITEM('overriding color',(#11130),#3949,
  #10258);
#11130 = PRESENTATION_STYLE_ASSIGNMENT((#11131));
#11131 = SURFACE_STYLE_USAGE(.BOTH.,#11132);
#11132 = SURFACE_SIDE_STYLE('',(#11133,#11136));
#11133 = SURFACE_STYLE_FILL_AREA(#11134);
#11134 = FILL_AREA_STYLE('',(#11135));
#11135 = FILL_AREA_STYLE_COLOUR('',#10265);
#11136 = SURFACE_STYLE_RENDERING_WITH_PROPERTIES(.NORMAL_SHADING.,#10265
  ,(#11137));
#11137 = SURFACE_STYLE_TRANSPARENT(1.);
#11138 = OVER_RIDING_STYLED_ITEM('overriding color',(#11139),#3966,
  #10258);
#11139 = PRESENTATION_STYLE_ASSIGNMENT((#11140));
#11140 = SURFACE_STYLE_USAGE(.BOTH.,#11141);
#11141 = SURFACE_SIDE_STYLE('',(#11142,#11145));
#11142 = SURFACE_STYLE_FILL_AREA(#11143);
#11143 = FILL_AREA_STYLE('',(#11144));
#11144 = FILL_AREA_STYLE_COLOUR('',#10265);
#11145 = SURFACE_STYLE_RENDERING_WITH_PROPERTIES(.NORMAL_SHADING.,#10265
  ,(#11146));
#11146 = SURFACE_STYLE_TRANSPARENT(1.);
#11147 = OVER_RIDING_STYLED_ITEM('overriding color',(#11148),#3983,
  #10258);
#11148 = PRESENTATION_STYLE_ASSIGNMENT((#11149));
#11149 = SURFACE_STYLE_USAGE(.BOTH.,#11150);
#11150 = SURFACE_SIDE_STYLE('',(#11151,#11154));
#11151 = SURFACE_STYLE_FILL_AREA(#11152);
#11152 = FILL_AREA_STYLE('',(#11153));
#11153 = FILL_AREA_STYLE_COLOUR('',#10265);
#11154 = SURFACE_STYLE_RENDERING_WITH_PROPERTIES(.NORMAL_SHADING.,#10265
  ,(#11155));
#11155 = SURFACE_STYLE_TRANSPARENT(1.);
#11156 = OVER_RIDING_STYLED_ITEM('overriding color',(#11157),#4014,
  #10258);
#11157 = PRESENTATION_STYLE_ASSIGNMENT((#11158));
#11158 = SURFACE_STYLE_USAGE(.BOTH.,#11159);
#11159 = SURFACE_SIDE_STYLE('',(#11160,#11163));
#11160 = SURFACE_STYLE_FILL_AREA(#11161);
#11161 = FILL_AREA_STYLE('',(#11162));
#11162 = FILL_AREA_STYLE_COLOUR('',#10265);
#11163 = SURFACE_STYLE_RENDERING_WITH_PROPERTIES(.NORMAL_SHADING.,#10265
  ,(#11164));
#11164 = SURFACE_STYLE_TRANSPARENT(1.);
#11165 = OVER_RIDING_STYLED_ITEM('overriding color',(#11166),#4038,
  #10258);
#11166 = PRESENTATION_STYLE_ASSIGNMENT((#11167));
#11167 = SURFACE_STYLE_USAGE(.BOTH.,#11168);
#11168 = SURFACE_SIDE_STYLE('',(#11169,#11172));
#11169 = SURFACE_STYLE_FILL_AREA(#11170);
#11170 = FILL_AREA_STYLE('',(#11171));
#11171 = FILL_AREA_STYLE_COLOUR('',#10265);
#11172 = SURFACE_STYLE_RENDERING_WITH_PROPERTIES(.NORMAL_SHADING.,#10265
  ,(#11173));
#11173 = SURFACE_STYLE_TRANSPARENT(1.);
#11174 = OVER_RIDING_STYLED_ITEM('overriding color',(#11175),#4062,
  #10258);
#11175 = PRESENTATION_STYLE_ASSIGNMENT((#11176));
#11176 = SURFACE_STYLE_USAGE(.BOTH.,#11177);
#11177 = SURFACE_SIDE_STYLE('',(#11178,#11181));
#11178 = SURFACE_STYLE_FILL_AREA(#11179);
#11179 = FILL_AREA_STYLE('',(#11180));
#11180 = FILL_AREA_STYLE_COLOUR('',#10265);
#11181 = SURFACE_STYLE_RENDERING_WITH_PROPERTIES(.NORMAL_SHADING.,#10265
  ,(#11182));
#11182 = SURFACE_STYLE_TRANSPARENT(1.);
#11183 = OVER_RIDING_STYLED_ITEM('overriding color',(#11184),#4086,
  #10258);
#11184 = PRESENTATION_STYLE_ASSIGNMENT((#11185));
#11185 = SURFACE_STYLE_USAGE(.BOTH.,#11186);
#11186 = SURFACE_SIDE_STYLE('',(#11187,#11190));
#11187 = SURFACE_STYLE_FILL_AREA(#11188);
#11188 = FILL_AREA_STYLE('',(#11189));
#11189 = FILL_AREA_STYLE_COLOUR('',#10265);
#11190 = SURFACE_STYLE_RENDERING_WITH_PROPERTIES(.NORMAL_SHADING.,#10265
  ,(#11191));
#11191 = SURFACE_STYLE_TRANSPARENT(1.);
#11192 = OVER_RIDING_STYLED_ITEM('overriding color',(#11193),#4103,
  #10258);
#11193 = PRESENTATION_STYLE_ASSIGNMENT((#11194));
#11194 = SURFACE_STYLE_USAGE(.BOTH.,#11195);
#11195 = SURFACE_SIDE_STYLE('',(#11196,#11199));
#11196 = SURFACE_STYLE_FILL_AREA(#11197);
#11197 = FILL_AREA_STYLE('',(#11198));
#11198 = FILL_AREA_STYLE_COLOUR('',#10265);
#11199 = SURFACE_STYLE_RENDERING_WITH_PROPERTIES(.NORMAL_SHADING.,#10265
  ,(#11200));
#11200 = SURFACE_STYLE_TRANSPARENT(1.);
#11201 = OVER_RIDING_STYLED_ITEM('overriding color',(#11202),#4128,
  #10258);
#11202 = PRESENTATION_STYLE_ASSIGNMENT((#11203));
#11203 = SURFACE_STYLE_USAGE(.BOTH.,#11204);
#11204 = SURFACE_SIDE_STYLE('',(#11205,#11208));
#11205 = SURFACE_STYLE_FILL_AREA(#11206);
#11206 = FILL_AREA_STYLE('',(#11207));
#11207 = FILL_AREA_STYLE_COLOUR('',#10265);
#11208 = SURFACE_STYLE_RENDERING_WITH_PROPERTIES(.NORMAL_SHADING.,#10265
  ,(#11209));
#11209 = SURFACE_STYLE_TRANSPARENT(1.);
#11210 = OVER_RIDING_STYLED_ITEM('overriding color',(#11211),#4145,
  #10258);
#11211 = PRESENTATION_STYLE_ASSIGNMENT((#11212));
#11212 = SURFACE_STYLE_USAGE(.BOTH.,#11213);
#11213 = SURFACE_SIDE_STYLE('',(#11214,#11217));
#11214 = SURFACE_STYLE_FILL_AREA(#11215);
#11215 = FILL_AREA_STYLE('',(#11216));
#11216 = FILL_AREA_STYLE_COLOUR('',#10265);
#11217 = SURFACE_STYLE_RENDERING_WITH_PROPERTIES(.NORMAL_SHADING.,#10265
  ,(#11218));
#11218 = SURFACE_STYLE_TRANSPARENT(1.);
#11219 = OVER_RIDING_STYLED_ITEM('overriding color',(#11220),#4176,
  #10258);
#11220 = PRESENTATION_STYLE_ASSIGNMENT((#11221));
#11221 = SURFACE_STYLE_USAGE(.BOTH.,#11222);
#11222 = SURFACE_SIDE_STYLE('',(#11223,#11226));
#11223 = SURFACE_STYLE_FILL_AREA(#11224);
#11224 = FILL_AREA_STYLE('',(#11225));
#11225 = FILL_AREA_STYLE_COLOUR('',#10265);
#11226 = SURFACE_STYLE_RENDERING_WITH_PROPERTIES(.NORMAL_SHADING.,#10265
  ,(#11227));
#11227 = SURFACE_STYLE_TRANSPARENT(1.);
#11228 = OVER_RIDING_STYLED_ITEM('overriding color',(#11229),#4201,
  #10258);
#11229 = PRESENTATION_STYLE_ASSIGNMENT((#11230));
#11230 = SURFACE_STYLE_USAGE(.BOTH.,#11231);
#11231 = SURFACE_SIDE_STYLE('',(#11232,#11235));
#11232 = SURFACE_STYLE_FILL_AREA(#11233);
#11233 = FILL_AREA_STYLE('',(#11234));
#11234 = FILL_AREA_STYLE_COLOUR('',#10265);
#11235 = SURFACE_STYLE_RENDERING_WITH_PROPERTIES(.NORMAL_SHADING.,#10265
  ,(#11236));
#11236 = SURFACE_STYLE_TRANSPARENT(1.);
#11237 = OVER_RIDING_STYLED_ITEM('overriding color',(#11238),#4261,
  #10258);
#11238 = PRESENTATION_STYLE_ASSIGNMENT((#11239));
#11239 = SURFACE_STYLE_USAGE(.BOTH.,#11240);
#11240 = SURFACE_SIDE_STYLE('',(#11241,#11244));
#11241 = SURFACE_STYLE_FILL_AREA(#11242);
#11242 = FILL_AREA_STYLE('',(#11243));
#11243 = FILL_AREA_STYLE_COLOUR('',#10265);
#11244 = SURFACE_STYLE_RENDERING_WITH_PROPERTIES(.NORMAL_SHADING.,#10265
  ,(#11245));
#11245 = SURFACE_STYLE_TRANSPARENT(1.);
#11246 = OVER_RIDING_STYLED_ITEM('overriding color',(#11247),#4302,
  #10258);
#11247 = PRESENTATION_STYLE_ASSIGNMENT((#11248));
#11248 = SURFACE_STYLE_USAGE(.BOTH.,#11249);
#11249 = SURFACE_SIDE_STYLE('',(#11250,#11253));
#11250 = SURFACE_STYLE_FILL_AREA(#11251);
#11251 = FILL_AREA_STYLE('',(#11252));
#11252 = FILL_AREA_STYLE_COLOUR('',#10265);
#11253 = SURFACE_STYLE_RENDERING_WITH_PROPERTIES(.NORMAL_SHADING.,#10265
  ,(#11254));
#11254 = SURFACE_STYLE_TRANSPARENT(1.);
#11255 = OVER_RIDING_STYLED_ITEM('overriding color',(#11256),#4318,
  #10258);
#11256 = PRESENTATION_STYLE_ASSIGNMENT((#11257));
#11257 = SURFACE_STYLE_USAGE(.BOTH.,#11258);
#11258 = SURFACE_SIDE_STYLE('',(#11259,#11262));
#11259 = SURFACE_STYLE_FILL_AREA(#11260);
#11260 = FILL_AREA_STYLE('',(#11261));
#11261 = FILL_AREA_STYLE_COLOUR('',#10265);
#11262 = SURFACE_STYLE_RENDERING_WITH_PROPERTIES(.NORMAL_SHADING.,#10265
  ,(#11263));
#11263 = SURFACE_STYLE_TRANSPARENT(1.);
#11264 = OVER_RIDING_STYLED_ITEM('overriding color',(#11265),#4343,
  #10258);
#11265 = PRESENTATION_STYLE_ASSIGNMENT((#11266));
#11266 = SURFACE_STYLE_USAGE(.BOTH.,#11267);
#11267 = SURFACE_SIDE_STYLE('',(#11268,#11271));
#11268 = SURFACE_STYLE_FILL_AREA(#11269);
#11269 = FILL_AREA_STYLE('',(#11270));
#11270 = FILL_AREA_STYLE_COLOUR('',#10265);
#11271 = SURFACE_STYLE_RENDERING_WITH_PROPERTIES(.NORMAL_SHADING.,#10265
  ,(#11272));
#11272 = SURFACE_STYLE_TRANSPARENT(1.);
#11273 = OVER_RIDING_STYLED_ITEM('overriding color',(#11274),#4360,
  #10258);
#11274 = PRESENTATION_STYLE_ASSIGNMENT((#11275));
#11275 = SURFACE_STYLE_USAGE(.BOTH.,#11276);
#11276 = SURFACE_SIDE_STYLE('',(#11277,#11280));
#11277 = SURFACE_STYLE_FILL_AREA(#11278);
#11278 = FILL_AREA_STYLE('',(#11279));
#11279 = FILL_AREA_STYLE_COLOUR('',#10265);
#11280 = SURFACE_STYLE_RENDERING_WITH_PROPERTIES(.NORMAL_SHADING.,#10265
  ,(#11281));
#11281 = SURFACE_STYLE_TRANSPARENT(1.);
#11282 = OVER_RIDING_STYLED_ITEM('overriding color',(#11283),#4384,
  #10258);
#11283 = PRESENTATION_STYLE_ASSIGNMENT((#11284));
#11284 = SURFACE_STYLE_USAGE(.BOTH.,#11285);
#11285 = SURFACE_SIDE_STYLE('',(#11286,#11289));
#11286 = SURFACE_STYLE_FILL_AREA(#11287);
#11287 = FILL_AREA_STYLE('',(#11288));
#11288 = FILL_AREA_STYLE_COLOUR('',#10265);
#11289 = SURFACE_STYLE_RENDERING_WITH_PROPERTIES(.NORMAL_SHADING.,#10265
  ,(#11290));
#11290 = SURFACE_STYLE_TRANSPARENT(1.);
#11291 = OVER_RIDING_STYLED_ITEM('overriding color',(#11292),#4415,
  #10258);
#11292 = PRESENTATION_STYLE_ASSIGNMENT((#11293));
#11293 = SURFACE_STYLE_USAGE(.BOTH.,#11294);
#11294 = SURFACE_SIDE_STYLE('',(#11295,#11298));
#11295 = SURFACE_STYLE_FILL_AREA(#11296);
#11296 = FILL_AREA_STYLE('',(#11297));
#11297 = FILL_AREA_STYLE_COLOUR('',#10265);
#11298 = SURFACE_STYLE_RENDERING_WITH_PROPERTIES(.NORMAL_SHADING.,#10265
  ,(#11299));
#11299 = SURFACE_STYLE_TRANSPARENT(1.);
#11300 = OVER_RIDING_STYLED_ITEM('overriding color',(#11301),#4449,
  #10258);
#11301 = PRESENTATION_STYLE_ASSIGNMENT((#11302));
#11302 = SURFACE_STYLE_USAGE(.BOTH.,#11303);
#11303 = SURFACE_SIDE_STYLE('',(#11304,#11307));
#11304 = SURFACE_STYLE_FILL_AREA(#11305);
#11305 = FILL_AREA_STYLE('',(#11306));
#11306 = FILL_AREA_STYLE_COLOUR('',#10265);
#11307 = SURFACE_STYLE_RENDERING_WITH_PROPERTIES(.NORMAL_SHADING.,#10265
  ,(#11308));
#11308 = SURFACE_STYLE_TRANSPARENT(1.);
#11309 = OVER_RIDING_STYLED_ITEM('overriding color',(#11310),#4461,
  #10258);
#11310 = PRESENTATION_STYLE_ASSIGNMENT((#11311));
#11311 = SURFACE_STYLE_USAGE(.BOTH.,#11312);
#11312 = SURFACE_SIDE_STYLE('',(#11313,#11316));
#11313 = SURFACE_STYLE_FILL_AREA(#11314);
#11314 = FILL_AREA_STYLE('',(#11315));
#11315 = FILL_AREA_STYLE_COLOUR('',#10265);
#11316 = SURFACE_STYLE_RENDERING_WITH_PROPERTIES(.NORMAL_SHADING.,#10265
  ,(#11317));
#11317 = SURFACE_STYLE_TRANSPARENT(1.);
#11318 = OVER_RIDING_STYLED_ITEM('overriding color',(#11319),#4498,
  #10258);
#11319 = PRESENTATION_STYLE_ASSIGNMENT((#11320));
#11320 = SURFACE_STYLE_USAGE(.BOTH.,#11321);
#11321 = SURFACE_SIDE_STYLE('',(#11322,#11325));
#11322 = SURFACE_STYLE_FILL_AREA(#11323);
#11323 = FILL_AREA_STYLE('',(#11324));
#11324 = FILL_AREA_STYLE_COLOUR('',#10265);
#11325 = SURFACE_STYLE_RENDERING_WITH_PROPERTIES(.NORMAL_SHADING.,#10265
  ,(#11326));
#11326 = SURFACE_STYLE_TRANSPARENT(1.);
#11327 = OVER_RIDING_STYLED_ITEM('overriding color',(#11328),#4520,
  #10258);
#11328 = PRESENTATION_STYLE_ASSIGNMENT((#11329));
#11329 = SURFACE_STYLE_USAGE(.BOTH.,#11330);
#11330 = SURFACE_SIDE_STYLE('',(#11331,#11334));
#11331 = SURFACE_STYLE_FILL_AREA(#11332);
#11332 = FILL_AREA_STYLE('',(#11333));
#11333 = FILL_AREA_STYLE_COLOUR('',#10265);
#11334 = SURFACE_STYLE_RENDERING_WITH_PROPERTIES(.NORMAL_SHADING.,#10265
  ,(#11335));
#11335 = SURFACE_STYLE_TRANSPARENT(1.);
#11336 = OVER_RIDING_STYLED_ITEM('overriding color',(#11337),#4545,
  #10258);
#11337 = PRESENTATION_STYLE_ASSIGNMENT((#11338));
#11338 = SURFACE_STYLE_USAGE(.BOTH.,#11339);
#11339 = SURFACE_SIDE_STYLE('',(#11340,#11343));
#11340 = SURFACE_STYLE_FILL_AREA(#11341);
#11341 = FILL_AREA_STYLE('',(#11342));
#11342 = FILL_AREA_STYLE_COLOUR('',#10265);
#11343 = SURFACE_STYLE_RENDERING_WITH_PROPERTIES(.NORMAL_SHADING.,#10265
  ,(#11344));
#11344 = SURFACE_STYLE_TRANSPARENT(1.);
#11345 = OVER_RIDING_STYLED_ITEM('overriding color',(#11346),#4569,
  #10258);
#11346 = PRESENTATION_STYLE_ASSIGNMENT((#11347));
#11347 = SURFACE_STYLE_USAGE(.BOTH.,#11348);
#11348 = SURFACE_SIDE_STYLE('',(#11349,#11352));
#11349 = SURFACE_STYLE_FILL_AREA(#11350);
#11350 = FILL_AREA_STYLE('',(#11351));
#11351 = FILL_AREA_STYLE_COLOUR('',#10265);
#11352 = SURFACE_STYLE_RENDERING_WITH_PROPERTIES(.NORMAL_SHADING.,#10265
  ,(#11353));
#11353 = SURFACE_STYLE_TRANSPARENT(1.);
#11354 = OVER_RIDING_STYLED_ITEM('overriding color',(#11355),#4591,
  #10258);
#11355 = PRESENTATION_STYLE_ASSIGNMENT((#11356));
#11356 = SURFACE_STYLE_USAGE(.BOTH.,#11357);
#11357 = SURFACE_SIDE_STYLE('',(#11358,#11361));
#11358 = SURFACE_STYLE_FILL_AREA(#11359);
#11359 = FILL_AREA_STYLE('',(#11360));
#11360 = FILL_AREA_STYLE_COLOUR('',#10265);
#11361 = SURFACE_STYLE_RENDERING_WITH_PROPERTIES(.NORMAL_SHADING.,#10265
  ,(#11362));
#11362 = SURFACE_STYLE_TRANSPARENT(1.);
#11363 = OVER_RIDING_STYLED_ITEM('overriding color',(#11364),#4615,
  #10258);
#11364 = PRESENTATION_STYLE_ASSIGNMENT((#11365));
#11365 = SURFACE_STYLE_USAGE(.BOTH.,#11366);
#11366 = SURFACE_SIDE_STYLE('',(#11367,#11370));
#11367 = SURFACE_STYLE_FILL_AREA(#11368);
#11368 = FILL_AREA_STYLE('',(#11369));
#11369 = FILL_AREA_STYLE_COLOUR('',#10265);
#11370 = SURFACE_STYLE_RENDERING_WITH_PROPERTIES(.NORMAL_SHADING.,#10265
  ,(#11371));
#11371 = SURFACE_STYLE_TRANSPARENT(1.);
#11372 = OVER_RIDING_STYLED_ITEM('overriding color',(#11373),#4663,
  #10258);
#11373 = PRESENTATION_STYLE_ASSIGNMENT((#11374));
#11374 = SURFACE_STYLE_USAGE(.BOTH.,#11375);
#11375 = SURFACE_SIDE_STYLE('',(#11376,#11379));
#11376 = SURFACE_STYLE_FILL_AREA(#11377);
#11377 = FILL_AREA_STYLE('',(#11378));
#11378 = FILL_AREA_STYLE_COLOUR('',#10265);
#11379 = SURFACE_STYLE_RENDERING_WITH_PROPERTIES(.NORMAL_SHADING.,#10265
  ,(#11380));
#11380 = SURFACE_STYLE_TRANSPARENT(1.);
#11381 = OVER_RIDING_STYLED_ITEM('overriding color',(#11382),#4691,
  #10258);
#11382 = PRESENTATION_STYLE_ASSIGNMENT((#11383));
#11383 = SURFACE_STYLE_USAGE(.BOTH.,#11384);
#11384 = SURFACE_SIDE_STYLE('',(#11385,#11388));
#11385 = SURFACE_STYLE_FILL_AREA(#11386);
#11386 = FILL_AREA_STYLE('',(#11387));
#11387 = FILL_AREA_STYLE_COLOUR('',#10265);
#11388 = SURFACE_STYLE_RENDERING_WITH_PROPERTIES(.NORMAL_SHADING.,#10265
  ,(#11389));
#11389 = SURFACE_STYLE_TRANSPARENT(1.);
#11390 = OVER_RIDING_STYLED_ITEM('overriding color',(#11391),#4729,
  #10258);
#11391 = PRESENTATION_STYLE_ASSIGNMENT((#11392));
#11392 = SURFACE_STYLE_USAGE(.BOTH.,#11393);
#11393 = SURFACE_SIDE_STYLE('',(#11394,#11397));
#11394 = SURFACE_STYLE_FILL_AREA(#11395);
#11395 = FILL_AREA_STYLE('',(#11396));
#11396 = FILL_AREA_STYLE_COLOUR('',#10265);
#11397 = SURFACE_STYLE_RENDERING_WITH_PROPERTIES(.NORMAL_SHADING.,#10265
  ,(#11398));
#11398 = SURFACE_STYLE_TRANSPARENT(1.);
#11399 = OVER_RIDING_STYLED_ITEM('overriding color',(#11400),#4761,
  #10258);
#11400 = PRESENTATION_STYLE_ASSIGNMENT((#11401));
#11401 = SURFACE_STYLE_USAGE(.BOTH.,#11402);
#11402 = SURFACE_SIDE_STYLE('',(#11403,#11406));
#11403 = SURFACE_STYLE_FILL_AREA(#11404);
#11404 = FILL_AREA_STYLE('',(#11405));
#11405 = FILL_AREA_STYLE_COLOUR('',#10265);
#11406 = SURFACE_STYLE_RENDERING_WITH_PROPERTIES(.NORMAL_SHADING.,#10265
  ,(#11407));
#11407 = SURFACE_STYLE_TRANSPARENT(1.);
#11408 = OVER_RIDING_STYLED_ITEM('overriding color',(#11409),#4778,
  #10258);
#11409 = PRESENTATION_STYLE_ASSIGNMENT((#11410));
#11410 = SURFACE_STYLE_USAGE(.BOTH.,#11411);
#11411 = SURFACE_SIDE_STYLE('',(#11412,#11415));
#11412 = SURFACE_STYLE_FILL_AREA(#11413);
#11413 = FILL_AREA_STYLE('',(#11414));
#11414 = FILL_AREA_STYLE_COLOUR('',#10265);
#11415 = SURFACE_STYLE_RENDERING_WITH_PROPERTIES(.NORMAL_SHADING.,#10265
  ,(#11416));
#11416 = SURFACE_STYLE_TRANSPARENT(1.);
#11417 = OVER_RIDING_STYLED_ITEM('overriding color',(#11418),#4803,
  #10258);
#11418 = PRESENTATION_STYLE_ASSIGNMENT((#11419));
#11419 = SURFACE_STYLE_USAGE(.BOTH.,#11420);
#11420 = SURFACE_SIDE_STYLE('',(#11421,#11424));
#11421 = SURFACE_STYLE_FILL_AREA(#11422);
#11422 = FILL_AREA_STYLE('',(#11423));
#11423 = FILL_AREA_STYLE_COLOUR('',#10265);
#11424 = SURFACE_STYLE_RENDERING_WITH_PROPERTIES(.NORMAL_SHADING.,#10265
  ,(#11425));
#11425 = SURFACE_STYLE_TRANSPARENT(1.);
#11426 = OVER_RIDING_STYLED_ITEM('overriding color',(#11427),#4835,
  #10258);
#11427 = PRESENTATION_STYLE_ASSIGNMENT((#11428));
#11428 = SURFACE_STYLE_USAGE(.BOTH.,#11429);
#11429 = SURFACE_SIDE_STYLE('',(#11430,#11433));
#11430 = SURFACE_STYLE_FILL_AREA(#11431);
#11431 = FILL_AREA_STYLE('',(#11432));
#11432 = FILL_AREA_STYLE_COLOUR('',#10265);
#11433 = SURFACE_STYLE_RENDERING_WITH_PROPERTIES(.NORMAL_SHADING.,#10265
  ,(#11434));
#11434 = SURFACE_STYLE_TRANSPARENT(1.);
#11435 = OVER_RIDING_STYLED_ITEM('overriding color',(#11436),#4852,
  #10258);
#11436 = PRESENTATION_STYLE_ASSIGNMENT((#11437));
#11437 = SURFACE_STYLE_USAGE(.BOTH.,#11438);
#11438 = SURFACE_SIDE_STYLE('',(#11439,#11442));
#11439 = SURFACE_STYLE_FILL_AREA(#11440);
#11440 = FILL_AREA_STYLE('',(#11441));
#11441 = FILL_AREA_STYLE_COLOUR('',#10265);
#11442 = SURFACE_STYLE_RENDERING_WITH_PROPERTIES(.NORMAL_SHADING.,#10265
  ,(#11443));
#11443 = SURFACE_STYLE_TRANSPARENT(1.);
#11444 = OVER_RIDING_STYLED_ITEM('overriding color',(#11445),#4883,
  #10258);
#11445 = PRESENTATION_STYLE_ASSIGNMENT((#11446));
#11446 = SURFACE_STYLE_USAGE(.BOTH.,#11447);
#11447 = SURFACE_SIDE_STYLE('',(#11448,#11451));
#11448 = SURFACE_STYLE_FILL_AREA(#11449);
#11449 = FILL_AREA_STYLE('',(#11450));
#11450 = FILL_AREA_STYLE_COLOUR('',#10265);
#11451 = SURFACE_STYLE_RENDERING_WITH_PROPERTIES(.NORMAL_SHADING.,#10265
  ,(#11452));
#11452 = SURFACE_STYLE_TRANSPARENT(1.);
#11453 = OVER_RIDING_STYLED_ITEM('overriding color',(#11454),#4907,
  #10258);
#11454 = PRESENTATION_STYLE_ASSIGNMENT((#11455));
#11455 = SURFACE_STYLE_USAGE(.BOTH.,#11456);
#11456 = SURFACE_SIDE_STYLE('',(#11457,#11460));
#11457 = SURFACE_STYLE_FILL_AREA(#11458);
#11458 = FILL_AREA_STYLE('',(#11459));
#11459 = FILL_AREA_STYLE_COLOUR('',#10265);
#11460 = SURFACE_STYLE_RENDERING_WITH_PROPERTIES(.NORMAL_SHADING.,#10265
  ,(#11461));
#11461 = SURFACE_STYLE_TRANSPARENT(1.);
#11462 = OVER_RIDING_STYLED_ITEM('overriding color',(#11463),#4925,
  #10258);
#11463 = PRESENTATION_STYLE_ASSIGNMENT((#11464));
#11464 = SURFACE_STYLE_USAGE(.BOTH.,#11465);
#11465 = SURFACE_SIDE_STYLE('',(#11466,#11469));
#11466 = SURFACE_STYLE_FILL_AREA(#11467);
#11467 = FILL_AREA_STYLE('',(#11468));
#11468 = FILL_AREA_STYLE_COLOUR('',#10265);
#11469 = SURFACE_STYLE_RENDERING_WITH_PROPERTIES(.NORMAL_SHADING.,#10265
  ,(#11470));
#11470 = SURFACE_STYLE_TRANSPARENT(1.);
#11471 = OVER_RIDING_STYLED_ITEM('overriding color',(#11472),#4956,
  #10258);
#11472 = PRESENTATION_STYLE_ASSIGNMENT((#11473));
#11473 = SURFACE_STYLE_USAGE(.BOTH.,#11474);
#11474 = SURFACE_SIDE_STYLE('',(#11475,#11478));
#11475 = SURFACE_STYLE_FILL_AREA(#11476);
#11476 = FILL_AREA_STYLE('',(#11477));
#11477 = FILL_AREA_STYLE_COLOUR('',#10265);
#11478 = SURFACE_STYLE_RENDERING_WITH_PROPERTIES(.NORMAL_SHADING.,#10265
  ,(#11479));
#11479 = SURFACE_STYLE_TRANSPARENT(1.);
#11480 = OVER_RIDING_STYLED_ITEM('overriding color',(#11481),#4980,
  #10258);
#11481 = PRESENTATION_STYLE_ASSIGNMENT((#11482));
#11482 = SURFACE_STYLE_USAGE(.BOTH.,#11483);
#11483 = SURFACE_SIDE_STYLE('',(#11484,#11487));
#11484 = SURFACE_STYLE_FILL_AREA(#11485);
#11485 = FILL_AREA_STYLE('',(#11486));
#11486 = FILL_AREA_STYLE_COLOUR('',#10265);
#11487 = SURFACE_STYLE_RENDERING_WITH_PROPERTIES(.NORMAL_SHADING.,#10265
  ,(#11488));
#11488 = SURFACE_STYLE_TRANSPARENT(1.);
#11489 = OVER_RIDING_STYLED_ITEM('overriding color',(#11490),#4998,
  #10258);
#11490 = PRESENTATION_STYLE_ASSIGNMENT((#11491));
#11491 = SURFACE_STYLE_USAGE(.BOTH.,#11492);
#11492 = SURFACE_SIDE_STYLE('',(#11493,#11496));
#11493 = SURFACE_STYLE_FILL_AREA(#11494);
#11494 = FILL_AREA_STYLE('',(#11495));
#11495 = FILL_AREA_STYLE_COLOUR('',#10265);
#11496 = SURFACE_STYLE_RENDERING_WITH_PROPERTIES(.NORMAL_SHADING.,#10265
  ,(#11497));
#11497 = SURFACE_STYLE_TRANSPARENT(1.);
#11498 = OVER_RIDING_STYLED_ITEM('overriding color',(#11499),#5020,
  #10258);
#11499 = PRESENTATION_STYLE_ASSIGNMENT((#11500));
#11500 = SURFACE_STYLE_USAGE(.BOTH.,#11501);
#11501 = SURFACE_SIDE_STYLE('',(#11502,#11505));
#11502 = SURFACE_STYLE_FILL_AREA(#11503);
#11503 = FILL_AREA_STYLE('',(#11504));
#11504 = FILL_AREA_STYLE_COLOUR('',#10265);
#11505 = SURFACE_STYLE_RENDERING_WITH_PROPERTIES(.NORMAL_SHADING.,#10265
  ,(#11506));
#11506 = SURFACE_STYLE_TRANSPARENT(1.);
#11507 = OVER_RIDING_STYLED_ITEM('overriding color',(#11508),#5049,
  #10258);
#11508 = PRESENTATION_STYLE_ASSIGNMENT((#11509));
#11509 = SURFACE_STYLE_USAGE(.BOTH.,#11510);
#11510 = SURFACE_SIDE_STYLE('',(#11511,#11514));
#11511 = SURFACE_STYLE_FILL_AREA(#11512);
#11512 = FILL_AREA_STYLE('',(#11513));
#11513 = FILL_AREA_STYLE_COLOUR('',#10265);
#11514 = SURFACE_STYLE_RENDERING_WITH_PROPERTIES(.NORMAL_SHADING.,#10265
  ,(#11515));
#11515 = SURFACE_STYLE_TRANSPARENT(1.);
#11516 = OVER_RIDING_STYLED_ITEM('overriding color',(#11517),#5078,
  #10258);
#11517 = PRESENTATION_STYLE_ASSIGNMENT((#11518));
#11518 = SURFACE_STYLE_USAGE(.BOTH.,#11519);
#11519 = SURFACE_SIDE_STYLE('',(#11520,#11523));
#11520 = SURFACE_STYLE_FILL_AREA(#11521);
#11521 = FILL_AREA_STYLE('',(#11522));
#11522 = FILL_AREA_STYLE_COLOUR('',#10265);
#11523 = SURFACE_STYLE_RENDERING_WITH_PROPERTIES(.NORMAL_SHADING.,#10265
  ,(#11524));
#11524 = SURFACE_STYLE_TRANSPARENT(1.);
#11525 = OVER_RIDING_STYLED_ITEM('overriding color',(#11526),#5102,
  #10258);
#11526 = PRESENTATION_STYLE_ASSIGNMENT((#11527));
#11527 = SURFACE_STYLE_USAGE(.BOTH.,#11528);
#11528 = SURFACE_SIDE_STYLE('',(#11529,#11532));
#11529 = SURFACE_STYLE_FILL_AREA(#11530);
#11530 = FILL_AREA_STYLE('',(#11531));
#11531 = FILL_AREA_STYLE_COLOUR('',#10265);
#11532 = SURFACE_STYLE_RENDERING_WITH_PROPERTIES(.NORMAL_SHADING.,#10265
  ,(#11533));
#11533 = SURFACE_STYLE_TRANSPARENT(1.);
#11534 = OVER_RIDING_STYLED_ITEM('overriding color',(#11535),#5133,
  #10258);
#11535 = PRESENTATION_STYLE_ASSIGNMENT((#11536));
#11536 = SURFACE_STYLE_USAGE(.BOTH.,#11537);
#11537 = SURFACE_SIDE_STYLE('',(#11538,#11541));
#11538 = SURFACE_STYLE_FILL_AREA(#11539);
#11539 = FILL_AREA_STYLE('',(#11540));
#11540 = FILL_AREA_STYLE_COLOUR('',#10265);
#11541 = SURFACE_STYLE_RENDERING_WITH_PROPERTIES(.NORMAL_SHADING.,#10265
  ,(#11542));
#11542 = SURFACE_STYLE_TRANSPARENT(1.);
#11543 = OVER_RIDING_STYLED_ITEM('overriding color',(#11544),#5155,
  #10258);
#11544 = PRESENTATION_STYLE_ASSIGNMENT((#11545));
#11545 = SURFACE_STYLE_USAGE(.BOTH.,#11546);
#11546 = SURFACE_SIDE_STYLE('',(#11547,#11550));
#11547 = SURFACE_STYLE_FILL_AREA(#11548);
#11548 = FILL_AREA_STYLE('',(#11549));
#11549 = FILL_AREA_STYLE_COLOUR('',#10265);
#11550 = SURFACE_STYLE_RENDERING_WITH_PROPERTIES(.NORMAL_SHADING.,#10265
  ,(#11551));
#11551 = SURFACE_STYLE_TRANSPARENT(1.);
#11552 = OVER_RIDING_STYLED_ITEM('overriding color',(#11553),#5179,
  #10258);
#11553 = PRESENTATION_STYLE_ASSIGNMENT((#11554));
#11554 = SURFACE_STYLE_USAGE(.BOTH.,#11555);
#11555 = SURFACE_SIDE_STYLE('',(#11556,#11559));
#11556 = SURFACE_STYLE_FILL_AREA(#11557);
#11557 = FILL_AREA_STYLE('',(#11558));
#11558 = FILL_AREA_STYLE_COLOUR('',#10265);
#11559 = SURFACE_STYLE_RENDERING_WITH_PROPERTIES(.NORMAL_SHADING.,#10265
  ,(#11560));
#11560 = SURFACE_STYLE_TRANSPARENT(1.);
#11561 = OVER_RIDING_STYLED_ITEM('overriding color',(#11562),#5203,
  #10258);
#11562 = PRESENTATION_STYLE_ASSIGNMENT((#11563));
#11563 = SURFACE_STYLE_USAGE(.BOTH.,#11564);
#11564 = SURFACE_SIDE_STYLE('',(#11565,#11568));
#11565 = SURFACE_STYLE_FILL_AREA(#11566);
#11566 = FILL_AREA_STYLE('',(#11567));
#11567 = FILL_AREA_STYLE_COLOUR('',#10265);
#11568 = SURFACE_STYLE_RENDERING_WITH_PROPERTIES(.NORMAL_SHADING.,#10265
  ,(#11569));
#11569 = SURFACE_STYLE_TRANSPARENT(1.);
#11570 = OVER_RIDING_STYLED_ITEM('overriding color',(#11571),#5220,
  #10258);
#11571 = PRESENTATION_STYLE_ASSIGNMENT((#11572));
#11572 = SURFACE_STYLE_USAGE(.BOTH.,#11573);
#11573 = SURFACE_SIDE_STYLE('',(#11574,#11577));
#11574 = SURFACE_STYLE_FILL_AREA(#11575);
#11575 = FILL_AREA_STYLE('',(#11576));
#11576 = FILL_AREA_STYLE_COLOUR('',#10265);
#11577 = SURFACE_STYLE_RENDERING_WITH_PROPERTIES(.NORMAL_SHADING.,#10265
  ,(#11578));
#11578 = SURFACE_STYLE_TRANSPARENT(1.);
#11579 = OVER_RIDING_STYLED_ITEM('overriding color',(#11580),#5321,
  #10258);
#11580 = PRESENTATION_STYLE_ASSIGNMENT((#11581));
#11581 = SURFACE_STYLE_USAGE(.BOTH.,#11582);
#11582 = SURFACE_SIDE_STYLE('',(#11583,#11586));
#11583 = SURFACE_STYLE_FILL_AREA(#11584);
#11584 = FILL_AREA_STYLE('',(#11585));
#11585 = FILL_AREA_STYLE_COLOUR('',#10265);
#11586 = SURFACE_STYLE_RENDERING_WITH_PROPERTIES(.NORMAL_SHADING.,#10265
  ,(#11587));
#11587 = SURFACE_STYLE_TRANSPARENT(1.);
#11588 = OVER_RIDING_STYLED_ITEM('overriding color',(#11589),#5345,
  #10258);
#11589 = PRESENTATION_STYLE_ASSIGNMENT((#11590));
#11590 = SURFACE_STYLE_USAGE(.BOTH.,#11591);
#11591 = SURFACE_SIDE_STYLE('',(#11592,#11595));
#11592 = SURFACE_STYLE_FILL_AREA(#11593);
#11593 = FILL_AREA_STYLE('',(#11594));
#11594 = FILL_AREA_STYLE_COLOUR('',#10265);
#11595 = SURFACE_STYLE_RENDERING_WITH_PROPERTIES(.NORMAL_SHADING.,#10265
  ,(#11596));
#11596 = SURFACE_STYLE_TRANSPARENT(1.);
#11597 = OVER_RIDING_STYLED_ITEM('overriding color',(#11598),#5369,
  #10258);
#11598 = PRESENTATION_STYLE_ASSIGNMENT((#11599));
#11599 = SURFACE_STYLE_USAGE(.BOTH.,#11600);
#11600 = SURFACE_SIDE_STYLE('',(#11601,#11604));
#11601 = SURFACE_STYLE_FILL_AREA(#11602);
#11602 = FILL_AREA_STYLE('',(#11603));
#11603 = FILL_AREA_STYLE_COLOUR('',#10265);
#11604 = SURFACE_STYLE_RENDERING_WITH_PROPERTIES(.NORMAL_SHADING.,#10265
  ,(#11605));
#11605 = SURFACE_STYLE_TRANSPARENT(1.);
#11606 = OVER_RIDING_STYLED_ITEM('overriding color',(#11607),#5386,
  #10258);
#11607 = PRESENTATION_STYLE_ASSIGNMENT((#11608));
#11608 = SURFACE_STYLE_USAGE(.BOTH.,#11609);
#11609 = SURFACE_SIDE_STYLE('',(#11610,#11613));
#11610 = SURFACE_STYLE_FILL_AREA(#11611);
#11611 = FILL_AREA_STYLE('',(#11612));
#11612 = FILL_AREA_STYLE_COLOUR('',#10265);
#11613 = SURFACE_STYLE_RENDERING_WITH_PROPERTIES(.NORMAL_SHADING.,#10265
  ,(#11614));
#11614 = SURFACE_STYLE_TRANSPARENT(1.);
#11615 = OVER_RIDING_STYLED_ITEM('overriding color',(#11616),#5487,
  #10258);
#11616 = PRESENTATION_STYLE_ASSIGNMENT((#11617));
#11617 = SURFACE_STYLE_USAGE(.BOTH.,#11618);
#11618 = SURFACE_SIDE_STYLE('',(#11619,#11622));
#11619 = SURFACE_STYLE_FILL_AREA(#11620);
#11620 = FILL_AREA_STYLE('',(#11621));
#11621 = FILL_AREA_STYLE_COLOUR('',#10265);
#11622 = SURFACE_STYLE_RENDERING_WITH_PROPERTIES(.NORMAL_SHADING.,#10265
  ,(#11623));
#11623 = SURFACE_STYLE_TRANSPARENT(1.);
#11624 = OVER_RIDING_STYLED_ITEM('overriding color',(#11625),#5511,
  #10258);
#11625 = PRESENTATION_STYLE_ASSIGNMENT((#11626));
#11626 = SURFACE_STYLE_USAGE(.BOTH.,#11627);
#11627 = SURFACE_SIDE_STYLE('',(#11628,#11631));
#11628 = SURFACE_STYLE_FILL_AREA(#11629);
#11629 = FILL_AREA_STYLE('',(#11630));
#11630 = FILL_AREA_STYLE_COLOUR('',#10265);
#11631 = SURFACE_STYLE_RENDERING_WITH_PROPERTIES(.NORMAL_SHADING.,#10265
  ,(#11632));
#11632 = SURFACE_STYLE_TRANSPARENT(1.);
#11633 = OVER_RIDING_STYLED_ITEM('overriding color',(#11634),#5535,
  #10258);
#11634 = PRESENTATION_STYLE_ASSIGNMENT((#11635));
#11635 = SURFACE_STYLE_USAGE(.BOTH.,#11636);
#11636 = SURFACE_SIDE_STYLE('',(#11637,#11640));
#11637 = SURFACE_STYLE_FILL_AREA(#11638);
#11638 = FILL_AREA_STYLE('',(#11639));
#11639 = FILL_AREA_STYLE_COLOUR('',#10265);
#11640 = SURFACE_STYLE_RENDERING_WITH_PROPERTIES(.NORMAL_SHADING.,#10265
  ,(#11641));
#11641 = SURFACE_STYLE_TRANSPARENT(1.);
#11642 = OVER_RIDING_STYLED_ITEM('overriding color',(#11643),#5552,
  #10258);
#11643 = PRESENTATION_STYLE_ASSIGNMENT((#11644));
#11644 = SURFACE_STYLE_USAGE(.BOTH.,#11645);
#11645 = SURFACE_SIDE_STYLE('',(#11646,#11649));
#11646 = SURFACE_STYLE_FILL_AREA(#11647);
#11647 = FILL_AREA_STYLE('',(#11648));
#11648 = FILL_AREA_STYLE_COLOUR('',#10265);
#11649 = SURFACE_STYLE_RENDERING_WITH_PROPERTIES(.NORMAL_SHADING.,#10265
  ,(#11650));
#11650 = SURFACE_STYLE_TRANSPARENT(1.);
#11651 = OVER_RIDING_STYLED_ITEM('overriding color',(#11652),#5582,
  #10258);
#11652 = PRESENTATION_STYLE_ASSIGNMENT((#11653));
#11653 = SURFACE_STYLE_USAGE(.BOTH.,#11654);
#11654 = SURFACE_SIDE_STYLE('',(#11655,#11658));
#11655 = SURFACE_STYLE_FILL_AREA(#11656);
#11656 = FILL_AREA_STYLE('',(#11657));
#11657 = FILL_AREA_STYLE_COLOUR('',#10265);
#11658 = SURFACE_STYLE_RENDERING_WITH_PROPERTIES(.NORMAL_SHADING.,#10265
  ,(#11659));
#11659 = SURFACE_STYLE_TRANSPARENT(1.);
#11660 = OVER_RIDING_STYLED_ITEM('overriding color',(#11661),#5600,
  #10258);
#11661 = PRESENTATION_STYLE_ASSIGNMENT((#11662));
#11662 = SURFACE_STYLE_USAGE(.BOTH.,#11663);
#11663 = SURFACE_SIDE_STYLE('',(#11664,#11667));
#11664 = SURFACE_STYLE_FILL_AREA(#11665);
#11665 = FILL_AREA_STYLE('',(#11666));
#11666 = FILL_AREA_STYLE_COLOUR('',#10265);
#11667 = SURFACE_STYLE_RENDERING_WITH_PROPERTIES(.NORMAL_SHADING.,#10265
  ,(#11668));
#11668 = SURFACE_STYLE_TRANSPARENT(1.);
#11669 = OVER_RIDING_STYLED_ITEM('overriding color',(#11670),#5630,
  #10258);
#11670 = PRESENTATION_STYLE_ASSIGNMENT((#11671));
#11671 = SURFACE_STYLE_USAGE(.BOTH.,#11672);
#11672 = SURFACE_SIDE_STYLE('',(#11673,#11676));
#11673 = SURFACE_STYLE_FILL_AREA(#11674);
#11674 = FILL_AREA_STYLE('',(#11675));
#11675 = FILL_AREA_STYLE_COLOUR('',#10265);
#11676 = SURFACE_STYLE_RENDERING_WITH_PROPERTIES(.NORMAL_SHADING.,#10265
  ,(#11677));
#11677 = SURFACE_STYLE_TRANSPARENT(1.);
#11678 = OVER_RIDING_STYLED_ITEM('overriding color',(#11679),#5647,
  #10258);
#11679 = PRESENTATION_STYLE_ASSIGNMENT((#11680));
#11680 = SURFACE_STYLE_USAGE(.BOTH.,#11681);
#11681 = SURFACE_SIDE_STYLE('',(#11682,#11685));
#11682 = SURFACE_STYLE_FILL_AREA(#11683);
#11683 = FILL_AREA_STYLE('',(#11684));
#11684 = FILL_AREA_STYLE_COLOUR('',#10265);
#11685 = SURFACE_STYLE_RENDERING_WITH_PROPERTIES(.NORMAL_SHADING.,#10265
  ,(#11686));
#11686 = SURFACE_STYLE_TRANSPARENT(1.);
#11687 = OVER_RIDING_STYLED_ITEM('overriding color',(#11688),#5683,
  #10258);
#11688 = PRESENTATION_STYLE_ASSIGNMENT((#11689));
#11689 = SURFACE_STYLE_USAGE(.BOTH.,#11690);
#11690 = SURFACE_SIDE_STYLE('',(#11691,#11694));
#11691 = SURFACE_STYLE_FILL_AREA(#11692);
#11692 = FILL_AREA_STYLE('',(#11693));
#11693 = FILL_AREA_STYLE_COLOUR('',#10265);
#11694 = SURFACE_STYLE_RENDERING_WITH_PROPERTIES(.NORMAL_SHADING.,#10265
  ,(#11695));
#11695 = SURFACE_STYLE_TRANSPARENT(1.);
#11696 = OVER_RIDING_STYLED_ITEM('overriding color',(#11697),#5719,
  #10258);
#11697 = PRESENTATION_STYLE_ASSIGNMENT((#11698));
#11698 = SURFACE_STYLE_USAGE(.BOTH.,#11699);
#11699 = SURFACE_SIDE_STYLE('',(#11700,#11703));
#11700 = SURFACE_STYLE_FILL_AREA(#11701);
#11701 = FILL_AREA_STYLE('',(#11702));
#11702 = FILL_AREA_STYLE_COLOUR('',#10265);
#11703 = SURFACE_STYLE_RENDERING_WITH_PROPERTIES(.NORMAL_SHADING.,#10265
  ,(#11704));
#11704 = SURFACE_STYLE_TRANSPARENT(1.);
#11705 = OVER_RIDING_STYLED_ITEM('overriding color',(#11706),#5744,
  #10258);
#11706 = PRESENTATION_STYLE_ASSIGNMENT((#11707));
#11707 = SURFACE_STYLE_USAGE(.BOTH.,#11708);
#11708 = SURFACE_SIDE_STYLE('',(#11709,#11712));
#11709 = SURFACE_STYLE_FILL_AREA(#11710);
#11710 = FILL_AREA_STYLE('',(#11711));
#11711 = FILL_AREA_STYLE_COLOUR('',#10265);
#11712 = SURFACE_STYLE_RENDERING_WITH_PROPERTIES(.NORMAL_SHADING.,#10265
  ,(#11713));
#11713 = SURFACE_STYLE_TRANSPARENT(1.);
#11714 = OVER_RIDING_STYLED_ITEM('overriding color',(#11715),#5755,
  #10258);
#11715 = PRESENTATION_STYLE_ASSIGNMENT((#11716));
#11716 = SURFACE_STYLE_USAGE(.BOTH.,#11717);
#11717 = SURFACE_SIDE_STYLE('',(#11718,#11721));
#11718 = SURFACE_STYLE_FILL_AREA(#11719);
#11719 = FILL_AREA_STYLE('',(#11720));
#11720 = FILL_AREA_STYLE_COLOUR('',#10265);
#11721 = SURFACE_STYLE_RENDERING_WITH_PROPERTIES(.NORMAL_SHADING.,#10265
  ,(#11722));
#11722 = SURFACE_STYLE_TRANSPARENT(1.);
#11723 = OVER_RIDING_STYLED_ITEM('overriding color',(#11724),#5850,
  #10258);
#11724 = PRESENTATION_STYLE_ASSIGNMENT((#11725));
#11725 = SURFACE_STYLE_USAGE(.BOTH.,#11726);
#11726 = SURFACE_SIDE_STYLE('',(#11727,#11730));
#11727 = SURFACE_STYLE_FILL_AREA(#11728);
#11728 = FILL_AREA_STYLE('',(#11729));
#11729 = FILL_AREA_STYLE_COLOUR('',#10265);
#11730 = SURFACE_STYLE_RENDERING_WITH_PROPERTIES(.NORMAL_SHADING.,#10265
  ,(#11731));
#11731 = SURFACE_STYLE_TRANSPARENT(1.);
#11732 = OVER_RIDING_STYLED_ITEM('overriding color',(#11733),#5861,
  #10258);
#11733 = PRESENTATION_STYLE_ASSIGNMENT((#11734));
#11734 = SURFACE_STYLE_USAGE(.BOTH.,#11735);
#11735 = SURFACE_SIDE_STYLE('',(#11736,#11739));
#11736 = SURFACE_STYLE_FILL_AREA(#11737);
#11737 = FILL_AREA_STYLE('',(#11738));
#11738 = FILL_AREA_STYLE_COLOUR('',#10265);
#11739 = SURFACE_STYLE_RENDERING_WITH_PROPERTIES(.NORMAL_SHADING.,#10265
  ,(#11740));
#11740 = SURFACE_STYLE_TRANSPARENT(1.);
#11741 = OVER_RIDING_STYLED_ITEM('overriding color',(#11742),#5969,
  #10258);
#11742 = PRESENTATION_STYLE_ASSIGNMENT((#11743));
#11743 = SURFACE_STYLE_USAGE(.BOTH.,#11744);
#11744 = SURFACE_SIDE_STYLE('',(#11745,#11748));
#11745 = SURFACE_STYLE_FILL_AREA(#11746);
#11746 = FILL_AREA_STYLE('',(#11747));
#11747 = FILL_AREA_STYLE_COLOUR('',#10265);
#11748 = SURFACE_STYLE_RENDERING_WITH_PROPERTIES(.NORMAL_SHADING.,#10265
  ,(#11749));
#11749 = SURFACE_STYLE_TRANSPARENT(1.);
#11750 = OVER_RIDING_STYLED_ITEM('overriding color',(#11751),#5996,
  #10258);
#11751 = PRESENTATION_STYLE_ASSIGNMENT((#11752));
#11752 = SURFACE_STYLE_USAGE(.BOTH.,#11753);
#11753 = SURFACE_SIDE_STYLE('',(#11754,#11757));
#11754 = SURFACE_STYLE_FILL_AREA(#11755);
#11755 = FILL_AREA_STYLE('',(#11756));
#11756 = FILL_AREA_STYLE_COLOUR('',#10265);
#11757 = SURFACE_STYLE_RENDERING_WITH_PROPERTIES(.NORMAL_SHADING.,#10265
  ,(#11758));
#11758 = SURFACE_STYLE_TRANSPARENT(1.);
#11759 = OVER_RIDING_STYLED_ITEM('overriding color',(#11760),#6020,
  #10258);
#11760 = PRESENTATION_STYLE_ASSIGNMENT((#11761));
#11761 = SURFACE_STYLE_USAGE(.BOTH.,#11762);
#11762 = SURFACE_SIDE_STYLE('',(#11763,#11766));
#11763 = SURFACE_STYLE_FILL_AREA(#11764);
#11764 = FILL_AREA_STYLE('',(#11765));
#11765 = FILL_AREA_STYLE_COLOUR('',#10265);
#11766 = SURFACE_STYLE_RENDERING_WITH_PROPERTIES(.NORMAL_SHADING.,#10265
  ,(#11767));
#11767 = SURFACE_STYLE_TRANSPARENT(1.);
#11768 = OVER_RIDING_STYLED_ITEM('overriding color',(#11769),#6044,
  #10258);
#11769 = PRESENTATION_STYLE_ASSIGNMENT((#11770));
#11770 = SURFACE_STYLE_USAGE(.BOTH.,#11771);
#11771 = SURFACE_SIDE_STYLE('',(#11772,#11775));
#11772 = SURFACE_STYLE_FILL_AREA(#11773);
#11773 = FILL_AREA_STYLE('',(#11774));
#11774 = FILL_AREA_STYLE_COLOUR('',#10265);
#11775 = SURFACE_STYLE_RENDERING_WITH_PROPERTIES(.NORMAL_SHADING.,#10265
  ,(#11776));
#11776 = SURFACE_STYLE_TRANSPARENT(1.);
#11777 = OVER_RIDING_STYLED_ITEM('overriding color',(#11778),#6140,
  #10258);
#11778 = PRESENTATION_STYLE_ASSIGNMENT((#11779));
#11779 = SURFACE_STYLE_USAGE(.BOTH.,#11780);
#11780 = SURFACE_SIDE_STYLE('',(#11781,#11784));
#11781 = SURFACE_STYLE_FILL_AREA(#11782);
#11782 = FILL_AREA_STYLE('',(#11783));
#11783 = FILL_AREA_STYLE_COLOUR('',#10265);
#11784 = SURFACE_STYLE_RENDERING_WITH_PROPERTIES(.NORMAL_SHADING.,#10265
  ,(#11785));
#11785 = SURFACE_STYLE_TRANSPARENT(1.);
#11786 = OVER_RIDING_STYLED_ITEM('overriding color',(#11787),#6163,
  #10258);
#11787 = PRESENTATION_STYLE_ASSIGNMENT((#11788));
#11788 = SURFACE_STYLE_USAGE(.BOTH.,#11789);
#11789 = SURFACE_SIDE_STYLE('',(#11790,#11793));
#11790 = SURFACE_STYLE_FILL_AREA(#11791);
#11791 = FILL_AREA_STYLE('',(#11792));
#11792 = FILL_AREA_STYLE_COLOUR('',#10265);
#11793 = SURFACE_STYLE_RENDERING_WITH_PROPERTIES(.NORMAL_SHADING.,#10265
  ,(#11794));
#11794 = SURFACE_STYLE_TRANSPARENT(1.);
#11795 = OVER_RIDING_STYLED_ITEM('overriding color',(#11796),#6175,
  #10258);
#11796 = PRESENTATION_STYLE_ASSIGNMENT((#11797));
#11797 = SURFACE_STYLE_USAGE(.BOTH.,#11798);
#11798 = SURFACE_SIDE_STYLE('',(#11799,#11802));
#11799 = SURFACE_STYLE_FILL_AREA(#11800);
#11800 = FILL_AREA_STYLE('',(#11801));
#11801 = FILL_AREA_STYLE_COLOUR('',#10265);
#11802 = SURFACE_STYLE_RENDERING_WITH_PROPERTIES(.NORMAL_SHADING.,#10265
  ,(#11803));
#11803 = SURFACE_STYLE_TRANSPARENT(1.);
#11804 = OVER_RIDING_STYLED_ITEM('overriding color',(#11805),#6199,
  #10258);
#11805 = PRESENTATION_STYLE_ASSIGNMENT((#11806));
#11806 = SURFACE_STYLE_USAGE(.BOTH.,#11807);
#11807 = SURFACE_SIDE_STYLE('',(#11808,#11811));
#11808 = SURFACE_STYLE_FILL_AREA(#11809);
#11809 = FILL_AREA_STYLE('',(#11810));
#11810 = FILL_AREA_STYLE_COLOUR('',#10265);
#11811 = SURFACE_STYLE_RENDERING_WITH_PROPERTIES(.NORMAL_SHADING.,#10265
  ,(#11812));
#11812 = SURFACE_STYLE_TRANSPARENT(1.);
#11813 = OVER_RIDING_STYLED_ITEM('overriding color',(#11814),#6211,
  #10258);
#11814 = PRESENTATION_STYLE_ASSIGNMENT((#11815));
#11815 = SURFACE_STYLE_USAGE(.BOTH.,#11816);
#11816 = SURFACE_SIDE_STYLE('',(#11817,#11820));
#11817 = SURFACE_STYLE_FILL_AREA(#11818);
#11818 = FILL_AREA_STYLE('',(#11819));
#11819 = FILL_AREA_STYLE_COLOUR('',#10265);
#11820 = SURFACE_STYLE_RENDERING_WITH_PROPERTIES(.NORMAL_SHADING.,#10265
  ,(#11821));
#11821 = SURFACE_STYLE_TRANSPARENT(1.);
#11822 = OVER_RIDING_STYLED_ITEM('overriding color',(#11823),#6223,
  #10258);
#11823 = PRESENTATION_STYLE_ASSIGNMENT((#11824));
#11824 = SURFACE_STYLE_USAGE(.BOTH.,#11825);
#11825 = SURFACE_SIDE_STYLE('',(#11826,#11829));
#11826 = SURFACE_STYLE_FILL_AREA(#11827);
#11827 = FILL_AREA_STYLE('',(#11828));
#11828 = FILL_AREA_STYLE_COLOUR('',#10265);
#11829 = SURFACE_STYLE_RENDERING_WITH_PROPERTIES(.NORMAL_SHADING.,#10265
  ,(#11830));
#11830 = SURFACE_STYLE_TRANSPARENT(1.);
#11831 = OVER_RIDING_STYLED_ITEM('overriding color',(#11832),#6239,
  #10258);
#11832 = PRESENTATION_STYLE_ASSIGNMENT((#11833));
#11833 = SURFACE_STYLE_USAGE(.BOTH.,#11834);
#11834 = SURFACE_SIDE_STYLE('',(#11835,#11838));
#11835 = SURFACE_STYLE_FILL_AREA(#11836);
#11836 = FILL_AREA_STYLE('',(#11837));
#11837 = FILL_AREA_STYLE_COLOUR('',#10265);
#11838 = SURFACE_STYLE_RENDERING_WITH_PROPERTIES(.NORMAL_SHADING.,#10265
  ,(#11839));
#11839 = SURFACE_STYLE_TRANSPARENT(1.);
#11840 = OVER_RIDING_STYLED_ITEM('overriding color',(#11841),#6263,
  #10258);
#11841 = PRESENTATION_STYLE_ASSIGNMENT((#11842));
#11842 = SURFACE_STYLE_USAGE(.BOTH.,#11843);
#11843 = SURFACE_SIDE_STYLE('',(#11844,#11847));
#11844 = SURFACE_STYLE_FILL_AREA(#11845);
#11845 = FILL_AREA_STYLE('',(#11846));
#11846 = FILL_AREA_STYLE_COLOUR('',#10265);
#11847 = SURFACE_STYLE_RENDERING_WITH_PROPERTIES(.NORMAL_SHADING.,#10265
  ,(#11848));
#11848 = SURFACE_STYLE_TRANSPARENT(1.);
#11849 = OVER_RIDING_STYLED_ITEM('overriding color',(#11850),#6281,
  #10258);
#11850 = PRESENTATION_STYLE_ASSIGNMENT((#11851));
#11851 = SURFACE_STYLE_USAGE(.BOTH.,#11852);
#11852 = SURFACE_SIDE_STYLE('',(#11853,#11856));
#11853 = SURFACE_STYLE_FILL_AREA(#11854);
#11854 = FILL_AREA_STYLE('',(#11855));
#11855 = FILL_AREA_STYLE_COLOUR('',#10265);
#11856 = SURFACE_STYLE_RENDERING_WITH_PROPERTIES(.NORMAL_SHADING.,#10265
  ,(#11857));
#11857 = SURFACE_STYLE_TRANSPARENT(1.);
#11858 = OVER_RIDING_STYLED_ITEM('overriding color',(#11859),#6292,
  #10258);
#11859 = PRESENTATION_STYLE_ASSIGNMENT((#11860));
#11860 = SURFACE_STYLE_USAGE(.BOTH.,#11861);
#11861 = SURFACE_SIDE_STYLE('',(#11862,#11865));
#11862 = SURFACE_STYLE_FILL_AREA(#11863);
#11863 = FILL_AREA_STYLE('',(#11864));
#11864 = FILL_AREA_STYLE_COLOUR('',#10265);
#11865 = SURFACE_STYLE_RENDERING_WITH_PROPERTIES(.NORMAL_SHADING.,#10265
  ,(#11866));
#11866 = SURFACE_STYLE_TRANSPARENT(1.);
#11867 = OVER_RIDING_STYLED_ITEM('overriding color',(#11868),#6303,
  #10258);
#11868 = PRESENTATION_STYLE_ASSIGNMENT((#11869));
#11869 = SURFACE_STYLE_USAGE(.BOTH.,#11870);
#11870 = SURFACE_SIDE_STYLE('',(#11871,#11874));
#11871 = SURFACE_STYLE_FILL_AREA(#11872);
#11872 = FILL_AREA_STYLE('',(#11873));
#11873 = FILL_AREA_STYLE_COLOUR('',#10265);
#11874 = SURFACE_STYLE_RENDERING_WITH_PROPERTIES(.NORMAL_SHADING.,#10265
  ,(#11875));
#11875 = SURFACE_STYLE_TRANSPARENT(1.);
#11876 = OVER_RIDING_STYLED_ITEM('overriding color',(#11877),#6320,
  #10258);
#11877 = PRESENTATION_STYLE_ASSIGNMENT((#11878));
#11878 = SURFACE_STYLE_USAGE(.BOTH.,#11879);
#11879 = SURFACE_SIDE_STYLE('',(#11880,#11883));
#11880 = SURFACE_STYLE_FILL_AREA(#11881);
#11881 = FILL_AREA_STYLE('',(#11882));
#11882 = FILL_AREA_STYLE_COLOUR('',#10265);
#11883 = SURFACE_STYLE_RENDERING_WITH_PROPERTIES(.NORMAL_SHADING.,#10265
  ,(#11884));
#11884 = SURFACE_STYLE_TRANSPARENT(1.);
#11885 = OVER_RIDING_STYLED_ITEM('overriding color',(#11886),#6332,
  #10258);
#11886 = PRESENTATION_STYLE_ASSIGNMENT((#11887));
#11887 = SURFACE_STYLE_USAGE(.BOTH.,#11888);
#11888 = SURFACE_SIDE_STYLE('',(#11889,#11892));
#11889 = SURFACE_STYLE_FILL_AREA(#11890);
#11890 = FILL_AREA_STYLE('',(#11891));
#11891 = FILL_AREA_STYLE_COLOUR('',#10265);
#11892 = SURFACE_STYLE_RENDERING_WITH_PROPERTIES(.NORMAL_SHADING.,#10265
  ,(#11893));
#11893 = SURFACE_STYLE_TRANSPARENT(1.);
#11894 = OVER_RIDING_STYLED_ITEM('overriding color',(#11895),#6349,
  #10258);
#11895 = PRESENTATION_STYLE_ASSIGNMENT((#11896));
#11896 = SURFACE_STYLE_USAGE(.BOTH.,#11897);
#11897 = SURFACE_SIDE_STYLE('',(#11898,#11901));
#11898 = SURFACE_STYLE_FILL_AREA(#11899);
#11899 = FILL_AREA_STYLE('',(#11900));
#11900 = FILL_AREA_STYLE_COLOUR('',#10265);
#11901 = SURFACE_STYLE_RENDERING_WITH_PROPERTIES(.NORMAL_SHADING.,#10265
  ,(#11902));
#11902 = SURFACE_STYLE_TRANSPARENT(1.);
#11903 = OVER_RIDING_STYLED_ITEM('overriding color',(#11904),#6361,
  #10258);
#11904 = PRESENTATION_STYLE_ASSIGNMENT((#11905));
#11905 = SURFACE_STYLE_USAGE(.BOTH.,#11906);
#11906 = SURFACE_SIDE_STYLE('',(#11907,#11910));
#11907 = SURFACE_STYLE_FILL_AREA(#11908);
#11908 = FILL_AREA_STYLE('',(#11909));
#11909 = FILL_AREA_STYLE_COLOUR('',#10265);
#11910 = SURFACE_STYLE_RENDERING_WITH_PROPERTIES(.NORMAL_SHADING.,#10265
  ,(#11911));
#11911 = SURFACE_STYLE_TRANSPARENT(1.);
#11912 = OVER_RIDING_STYLED_ITEM('overriding color',(#11913),#6378,
  #10258);
#11913 = PRESENTATION_STYLE_ASSIGNMENT((#11914));
#11914 = SURFACE_STYLE_USAGE(.BOTH.,#11915);
#11915 = SURFACE_SIDE_STYLE('',(#11916,#11919));
#11916 = SURFACE_STYLE_FILL_AREA(#11917);
#11917 = FILL_AREA_STYLE('',(#11918));
#11918 = FILL_AREA_STYLE_COLOUR('',#10265);
#11919 = SURFACE_STYLE_RENDERING_WITH_PROPERTIES(.NORMAL_SHADING.,#10265
  ,(#11920));
#11920 = SURFACE_STYLE_TRANSPARENT(1.);
#11921 = OVER_RIDING_STYLED_ITEM('overriding color',(#11922),#6395,
  #10258);
#11922 = PRESENTATION_STYLE_ASSIGNMENT((#11923));
#11923 = SURFACE_STYLE_USAGE(.BOTH.,#11924);
#11924 = SURFACE_SIDE_STYLE('',(#11925,#11928));
#11925 = SURFACE_STYLE_FILL_AREA(#11926);
#11926 = FILL_AREA_STYLE('',(#11927));
#11927 = FILL_AREA_STYLE_COLOUR('',#10265);
#11928 = SURFACE_STYLE_RENDERING_WITH_PROPERTIES(.NORMAL_SHADING.,#10265
  ,(#11929));
#11929 = SURFACE_STYLE_TRANSPARENT(1.);
#11930 = OVER_RIDING_STYLED_ITEM('overriding color',(#11931),#6417,
  #10258);
#11931 = PRESENTATION_STYLE_ASSIGNMENT((#11932));
#11932 = SURFACE_STYLE_USAGE(.BOTH.,#11933);
#11933 = SURFACE_SIDE_STYLE('',(#11934,#11937));
#11934 = SURFACE_STYLE_FILL_AREA(#11935);
#11935 = FILL_AREA_STYLE('',(#11936));
#11936 = FILL_AREA_STYLE_COLOUR('',#10265);
#11937 = SURFACE_STYLE_RENDERING_WITH_PROPERTIES(.NORMAL_SHADING.,#10265
  ,(#11938));
#11938 = SURFACE_STYLE_TRANSPARENT(1.);
#11939 = OVER_RIDING_STYLED_ITEM('overriding color',(#11940),#6434,
  #10258);
#11940 = PRESENTATION_STYLE_ASSIGNMENT((#11941));
#11941 = SURFACE_STYLE_USAGE(.BOTH.,#11942);
#11942 = SURFACE_SIDE_STYLE('',(#11943,#11946));
#11943 = SURFACE_STYLE_FILL_AREA(#11944);
#11944 = FILL_AREA_STYLE('',(#11945));
#11945 = FILL_AREA_STYLE_COLOUR('',#10265);
#11946 = SURFACE_STYLE_RENDERING_WITH_PROPERTIES(.NORMAL_SHADING.,#10265
  ,(#11947));
#11947 = SURFACE_STYLE_TRANSPARENT(1.);
#11948 = OVER_RIDING_STYLED_ITEM('overriding color',(#11949),#6446,
  #10258);
#11949 = PRESENTATION_STYLE_ASSIGNMENT((#11950));
#11950 = SURFACE_STYLE_USAGE(.BOTH.,#11951);
#11951 = SURFACE_SIDE_STYLE('',(#11952,#11955));
#11952 = SURFACE_STYLE_FILL_AREA(#11953);
#11953 = FILL_AREA_STYLE('',(#11954));
#11954 = FILL_AREA_STYLE_COLOUR('',#10265);
#11955 = SURFACE_STYLE_RENDERING_WITH_PROPERTIES(.NORMAL_SHADING.,#10265
  ,(#11956));
#11956 = SURFACE_STYLE_TRANSPARENT(1.);
#11957 = OVER_RIDING_STYLED_ITEM('overriding color',(#11958),#6470,
  #10258);
#11958 = PRESENTATION_STYLE_ASSIGNMENT((#11959));
#11959 = SURFACE_STYLE_USAGE(.BOTH.,#11960);
#11960 = SURFACE_SIDE_STYLE('',(#11961,#11964));
#11961 = SURFACE_STYLE_FILL_AREA(#11962);
#11962 = FILL_AREA_STYLE('',(#11963));
#11963 = FILL_AREA_STYLE_COLOUR('',#10265);
#11964 = SURFACE_STYLE_RENDERING_WITH_PROPERTIES(.NORMAL_SHADING.,#10265
  ,(#11965));
#11965 = SURFACE_STYLE_TRANSPARENT(1.);
#11966 = OVER_RIDING_STYLED_ITEM('overriding color',(#11967),#6481,
  #10258);
#11967 = PRESENTATION_STYLE_ASSIGNMENT((#11968));
#11968 = SURFACE_STYLE_USAGE(.BOTH.,#11969);
#11969 = SURFACE_SIDE_STYLE('',(#11970,#11973));
#11970 = SURFACE_STYLE_FILL_AREA(#11971);
#11971 = FILL_AREA_STYLE('',(#11972));
#11972 = FILL_AREA_STYLE_COLOUR('',#10265);
#11973 = SURFACE_STYLE_RENDERING_WITH_PROPERTIES(.NORMAL_SHADING.,#10265
  ,(#11974));
#11974 = SURFACE_STYLE_TRANSPARENT(1.);
#11975 = OVER_RIDING_STYLED_ITEM('overriding color',(#11976),#6505,
  #10258);
#11976 = PRESENTATION_STYLE_ASSIGNMENT((#11977));
#11977 = SURFACE_STYLE_USAGE(.BOTH.,#11978);
#11978 = SURFACE_SIDE_STYLE('',(#11979,#11982));
#11979 = SURFACE_STYLE_FILL_AREA(#11980);
#11980 = FILL_AREA_STYLE('',(#11981));
#11981 = FILL_AREA_STYLE_COLOUR('',#10265);
#11982 = SURFACE_STYLE_RENDERING_WITH_PROPERTIES(.NORMAL_SHADING.,#10265
  ,(#11983));
#11983 = SURFACE_STYLE_TRANSPARENT(1.);
#11984 = OVER_RIDING_STYLED_ITEM('overriding color',(#11985),#6516,
  #10258);
#11985 = PRESENTATION_STYLE_ASSIGNMENT((#11986));
#11986 = SURFACE_STYLE_USAGE(.BOTH.,#11987);
#11987 = SURFACE_SIDE_STYLE('',(#11988,#11991));
#11988 = SURFACE_STYLE_FILL_AREA(#11989);
#11989 = FILL_AREA_STYLE('',(#11990));
#11990 = FILL_AREA_STYLE_COLOUR('',#10265);
#11991 = SURFACE_STYLE_RENDERING_WITH_PROPERTIES(.NORMAL_SHADING.,#10265
  ,(#11992));
#11992 = SURFACE_STYLE_TRANSPARENT(1.);
#11993 = OVER_RIDING_STYLED_ITEM('overriding color',(#11994),#112,#10258
  );
#11994 = PRESENTATION_STYLE_ASSIGNMENT((#11995));
#11995 = SURFACE_STYLE_USAGE(.BOTH.,#11996);
#11996 = SURFACE_SIDE_STYLE('',(#11997,#12000));
#11997 = SURFACE_STYLE_FILL_AREA(#11998);
#11998 = FILL_AREA_STYLE('',(#11999));
#11999 = FILL_AREA_STYLE_COLOUR('',#10265);
#12000 = SURFACE_STYLE_RENDERING_WITH_PROPERTIES(.NORMAL_SHADING.,#10265
  ,(#12001));
#12001 = SURFACE_STYLE_TRANSPARENT(1.);
#12002 = OVER_RIDING_STYLED_ITEM('overriding color',(#12003),#112,#10258
  );
#12003 = PRESENTATION_STYLE_ASSIGNMENT((#12004));
#12004 = SURFACE_STYLE_USAGE(.BOTH.,#12005);
#12005 = SURFACE_SIDE_STYLE('',(#12006,#12009));
#12006 = SURFACE_STYLE_FILL_AREA(#12007);
#12007 = FILL_AREA_STYLE('',(#12008));
#12008 = FILL_AREA_STYLE_COLOUR('',#10265);
#12009 = SURFACE_STYLE_RENDERING_WITH_PROPERTIES(.NORMAL_SHADING.,#10265
  ,(#12010));
#12010 = SURFACE_STYLE_TRANSPARENT(1.);
#12011 = OVER_RIDING_STYLED_ITEM('overriding color',(#12012),#6609,
  #10258);
#12012 = PRESENTATION_STYLE_ASSIGNMENT((#12013));
#12013 = SURFACE_STYLE_USAGE(.BOTH.,#12014);
#12014 = SURFACE_SIDE_STYLE('',(#12015,#12018));
#12015 = SURFACE_STYLE_FILL_AREA(#12016);
#12016 = FILL_AREA_STYLE('',(#12017));
#12017 = FILL_AREA_STYLE_COLOUR('',#10265);
#12018 = SURFACE_STYLE_RENDERING_WITH_PROPERTIES(.NORMAL_SHADING.,#10265
  ,(#12019));
#12019 = SURFACE_STYLE_TRANSPARENT(1.);
#12020 = OVER_RIDING_STYLED_ITEM('overriding color',(#12021),#6620,
  #10258);
#12021 = PRESENTATION_STYLE_ASSIGNMENT((#12022));
#12022 = SURFACE_STYLE_USAGE(.BOTH.,#12023);
#12023 = SURFACE_SIDE_STYLE('',(#12024,#12027));
#12024 = SURFACE_STYLE_FILL_AREA(#12025);
#12025 = FILL_AREA_STYLE('',(#12026));
#12026 = FILL_AREA_STYLE_COLOUR('',#10265);
#12027 = SURFACE_STYLE_RENDERING_WITH_PROPERTIES(.NORMAL_SHADING.,#10265
  ,(#12028));
#12028 = SURFACE_STYLE_TRANSPARENT(1.);
#12029 = OVER_RIDING_STYLED_ITEM('overriding color',(#12030),#6910,
  #10258);
#12030 = PRESENTATION_STYLE_ASSIGNMENT((#12031));
#12031 = SURFACE_STYLE_USAGE(.BOTH.,#12032);
#12032 = SURFACE_SIDE_STYLE('',(#12033,#12036));
#12033 = SURFACE_STYLE_FILL_AREA(#12034);
#12034 = FILL_AREA_STYLE('',(#12035));
#12035 = FILL_AREA_STYLE_COLOUR('',#10265);
#12036 = SURFACE_STYLE_RENDERING_WITH_PROPERTIES(.NORMAL_SHADING.,#10265
  ,(#12037));
#12037 = SURFACE_STYLE_TRANSPARENT(1.);
#12038 = OVER_RIDING_STYLED_ITEM('overriding color',(#12039),#6934,
  #10258);
#12039 = PRESENTATION_STYLE_ASSIGNMENT((#12040));
#12040 = SURFACE_STYLE_USAGE(.BOTH.,#12041);
#12041 = SURFACE_SIDE_STYLE('',(#12042,#12045));
#12042 = SURFACE_STYLE_FILL_AREA(#12043);
#12043 = FILL_AREA_STYLE('',(#12044));
#12044 = FILL_AREA_STYLE_COLOUR('',#10265);
#12045 = SURFACE_STYLE_RENDERING_WITH_PROPERTIES(.NORMAL_SHADING.,#10265
  ,(#12046));
#12046 = SURFACE_STYLE_TRANSPARENT(1.);
#12047 = OVER_RIDING_STYLED_ITEM('overriding color',(#12048),#7236,
  #10258);
#12048 = PRESENTATION_STYLE_ASSIGNMENT((#12049));
#12049 = SURFACE_STYLE_USAGE(.BOTH.,#12050);
#12050 = SURFACE_SIDE_STYLE('',(#12051,#12054));
#12051 = SURFACE_STYLE_FILL_AREA(#12052);
#12052 = FILL_AREA_STYLE('',(#12053));
#12053 = FILL_AREA_STYLE_COLOUR('',#10265);
#12054 = SURFACE_STYLE_RENDERING_WITH_PROPERTIES(.NORMAL_SHADING.,#10265
  ,(#12055));
#12055 = SURFACE_STYLE_TRANSPARENT(1.);
#12056 = OVER_RIDING_STYLED_ITEM('overriding color',(#12057),#7247,
  #10258);
#12057 = PRESENTATION_STYLE_ASSIGNMENT((#12058));
#12058 = SURFACE_STYLE_USAGE(.BOTH.,#12059);
#12059 = SURFACE_SIDE_STYLE('',(#12060,#12063));
#12060 = SURFACE_STYLE_FILL_AREA(#12061);
#12061 = FILL_AREA_STYLE('',(#12062));
#12062 = FILL_AREA_STYLE_COLOUR('',#10265);
#12063 = SURFACE_STYLE_RENDERING_WITH_PROPERTIES(.NORMAL_SHADING.,#10265
  ,(#12064));
#12064 = SURFACE_STYLE_TRANSPARENT(1.);
#12065 = OVER_RIDING_STYLED_ITEM('overriding color',(#12066),#7264,
  #10258);
#12066 = PRESENTATION_STYLE_ASSIGNMENT((#12067));
#12067 = SURFACE_STYLE_USAGE(.BOTH.,#12068);
#12068 = SURFACE_SIDE_STYLE('',(#12069,#12072));
#12069 = SURFACE_STYLE_FILL_AREA(#12070);
#12070 = FILL_AREA_STYLE('',(#12071));
#12071 = FILL_AREA_STYLE_COLOUR('',#10265);
#12072 = SURFACE_STYLE_RENDERING_WITH_PROPERTIES(.NORMAL_SHADING.,#10265
  ,(#12073));
#12073 = SURFACE_STYLE_TRANSPARENT(1.);
#12074 = OVER_RIDING_STYLED_ITEM('overriding color',(#12075),#7276,
  #10258);
#12075 = PRESENTATION_STYLE_ASSIGNMENT((#12076));
#12076 = SURFACE_STYLE_USAGE(.BOTH.,#12077);
#12077 = SURFACE_SIDE_STYLE('',(#12078,#12081));
#12078 = SURFACE_STYLE_FILL_AREA(#12079);
#12079 = FILL_AREA_STYLE('',(#12080));
#12080 = FILL_AREA_STYLE_COLOUR('',#10265);
#12081 = SURFACE_STYLE_RENDERING_WITH_PROPERTIES(.NORMAL_SHADING.,#10265
  ,(#12082));
#12082 = SURFACE_STYLE_TRANSPARENT(1.);
#12083 = OVER_RIDING_STYLED_ITEM('overriding color',(#12084),#7298,
  #10258);
#12084 = PRESENTATION_STYLE_ASSIGNMENT((#12085));
#12085 = SURFACE_STYLE_USAGE(.BOTH.,#12086);
#12086 = SURFACE_SIDE_STYLE('',(#12087,#12090));
#12087 = SURFACE_STYLE_FILL_AREA(#12088);
#12088 = FILL_AREA_STYLE('',(#12089));
#12089 = FILL_AREA_STYLE_COLOUR('',#10265);
#12090 = SURFACE_STYLE_RENDERING_WITH_PROPERTIES(.NORMAL_SHADING.,#10265
  ,(#12091));
#12091 = SURFACE_STYLE_TRANSPARENT(1.);
#12092 = OVER_RIDING_STYLED_ITEM('overriding color',(#12093),#7315,
  #10258);
#12093 = PRESENTATION_STYLE_ASSIGNMENT((#12094));
#12094 = SURFACE_STYLE_USAGE(.BOTH.,#12095);
#12095 = SURFACE_SIDE_STYLE('',(#12096,#12099));
#12096 = SURFACE_STYLE_FILL_AREA(#12097);
#12097 = FILL_AREA_STYLE('',(#12098));
#12098 = FILL_AREA_STYLE_COLOUR('',#10265);
#12099 = SURFACE_STYLE_RENDERING_WITH_PROPERTIES(.NORMAL_SHADING.,#10265
  ,(#12100));
#12100 = SURFACE_STYLE_TRANSPARENT(1.);
#12101 = OVER_RIDING_STYLED_ITEM('overriding color',(#12102),#7332,
  #10258);
#12102 = PRESENTATION_STYLE_ASSIGNMENT((#12103));
#12103 = SURFACE_STYLE_USAGE(.BOTH.,#12104);
#12104 = SURFACE_SIDE_STYLE('',(#12105,#12108));
#12105 = SURFACE_STYLE_FILL_AREA(#12106);
#12106 = FILL_AREA_STYLE('',(#12107));
#12107 = FILL_AREA_STYLE_COLOUR('',#10265);
#12108 = SURFACE_STYLE_RENDERING_WITH_PROPERTIES(.NORMAL_SHADING.,#10265
  ,(#12109));
#12109 = SURFACE_STYLE_TRANSPARENT(1.);
#12110 = OVER_RIDING_STYLED_ITEM('overriding color',(#12111),#7349,
  #10258);
#12111 = PRESENTATION_STYLE_ASSIGNMENT((#12112));
#12112 = SURFACE_STYLE_USAGE(.BOTH.,#12113);
#12113 = SURFACE_SIDE_STYLE('',(#12114,#12117));
#12114 = SURFACE_STYLE_FILL_AREA(#12115);
#12115 = FILL_AREA_STYLE('',(#12116));
#12116 = FILL_AREA_STYLE_COLOUR('',#10265);
#12117 = SURFACE_STYLE_RENDERING_WITH_PROPERTIES(.NORMAL_SHADING.,#10265
  ,(#12118));
#12118 = SURFACE_STYLE_TRANSPARENT(1.);
#12119 = OVER_RIDING_STYLED_ITEM('overriding color',(#12120),#7366,
  #10258);
#12120 = PRESENTATION_STYLE_ASSIGNMENT((#12121));
#12121 = SURFACE_STYLE_USAGE(.BOTH.,#12122);
#12122 = SURFACE_SIDE_STYLE('',(#12123,#12126));
#12123 = SURFACE_STYLE_FILL_AREA(#12124);
#12124 = FILL_AREA_STYLE('',(#12125));
#12125 = FILL_AREA_STYLE_COLOUR('',#10265);
#12126 = SURFACE_STYLE_RENDERING_WITH_PROPERTIES(.NORMAL_SHADING.,#10265
  ,(#12127));
#12127 = SURFACE_STYLE_TRANSPARENT(1.);
#12128 = OVER_RIDING_STYLED_ITEM('overriding color',(#12129),#7383,
  #10258);
#12129 = PRESENTATION_STYLE_ASSIGNMENT((#12130));
#12130 = SURFACE_STYLE_USAGE(.BOTH.,#12131);
#12131 = SURFACE_SIDE_STYLE('',(#12132,#12135));
#12132 = SURFACE_STYLE_FILL_AREA(#12133);
#12133 = FILL_AREA_STYLE('',(#12134));
#12134 = FILL_AREA_STYLE_COLOUR('',#10265);
#12135 = SURFACE_STYLE_RENDERING_WITH_PROPERTIES(.NORMAL_SHADING.,#10265
  ,(#12136));
#12136 = SURFACE_STYLE_TRANSPARENT(1.);
#12137 = OVER_RIDING_STYLED_ITEM('overriding color',(#12138),#7400,
  #10258);
#12138 = PRESENTATION_STYLE_ASSIGNMENT((#12139));
#12139 = SURFACE_STYLE_USAGE(.BOTH.,#12140);
#12140 = SURFACE_SIDE_STYLE('',(#12141,#12144));
#12141 = SURFACE_STYLE_FILL_AREA(#12142);
#12142 = FILL_AREA_STYLE('',(#12143));
#12143 = FILL_AREA_STYLE_COLOUR('',#10265);
#12144 = SURFACE_STYLE_RENDERING_WITH_PROPERTIES(.NORMAL_SHADING.,#10265
  ,(#12145));
#12145 = SURFACE_STYLE_TRANSPARENT(1.);
#12146 = OVER_RIDING_STYLED_ITEM('overriding color',(#12147),#7412,
  #10258);
#12147 = PRESENTATION_STYLE_ASSIGNMENT((#12148));
#12148 = SURFACE_STYLE_USAGE(.BOTH.,#12149);
#12149 = SURFACE_SIDE_STYLE('',(#12150,#12153));
#12150 = SURFACE_STYLE_FILL_AREA(#12151);
#12151 = FILL_AREA_STYLE('',(#12152));
#12152 = FILL_AREA_STYLE_COLOUR('',#10265);
#12153 = SURFACE_STYLE_RENDERING_WITH_PROPERTIES(.NORMAL_SHADING.,#10265
  ,(#12154));
#12154 = SURFACE_STYLE_TRANSPARENT(1.);
#12155 = OVER_RIDING_STYLED_ITEM('overriding color',(#12156),#7424,
  #10258);
#12156 = PRESENTATION_STYLE_ASSIGNMENT((#12157));
#12157 = SURFACE_STYLE_USAGE(.BOTH.,#12158);
#12158 = SURFACE_SIDE_STYLE('',(#12159,#12162));
#12159 = SURFACE_STYLE_FILL_AREA(#12160);
#12160 = FILL_AREA_STYLE('',(#12161));
#12161 = FILL_AREA_STYLE_COLOUR('',#10265);
#12162 = SURFACE_STYLE_RENDERING_WITH_PROPERTIES(.NORMAL_SHADING.,#10265
  ,(#12163));
#12163 = SURFACE_STYLE_TRANSPARENT(1.);
#12164 = OVER_RIDING_STYLED_ITEM('overriding color',(#12165),#7446,
  #10258);
#12165 = PRESENTATION_STYLE_ASSIGNMENT((#12166));
#12166 = SURFACE_STYLE_USAGE(.BOTH.,#12167);
#12167 = SURFACE_SIDE_STYLE('',(#12168,#12171));
#12168 = SURFACE_STYLE_FILL_AREA(#12169);
#12169 = FILL_AREA_STYLE('',(#12170));
#12170 = FILL_AREA_STYLE_COLOUR('',#10265);
#12171 = SURFACE_STYLE_RENDERING_WITH_PROPERTIES(.NORMAL_SHADING.,#10265
  ,(#12172));
#12172 = SURFACE_STYLE_TRANSPARENT(1.);
#12173 = OVER_RIDING_STYLED_ITEM('overriding color',(#12174),#7463,
  #10258);
#12174 = PRESENTATION_STYLE_ASSIGNMENT((#12175));
#12175 = SURFACE_STYLE_USAGE(.BOTH.,#12176);
#12176 = SURFACE_SIDE_STYLE('',(#12177,#12180));
#12177 = SURFACE_STYLE_FILL_AREA(#12178);
#12178 = FILL_AREA_STYLE('',(#12179));
#12179 = FILL_AREA_STYLE_COLOUR('',#10265);
#12180 = SURFACE_STYLE_RENDERING_WITH_PROPERTIES(.NORMAL_SHADING.,#10265
  ,(#12181));
#12181 = SURFACE_STYLE_TRANSPARENT(1.);
#12182 = OVER_RIDING_STYLED_ITEM('overriding color',(#12183),#7480,
  #10258);
#12183 = PRESENTATION_STYLE_ASSIGNMENT((#12184));
#12184 = SURFACE_STYLE_USAGE(.BOTH.,#12185);
#12185 = SURFACE_SIDE_STYLE('',(#12186,#12189));
#12186 = SURFACE_STYLE_FILL_AREA(#12187);
#12187 = FILL_AREA_STYLE('',(#12188));
#12188 = FILL_AREA_STYLE_COLOUR('',#10265);
#12189 = SURFACE_STYLE_RENDERING_WITH_PROPERTIES(.NORMAL_SHADING.,#10265
  ,(#12190));
#12190 = SURFACE_STYLE_TRANSPARENT(1.);
#12191 = OVER_RIDING_STYLED_ITEM('overriding color',(#12192),#7497,
  #10258);
#12192 = PRESENTATION_STYLE_ASSIGNMENT((#12193));
#12193 = SURFACE_STYLE_USAGE(.BOTH.,#12194);
#12194 = SURFACE_SIDE_STYLE('',(#12195,#12198));
#12195 = SURFACE_STYLE_FILL_AREA(#12196);
#12196 = FILL_AREA_STYLE('',(#12197));
#12197 = FILL_AREA_STYLE_COLOUR('',#10265);
#12198 = SURFACE_STYLE_RENDERING_WITH_PROPERTIES(.NORMAL_SHADING.,#10265
  ,(#12199));
#12199 = SURFACE_STYLE_TRANSPARENT(1.);
#12200 = OVER_RIDING_STYLED_ITEM('overriding color',(#12201),#7514,
  #10258);
#12201 = PRESENTATION_STYLE_ASSIGNMENT((#12202));
#12202 = SURFACE_STYLE_USAGE(.BOTH.,#12203);
#12203 = SURFACE_SIDE_STYLE('',(#12204,#12207));
#12204 = SURFACE_STYLE_FILL_AREA(#12205);
#12205 = FILL_AREA_STYLE('',(#12206));
#12206 = FILL_AREA_STYLE_COLOUR('',#10265);
#12207 = SURFACE_STYLE_RENDERING_WITH_PROPERTIES(.NORMAL_SHADING.,#10265
  ,(#12208));
#12208 = SURFACE_STYLE_TRANSPARENT(1.);
#12209 = OVER_RIDING_STYLED_ITEM('overriding color',(#12210),#7531,
  #10258);
#12210 = PRESENTATION_STYLE_ASSIGNMENT((#12211));
#12211 = SURFACE_STYLE_USAGE(.BOTH.,#12212);
#12212 = SURFACE_SIDE_STYLE('',(#12213,#12216));
#12213 = SURFACE_STYLE_FILL_AREA(#12214);
#12214 = FILL_AREA_STYLE('',(#12215));
#12215 = FILL_AREA_STYLE_COLOUR('',#10265);
#12216 = SURFACE_STYLE_RENDERING_WITH_PROPERTIES(.NORMAL_SHADING.,#10265
  ,(#12217));
#12217 = SURFACE_STYLE_TRANSPARENT(1.);
#12218 = OVER_RIDING_STYLED_ITEM('overriding color',(#12219),#7548,
  #10258);
#12219 = PRESENTATION_STYLE_ASSIGNMENT((#12220));
#12220 = SURFACE_STYLE_USAGE(.BOTH.,#12221);
#12221 = SURFACE_SIDE_STYLE('',(#12222,#12225));
#12222 = SURFACE_STYLE_FILL_AREA(#12223);
#12223 = FILL_AREA_STYLE('',(#12224));
#12224 = FILL_AREA_STYLE_COLOUR('',#10265);
#12225 = SURFACE_STYLE_RENDERING_WITH_PROPERTIES(.NORMAL_SHADING.,#10265
  ,(#12226));
#12226 = SURFACE_STYLE_TRANSPARENT(1.);
#12227 = OVER_RIDING_STYLED_ITEM('overriding color',(#12228),#7560,
  #10258);
#12228 = PRESENTATION_STYLE_ASSIGNMENT((#12229));
#12229 = SURFACE_STYLE_USAGE(.BOTH.,#12230);
#12230 = SURFACE_SIDE_STYLE('',(#12231,#12234));
#12231 = SURFACE_STYLE_FILL_AREA(#12232);
#12232 = FILL_AREA_STYLE('',(#12233));
#12233 = FILL_AREA_STYLE_COLOUR('',#10265);
#12234 = SURFACE_STYLE_RENDERING_WITH_PROPERTIES(.NORMAL_SHADING.,#10265
  ,(#12235));
#12235 = SURFACE_STYLE_TRANSPARENT(1.);
#12236 = OVER_RIDING_STYLED_ITEM('overriding color',(#12237),#7572,
  #10258);
#12237 = PRESENTATION_STYLE_ASSIGNMENT((#12238));
#12238 = SURFACE_STYLE_USAGE(.BOTH.,#12239);
#12239 = SURFACE_SIDE_STYLE('',(#12240,#12243));
#12240 = SURFACE_STYLE_FILL_AREA(#12241);
#12241 = FILL_AREA_STYLE('',(#12242));
#12242 = FILL_AREA_STYLE_COLOUR('',#10265);
#12243 = SURFACE_STYLE_RENDERING_WITH_PROPERTIES(.NORMAL_SHADING.,#10265
  ,(#12244));
#12244 = SURFACE_STYLE_TRANSPARENT(1.);
#12245 = OVER_RIDING_STYLED_ITEM('overriding color',(#12246),#7604,
  #10258);
#12246 = PRESENTATION_STYLE_ASSIGNMENT((#12247));
#12247 = SURFACE_STYLE_USAGE(.BOTH.,#12248);
#12248 = SURFACE_SIDE_STYLE('',(#12249,#12252));
#12249 = SURFACE_STYLE_FILL_AREA(#12250);
#12250 = FILL_AREA_STYLE('',(#12251));
#12251 = FILL_AREA_STYLE_COLOUR('',#10265);
#12252 = SURFACE_STYLE_RENDERING_WITH_PROPERTIES(.NORMAL_SHADING.,#10265
  ,(#12253));
#12253 = SURFACE_STYLE_TRANSPARENT(1.);
#12254 = OVER_RIDING_STYLED_ITEM('overriding color',(#12255),#7628,
  #10258);
#12255 = PRESENTATION_STYLE_ASSIGNMENT((#12256));
#12256 = SURFACE_STYLE_USAGE(.BOTH.,#12257);
#12257 = SURFACE_SIDE_STYLE('',(#12258,#12261));
#12258 = SURFACE_STYLE_FILL_AREA(#12259);
#12259 = FILL_AREA_STYLE('',(#12260));
#12260 = FILL_AREA_STYLE_COLOUR('',#10265);
#12261 = SURFACE_STYLE_RENDERING_WITH_PROPERTIES(.NORMAL_SHADING.,#10265
  ,(#12262));
#12262 = SURFACE_STYLE_TRANSPARENT(1.);
#12263 = OVER_RIDING_STYLED_ITEM('overriding color',(#12264),#7645,
  #10258);
#12264 = PRESENTATION_STYLE_ASSIGNMENT((#12265));
#12265 = SURFACE_STYLE_USAGE(.BOTH.,#12266);
#12266 = SURFACE_SIDE_STYLE('',(#12267,#12270));
#12267 = SURFACE_STYLE_FILL_AREA(#12268);
#12268 = FILL_AREA_STYLE('',(#12269));
#12269 = FILL_AREA_STYLE_COLOUR('',#10265);
#12270 = SURFACE_STYLE_RENDERING_WITH_PROPERTIES(.NORMAL_SHADING.,#10265
  ,(#12271));
#12271 = SURFACE_STYLE_TRANSPARENT(1.);
#12272 = OVER_RIDING_STYLED_ITEM('overriding color',(#12273),#7677,
  #10258);
#12273 = PRESENTATION_STYLE_ASSIGNMENT((#12274));
#12274 = SURFACE_STYLE_USAGE(.BOTH.,#12275);
#12275 = SURFACE_SIDE_STYLE('',(#12276,#12279));
#12276 = SURFACE_STYLE_FILL_AREA(#12277);
#12277 = FILL_AREA_STYLE('',(#12278));
#12278 = FILL_AREA_STYLE_COLOUR('',#10265);
#12279 = SURFACE_STYLE_RENDERING_WITH_PROPERTIES(.NORMAL_SHADING.,#10265
  ,(#12280));
#12280 = SURFACE_STYLE_TRANSPARENT(1.);
#12281 = OVER_RIDING_STYLED_ITEM('overriding color',(#12282),#7701,
  #10258);
#12282 = PRESENTATION_STYLE_ASSIGNMENT((#12283));
#12283 = SURFACE_STYLE_USAGE(.BOTH.,#12284);
#12284 = SURFACE_SIDE_STYLE('',(#12285,#12288));
#12285 = SURFACE_STYLE_FILL_AREA(#12286);
#12286 = FILL_AREA_STYLE('',(#12287));
#12287 = FILL_AREA_STYLE_COLOUR('',#10265);
#12288 = SURFACE_STYLE_RENDERING_WITH_PROPERTIES(.NORMAL_SHADING.,#10265
  ,(#12289));
#12289 = SURFACE_STYLE_TRANSPARENT(1.);
#12290 = OVER_RIDING_STYLED_ITEM('overriding color',(#12291),#7718,
  #10258);
#12291 = PRESENTATION_STYLE_ASSIGNMENT((#12292));
#12292 = SURFACE_STYLE_USAGE(.BOTH.,#12293);
#12293 = SURFACE_SIDE_STYLE('',(#12294,#12297));
#12294 = SURFACE_STYLE_FILL_AREA(#12295);
#12295 = FILL_AREA_STYLE('',(#12296));
#12296 = FILL_AREA_STYLE_COLOUR('',#10265);
#12297 = SURFACE_STYLE_RENDERING_WITH_PROPERTIES(.NORMAL_SHADING.,#10265
  ,(#12298));
#12298 = SURFACE_STYLE_TRANSPARENT(1.);
#12299 = OVER_RIDING_STYLED_ITEM('overriding color',(#12300),#7730,
  #10258);
#12300 = PRESENTATION_STYLE_ASSIGNMENT((#12301));
#12301 = SURFACE_STYLE_USAGE(.BOTH.,#12302);
#12302 = SURFACE_SIDE_STYLE('',(#12303,#12306));
#12303 = SURFACE_STYLE_FILL_AREA(#12304);
#12304 = FILL_AREA_STYLE('',(#12305));
#12305 = FILL_AREA_STYLE_COLOUR('',#10265);
#12306 = SURFACE_STYLE_RENDERING_WITH_PROPERTIES(.NORMAL_SHADING.,#10265
  ,(#12307));
#12307 = SURFACE_STYLE_TRANSPARENT(1.);
#12308 = OVER_RIDING_STYLED_ITEM('overriding color',(#12309),#7761,
  #10258);
#12309 = PRESENTATION_STYLE_ASSIGNMENT((#12310));
#12310 = SURFACE_STYLE_USAGE(.BOTH.,#12311);
#12311 = SURFACE_SIDE_STYLE('',(#12312,#12315));
#12312 = SURFACE_STYLE_FILL_AREA(#12313);
#12313 = FILL_AREA_STYLE('',(#12314));
#12314 = FILL_AREA_STYLE_COLOUR('',#10265);
#12315 = SURFACE_STYLE_RENDERING_WITH_PROPERTIES(.NORMAL_SHADING.,#10265
  ,(#12316));
#12316 = SURFACE_STYLE_TRANSPARENT(1.);
#12317 = OVER_RIDING_STYLED_ITEM('overriding color',(#12318),#7785,
  #10258);
#12318 = PRESENTATION_STYLE_ASSIGNMENT((#12319));
#12319 = SURFACE_STYLE_USAGE(.BOTH.,#12320);
#12320 = SURFACE_SIDE_STYLE('',(#12321,#12324));
#12321 = SURFACE_STYLE_FILL_AREA(#12322);
#12322 = FILL_AREA_STYLE('',(#12323));
#12323 = FILL_AREA_STYLE_COLOUR('',#10265);
#12324 = SURFACE_STYLE_RENDERING_WITH_PROPERTIES(.NORMAL_SHADING.,#10265
  ,(#12325));
#12325 = SURFACE_STYLE_TRANSPARENT(1.);
#12326 = OVER_RIDING_STYLED_ITEM('overriding color',(#12327),#7803,
  #10258);
#12327 = PRESENTATION_STYLE_ASSIGNMENT((#12328));
#12328 = SURFACE_STYLE_USAGE(.BOTH.,#12329);
#12329 = SURFACE_SIDE_STYLE('',(#12330,#12333));
#12330 = SURFACE_STYLE_FILL_AREA(#12331);
#12331 = FILL_AREA_STYLE('',(#12332));
#12332 = FILL_AREA_STYLE_COLOUR('',#10265);
#12333 = SURFACE_STYLE_RENDERING_WITH_PROPERTIES(.NORMAL_SHADING.,#10265
  ,(#12334));
#12334 = SURFACE_STYLE_TRANSPARENT(1.);
#12335 = OVER_RIDING_STYLED_ITEM('overriding color',(#12336),#7835,
  #10258);
#12336 = PRESENTATION_STYLE_ASSIGNMENT((#12337));
#12337 = SURFACE_STYLE_USAGE(.BOTH.,#12338);
#12338 = SURFACE_SIDE_STYLE('',(#12339,#12342));
#12339 = SURFACE_STYLE_FILL_AREA(#12340);
#12340 = FILL_AREA_STYLE('',(#12341));
#12341 = FILL_AREA_STYLE_COLOUR('',#10265);
#12342 = SURFACE_STYLE_RENDERING_WITH_PROPERTIES(.NORMAL_SHADING.,#10265
  ,(#12343));
#12343 = SURFACE_STYLE_TRANSPARENT(1.);
#12344 = OVER_RIDING_STYLED_ITEM('overriding color',(#12345),#7859,
  #10258);
#12345 = PRESENTATION_STYLE_ASSIGNMENT((#12346));
#12346 = SURFACE_STYLE_USAGE(.BOTH.,#12347);
#12347 = SURFACE_SIDE_STYLE('',(#12348,#12351));
#12348 = SURFACE_STYLE_FILL_AREA(#12349);
#12349 = FILL_AREA_STYLE('',(#12350));
#12350 = FILL_AREA_STYLE_COLOUR('',#10265);
#12351 = SURFACE_STYLE_RENDERING_WITH_PROPERTIES(.NORMAL_SHADING.,#10265
  ,(#12352));
#12352 = SURFACE_STYLE_TRANSPARENT(1.);
#12353 = OVER_RIDING_STYLED_ITEM('overriding color',(#12354),#7876,
  #10258);
#12354 = PRESENTATION_STYLE_ASSIGNMENT((#12355));
#12355 = SURFACE_STYLE_USAGE(.BOTH.,#12356);
#12356 = SURFACE_SIDE_STYLE('',(#12357,#12360));
#12357 = SURFACE_STYLE_FILL_AREA(#12358);
#12358 = FILL_AREA_STYLE('',(#12359));
#12359 = FILL_AREA_STYLE_COLOUR('',#10265);
#12360 = SURFACE_STYLE_RENDERING_WITH_PROPERTIES(.NORMAL_SHADING.,#10265
  ,(#12361));
#12361 = SURFACE_STYLE_TRANSPARENT(1.);
#12362 = OVER_RIDING_STYLED_ITEM('overriding color',(#12363),#7908,
  #10258);
#12363 = PRESENTATION_STYLE_ASSIGNMENT((#12364));
#12364 = SURFACE_STYLE_USAGE(.BOTH.,#12365);
#12365 = SURFACE_SIDE_STYLE('',(#12366,#12369));
#12366 = SURFACE_STYLE_FILL_AREA(#12367);
#12367 = FILL_AREA_STYLE('',(#12368));
#12368 = FILL_AREA_STYLE_COLOUR('',#10265);
#12369 = SURFACE_STYLE_RENDERING_WITH_PROPERTIES(.NORMAL_SHADING.,#10265
  ,(#12370));
#12370 = SURFACE_STYLE_TRANSPARENT(1.);
#12371 = OVER_RIDING_STYLED_ITEM('overriding color',(#12372),#7932,
  #10258);
#12372 = PRESENTATION_STYLE_ASSIGNMENT((#12373));
#12373 = SURFACE_STYLE_USAGE(.BOTH.,#12374);
#12374 = SURFACE_SIDE_STYLE('',(#12375,#12378));
#12375 = SURFACE_STYLE_FILL_AREA(#12376);
#12376 = FILL_AREA_STYLE('',(#12377));
#12377 = FILL_AREA_STYLE_COLOUR('',#10265);
#12378 = SURFACE_STYLE_RENDERING_WITH_PROPERTIES(.NORMAL_SHADING.,#10265
  ,(#12379));
#12379 = SURFACE_STYLE_TRANSPARENT(1.);
#12380 = OVER_RIDING_STYLED_ITEM('overriding color',(#12381),#7949,
  #10258);
#12381 = PRESENTATION_STYLE_ASSIGNMENT((#12382));
#12382 = SURFACE_STYLE_USAGE(.BOTH.,#12383);
#12383 = SURFACE_SIDE_STYLE('',(#12384,#12387));
#12384 = SURFACE_STYLE_FILL_AREA(#12385);
#12385 = FILL_AREA_STYLE('',(#12386));
#12386 = FILL_AREA_STYLE_COLOUR('',#10265);
#12387 = SURFACE_STYLE_RENDERING_WITH_PROPERTIES(.NORMAL_SHADING.,#10265
  ,(#12388));
#12388 = SURFACE_STYLE_TRANSPARENT(1.);
#12389 = OVER_RIDING_STYLED_ITEM('overriding color',(#12390),#7966,
  #10258);
#12390 = PRESENTATION_STYLE_ASSIGNMENT((#12391));
#12391 = SURFACE_STYLE_USAGE(.BOTH.,#12392);
#12392 = SURFACE_SIDE_STYLE('',(#12393,#12396));
#12393 = SURFACE_STYLE_FILL_AREA(#12394);
#12394 = FILL_AREA_STYLE('',(#12395));
#12395 = FILL_AREA_STYLE_COLOUR('',#10265);
#12396 = SURFACE_STYLE_RENDERING_WITH_PROPERTIES(.NORMAL_SHADING.,#10265
  ,(#12397));
#12397 = SURFACE_STYLE_TRANSPARENT(1.);
#12398 = OVER_RIDING_STYLED_ITEM('overriding color',(#12399),#7978,
  #10258);
#12399 = PRESENTATION_STYLE_ASSIGNMENT((#12400));
#12400 = SURFACE_STYLE_USAGE(.BOTH.,#12401);
#12401 = SURFACE_SIDE_STYLE('',(#12402,#12405));
#12402 = SURFACE_STYLE_FILL_AREA(#12403);
#12403 = FILL_AREA_STYLE('',(#12404));
#12404 = FILL_AREA_STYLE_COLOUR('',#10265);
#12405 = SURFACE_STYLE_RENDERING_WITH_PROPERTIES(.NORMAL_SHADING.,#10265
  ,(#12406));
#12406 = SURFACE_STYLE_TRANSPARENT(1.);
#12407 = OVER_RIDING_STYLED_ITEM('overriding color',(#12408),#8010,
  #10258);
#12408 = PRESENTATION_STYLE_ASSIGNMENT((#12409));
#12409 = SURFACE_STYLE_USAGE(.BOTH.,#12410);
#12410 = SURFACE_SIDE_STYLE('',(#12411,#12414));
#12411 = SURFACE_STYLE_FILL_AREA(#12412);
#12412 = FILL_AREA_STYLE('',(#12413));
#12413 = FILL_AREA_STYLE_COLOUR('',#10265);
#12414 = SURFACE_STYLE_RENDERING_WITH_PROPERTIES(.NORMAL_SHADING.,#10265
  ,(#12415));
#12415 = SURFACE_STYLE_TRANSPARENT(1.);
#12416 = OVER_RIDING_STYLED_ITEM('overriding color',(#12417),#8034,
  #10258);
#12417 = PRESENTATION_STYLE_ASSIGNMENT((#12418));
#12418 = SURFACE_STYLE_USAGE(.BOTH.,#12419);
#12419 = SURFACE_SIDE_STYLE('',(#12420,#12423));
#12420 = SURFACE_STYLE_FILL_AREA(#12421);
#12421 = FILL_AREA_STYLE('',(#12422));
#12422 = FILL_AREA_STYLE_COLOUR('',#10265);
#12423 = SURFACE_STYLE_RENDERING_WITH_PROPERTIES(.NORMAL_SHADING.,#10265
  ,(#12424));
#12424 = SURFACE_STYLE_TRANSPARENT(1.);
#12425 = OVER_RIDING_STYLED_ITEM('overriding color',(#12426),#150,#10258
  );
#12426 = PRESENTATION_STYLE_ASSIGNMENT((#12427));
#12427 = SURFACE_STYLE_USAGE(.BOTH.,#12428);
#12428 = SURFACE_SIDE_STYLE('',(#12429,#12432));
#12429 = SURFACE_STYLE_FILL_AREA(#12430);
#12430 = FILL_AREA_STYLE('',(#12431));
#12431 = FILL_AREA_STYLE_COLOUR('',#10265);
#12432 = SURFACE_STYLE_RENDERING_WITH_PROPERTIES(.NORMAL_SHADING.,#10265
  ,(#12433));
#12433 = SURFACE_STYLE_TRANSPARENT(1.);
#12434 = OVER_RIDING_STYLED_ITEM('overriding color',(#12435),#181,#10258
  );
#12435 = PRESENTATION_STYLE_ASSIGNMENT((#12436));
#12436 = SURFACE_STYLE_USAGE(.BOTH.,#12437);
#12437 = SURFACE_SIDE_STYLE('',(#12438,#12441));
#12438 = SURFACE_STYLE_FILL_AREA(#12439);
#12439 = FILL_AREA_STYLE('',(#12440));
#12440 = FILL_AREA_STYLE_COLOUR('',#10265);
#12441 = SURFACE_STYLE_RENDERING_WITH_PROPERTIES(.NORMAL_SHADING.,#10265
  ,(#12442));
#12442 = SURFACE_STYLE_TRANSPARENT(1.);
#12443 = OVER_RIDING_STYLED_ITEM('overriding color',(#12444),#205,#10258
  );
#12444 = PRESENTATION_STYLE_ASSIGNMENT((#12445));
#12445 = SURFACE_STYLE_USAGE(.BOTH.,#12446);
#12446 = SURFACE_SIDE_STYLE('',(#12447,#12450));
#12447 = SURFACE_STYLE_FILL_AREA(#12448);
#12448 = FILL_AREA_STYLE('',(#12449));
#12449 = FILL_AREA_STYLE_COLOUR('',#10265);
#12450 = SURFACE_STYLE_RENDERING_WITH_PROPERTIES(.NORMAL_SHADING.,#10265
  ,(#12451));
#12451 = SURFACE_STYLE_TRANSPARENT(1.);
#12452 = OVER_RIDING_STYLED_ITEM('overriding color',(#12453),#150,#10258
  );
#12453 = PRESENTATION_STYLE_ASSIGNMENT((#12454));
#12454 = SURFACE_STYLE_USAGE(.BOTH.,#12455);
#12455 = SURFACE_SIDE_STYLE('',(#12456,#12459));
#12456 = SURFACE_STYLE_FILL_AREA(#12457);
#12457 = FILL_AREA_STYLE('',(#12458));
#12458 = FILL_AREA_STYLE_COLOUR('',#10265);
#12459 = SURFACE_STYLE_RENDERING_WITH_PROPERTIES(.NORMAL_SHADING.,#10265
  ,(#12460));
#12460 = SURFACE_STYLE_TRANSPARENT(1.);
#12461 = OVER_RIDING_STYLED_ITEM('overriding color',(#12462),#181,#10258
  );
#12462 = PRESENTATION_STYLE_ASSIGNMENT((#12463));
#12463 = SURFACE_STYLE_USAGE(.BOTH.,#12464);
#12464 = SURFACE_SIDE_STYLE('',(#12465,#12468));
#12465 = SURFACE_STYLE_FILL_AREA(#12466);
#12466 = FILL_AREA_STYLE('',(#12467));
#12467 = FILL_AREA_STYLE_COLOUR('',#10265);
#12468 = SURFACE_STYLE_RENDERING_WITH_PROPERTIES(.NORMAL_SHADING.,#10265
  ,(#12469));
#12469 = SURFACE_STYLE_TRANSPARENT(1.);
#12470 = OVER_RIDING_STYLED_ITEM('overriding color',(#12471),#205,#10258
  );
#12471 = PRESENTATION_STYLE_ASSIGNMENT((#12472));
#12472 = SURFACE_STYLE_USAGE(.BOTH.,#12473);
#12473 = SURFACE_SIDE_STYLE('',(#12474,#12477));
#12474 = SURFACE_STYLE_FILL_AREA(#12475);
#12475 = FILL_AREA_STYLE('',(#12476));
#12476 = FILL_AREA_STYLE_COLOUR('',#10265);
#12477 = SURFACE_STYLE_RENDERING_WITH_PROPERTIES(.NORMAL_SHADING.,#10265
  ,(#12478));
#12478 = SURFACE_STYLE_TRANSPARENT(1.);
#12479 = OVER_RIDING_STYLED_ITEM('overriding color',(#12480),#8153,
  #10258);
#12480 = PRESENTATION_STYLE_ASSIGNMENT((#12481));
#12481 = SURFACE_STYLE_USAGE(.BOTH.,#12482);
#12482 = SURFACE_SIDE_STYLE('',(#12483,#12486));
#12483 = SURFACE_STYLE_FILL_AREA(#12484);
#12484 = FILL_AREA_STYLE('',(#12485));
#12485 = FILL_AREA_STYLE_COLOUR('',#10265);
#12486 = SURFACE_STYLE_RENDERING_WITH_PROPERTIES(.NORMAL_SHADING.,#10265
  ,(#12487));
#12487 = SURFACE_STYLE_TRANSPARENT(1.);
#12488 = OVER_RIDING_STYLED_ITEM('overriding color',(#12489),#8184,
  #10258);
#12489 = PRESENTATION_STYLE_ASSIGNMENT((#12490));
#12490 = SURFACE_STYLE_USAGE(.BOTH.,#12491);
#12491 = SURFACE_SIDE_STYLE('',(#12492,#12495));
#12492 = SURFACE_STYLE_FILL_AREA(#12493);
#12493 = FILL_AREA_STYLE('',(#12494));
#12494 = FILL_AREA_STYLE_COLOUR('',#10265);
#12495 = SURFACE_STYLE_RENDERING_WITH_PROPERTIES(.NORMAL_SHADING.,#10265
  ,(#12496));
#12496 = SURFACE_STYLE_TRANSPARENT(1.);
#12497 = OVER_RIDING_STYLED_ITEM('overriding color',(#12498),#8209,
  #10258);
#12498 = PRESENTATION_STYLE_ASSIGNMENT((#12499));
#12499 = SURFACE_STYLE_USAGE(.BOTH.,#12500);
#12500 = SURFACE_SIDE_STYLE('',(#12501,#12504));
#12501 = SURFACE_STYLE_FILL_AREA(#12502);
#12502 = FILL_AREA_STYLE('',(#12503));
#12503 = FILL_AREA_STYLE_COLOUR('',#10265);
#12504 = SURFACE_STYLE_RENDERING_WITH_PROPERTIES(.NORMAL_SHADING.,#10265
  ,(#12505));
#12505 = SURFACE_STYLE_TRANSPARENT(1.);
#12506 = OVER_RIDING_STYLED_ITEM('overriding color',(#12507),#8233,
  #10258);
#12507 = PRESENTATION_STYLE_ASSIGNMENT((#12508));
#12508 = SURFACE_STYLE_USAGE(.BOTH.,#12509);
#12509 = SURFACE_SIDE_STYLE('',(#12510,#12513));
#12510 = SURFACE_STYLE_FILL_AREA(#12511);
#12511 = FILL_AREA_STYLE('',(#12512));
#12512 = FILL_AREA_STYLE_COLOUR('',#10265);
#12513 = SURFACE_STYLE_RENDERING_WITH_PROPERTIES(.NORMAL_SHADING.,#10265
  ,(#12514));
#12514 = SURFACE_STYLE_TRANSPARENT(1.);
#12515 = OVER_RIDING_STYLED_ITEM('overriding color',(#12516),#8258,
  #10258);
#12516 = PRESENTATION_STYLE_ASSIGNMENT((#12517));
#12517 = SURFACE_STYLE_USAGE(.BOTH.,#12518);
#12518 = SURFACE_SIDE_STYLE('',(#12519,#12522));
#12519 = SURFACE_STYLE_FILL_AREA(#12520);
#12520 = FILL_AREA_STYLE('',(#12521));
#12521 = FILL_AREA_STYLE_COLOUR('',#10265);
#12522 = SURFACE_STYLE_RENDERING_WITH_PROPERTIES(.NORMAL_SHADING.,#10265
  ,(#12523));
#12523 = SURFACE_STYLE_TRANSPARENT(1.);
#12524 = OVER_RIDING_STYLED_ITEM('overriding color',(#12525),#8282,
  #10258);
#12525 = PRESENTATION_STYLE_ASSIGNMENT((#12526));
#12526 = SURFACE_STYLE_USAGE(.BOTH.,#12527);
#12527 = SURFACE_SIDE_STYLE('',(#12528,#12531));
#12528 = SURFACE_STYLE_FILL_AREA(#12529);
#12529 = FILL_AREA_STYLE('',(#12530));
#12530 = FILL_AREA_STYLE_COLOUR('',#10265);
#12531 = SURFACE_STYLE_RENDERING_WITH_PROPERTIES(.NORMAL_SHADING.,#10265
  ,(#12532));
#12532 = SURFACE_STYLE_TRANSPARENT(1.);
#12533 = OVER_RIDING_STYLED_ITEM('overriding color',(#12534),#8307,
  #10258);
#12534 = PRESENTATION_STYLE_ASSIGNMENT((#12535));
#12535 = SURFACE_STYLE_USAGE(.BOTH.,#12536);
#12536 = SURFACE_SIDE_STYLE('',(#12537,#12540));
#12537 = SURFACE_STYLE_FILL_AREA(#12538);
#12538 = FILL_AREA_STYLE('',(#12539));
#12539 = FILL_AREA_STYLE_COLOUR('',#10265);
#12540 = SURFACE_STYLE_RENDERING_WITH_PROPERTIES(.NORMAL_SHADING.,#10265
  ,(#12541));
#12541 = SURFACE_STYLE_TRANSPARENT(1.);
#12542 = OVER_RIDING_STYLED_ITEM('overriding color',(#12543),#8331,
  #10258);
#12543 = PRESENTATION_STYLE_ASSIGNMENT((#12544));
#12544 = SURFACE_STYLE_USAGE(.BOTH.,#12545);
#12545 = SURFACE_SIDE_STYLE('',(#12546,#12549));
#12546 = SURFACE_STYLE_FILL_AREA(#12547);
#12547 = FILL_AREA_STYLE('',(#12548));
#12548 = FILL_AREA_STYLE_COLOUR('',#10265);
#12549 = SURFACE_STYLE_RENDERING_WITH_PROPERTIES(.NORMAL_SHADING.,#10265
  ,(#12550));
#12550 = SURFACE_STYLE_TRANSPARENT(1.);
#12551 = OVER_RIDING_STYLED_ITEM('overriding color',(#12552),#8349,
  #10258);
#12552 = PRESENTATION_STYLE_ASSIGNMENT((#12553));
#12553 = SURFACE_STYLE_USAGE(.BOTH.,#12554);
#12554 = SURFACE_SIDE_STYLE('',(#12555,#12558));
#12555 = SURFACE_STYLE_FILL_AREA(#12556);
#12556 = FILL_AREA_STYLE('',(#12557));
#12557 = FILL_AREA_STYLE_COLOUR('',#10265);
#12558 = SURFACE_STYLE_RENDERING_WITH_PROPERTIES(.NORMAL_SHADING.,#10265
  ,(#12559));
#12559 = SURFACE_STYLE_TRANSPARENT(1.);
#12560 = OVER_RIDING_STYLED_ITEM('overriding color',(#12561),#8396,
  #10258);
#12561 = PRESENTATION_STYLE_ASSIGNMENT((#12562));
#12562 = SURFACE_STYLE_USAGE(.BOTH.,#12563);
#12563 = SURFACE_SIDE_STYLE('',(#12564,#12567));
#12564 = SURFACE_STYLE_FILL_AREA(#12565);
#12565 = FILL_AREA_STYLE('',(#12566));
#12566 = FILL_AREA_STYLE_COLOUR('',#10265);
#12567 = SURFACE_STYLE_RENDERING_WITH_PROPERTIES(.NORMAL_SHADING.,#10265
  ,(#12568));
#12568 = SURFACE_STYLE_TRANSPARENT(1.);
#12569 = OVER_RIDING_STYLED_ITEM('overriding color',(#12570),#8420,
  #10258);
#12570 = PRESENTATION_STYLE_ASSIGNMENT((#12571));
#12571 = SURFACE_STYLE_USAGE(.BOTH.,#12572);
#12572 = SURFACE_SIDE_STYLE('',(#12573,#12576));
#12573 = SURFACE_STYLE_FILL_AREA(#12574);
#12574 = FILL_AREA_STYLE('',(#12575));
#12575 = FILL_AREA_STYLE_COLOUR('',#10265);
#12576 = SURFACE_STYLE_RENDERING_WITH_PROPERTIES(.NORMAL_SHADING.,#10265
  ,(#12577));
#12577 = SURFACE_STYLE_TRANSPARENT(1.);
#12578 = OVER_RIDING_STYLED_ITEM('overriding color',(#12579),#8460,
  #10258);
#12579 = PRESENTATION_STYLE_ASSIGNMENT((#12580));
#12580 = SURFACE_STYLE_USAGE(.BOTH.,#12581);
#12581 = SURFACE_SIDE_STYLE('',(#12582,#12585));
#12582 = SURFACE_STYLE_FILL_AREA(#12583);
#12583 = FILL_AREA_STYLE('',(#12584));
#12584 = FILL_AREA_STYLE_COLOUR('',#10265);
#12585 = SURFACE_STYLE_RENDERING_WITH_PROPERTIES(.NORMAL_SHADING.,#10265
  ,(#12586));
#12586 = SURFACE_STYLE_TRANSPARENT(1.);
#12587 = OVER_RIDING_STYLED_ITEM('overriding color',(#12588),#8485,
  #10258);
#12588 = PRESENTATION_STYLE_ASSIGNMENT((#12589));
#12589 = SURFACE_STYLE_USAGE(.BOTH.,#12590);
#12590 = SURFACE_SIDE_STYLE('',(#12591,#12594));
#12591 = SURFACE_STYLE_FILL_AREA(#12592);
#12592 = FILL_AREA_STYLE('',(#12593));
#12593 = FILL_AREA_STYLE_COLOUR('',#10265);
#12594 = SURFACE_STYLE_RENDERING_WITH_PROPERTIES(.NORMAL_SHADING.,#10265
  ,(#12595));
#12595 = SURFACE_STYLE_TRANSPARENT(1.);
#12596 = OVER_RIDING_STYLED_ITEM('overriding color',(#12597),#8516,
  #10258);
#12597 = PRESENTATION_STYLE_ASSIGNMENT((#12598));
#12598 = SURFACE_STYLE_USAGE(.BOTH.,#12599);
#12599 = SURFACE_SIDE_STYLE('',(#12600,#12603));
#12600 = SURFACE_STYLE_FILL_AREA(#12601);
#12601 = FILL_AREA_STYLE('',(#12602));
#12602 = FILL_AREA_STYLE_COLOUR('',#10265);
#12603 = SURFACE_STYLE_RENDERING_WITH_PROPERTIES(.NORMAL_SHADING.,#10265
  ,(#12604));
#12604 = SURFACE_STYLE_TRANSPARENT(1.);
#12605 = OVER_RIDING_STYLED_ITEM('overriding color',(#12606),#8541,
  #10258);
#12606 = PRESENTATION_STYLE_ASSIGNMENT((#12607));
#12607 = SURFACE_STYLE_USAGE(.BOTH.,#12608);
#12608 = SURFACE_SIDE_STYLE('',(#12609,#12612));
#12609 = SURFACE_STYLE_FILL_AREA(#12610);
#12610 = FILL_AREA_STYLE('',(#12611));
#12611 = FILL_AREA_STYLE_COLOUR('',#10265);
#12612 = SURFACE_STYLE_RENDERING_WITH_PROPERTIES(.NORMAL_SHADING.,#10265
  ,(#12613));
#12613 = SURFACE_STYLE_TRANSPARENT(1.);
#12614 = OVER_RIDING_STYLED_ITEM('overriding color',(#12615),#8565,
  #10258);
#12615 = PRESENTATION_STYLE_ASSIGNMENT((#12616));
#12616 = SURFACE_STYLE_USAGE(.BOTH.,#12617);
#12617 = SURFACE_SIDE_STYLE('',(#12618,#12621));
#12618 = SURFACE_STYLE_FILL_AREA(#12619);
#12619 = FILL_AREA_STYLE('',(#12620));
#12620 = FILL_AREA_STYLE_COLOUR('',#10265);
#12621 = SURFACE_STYLE_RENDERING_WITH_PROPERTIES(.NORMAL_SHADING.,#10265
  ,(#12622));
#12622 = SURFACE_STYLE_TRANSPARENT(1.);
#12623 = OVER_RIDING_STYLED_ITEM('overriding color',(#12624),#8590,
  #10258);
#12624 = PRESENTATION_STYLE_ASSIGNMENT((#12625));
#12625 = SURFACE_STYLE_USAGE(.BOTH.,#12626);
#12626 = SURFACE_SIDE_STYLE('',(#12627,#12630));
#12627 = SURFACE_STYLE_FILL_AREA(#12628);
#12628 = FILL_AREA_STYLE('',(#12629));
#12629 = FILL_AREA_STYLE_COLOUR('',#10265);
#12630 = SURFACE_STYLE_RENDERING_WITH_PROPERTIES(.NORMAL_SHADING.,#10265
  ,(#12631));
#12631 = SURFACE_STYLE_TRANSPARENT(1.);
#12632 = OVER_RIDING_STYLED_ITEM('overriding color',(#12633),#8614,
  #10258);
#12633 = PRESENTATION_STYLE_ASSIGNMENT((#12634));
#12634 = SURFACE_STYLE_USAGE(.BOTH.,#12635);
#12635 = SURFACE_SIDE_STYLE('',(#12636,#12639));
#12636 = SURFACE_STYLE_FILL_AREA(#12637);
#12637 = FILL_AREA_STYLE('',(#12638));
#12638 = FILL_AREA_STYLE_COLOUR('',#10265);
#12639 = SURFACE_STYLE_RENDERING_WITH_PROPERTIES(.NORMAL_SHADING.,#10265
  ,(#12640));
#12640 = SURFACE_STYLE_TRANSPARENT(1.);
#12641 = OVER_RIDING_STYLED_ITEM('overriding color',(#12642),#8639,
  #10258);
#12642 = PRESENTATION_STYLE_ASSIGNMENT((#12643));
#12643 = SURFACE_STYLE_USAGE(.BOTH.,#12644);
#12644 = SURFACE_SIDE_STYLE('',(#12645,#12648));
#12645 = SURFACE_STYLE_FILL_AREA(#12646);
#12646 = FILL_AREA_STYLE('',(#12647));
#12647 = FILL_AREA_STYLE_COLOUR('',#10265);
#12648 = SURFACE_STYLE_RENDERING_WITH_PROPERTIES(.NORMAL_SHADING.,#10265
  ,(#12649));
#12649 = SURFACE_STYLE_TRANSPARENT(1.);
#12650 = OVER_RIDING_STYLED_ITEM('overriding color',(#12651),#8663,
  #10258);
#12651 = PRESENTATION_STYLE_ASSIGNMENT((#12652));
#12652 = SURFACE_STYLE_USAGE(.BOTH.,#12653);
#12653 = SURFACE_SIDE_STYLE('',(#12654,#12657));
#12654 = SURFACE_STYLE_FILL_AREA(#12655);
#12655 = FILL_AREA_STYLE('',(#12656));
#12656 = FILL_AREA_STYLE_COLOUR('',#10265);
#12657 = SURFACE_STYLE_RENDERING_WITH_PROPERTIES(.NORMAL_SHADING.,#10265
  ,(#12658));
#12658 = SURFACE_STYLE_TRANSPARENT(1.);
#12659 = OVER_RIDING_STYLED_ITEM('overriding color',(#12660),#8681,
  #10258);
#12660 = PRESENTATION_STYLE_ASSIGNMENT((#12661));
#12661 = SURFACE_STYLE_USAGE(.BOTH.,#12662);
#12662 = SURFACE_SIDE_STYLE('',(#12663,#12666));
#12663 = SURFACE_STYLE_FILL_AREA(#12664);
#12664 = FILL_AREA_STYLE('',(#12665));
#12665 = FILL_AREA_STYLE_COLOUR('',#10265);
#12666 = SURFACE_STYLE_RENDERING_WITH_PROPERTIES(.NORMAL_SHADING.,#10265
  ,(#12667));
#12667 = SURFACE_STYLE_TRANSPARENT(1.);
#12668 = OVER_RIDING_STYLED_ITEM('overriding color',(#12669),#8728,
  #10258);
#12669 = PRESENTATION_STYLE_ASSIGNMENT((#12670));
#12670 = SURFACE_STYLE_USAGE(.BOTH.,#12671);
#12671 = SURFACE_SIDE_STYLE('',(#12672,#12675));
#12672 = SURFACE_STYLE_FILL_AREA(#12673);
#12673 = FILL_AREA_STYLE('',(#12674));
#12674 = FILL_AREA_STYLE_COLOUR('',#10265);
#12675 = SURFACE_STYLE_RENDERING_WITH_PROPERTIES(.NORMAL_SHADING.,#10265
  ,(#12676));
#12676 = SURFACE_STYLE_TRANSPARENT(1.);
#12677 = OVER_RIDING_STYLED_ITEM('overriding color',(#12678),#8752,
  #10258);
#12678 = PRESENTATION_STYLE_ASSIGNMENT((#12679));
#12679 = SURFACE_STYLE_USAGE(.BOTH.,#12680);
#12680 = SURFACE_SIDE_STYLE('',(#12681,#12684));
#12681 = SURFACE_STYLE_FILL_AREA(#12682);
#12682 = FILL_AREA_STYLE('',(#12683));
#12683 = FILL_AREA_STYLE_COLOUR('',#10265);
#12684 = SURFACE_STYLE_RENDERING_WITH_PROPERTIES(.NORMAL_SHADING.,#10265
  ,(#12685));
#12685 = SURFACE_STYLE_TRANSPARENT(1.);
#12686 = OVER_RIDING_STYLED_ITEM('overriding color',(#12687),#8792,
  #10258);
#12687 = PRESENTATION_STYLE_ASSIGNMENT((#12688));
#12688 = SURFACE_STYLE_USAGE(.BOTH.,#12689);
#12689 = SURFACE_SIDE_STYLE('',(#12690,#12693));
#12690 = SURFACE_STYLE_FILL_AREA(#12691);
#12691 = FILL_AREA_STYLE('',(#12692));
#12692 = FILL_AREA_STYLE_COLOUR('',#10265);
#12693 = SURFACE_STYLE_RENDERING_WITH_PROPERTIES(.NORMAL_SHADING.,#10265
  ,(#12694));
#12694 = SURFACE_STYLE_TRANSPARENT(1.);
#12695 = OVER_RIDING_STYLED_ITEM('overriding color',(#12696),#8809,
  #10258);
#12696 = PRESENTATION_STYLE_ASSIGNMENT((#12697));
#12697 = SURFACE_STYLE_USAGE(.BOTH.,#12698);
#12698 = SURFACE_SIDE_STYLE('',(#12699,#12702));
#12699 = SURFACE_STYLE_FILL_AREA(#12700);
#12700 = FILL_AREA_STYLE('',(#12701));
#12701 = FILL_AREA_STYLE_COLOUR('',#10265);
#12702 = SURFACE_STYLE_RENDERING_WITH_PROPERTIES(.NORMAL_SHADING.,#10265
  ,(#12703));
#12703 = SURFACE_STYLE_TRANSPARENT(1.);
#12704 = OVER_RIDING_STYLED_ITEM('overriding color',(#12705),#8841,
  #10258);
#12705 = PRESENTATION_STYLE_ASSIGNMENT((#12706));
#12706 = SURFACE_STYLE_USAGE(.BOTH.,#12707);
#12707 = SURFACE_SIDE_STYLE('',(#12708,#12711));
#12708 = SURFACE_STYLE_FILL_AREA(#12709);
#12709 = FILL_AREA_STYLE('',(#12710));
#12710 = FILL_AREA_STYLE_COLOUR('',#10265);
#12711 = SURFACE_STYLE_RENDERING_WITH_PROPERTIES(.NORMAL_SHADING.,#10265
  ,(#12712));
#12712 = SURFACE_STYLE_TRANSPARENT(1.);
#12713 = OVER_RIDING_STYLED_ITEM('overriding color',(#12714),#8865,
  #10258);
#12714 = PRESENTATION_STYLE_ASSIGNMENT((#12715));
#12715 = SURFACE_STYLE_USAGE(.BOTH.,#12716);
#12716 = SURFACE_SIDE_STYLE('',(#12717,#12720));
#12717 = SURFACE_STYLE_FILL_AREA(#12718);
#12718 = FILL_AREA_STYLE('',(#12719));
#12719 = FILL_AREA_STYLE_COLOUR('',#10265);
#12720 = SURFACE_STYLE_RENDERING_WITH_PROPERTIES(.NORMAL_SHADING.,#10265
  ,(#12721));
#12721 = SURFACE_STYLE_TRANSPARENT(1.);
#12722 = OVER_RIDING_STYLED_ITEM('overriding color',(#12723),#8890,
  #10258);
#12723 = PRESENTATION_STYLE_ASSIGNMENT((#12724));
#12724 = SURFACE_STYLE_USAGE(.BOTH.,#12725);
#12725 = SURFACE_SIDE_STYLE('',(#12726,#12729));
#12726 = SURFACE_STYLE_FILL_AREA(#12727);
#12727 = FILL_AREA_STYLE('',(#12728));
#12728 = FILL_AREA_STYLE_COLOUR('',#10265);
#12729 = SURFACE_STYLE_RENDERING_WITH_PROPERTIES(.NORMAL_SHADING.,#10265
  ,(#12730));
#12730 = SURFACE_STYLE_TRANSPARENT(1.);
#12731 = OVER_RIDING_STYLED_ITEM('overriding color',(#12732),#8914,
  #10258);
#12732 = PRESENTATION_STYLE_ASSIGNMENT((#12733));
#12733 = SURFACE_STYLE_USAGE(.BOTH.,#12734);
#12734 = SURFACE_SIDE_STYLE('',(#12735,#12738));
#12735 = SURFACE_STYLE_FILL_AREA(#12736);
#12736 = FILL_AREA_STYLE('',(#12737));
#12737 = FILL_AREA_STYLE_COLOUR('',#10265);
#12738 = SURFACE_STYLE_RENDERING_WITH_PROPERTIES(.NORMAL_SHADING.,#10265
  ,(#12739));
#12739 = SURFACE_STYLE_TRANSPARENT(1.);
#12740 = OVER_RIDING_STYLED_ITEM('overriding color',(#12741),#8939,
  #10258);
#12741 = PRESENTATION_STYLE_ASSIGNMENT((#12742));
#12742 = SURFACE_STYLE_USAGE(.BOTH.,#12743);
#12743 = SURFACE_SIDE_STYLE('',(#12744,#12747));
#12744 = SURFACE_STYLE_FILL_AREA(#12745);
#12745 = FILL_AREA_STYLE('',(#12746));
#12746 = FILL_AREA_STYLE_COLOUR('',#10265);
#12747 = SURFACE_STYLE_RENDERING_WITH_PROPERTIES(.NORMAL_SHADING.,#10265
  ,(#12748));
#12748 = SURFACE_STYLE_TRANSPARENT(1.);
#12749 = OVER_RIDING_STYLED_ITEM('overriding color',(#12750),#8963,
  #10258);
#12750 = PRESENTATION_STYLE_ASSIGNMENT((#12751));
#12751 = SURFACE_STYLE_USAGE(.BOTH.,#12752);
#12752 = SURFACE_SIDE_STYLE('',(#12753,#12756));
#12753 = SURFACE_STYLE_FILL_AREA(#12754);
#12754 = FILL_AREA_STYLE('',(#12755));
#12755 = FILL_AREA_STYLE_COLOUR('',#10265);
#12756 = SURFACE_STYLE_RENDERING_WITH_PROPERTIES(.NORMAL_SHADING.,#10265
  ,(#12757));
#12757 = SURFACE_STYLE_TRANSPARENT(1.);
#12758 = OVER_RIDING_STYLED_ITEM('overriding color',(#12759),#8988,
  #10258);
#12759 = PRESENTATION_STYLE_ASSIGNMENT((#12760));
#12760 = SURFACE_STYLE_USAGE(.BOTH.,#12761);
#12761 = SURFACE_SIDE_STYLE('',(#12762,#12765));
#12762 = SURFACE_STYLE_FILL_AREA(#12763);
#12763 = FILL_AREA_STYLE('',(#12764));
#12764 = FILL_AREA_STYLE_COLOUR('',#10265);
#12765 = SURFACE_STYLE_RENDERING_WITH_PROPERTIES(.NORMAL_SHADING.,#10265
  ,(#12766));
#12766 = SURFACE_STYLE_TRANSPARENT(1.);
#12767 = OVER_RIDING_STYLED_ITEM('overriding color',(#12768),#9005,
  #10258);
#12768 = PRESENTATION_STYLE_ASSIGNMENT((#12769));
#12769 = SURFACE_STYLE_USAGE(.BOTH.,#12770);
#12770 = SURFACE_SIDE_STYLE('',(#12771,#12774));
#12771 = SURFACE_STYLE_FILL_AREA(#12772);
#12772 = FILL_AREA_STYLE('',(#12773));
#12773 = FILL_AREA_STYLE_COLOUR('',#10265);
#12774 = SURFACE_STYLE_RENDERING_WITH_PROPERTIES(.NORMAL_SHADING.,#10265
  ,(#12775));
#12775 = SURFACE_STYLE_TRANSPARENT(1.);
#12776 = OVER_RIDING_STYLED_ITEM('overriding color',(#12777),#9052,
  #10258);
#12777 = PRESENTATION_STYLE_ASSIGNMENT((#12778));
#12778 = SURFACE_STYLE_USAGE(.BOTH.,#12779);
#12779 = SURFACE_SIDE_STYLE('',(#12780,#12783));
#12780 = SURFACE_STYLE_FILL_AREA(#12781);
#12781 = FILL_AREA_STYLE('',(#12782));
#12782 = FILL_AREA_STYLE_COLOUR('',#10265);
#12783 = SURFACE_STYLE_RENDERING_WITH_PROPERTIES(.NORMAL_SHADING.,#10265
  ,(#12784));
#12784 = SURFACE_STYLE_TRANSPARENT(1.);
#12785 = OVER_RIDING_STYLED_ITEM('overriding color',(#12786),#9076,
  #10258);
#12786 = PRESENTATION_STYLE_ASSIGNMENT((#12787));
#12787 = SURFACE_STYLE_USAGE(.BOTH.,#12788);
#12788 = SURFACE_SIDE_STYLE('',(#12789,#12792));
#12789 = SURFACE_STYLE_FILL_AREA(#12790);
#12790 = FILL_AREA_STYLE('',(#12791));
#12791 = FILL_AREA_STYLE_COLOUR('',#10265);
#12792 = SURFACE_STYLE_RENDERING_WITH_PROPERTIES(.NORMAL_SHADING.,#10265
  ,(#12793));
#12793 = SURFACE_STYLE_TRANSPARENT(1.);
#12794 = OVER_RIDING_STYLED_ITEM('overriding color',(#12795),#9116,
  #10258);
#12795 = PRESENTATION_STYLE_ASSIGNMENT((#12796));
#12796 = SURFACE_STYLE_USAGE(.BOTH.,#12797);
#12797 = SURFACE_SIDE_STYLE('',(#12798,#12801));
#12798 = SURFACE_STYLE_FILL_AREA(#12799);
#12799 = FILL_AREA_STYLE('',(#12800));
#12800 = FILL_AREA_STYLE_COLOUR('',#10265);
#12801 = SURFACE_STYLE_RENDERING_WITH_PROPERTIES(.NORMAL_SHADING.,#10265
  ,(#12802));
#12802 = SURFACE_STYLE_TRANSPARENT(1.);
#12803 = OVER_RIDING_STYLED_ITEM('overriding color',(#12804),#9133,
  #10258);
#12804 = PRESENTATION_STYLE_ASSIGNMENT((#12805));
#12805 = SURFACE_STYLE_USAGE(.BOTH.,#12806);
#12806 = SURFACE_SIDE_STYLE('',(#12807,#12810));
#12807 = SURFACE_STYLE_FILL_AREA(#12808);
#12808 = FILL_AREA_STYLE('',(#12809));
#12809 = FILL_AREA_STYLE_COLOUR('',#10265);
#12810 = SURFACE_STYLE_RENDERING_WITH_PROPERTIES(.NORMAL_SHADING.,#10265
  ,(#12811));
#12811 = SURFACE_STYLE_TRANSPARENT(1.);
#12812 = OVER_RIDING_STYLED_ITEM('overriding color',(#12813),#9165,
  #10258);
#12813 = PRESENTATION_STYLE_ASSIGNMENT((#12814));
#12814 = SURFACE_STYLE_USAGE(.BOTH.,#12815);
#12815 = SURFACE_SIDE_STYLE('',(#12816,#12819));
#12816 = SURFACE_STYLE_FILL_AREA(#12817);
#12817 = FILL_AREA_STYLE('',(#12818));
#12818 = FILL_AREA_STYLE_COLOUR('',#10265);
#12819 = SURFACE_STYLE_RENDERING_WITH_PROPERTIES(.NORMAL_SHADING.,#10265
  ,(#12820));
#12820 = SURFACE_STYLE_TRANSPARENT(1.);
#12821 = OVER_RIDING_STYLED_ITEM('overriding color',(#12822),#9189,
  #10258);
#12822 = PRESENTATION_STYLE_ASSIGNMENT((#12823));
#12823 = SURFACE_STYLE_USAGE(.BOTH.,#12824);
#12824 = SURFACE_SIDE_STYLE('',(#12825,#12828));
#12825 = SURFACE_STYLE_FILL_AREA(#12826);
#12826 = FILL_AREA_STYLE('',(#12827));
#12827 = FILL_AREA_STYLE_COLOUR('',#10265);
#12828 = SURFACE_STYLE_RENDERING_WITH_PROPERTIES(.NORMAL_SHADING.,#10265
  ,(#12829));
#12829 = SURFACE_STYLE_TRANSPARENT(1.);
#12830 = OVER_RIDING_STYLED_ITEM('overriding color',(#12831),#9214,
  #10258);
#12831 = PRESENTATION_STYLE_ASSIGNMENT((#12832));
#12832 = SURFACE_STYLE_USAGE(.BOTH.,#12833);
#12833 = SURFACE_SIDE_STYLE('',(#12834,#12837));
#12834 = SURFACE_STYLE_FILL_AREA(#12835);
#12835 = FILL_AREA_STYLE('',(#12836));
#12836 = FILL_AREA_STYLE_COLOUR('',#10265);
#12837 = SURFACE_STYLE_RENDERING_WITH_PROPERTIES(.NORMAL_SHADING.,#10265
  ,(#12838));
#12838 = SURFACE_STYLE_TRANSPARENT(1.);
#12839 = OVER_RIDING_STYLED_ITEM('overriding color',(#12840),#9238,
  #10258);
#12840 = PRESENTATION_STYLE_ASSIGNMENT((#12841));
#12841 = SURFACE_STYLE_USAGE(.BOTH.,#12842);
#12842 = SURFACE_SIDE_STYLE('',(#12843,#12846));
#12843 = SURFACE_STYLE_FILL_AREA(#12844);
#12844 = FILL_AREA_STYLE('',(#12845));
#12845 = FILL_AREA_STYLE_COLOUR('',#10265);
#12846 = SURFACE_STYLE_RENDERING_WITH_PROPERTIES(.NORMAL_SHADING.,#10265
  ,(#12847));
#12847 = SURFACE_STYLE_TRANSPARENT(1.);
#12848 = OVER_RIDING_STYLED_ITEM('overriding color',(#12849),#9263,
  #10258);
#12849 = PRESENTATION_STYLE_ASSIGNMENT((#12850));
#12850 = SURFACE_STYLE_USAGE(.BOTH.,#12851);
#12851 = SURFACE_SIDE_STYLE('',(#12852,#12855));
#12852 = SURFACE_STYLE_FILL_AREA(#12853);
#12853 = FILL_AREA_STYLE('',(#12854));
#12854 = FILL_AREA_STYLE_COLOUR('',#10265);
#12855 = SURFACE_STYLE_RENDERING_WITH_PROPERTIES(.NORMAL_SHADING.,#10265
  ,(#12856));
#12856 = SURFACE_STYLE_TRANSPARENT(1.);
#12857 = OVER_RIDING_STYLED_ITEM('overriding color',(#12858),#9287,
  #10258);
#12858 = PRESENTATION_STYLE_ASSIGNMENT((#12859));
#12859 = SURFACE_STYLE_USAGE(.BOTH.,#12860);
#12860 = SURFACE_SIDE_STYLE('',(#12861,#12864));
#12861 = SURFACE_STYLE_FILL_AREA(#12862);
#12862 = FILL_AREA_STYLE('',(#12863));
#12863 = FILL_AREA_STYLE_COLOUR('',#10265);
#12864 = SURFACE_STYLE_RENDERING_WITH_PROPERTIES(.NORMAL_SHADING.,#10265
  ,(#12865));
#12865 = SURFACE_STYLE_TRANSPARENT(1.);
#12866 = OVER_RIDING_STYLED_ITEM('overriding color',(#12867),#9312,
  #10258);
#12867 = PRESENTATION_STYLE_ASSIGNMENT((#12868));
#12868 = SURFACE_STYLE_USAGE(.BOTH.,#12869);
#12869 = SURFACE_SIDE_STYLE('',(#12870,#12873));
#12870 = SURFACE_STYLE_FILL_AREA(#12871);
#12871 = FILL_AREA_STYLE('',(#12872));
#12872 = FILL_AREA_STYLE_COLOUR('',#10265);
#12873 = SURFACE_STYLE_RENDERING_WITH_PROPERTIES(.NORMAL_SHADING.,#10265
  ,(#12874));
#12874 = SURFACE_STYLE_TRANSPARENT(1.);
#12875 = OVER_RIDING_STYLED_ITEM('overriding color',(#12876),#9329,
  #10258);
#12876 = PRESENTATION_STYLE_ASSIGNMENT((#12877));
#12877 = SURFACE_STYLE_USAGE(.BOTH.,#12878);
#12878 = SURFACE_SIDE_STYLE('',(#12879,#12882));
#12879 = SURFACE_STYLE_FILL_AREA(#12880);
#12880 = FILL_AREA_STYLE('',(#12881));
#12881 = FILL_AREA_STYLE_COLOUR('',#10265);
#12882 = SURFACE_STYLE_RENDERING_WITH_PROPERTIES(.NORMAL_SHADING.,#10265
  ,(#12883));
#12883 = SURFACE_STYLE_TRANSPARENT(1.);
#12884 = OVER_RIDING_STYLED_ITEM('overriding color',(#12885),#9376,
  #10258);
#12885 = PRESENTATION_STYLE_ASSIGNMENT((#12886));
#12886 = SURFACE_STYLE_USAGE(.BOTH.,#12887);
#12887 = SURFACE_SIDE_STYLE('',(#12888,#12891));
#12888 = SURFACE_STYLE_FILL_AREA(#12889);
#12889 = FILL_AREA_STYLE('',(#12890));
#12890 = FILL_AREA_STYLE_COLOUR('',#10265);
#12891 = SURFACE_STYLE_RENDERING_WITH_PROPERTIES(.NORMAL_SHADING.,#10265
  ,(#12892));
#12892 = SURFACE_STYLE_TRANSPARENT(1.);
#12893 = OVER_RIDING_STYLED_ITEM('overriding color',(#12894),#9400,
  #10258);
#12894 = PRESENTATION_STYLE_ASSIGNMENT((#12895));
#12895 = SURFACE_STYLE_USAGE(.BOTH.,#12896);
#12896 = SURFACE_SIDE_STYLE('',(#12897,#12900));
#12897 = SURFACE_STYLE_FILL_AREA(#12898);
#12898 = FILL_AREA_STYLE('',(#12899));
#12899 = FILL_AREA_STYLE_COLOUR('',#10265);
#12900 = SURFACE_STYLE_RENDERING_WITH_PROPERTIES(.NORMAL_SHADING.,#10265
  ,(#12901));
#12901 = SURFACE_STYLE_TRANSPARENT(1.);
#12902 = OVER_RIDING_STYLED_ITEM('overriding color',(#12903),#9440,
  #10258);
#12903 = PRESENTATION_STYLE_ASSIGNMENT((#12904));
#12904 = SURFACE_STYLE_USAGE(.BOTH.,#12905);
#12905 = SURFACE_SIDE_STYLE('',(#12906,#12909));
#12906 = SURFACE_STYLE_FILL_AREA(#12907);
#12907 = FILL_AREA_STYLE('',(#12908));
#12908 = FILL_AREA_STYLE_COLOUR('',#10265);
#12909 = SURFACE_STYLE_RENDERING_WITH_PROPERTIES(.NORMAL_SHADING.,#10265
  ,(#12910));
#12910 = SURFACE_STYLE_TRANSPARENT(1.);
#12911 = OVER_RIDING_STYLED_ITEM('overriding color',(#12912),#9457,
  #10258);
#12912 = PRESENTATION_STYLE_ASSIGNMENT((#12913));
#12913 = SURFACE_STYLE_USAGE(.BOTH.,#12914);
#12914 = SURFACE_SIDE_STYLE('',(#12915,#12918));
#12915 = SURFACE_STYLE_FILL_AREA(#12916);
#12916 = FILL_AREA_STYLE('',(#12917));
#12917 = FILL_AREA_STYLE_COLOUR('',#10265);
#12918 = SURFACE_STYLE_RENDERING_WITH_PROPERTIES(.NORMAL_SHADING.,#10265
  ,(#12919));
#12919 = SURFACE_STYLE_TRANSPARENT(1.);
#12920 = OVER_RIDING_STYLED_ITEM('overriding color',(#12921),#9473,
  #10258);
#12921 = PRESENTATION_STYLE_ASSIGNMENT((#12922));
#12922 = SURFACE_STYLE_USAGE(.BOTH.,#12923);
#12923 = SURFACE_SIDE_STYLE('',(#12924,#12927));
#12924 = SURFACE_STYLE_FILL_AREA(#12925);
#12925 = FILL_AREA_STYLE('',(#12926));
#12926 = FILL_AREA_STYLE_COLOUR('',#10265);
#12927 = SURFACE_STYLE_RENDERING_WITH_PROPERTIES(.NORMAL_SHADING.,#10265
  ,(#12928));
#12928 = SURFACE_STYLE_TRANSPARENT(1.);
#12929 = OVER_RIDING_STYLED_ITEM('overriding color',(#12930),#9489,
  #10258);
#12930 = PRESENTATION_STYLE_ASSIGNMENT((#12931));
#12931 = SURFACE_STYLE_USAGE(.BOTH.,#12932);
#12932 = SURFACE_SIDE_STYLE('',(#12933,#12936));
#12933 = SURFACE_STYLE_FILL_AREA(#12934);
#12934 = FILL_AREA_STYLE('',(#12935));
#12935 = FILL_AREA_STYLE_COLOUR('',#10265);
#12936 = SURFACE_STYLE_RENDERING_WITH_PROPERTIES(.NORMAL_SHADING.,#10265
  ,(#12937));
#12937 = SURFACE_STYLE_TRANSPARENT(1.);
#12938 = OVER_RIDING_STYLED_ITEM('overriding color',(#12939),#9520,
  #10258);
#12939 = PRESENTATION_STYLE_ASSIGNMENT((#12940));
#12940 = SURFACE_STYLE_USAGE(.BOTH.,#12941);
#12941 = SURFACE_SIDE_STYLE('',(#12942,#12945));
#12942 = SURFACE_STYLE_FILL_AREA(#12943);
#12943 = FILL_AREA_STYLE('',(#12944));
#12944 = FILL_AREA_STYLE_COLOUR('',#10265);
#12945 = SURFACE_STYLE_RENDERING_WITH_PROPERTIES(.NORMAL_SHADING.,#10265
  ,(#12946));
#12946 = SURFACE_STYLE_TRANSPARENT(1.);
#12947 = OVER_RIDING_STYLED_ITEM('overriding color',(#12948),#9545,
  #10258);
#12948 = PRESENTATION_STYLE_ASSIGNMENT((#12949));
#12949 = SURFACE_STYLE_USAGE(.BOTH.,#12950);
#12950 = SURFACE_SIDE_STYLE('',(#12951,#12954));
#12951 = SURFACE_STYLE_FILL_AREA(#12952);
#12952 = FILL_AREA_STYLE('',(#12953));
#12953 = FILL_AREA_STYLE_COLOUR('',#10265);
#12954 = SURFACE_STYLE_RENDERING_WITH_PROPERTIES(.NORMAL_SHADING.,#10265
  ,(#12955));
#12955 = SURFACE_STYLE_TRANSPARENT(1.);
#12956 = OVER_RIDING_STYLED_ITEM('overriding color',(#12957),#9569,
  #10258);
#12957 = PRESENTATION_STYLE_ASSIGNMENT((#12958));
#12958 = SURFACE_STYLE_USAGE(.BOTH.,#12959);
#12959 = SURFACE_SIDE_STYLE('',(#12960,#12963));
#12960 = SURFACE_STYLE_FILL_AREA(#12961);
#12961 = FILL_AREA_STYLE('',(#12962));
#12962 = FILL_AREA_STYLE_COLOUR('',#10265);
#12963 = SURFACE_STYLE_RENDERING_WITH_PROPERTIES(.NORMAL_SHADING.,#10265
  ,(#12964));
#12964 = SURFACE_STYLE_TRANSPARENT(1.);
#12965 = OVER_RIDING_STYLED_ITEM('overriding color',(#12966),#9594,
  #10258);
#12966 = PRESENTATION_STYLE_ASSIGNMENT((#12967));
#12967 = SURFACE_STYLE_USAGE(.BOTH.,#12968);
#12968 = SURFACE_SIDE_STYLE('',(#12969,#12972));
#12969 = SURFACE_STYLE_FILL_AREA(#12970);
#12970 = FILL_AREA_STYLE('',(#12971));
#12971 = FILL_AREA_STYLE_COLOUR('',#10265);
#12972 = SURFACE_STYLE_RENDERING_WITH_PROPERTIES(.NORMAL_SHADING.,#10265
  ,(#12973));
#12973 = SURFACE_STYLE_TRANSPARENT(1.);
#12974 = OVER_RIDING_STYLED_ITEM('overriding color',(#12975),#9618,
  #10258);
#12975 = PRESENTATION_STYLE_ASSIGNMENT((#12976));
#12976 = SURFACE_STYLE_USAGE(.BOTH.,#12977);
#12977 = SURFACE_SIDE_STYLE('',(#12978,#12981));
#12978 = SURFACE_STYLE_FILL_AREA(#12979);
#12979 = FILL_AREA_STYLE('',(#12980));
#12980 = FILL_AREA_STYLE_COLOUR('',#10265);
#12981 = SURFACE_STYLE_RENDERING_WITH_PROPERTIES(.NORMAL_SHADING.,#10265
  ,(#12982));
#12982 = SURFACE_STYLE_TRANSPARENT(1.);
#12983 = OVER_RIDING_STYLED_ITEM('overriding color',(#12984),#9643,
  #10258);
#12984 = PRESENTATION_STYLE_ASSIGNMENT((#12985));
#12985 = SURFACE_STYLE_USAGE(.BOTH.,#12986);
#12986 = SURFACE_SIDE_STYLE('',(#12987,#12990));
#12987 = SURFACE_STYLE_FILL_AREA(#12988);
#12988 = FILL_AREA_STYLE('',(#12989));
#12989 = FILL_AREA_STYLE_COLOUR('',#10265);
#12990 = SURFACE_STYLE_RENDERING_WITH_PROPERTIES(.NORMAL_SHADING.,#10265
  ,(#12991));
#12991 = SURFACE_STYLE_TRANSPARENT(1.);
#12992 = OVER_RIDING_STYLED_ITEM('overriding color',(#12993),#9667,
  #10258);
#12993 = PRESENTATION_STYLE_ASSIGNMENT((#12994));
#12994 = SURFACE_STYLE_USAGE(.BOTH.,#12995);
#12995 = SURFACE_SIDE_STYLE('',(#12996,#12999));
#12996 = SURFACE_STYLE_FILL_AREA(#12997);
#12997 = FILL_AREA_STYLE('',(#12998));
#12998 = FILL_AREA_STYLE_COLOUR('',#10265);
#12999 = SURFACE_STYLE_RENDERING_WITH_PROPERTIES(.NORMAL_SHADING.,#10265
  ,(#13000));
#13000 = SURFACE_STYLE_TRANSPARENT(1.);
#13001 = OVER_RIDING_STYLED_ITEM('overriding color',(#13002),#9685,
  #10258);
#13002 = PRESENTATION_STYLE_ASSIGNMENT((#13003));
#13003 = SURFACE_STYLE_USAGE(.BOTH.,#13004);
#13004 = SURFACE_SIDE_STYLE('',(#13005,#13008));
#13005 = SURFACE_STYLE_FILL_AREA(#13006);
#13006 = FILL_AREA_STYLE('',(#13007));
#13007 = FILL_AREA_STYLE_COLOUR('',#10265);
#13008 = SURFACE_STYLE_RENDERING_WITH_PROPERTIES(.NORMAL_SHADING.,#10265
  ,(#13009));
#13009 = SURFACE_STYLE_TRANSPARENT(1.);
#13010 = OVER_RIDING_STYLED_ITEM('overriding color',(#13011),#9715,
  #10258);
#13011 = PRESENTATION_STYLE_ASSIGNMENT((#13012));
#13012 = SURFACE_STYLE_USAGE(.BOTH.,#13013);
#13013 = SURFACE_SIDE_STYLE('',(#13014,#13017));
#13014 = SURFACE_STYLE_FILL_AREA(#13015);
#13015 = FILL_AREA_STYLE('',(#13016));
#13016 = FILL_AREA_STYLE_COLOUR('',#10265);
#13017 = SURFACE_STYLE_RENDERING_WITH_PROPERTIES(.NORMAL_SHADING.,#10265
  ,(#13018));
#13018 = SURFACE_STYLE_TRANSPARENT(1.);
#13019 = OVER_RIDING_STYLED_ITEM('overriding color',(#13020),#9732,
  #10258);
#13020 = PRESENTATION_STYLE_ASSIGNMENT((#13021));
#13021 = SURFACE_STYLE_USAGE(.BOTH.,#13022);
#13022 = SURFACE_SIDE_STYLE('',(#13023,#13026));
#13023 = SURFACE_STYLE_FILL_AREA(#13024);
#13024 = FILL_AREA_STYLE('',(#13025));
#13025 = FILL_AREA_STYLE_COLOUR('',#10265);
#13026 = SURFACE_STYLE_RENDERING_WITH_PROPERTIES(.NORMAL_SHADING.,#10265
  ,(#13027));
#13027 = SURFACE_STYLE_TRANSPARENT(1.);
#13028 = OVER_RIDING_STYLED_ITEM('overriding color',(#13029),#9744,
  #10258);
#13029 = PRESENTATION_STYLE_ASSIGNMENT((#13030));
#13030 = SURFACE_STYLE_USAGE(.BOTH.,#13031);
#13031 = SURFACE_SIDE_STYLE('',(#13032,#13035));
#13032 = SURFACE_STYLE_FILL_AREA(#13033);
#13033 = FILL_AREA_STYLE('',(#13034));
#13034 = FILL_AREA_STYLE_COLOUR('',#10265);
#13035 = SURFACE_STYLE_RENDERING_WITH_PROPERTIES(.NORMAL_SHADING.,#10265
  ,(#13036));
#13036 = SURFACE_STYLE_TRANSPARENT(1.);
#13037 = OVER_RIDING_STYLED_ITEM('overriding color',(#13038),#9766,
  #10258);
#13038 = PRESENTATION_STYLE_ASSIGNMENT((#13039));
#13039 = SURFACE_STYLE_USAGE(.BOTH.,#13040);
#13040 = SURFACE_SIDE_STYLE('',(#13041,#13044));
#13041 = SURFACE_STYLE_FILL_AREA(#13042);
#13042 = FILL_AREA_STYLE('',(#13043));
#13043 = FILL_AREA_STYLE_COLOUR('',#10265);
#13044 = SURFACE_STYLE_RENDERING_WITH_PROPERTIES(.NORMAL_SHADING.,#10265
  ,(#13045));
#13045 = SURFACE_STYLE_TRANSPARENT(1.);
#13046 = OVER_RIDING_STYLED_ITEM('overriding color',(#13047),#9793,
  #10258);
#13047 = PRESENTATION_STYLE_ASSIGNMENT((#13048));
#13048 = SURFACE_STYLE_USAGE(.BOTH.,#13049);
#13049 = SURFACE_SIDE_STYLE('',(#13050,#13053));
#13050 = SURFACE_STYLE_FILL_AREA(#13051);
#13051 = FILL_AREA_STYLE('',(#13052));
#13052 = FILL_AREA_STYLE_COLOUR('',#10265);
#13053 = SURFACE_STYLE_RENDERING_WITH_PROPERTIES(.NORMAL_SHADING.,#10265
  ,(#13054));
#13054 = SURFACE_STYLE_TRANSPARENT(1.);
#13055 = OVER_RIDING_STYLED_ITEM('overriding color',(#13056),#9810,
  #10258);
#13056 = PRESENTATION_STYLE_ASSIGNMENT((#13057));
#13057 = SURFACE_STYLE_USAGE(.BOTH.,#13058);
#13058 = SURFACE_SIDE_STYLE('',(#13059,#13062));
#13059 = SURFACE_STYLE_FILL_AREA(#13060);
#13060 = FILL_AREA_STYLE('',(#13061));
#13061 = FILL_AREA_STYLE_COLOUR('',#10265);
#13062 = SURFACE_STYLE_RENDERING_WITH_PROPERTIES(.NORMAL_SHADING.,#10265
  ,(#13063));
#13063 = SURFACE_STYLE_TRANSPARENT(1.);
#13064 = OVER_RIDING_STYLED_ITEM('overriding color',(#13065),#9766,
  #10258);
#13065 = PRESENTATION_STYLE_ASSIGNMENT((#13066));
#13066 = SURFACE_STYLE_USAGE(.BOTH.,#13067);
#13067 = SURFACE_SIDE_STYLE('',(#13068,#13071));
#13068 = SURFACE_STYLE_FILL_AREA(#13069);
#13069 = FILL_AREA_STYLE('',(#13070));
#13070 = FILL_AREA_STYLE_COLOUR('',#10265);
#13071 = SURFACE_STYLE_RENDERING_WITH_PROPERTIES(.NORMAL_SHADING.,#10265
  ,(#13072));
#13072 = SURFACE_STYLE_TRANSPARENT(1.);
#13073 = OVER_RIDING_STYLED_ITEM('overriding color',(#13074),#9849,
  #10258);
#13074 = PRESENTATION_STYLE_ASSIGNMENT((#13075));
#13075 = SURFACE_STYLE_USAGE(.BOTH.,#13076);
#13076 = SURFACE_SIDE_STYLE('',(#13077,#13080));
#13077 = SURFACE_STYLE_FILL_AREA(#13078);
#13078 = FILL_AREA_STYLE('',(#13079));
#13079 = FILL_AREA_STYLE_COLOUR('',#10265);
#13080 = SURFACE_STYLE_RENDERING_WITH_PROPERTIES(.NORMAL_SHADING.,#10265
  ,(#13081));
#13081 = SURFACE_STYLE_TRANSPARENT(1.);
#13082 = OVER_RIDING_STYLED_ITEM('overriding color',(#13083),#9866,
  #10258);
#13083 = PRESENTATION_STYLE_ASSIGNMENT((#13084));
#13084 = SURFACE_STYLE_USAGE(.BOTH.,#13085);
#13085 = SURFACE_SIDE_STYLE('',(#13086,#13089));
#13086 = SURFACE_STYLE_FILL_AREA(#13087);
#13087 = FILL_AREA_STYLE('',(#13088));
#13088 = FILL_AREA_STYLE_COLOUR('',#10265);
#13089 = SURFACE_STYLE_RENDERING_WITH_PROPERTIES(.NORMAL_SHADING.,#10265
  ,(#13090));
#13090 = SURFACE_STYLE_TRANSPARENT(1.);
#13091 = OVER_RIDING_STYLED_ITEM('overriding color',(#13092),#9878,
  #10258);
#13092 = PRESENTATION_STYLE_ASSIGNMENT((#13093));
#13093 = SURFACE_STYLE_USAGE(.BOTH.,#13094);
#13094 = SURFACE_SIDE_STYLE('',(#13095,#13098));
#13095 = SURFACE_STYLE_FILL_AREA(#13096);
#13096 = FILL_AREA_STYLE('',(#13097));
#13097 = FILL_AREA_STYLE_COLOUR('',#10265);
#13098 = SURFACE_STYLE_RENDERING_WITH_PROPERTIES(.NORMAL_SHADING.,#10265
  ,(#13099));
#13099 = SURFACE_STYLE_TRANSPARENT(1.);
#13100 = OVER_RIDING_STYLED_ITEM('overriding color',(#13101),#9910,
  #10258);
#13101 = PRESENTATION_STYLE_ASSIGNMENT((#13102));
#13102 = SURFACE_STYLE_USAGE(.BOTH.,#13103);
#13103 = SURFACE_SIDE_STYLE('',(#13104,#13107));
#13104 = SURFACE_STYLE_FILL_AREA(#13105);
#13105 = FILL_AREA_STYLE('',(#13106));
#13106 = FILL_AREA_STYLE_COLOUR('',#10265);
#13107 = SURFACE_STYLE_RENDERING_WITH_PROPERTIES(.NORMAL_SHADING.,#10265
  ,(#13108));
#13108 = SURFACE_STYLE_TRANSPARENT(1.);
#13109 = OVER_RIDING_STYLED_ITEM('overriding color',(#13110),#9934,
  #10258);
#13110 = PRESENTATION_STYLE_ASSIGNMENT((#13111));
#13111 = SURFACE_STYLE_USAGE(.BOTH.,#13112);
#13112 = SURFACE_SIDE_STYLE('',(#13113,#13116));
#13113 = SURFACE_STYLE_FILL_AREA(#13114);
#13114 = FILL_AREA_STYLE('',(#13115));
#13115 = FILL_AREA_STYLE_COLOUR('',#10265);
#13116 = SURFACE_STYLE_RENDERING_WITH_PROPERTIES(.NORMAL_SHADING.,#10265
  ,(#13117));
#13117 = SURFACE_STYLE_TRANSPARENT(1.);
#13118 = OVER_RIDING_STYLED_ITEM('overriding color',(#13119),#9959,
  #10258);
#13119 = PRESENTATION_STYLE_ASSIGNMENT((#13120));
#13120 = SURFACE_STYLE_USAGE(.BOTH.,#13121);
#13121 = SURFACE_SIDE_STYLE('',(#13122,#13125));
#13122 = SURFACE_STYLE_FILL_AREA(#13123);
#13123 = FILL_AREA_STYLE('',(#13124));
#13124 = FILL_AREA_STYLE_COLOUR('',#10265);
#13125 = SURFACE_STYLE_RENDERING_WITH_PROPERTIES(.NORMAL_SHADING.,#10265
  ,(#13126));
#13126 = SURFACE_STYLE_TRANSPARENT(1.);
#13127 = OVER_RIDING_STYLED_ITEM('overriding color',(#13128),#9983,
  #10258);
#13128 = PRESENTATION_STYLE_ASSIGNMENT((#13129));
#13129 = SURFACE_STYLE_USAGE(.BOTH.,#13130);
#13130 = SURFACE_SIDE_STYLE('',(#13131,#13134));
#13131 = SURFACE_STYLE_FILL_AREA(#13132);
#13132 = FILL_AREA_STYLE('',(#13133));
#13133 = FILL_AREA_STYLE_COLOUR('',#10265);
#13134 = SURFACE_STYLE_RENDERING_WITH_PROPERTIES(.NORMAL_SHADING.,#10265
  ,(#13135));
#13135 = SURFACE_STYLE_TRANSPARENT(1.);
#13136 = OVER_RIDING_STYLED_ITEM('overriding color',(#13137),#10008,
  #10258);
#13137 = PRESENTATION_STYLE_ASSIGNMENT((#13138));
#13138 = SURFACE_STYLE_USAGE(.BOTH.,#13139);
#13139 = SURFACE_SIDE_STYLE('',(#13140,#13143));
#13140 = SURFACE_STYLE_FILL_AREA(#13141);
#13141 = FILL_AREA_STYLE('',(#13142));
#13142 = FILL_AREA_STYLE_COLOUR('',#10265);
#13143 = SURFACE_STYLE_RENDERING_WITH_PROPERTIES(.NORMAL_SHADING.,#10265
  ,(#13144));
#13144 = SURFACE_STYLE_TRANSPARENT(1.);
#13145 = OVER_RIDING_STYLED_ITEM('overriding color',(#13146),#10032,
  #10258);
#13146 = PRESENTATION_STYLE_ASSIGNMENT((#13147));
#13147 = SURFACE_STYLE_USAGE(.BOTH.,#13148);
#13148 = SURFACE_SIDE_STYLE('',(#13149,#13152));
#13149 = SURFACE_STYLE_FILL_AREA(#13150);
#13150 = FILL_AREA_STYLE('',(#13151));
#13151 = FILL_AREA_STYLE_COLOUR('',#10265);
#13152 = SURFACE_STYLE_RENDERING_WITH_PROPERTIES(.NORMAL_SHADING.,#10265
  ,(#13153));
#13153 = SURFACE_STYLE_TRANSPARENT(1.);
#13154 = OVER_RIDING_STYLED_ITEM('overriding color',(#13155),#10057,
  #10258);
#13155 = PRESENTATION_STYLE_ASSIGNMENT((#13156));
#13156 = SURFACE_STYLE_USAGE(.BOTH.,#13157);
#13157 = SURFACE_SIDE_STYLE('',(#13158,#13161));
#13158 = SURFACE_STYLE_FILL_AREA(#13159);
#13159 = FILL_AREA_STYLE('',(#13160));
#13160 = FILL_AREA_STYLE_COLOUR('',#10265);
#13161 = SURFACE_STYLE_RENDERING_WITH_PROPERTIES(.NORMAL_SHADING.,#10265
  ,(#13162));
#13162 = SURFACE_STYLE_TRANSPARENT(1.);
#13163 = OVER_RIDING_STYLED_ITEM('overriding color',(#13164),#10074,
  #10258);
#13164 = PRESENTATION_STYLE_ASSIGNMENT((#13165));
#13165 = SURFACE_STYLE_USAGE(.BOTH.,#13166);
#13166 = SURFACE_SIDE_STYLE('',(#13167,#13170));
#13167 = SURFACE_STYLE_FILL_AREA(#13168);
#13168 = FILL_AREA_STYLE('',(#13169));
#13169 = FILL_AREA_STYLE_COLOUR('',#10265);
#13170 = SURFACE_STYLE_RENDERING_WITH_PROPERTIES(.NORMAL_SHADING.,#10265
  ,(#13171));
#13171 = SURFACE_STYLE_TRANSPARENT(1.);
#13172 = OVER_RIDING_STYLED_ITEM('overriding color',(#13173),#10109,
  #10258);
#13173 = PRESENTATION_STYLE_ASSIGNMENT((#13174));
#13174 = SURFACE_STYLE_USAGE(.BOTH.,#13175);
#13175 = SURFACE_SIDE_STYLE('',(#13176,#13179));
#13176 = SURFACE_STYLE_FILL_AREA(#13177);
#13177 = FILL_AREA_STYLE('',(#13178));
#13178 = FILL_AREA_STYLE_COLOUR('',#10265);
#13179 = SURFACE_STYLE_RENDERING_WITH_PROPERTIES(.NORMAL_SHADING.,#10265
  ,(#13180));
#13180 = SURFACE_STYLE_TRANSPARENT(1.);
#13181 = OVER_RIDING_STYLED_ITEM('overriding color',(#13182),#10133,
  #10258);
#13182 = PRESENTATION_STYLE_ASSIGNMENT((#13183));
#13183 = SURFACE_STYLE_USAGE(.BOTH.,#13184);
#13184 = SURFACE_SIDE_STYLE('',(#13185,#13188));
#13185 = SURFACE_STYLE_FILL_AREA(#13186);
#13186 = FILL_AREA_STYLE('',(#13187));
#13187 = FILL_AREA_STYLE_COLOUR('',#10265);
#13188 = SURFACE_STYLE_RENDERING_WITH_PROPERTIES(.NORMAL_SHADING.,#10265
  ,(#13189));
#13189 = SURFACE_STYLE_TRANSPARENT(1.);
#13190 = OVER_RIDING_STYLED_ITEM('overriding color',(#13191),#10151,
  #10258);
#13191 = PRESENTATION_STYLE_ASSIGNMENT((#13192));
#13192 = SURFACE_STYLE_USAGE(.BOTH.,#13193);
#13193 = SURFACE_SIDE_STYLE('',(#13194,#13197));
#13194 = SURFACE_STYLE_FILL_AREA(#13195);
#13195 = FILL_AREA_STYLE('',(#13196));
#13196 = FILL_AREA_STYLE_COLOUR('',#10265);
#13197 = SURFACE_STYLE_RENDERING_WITH_PROPERTIES(.NORMAL_SHADING.,#10265
  ,(#13198));
#13198 = SURFACE_STYLE_TRANSPARENT(1.);
#13199 = OVER_RIDING_STYLED_ITEM('overriding color',(#13200),#10163,
  #10258);
#13200 = PRESENTATION_STYLE_ASSIGNMENT((#13201));
#13201 = SURFACE_STYLE_USAGE(.BOTH.,#13202);
#13202 = SURFACE_SIDE_STYLE('',(#13203));
#13203 = SURFACE_STYLE_FILL_AREA(#13204);
#13204 = FILL_AREA_STYLE('',(#13205));
#13205 = FILL_AREA_STYLE_COLOUR('',#10265);
#13206 = OVER_RIDING_STYLED_ITEM('overriding color',(#13207),#10207,
  #10258);
#13207 = PRESENTATION_STYLE_ASSIGNMENT((#13208));
#13208 = SURFACE_STYLE_USAGE(.BOTH.,#13209);
#13209 = SURFACE_SIDE_STYLE('',(#13210));
#13210 = SURFACE_STYLE_FILL_AREA(#13211);
#13211 = FILL_AREA_STYLE('',(#13212));
#13212 = FILL_AREA_STYLE_COLOUR('',#10265);
#13213 = OVER_RIDING_STYLED_ITEM('overriding color',(#13214),#10223,
  #10258);
#13214 = PRESENTATION_STYLE_ASSIGNMENT((#13215));
#13215 = SURFACE_STYLE_USAGE(.BOTH.,#13216);
#13216 = SURFACE_SIDE_STYLE('',(#13217,#13220));
#13217 = SURFACE_STYLE_FILL_AREA(#13218);
#13218 = FILL_AREA_STYLE('',(#13219));
#13219 = FILL_AREA_STYLE_COLOUR('',#10265);
#13220 = SURFACE_STYLE_RENDERING_WITH_PROPERTIES(.NORMAL_SHADING.,#10265
  ,(#13221));
#13221 = SURFACE_STYLE_TRANSPARENT(1.);
#13222 = OVER_RIDING_STYLED_ITEM('overriding color',(#13223),#10237,
  #10258);
#13223 = PRESENTATION_STYLE_ASSIGNMENT((#13224));
#13224 = SURFACE_STYLE_USAGE(.BOTH.,#13225);
#13225 = SURFACE_SIDE_STYLE('',(#13226,#13229));
#13226 = SURFACE_STYLE_FILL_AREA(#13227);
#13227 = FILL_AREA_STYLE('',(#13228));
#13228 = FILL_AREA_STYLE_COLOUR('',#10265);
#13229 = SURFACE_STYLE_RENDERING_WITH_PROPERTIES(.NORMAL_SHADING.,#10265
  ,(#13230));
#13230 = SURFACE_STYLE_TRANSPARENT(1.);
ENDSEC;
END-ISO-10303-21;
