ISO-10303-21;
HEADER;
FILE_DESCRIPTION(('FreeCAD Model'),'2;1');
FILE_NAME('Open CASCADE Shape Model','2025-11-16T15:22:01',(''),(''),
  'Open CASCADE STEP processor 7.8','FreeCAD','Unknown');
FILE_SCHEMA(('AUTOMOTIVE_DESIGN { 1 0 10303 214 1 1 1 1 }'));
ENDSEC;
DATA;
#1 = APPLICATION_PROTOCOL_DEFINITION('international standard',
  'automotive_design',2000,#2);
#2 = APPLICATION_CONTEXT(
  'core data for automotive mechanical design processes');
#3 = SHAPE_DEFINITION_REPRESENTATION(#4,#10);
#4 = PRODUCT_DEFINITION_SHAPE('','',#5);
#5 = PRODUCT_DEFINITION('design','',#6,#9);
#6 = PRODUCT_DEFINITION_FORMATION('','',#7);
#7 = PRODUCT('Fusion008','Fusion008','',(#8));
#8 = PRODUCT_CONTEXT('',#2,'mechanical');
#9 = PRODUCT_DEFINITION_CONTEXT('part definition',#2,'design');
#10 = SHAPE_REPRESENTATION('',(#11,#15,#6003),#6219);
#11 = AXIS2_PLACEMENT_3D('',#12,#13,#14);
#12 = CARTESIAN_POINT('',(0.,0.,0.));
#13 = DIRECTION('',(0.,0.,1.));
#14 = DIRECTION('',(1.,0.,-0.));
#15 = MANIFOLD_SOLID_BREP('',#16);
#16 = CLOSED_SHELL('',(#17,#86,#162,#221,#260,#308,#347,#379,#479,#510,
    #615,#689,#715,#739,#804,#852,#894,#961,#978,#990,#1014,#1038,#1070,
    #1102,#1128,#1225,#1389,#1553,#1571,#1604,#1740,#1765,#1804,#1829,
    #1931,#1948,#1972,#2012,#2029,#2096,#2113,#2123,#2149,#2199,#2281,
    #2298,#2310,#2335,#2360,#2434,#2452,#2470,#2533,#2579,#2635,#2661,
    #2687,#2713,#2743,#2768,#2793,#2904,#2923,#2948,#2973,#2991,#3047,
    #3086,#3110,#3127,#3147,#3205,#3221,#3257,#3269,#3286,#3318,#3341,
    #3374,#3504,#3521,#3537,#3569,#3592,#3622,#3721,#3743,#3782,#3799,
    #3824,#3849,#3869,#3889,#3924,#3936,#3969,#3999,#4011,#4033,#4045,
    #4070,#4095,#4120,#4137,#4154,#4227,#4244,#4261,#4280,#4292,#4318,
    #4331,#4351,#4376,#4396,#4459,#4483,#4514,#4570,#4604,#4628,#4699,
    #4723,#4750,#4775,#4800,#4812,#4824,#4849,#4874,#4899,#4924,#4936,
    #4961,#4986,#5018,#5042,#5073,#5104,#5121,#5194,#5211,#5243,#5274,
    #5305,#5322,#5347,#5371,#5387,#5408,#5434,#5456,#5474,#5486,#5498,
    #5507,#5516,#5535,#5551,#5567,#5589,#5611,#5667,#5684,#5709,#5734,
    #5759,#5784,#5795,#5811,#5836,#5861,#5873,#5890,#5907,#5924,#5941,
    #5950,#5959,#5987));
#17 = ADVANCED_FACE('',(#18),#81,.F.);
#18 = FACE_BOUND('',#19,.F.);
#19 = EDGE_LOOP('',(#20,#31,#39,#46,#47,#56,#65,#74));
#20 = ORIENTED_EDGE('',*,*,#21,.F.);
#21 = EDGE_CURVE('',#22,#24,#26,.T.);
#22 = VERTEX_POINT('',#23);
#23 = CARTESIAN_POINT('',(-9.960500000094,-8.499999998214,14.25));
#24 = VERTEX_POINT('',#25);
#25 = CARTESIAN_POINT('',(-14.71055654741,-8.499999997363,15.5));
#26 = CIRCLE('',#27,2.539499999882);
#27 = AXIS2_PLACEMENT_3D('',#28,#29,#30);
#28 = CARTESIAN_POINT('',(-12.5,-8.499999997759,14.25));
#29 = DIRECTION('',(0.,1.,-2.22044604925E-16));
#30 = DIRECTION('',(1.,0.,0.));
#31 = ORIENTED_EDGE('',*,*,#32,.F.);
#32 = EDGE_CURVE('',#33,#22,#35,.T.);
#33 = VERTEX_POINT('',#34);
#34 = CARTESIAN_POINT('',(-9.95,-8.7,14.25));
#35 = LINE('',#36,#37);
#36 = CARTESIAN_POINT('',(-9.95,-8.7,14.25));
#37 = VECTOR('',#38,1.);
#38 = DIRECTION('',(-5.242779765904E-02,0.998624717315,
    -2.345803377425E-16));
#39 = ORIENTED_EDGE('',*,*,#40,.T.);
#40 = EDGE_CURVE('',#33,#33,#41,.T.);
#41 = CIRCLE('',#42,2.55);
#42 = AXIS2_PLACEMENT_3D('',#43,#44,#45);
#43 = CARTESIAN_POINT('',(-12.5,-8.7,14.25));
#44 = DIRECTION('',(0.,1.,-2.22044604925E-16));
#45 = DIRECTION('',(1.,0.,0.));
#46 = ORIENTED_EDGE('',*,*,#32,.T.);
#47 = ORIENTED_EDGE('',*,*,#48,.F.);
#48 = EDGE_CURVE('',#49,#22,#51,.T.);
#49 = VERTEX_POINT('',#50);
#50 = CARTESIAN_POINT('',(-10.28944345254,-8.499999998155,15.5));
#51 = CIRCLE('',#52,2.539499999882);
#52 = AXIS2_PLACEMENT_3D('',#53,#54,#55);
#53 = CARTESIAN_POINT('',(-12.5,-8.499999997759,14.25));
#54 = DIRECTION('',(0.,1.,-2.22044604925E-16));
#55 = DIRECTION('',(1.,0.,0.));
#56 = ORIENTED_EDGE('',*,*,#57,.F.);
#57 = EDGE_CURVE('',#58,#49,#60,.T.);
#58 = VERTEX_POINT('',#59);
#59 = CARTESIAN_POINT('',(-11.37962992039,7.897918474023,15.5));
#60 = HYPERBOLA('',#61,23.809523809524,1.25);
#61 = AXIS2_PLACEMENT_3D('',#62,#63,#64);
#62 = CARTESIAN_POINT('',(-12.5,39.871428571429,15.5));
#63 = DIRECTION('',(1.2E-16,-2.15144568827E-26,1.));
#64 = DIRECTION('',(-2.664535259359E-32,-1.,-2.15144568827E-26));
#65 = ORIENTED_EDGE('',*,*,#66,.F.);
#66 = EDGE_CURVE('',#67,#58,#69,.T.);
#67 = VERTEX_POINT('',#68);
#68 = CARTESIAN_POINT('',(-13.62037007957,7.897918474425,15.5));
#69 = ELLIPSE('',#70,2.473537462509,1.746643033461);
#70 = AXIS2_PLACEMENT_3D('',#71,#72,#73);
#71 = CARTESIAN_POINT('',(-12.49999999998,6.556093080778,14.158174606554
    ));
#72 = DIRECTION('',(1.267750629608E-10,0.707106781187,-0.707106781187));
#73 = DIRECTION('',(1.267750629608E-10,-0.707106781187,-0.707106781187)
  );
#74 = ORIENTED_EDGE('',*,*,#75,.F.);
#75 = EDGE_CURVE('',#24,#67,#76,.T.);
#76 = HYPERBOLA('',#77,23.809523809524,1.25);
#77 = AXIS2_PLACEMENT_3D('',#78,#79,#80);
#78 = CARTESIAN_POINT('',(-12.5,39.871428571429,15.5));
#79 = DIRECTION('',(1.2E-16,-2.15144568827E-26,1.));
#80 = DIRECTION('',(-2.664535259359E-32,-1.,-2.15144568827E-26));
#81 = CONICAL_SURFACE('',#82,2.55,5.245184523589E-02);
#82 = AXIS2_PLACEMENT_3D('',#83,#84,#85);
#83 = CARTESIAN_POINT('',(-12.5,-8.7,14.25));
#84 = DIRECTION('',(-0.,-1.,2.22044604925E-16));
#85 = DIRECTION('',(1.,0.,0.));
#86 = ADVANCED_FACE('',(#87,#113,#124,#135,#146),#157,.F.);
#87 = FACE_BOUND('',#88,.F.);
#88 = EDGE_LOOP('',(#89,#97,#106,#112));
#89 = ORIENTED_EDGE('',*,*,#90,.F.);
#90 = EDGE_CURVE('',#91,#49,#93,.T.);
#91 = VERTEX_POINT('',#92);
#92 = CARTESIAN_POINT('',(10.28944345232,-8.500000001845,15.5));
#93 = LINE('',#94,#95);
#94 = CARTESIAN_POINT('',(15.400000003848,-8.500000002761,15.5));
#95 = VECTOR('',#96,1.);
#96 = DIRECTION('',(-1.,1.792871706892E-10,1.2E-16));
#97 = ORIENTED_EDGE('',*,*,#98,.T.);
#98 = EDGE_CURVE('',#91,#99,#101,.T.);
#99 = VERTEX_POINT('',#100);
#100 = CARTESIAN_POINT('',(11.37962992007,7.897918469943,15.5));
#101 = HYPERBOLA('',#102,23.809523809524,1.25);
#102 = AXIS2_PLACEMENT_3D('',#103,#104,#105);
#103 = CARTESIAN_POINT('',(12.5,39.871428571429,15.5));
#104 = DIRECTION('',(1.2E-16,-2.15144568827E-26,1.));
#105 = DIRECTION('',(-2.664535259359E-32,-1.,-2.15144568827E-26));
#106 = ORIENTED_EDGE('',*,*,#107,.F.);
#107 = EDGE_CURVE('',#58,#99,#108,.T.);
#108 = LINE('',#109,#110);
#109 = CARTESIAN_POINT('',(6.787442185285E-09,7.897918471983,15.5));
#110 = VECTOR('',#111,1.);
#111 = DIRECTION('',(1.,-1.792871406892E-10,-1.2E-16));
#112 = ORIENTED_EDGE('',*,*,#57,.T.);
#113 = FACE_BOUND('',#114,.F.);
#114 = EDGE_LOOP('',(#115));
#115 = ORIENTED_EDGE('',*,*,#116,.F.);
#116 = EDGE_CURVE('',#117,#117,#119,.T.);
#117 = VERTEX_POINT('',#118);
#118 = CARTESIAN_POINT('',(6.500000004081,-7.200000001165,15.5));
#119 = CIRCLE('',#120,1.2);
#120 = AXIS2_PLACEMENT_3D('',#121,#122,#123);
#121 = CARTESIAN_POINT('',(6.500000004296,-6.000000001165,15.5));
#122 = DIRECTION('',(-0.,0.,1.));
#123 = DIRECTION('',(1.,-1.792871406892E-10,0.));
#124 = FACE_BOUND('',#125,.F.);
#125 = EDGE_LOOP('',(#126));
#126 = ORIENTED_EDGE('',*,*,#127,.F.);
#127 = EDGE_CURVE('',#128,#128,#130,.T.);
#128 = VERTEX_POINT('',#129);
#129 = CARTESIAN_POINT('',(6.500000006232,4.799999998835,15.5));
#130 = CIRCLE('',#131,1.2);
#131 = AXIS2_PLACEMENT_3D('',#132,#133,#134);
#132 = CARTESIAN_POINT('',(6.500000006447,5.999999998835,15.5));
#133 = DIRECTION('',(-0.,0.,1.));
#134 = DIRECTION('',(1.,-1.792871406892E-10,0.));
#135 = FACE_BOUND('',#136,.F.);
#136 = EDGE_LOOP('',(#137));
#137 = ORIENTED_EDGE('',*,*,#138,.F.);
#138 = EDGE_CURVE('',#139,#139,#141,.T.);
#139 = VERTEX_POINT('',#140);
#140 = CARTESIAN_POINT('',(-6.499999995919,-7.199999998835,15.5));
#141 = CIRCLE('',#142,1.2);
#142 = AXIS2_PLACEMENT_3D('',#143,#144,#145);
#143 = CARTESIAN_POINT('',(-6.499999995704,-5.999999998835,15.5));
#144 = DIRECTION('',(-0.,0.,1.));
#145 = DIRECTION('',(1.,-1.792871406892E-10,0.));
#146 = FACE_BOUND('',#147,.F.);
#147 = EDGE_LOOP('',(#148));
#148 = ORIENTED_EDGE('',*,*,#149,.F.);
#149 = EDGE_CURVE('',#150,#150,#152,.T.);
#150 = VERTEX_POINT('',#151);
#151 = CARTESIAN_POINT('',(-6.499999993768,4.800000001165,15.5));
#152 = CIRCLE('',#153,1.2);
#153 = AXIS2_PLACEMENT_3D('',#154,#155,#156);
#154 = CARTESIAN_POINT('',(-6.499999993553,6.000000001165,15.5));
#155 = DIRECTION('',(-0.,0.,1.));
#156 = DIRECTION('',(1.,-1.792871406892E-10,0.));
#157 = PLANE('',#158);
#158 = AXIS2_PLACEMENT_3D('',#159,#160,#161);
#159 = CARTESIAN_POINT('',(15.400000006895,8.499999997239,15.5));
#160 = DIRECTION('',(1.2E-16,-2.15144568827E-26,1.));
#161 = DIRECTION('',(1.792871406892E-10,1.,0.));
#162 = ADVANCED_FACE('',(#163),#216,.F.);
#163 = FACE_BOUND('',#164,.F.);
#164 = EDGE_LOOP('',(#165,#174,#182,#189,#190,#199,#208,#215));
#165 = ORIENTED_EDGE('',*,*,#166,.F.);
#166 = EDGE_CURVE('',#167,#91,#169,.T.);
#167 = VERTEX_POINT('',#168);
#168 = CARTESIAN_POINT('',(15.039500000142,-8.500000002696,14.25));
#169 = CIRCLE('',#170,2.539500000118);
#170 = AXIS2_PLACEMENT_3D('',#171,#172,#173);
#171 = CARTESIAN_POINT('',(12.5,-8.500000002241,14.25));
#172 = DIRECTION('',(0.,1.,-2.22044604925E-16));
#173 = DIRECTION('',(1.,0.,0.));
#174 = ORIENTED_EDGE('',*,*,#175,.F.);
#175 = EDGE_CURVE('',#176,#167,#178,.T.);
#176 = VERTEX_POINT('',#177);
#177 = CARTESIAN_POINT('',(15.05,-8.7,14.25));
#178 = LINE('',#179,#180);
#179 = CARTESIAN_POINT('',(15.05,-8.7,14.25));
#180 = VECTOR('',#181,1.);
#181 = DIRECTION('',(-5.242779765904E-02,0.998624717315,
    -2.345803377425E-16));
#182 = ORIENTED_EDGE('',*,*,#183,.T.);
#183 = EDGE_CURVE('',#176,#176,#184,.T.);
#184 = CIRCLE('',#185,2.55);
#185 = AXIS2_PLACEMENT_3D('',#186,#187,#188);
#186 = CARTESIAN_POINT('',(12.5,-8.7,14.25));
#187 = DIRECTION('',(0.,1.,-2.22044604925E-16));
#188 = DIRECTION('',(1.,0.,0.));
#189 = ORIENTED_EDGE('',*,*,#175,.T.);
#190 = ORIENTED_EDGE('',*,*,#191,.F.);
#191 = EDGE_CURVE('',#192,#167,#194,.T.);
#192 = VERTEX_POINT('',#193);
#193 = CARTESIAN_POINT('',(14.710556547728,-8.500000002637,15.5));
#194 = CIRCLE('',#195,2.539500000118);
#195 = AXIS2_PLACEMENT_3D('',#196,#197,#198);
#196 = CARTESIAN_POINT('',(12.5,-8.500000002241,14.25));
#197 = DIRECTION('',(0.,1.,-2.22044604925E-16));
#198 = DIRECTION('',(1.,0.,0.));
#199 = ORIENTED_EDGE('',*,*,#200,.F.);
#200 = EDGE_CURVE('',#201,#192,#203,.T.);
#201 = VERTEX_POINT('',#202);
#202 = CARTESIAN_POINT('',(13.620370079962,7.897918469541,15.5));
#203 = HYPERBOLA('',#204,23.809523809524,1.25);
#204 = AXIS2_PLACEMENT_3D('',#205,#206,#207);
#205 = CARTESIAN_POINT('',(12.5,39.871428571429,15.5));
#206 = DIRECTION('',(1.2E-16,-2.15144568827E-26,1.));
#207 = DIRECTION('',(-2.664535259359E-32,-1.,-2.15144568827E-26));
#208 = ORIENTED_EDGE('',*,*,#209,.F.);
#209 = EDGE_CURVE('',#99,#201,#210,.T.);
#210 = ELLIPSE('',#211,2.473537462843,1.746643033696);
#211 = AXIS2_PLACEMENT_3D('',#212,#213,#214);
#212 = CARTESIAN_POINT('',(12.500000000016,6.556093076283,
    14.158174606542));
#213 = DIRECTION('',(1.267750629608E-10,0.707106781187,-0.707106781187)
  );
#214 = DIRECTION('',(1.267750629608E-10,-0.707106781187,-0.707106781187)
  );
#215 = ORIENTED_EDGE('',*,*,#98,.F.);
#216 = CONICAL_SURFACE('',#217,2.55,5.245184523589E-02);
#217 = AXIS2_PLACEMENT_3D('',#218,#219,#220);
#218 = CARTESIAN_POINT('',(12.5,-8.7,14.25));
#219 = DIRECTION('',(-0.,-1.,2.22044604925E-16));
#220 = DIRECTION('',(1.,0.,0.));
#221 = ADVANCED_FACE('',(#222),#255,.F.);
#222 = FACE_BOUND('',#223,.F.);
#223 = EDGE_LOOP('',(#224,#225,#233,#241,#249));
#224 = ORIENTED_EDGE('',*,*,#200,.T.);
#225 = ORIENTED_EDGE('',*,*,#226,.F.);
#226 = EDGE_CURVE('',#227,#192,#229,.T.);
#227 = VERTEX_POINT('',#228);
#228 = CARTESIAN_POINT('',(15.400000003848,-8.500000002761,15.5));
#229 = LINE('',#230,#231);
#230 = CARTESIAN_POINT('',(13.651933238764,-8.500000002448,15.5));
#231 = VECTOR('',#232,1.);
#232 = DIRECTION('',(-1.,1.792871406892E-10,0.));
#233 = ORIENTED_EDGE('',*,*,#234,.T.);
#234 = EDGE_CURVE('',#227,#235,#237,.T.);
#235 = VERTEX_POINT('',#236);
#236 = CARTESIAN_POINT('',(15.400000004027,-7.500000012267,
    15.500000000002));
#237 = LINE('',#238,#239);
#238 = CARTESIAN_POINT('',(15.400000006895,8.499999997239,15.5));
#239 = VECTOR('',#240,1.);
#240 = DIRECTION('',(1.792871706892E-10,1.,0.));
#241 = ORIENTED_EDGE('',*,*,#242,.T.);
#242 = EDGE_CURVE('',#235,#243,#245,.T.);
#243 = VERTEX_POINT('',#244);
#244 = CARTESIAN_POINT('',(15.400000006787,7.897918469222,15.5));
#245 = LINE('',#246,#247);
#246 = CARTESIAN_POINT('',(15.400000004744,-3.500000002761,15.5));
#247 = VECTOR('',#248,1.);
#248 = DIRECTION('',(1.792871706892E-10,1.,0.));
#249 = ORIENTED_EDGE('',*,*,#250,.F.);
#250 = EDGE_CURVE('',#201,#243,#251,.T.);
#251 = LINE('',#252,#253);
#252 = CARTESIAN_POINT('',(6.787442185285E-09,7.897918471983,15.5));
#253 = VECTOR('',#254,1.);
#254 = DIRECTION('',(1.,-1.792871406892E-10,-1.2E-16));
#255 = PLANE('',#256);
#256 = AXIS2_PLACEMENT_3D('',#257,#258,#259);
#257 = CARTESIAN_POINT('',(15.400000006895,8.499999997239,15.5));
#258 = DIRECTION('',(1.2E-16,-2.15144568827E-26,1.));
#259 = DIRECTION('',(1.792871406892E-10,1.,0.));
#260 = ADVANCED_FACE('',(#261),#303,.T.);
#261 = FACE_BOUND('',#262,.T.);
#262 = EDGE_LOOP('',(#263,#273,#281,#289,#297));
#263 = ORIENTED_EDGE('',*,*,#264,.F.);
#264 = EDGE_CURVE('',#265,#267,#269,.T.);
#265 = VERTEX_POINT('',#266);
#266 = CARTESIAN_POINT('',(16.800000003858,-16.3000000016,
    23.349339888592));
#267 = VERTEX_POINT('',#268);
#268 = CARTESIAN_POINT('',(16.600000002413,-16.50000000297,
    23.149339887183));
#269 = LINE('',#270,#271);
#270 = CARTESIAN_POINT('',(6.083553371467,-27.01644663015,
    12.632893258122));
#271 = VECTOR('',#272,1.);
#272 = DIRECTION('',(-0.577350269293,-0.577350269086,-0.57735026919));
#273 = ORIENTED_EDGE('',*,*,#274,.T.);
#274 = EDGE_CURVE('',#265,#275,#277,.T.);
#275 = VERTEX_POINT('',#276);
#276 = CARTESIAN_POINT('',(16.600000002485,-16.10000000015,23.54933989)
  );
#277 = LINE('',#278,#279);
#278 = CARTESIAN_POINT('',(16.466666671054,-15.96666666868,
    23.682673221455));
#279 = VECTOR('',#280,1.);
#280 = DIRECTION('',(-0.577350269086,0.577350269293,0.57735026919));
#281 = ORIENTED_EDGE('',*,*,#282,.F.);
#282 = EDGE_CURVE('',#283,#275,#285,.T.);
#283 = VERTEX_POINT('',#284);
#284 = CARTESIAN_POINT('',(5.425328748014,-16.09999999835,
    23.549339888812));
#285 = LINE('',#286,#287);
#286 = CARTESIAN_POINT('',(16.600000002485,-16.10000000015,23.54933989)
  );
#287 = VECTOR('',#288,1.);
#288 = DIRECTION('',(1.,-1.792871706892E-10,-1.2E-16));
#289 = ORIENTED_EDGE('',*,*,#290,.F.);
#290 = EDGE_CURVE('',#291,#283,#293,.T.);
#291 = VERTEX_POINT('',#292);
#292 = CARTESIAN_POINT('',(5.656333988724,-16.50000000101,
    23.149339887183));
#293 = LINE('',#294,#295);
#294 = CARTESIAN_POINT('',(7.048959282291,-18.91141768983,
    20.737922198617));
#295 = VECTOR('',#296,1.);
#296 = DIRECTION('',(-0.378055834408,0.654627293259,0.654627293191));
#297 = ORIENTED_EDGE('',*,*,#298,.F.);
#298 = EDGE_CURVE('',#267,#291,#299,.T.);
#299 = LINE('',#300,#301);
#300 = CARTESIAN_POINT('',(5.425328747249,-16.50000000097,
    23.149339887183));
#301 = VECTOR('',#302,1.);
#302 = DIRECTION('',(-1.,1.792871706892E-10,1.2E-16));
#303 = PLANE('',#304);
#304 = AXIS2_PLACEMENT_3D('',#305,#306,#307);
#305 = CARTESIAN_POINT('',(15.400000002413,-16.50000000276,
    23.149339887183));
#306 = DIRECTION('',(-1.267750929608E-10,-0.707106781187,0.707106781187)
  );
#307 = DIRECTION('',(-1.,1.792870532627E-10,-2.573593128807E-18));
#308 = ADVANCED_FACE('',(#309),#342,.T.);
#309 = FACE_BOUND('',#310,.T.);
#310 = EDGE_LOOP('',(#311,#321,#327,#328,#336));
#311 = ORIENTED_EDGE('',*,*,#312,.F.);
#312 = EDGE_CURVE('',#313,#315,#317,.T.);
#313 = VERTEX_POINT('',#314);
#314 = CARTESIAN_POINT('',(17.000000002485,-16.10000000304,23.14933989)
  );
#315 = VERTEX_POINT('',#316);
#316 = CARTESIAN_POINT('',(17.000000002485,-16.10000000304,
    12.799999243574));
#317 = LINE('',#318,#319);
#318 = CARTESIAN_POINT('',(17.000000002485,-16.10000000304,
    12.799999243574));
#319 = VECTOR('',#320,1.);
#320 = DIRECTION('',(-0.,0.,-1.));
#321 = ORIENTED_EDGE('',*,*,#322,.T.);
#322 = EDGE_CURVE('',#313,#265,#323,.T.);
#323 = LINE('',#324,#325);
#324 = CARTESIAN_POINT('',(27.249779967656,-5.850220041552,
    12.899559926667));
#325 = VECTOR('',#326,1.);
#326 = DIRECTION('',(-0.577350269293,-0.577350269086,0.57735026919));
#327 = ORIENTED_EDGE('',*,*,#264,.T.);
#328 = ORIENTED_EDGE('',*,*,#329,.F.);
#329 = EDGE_CURVE('',#330,#267,#332,.T.);
#330 = VERTEX_POINT('',#331);
#331 = CARTESIAN_POINT('',(16.600000002413,-16.50000000297,
    12.799999243574));
#332 = LINE('',#333,#334);
#333 = CARTESIAN_POINT('',(16.600000002413,-16.50000000297,
    24.803229896974));
#334 = VECTOR('',#335,1.);
#335 = DIRECTION('',(0.,0.,1.));
#336 = ORIENTED_EDGE('',*,*,#337,.T.);
#337 = EDGE_CURVE('',#330,#315,#338,.T.);
#338 = LINE('',#339,#340);
#339 = CARTESIAN_POINT('',(16.600000002413,-16.50000000297,
    12.799999243574));
#340 = VECTOR('',#341,1.);
#341 = DIRECTION('',(0.707106781313,0.70710678106,0.));
#342 = PLANE('',#343);
#343 = AXIS2_PLACEMENT_3D('',#344,#345,#346);
#344 = CARTESIAN_POINT('',(16.600000002413,-16.50000000297,-8.4));
#345 = DIRECTION('',(0.70710678106,-0.707106781313,0.));
#346 = DIRECTION('',(-0.707106781313,-0.70710678106,0.));
#347 = ADVANCED_FACE('',(#348),#374,.F.);
#348 = FACE_BOUND('',#349,.T.);
#349 = EDGE_LOOP('',(#350,#351,#359,#367,#373));
#350 = ORIENTED_EDGE('',*,*,#322,.F.);
#351 = ORIENTED_EDGE('',*,*,#352,.F.);
#352 = EDGE_CURVE('',#353,#313,#355,.T.);
#353 = VERTEX_POINT('',#354);
#354 = CARTESIAN_POINT('',(17.000000004842,-2.952671973686,23.14933989)
  );
#355 = LINE('',#356,#357);
#356 = CARTESIAN_POINT('',(17.000000006365,5.540801412521,23.14933989));
#357 = VECTOR('',#358,1.);
#358 = DIRECTION('',(-1.792871706892E-10,-1.,0.));
#359 = ORIENTED_EDGE('',*,*,#360,.T.);
#360 = EDGE_CURVE('',#353,#361,#363,.T.);
#361 = VERTEX_POINT('',#362);
#362 = CARTESIAN_POINT('',(16.600000004929,-2.999999997754,
    23.549339888801));
#363 = LINE('',#364,#365);
#364 = CARTESIAN_POINT('',(17.275611103844,-2.920061656359,
    22.873728791004));
#365 = VECTOR('',#366,1.);
#366 = DIRECTION('',(-0.704644889455,-8.337361423943E-02,0.70464488944)
  );
#367 = ORIENTED_EDGE('',*,*,#368,.F.);
#368 = EDGE_CURVE('',#275,#361,#369,.T.);
#369 = LINE('',#370,#371);
#370 = CARTESIAN_POINT('',(16.600000006895,8.499999997024,23.54933989));
#371 = VECTOR('',#372,1.);
#372 = DIRECTION('',(1.792871706892E-10,1.,0.));
#373 = ORIENTED_EDGE('',*,*,#274,.F.);
#374 = PLANE('',#375);
#375 = AXIS2_PLACEMENT_3D('',#376,#377,#378);
#376 = CARTESIAN_POINT('',(16.600000006895,8.499999997024,23.54933989));
#377 = DIRECTION('',(-0.707106781187,1.267751729608E-10,-0.707106781187)
  );
#378 = DIRECTION('',(-1.792871398313E-10,-1.,-2.914213562373E-17));
#379 = ADVANCED_FACE('',(#380,#440),#474,.T.);
#380 = FACE_BOUND('',#381,.T.);
#381 = EDGE_LOOP('',(#382,#383,#384,#392,#400,#409,#418,#426,#434));
#382 = ORIENTED_EDGE('',*,*,#282,.T.);
#383 = ORIENTED_EDGE('',*,*,#368,.T.);
#384 = ORIENTED_EDGE('',*,*,#385,.T.);
#385 = EDGE_CURVE('',#361,#386,#388,.T.);
#386 = VERTEX_POINT('',#387);
#387 = CARTESIAN_POINT('',(4.501246768029,-2.999999999099,
    23.549339888337));
#388 = LINE('',#389,#390);
#389 = CARTESIAN_POINT('',(29.700885800714,-3.000000005325,
    23.549339887183));
#390 = VECTOR('',#391,1.);
#391 = DIRECTION('',(-1.,1.792871706892E-10,0.));
#392 = ORIENTED_EDGE('',*,*,#393,.T.);
#393 = EDGE_CURVE('',#386,#394,#396,.T.);
#394 = VERTEX_POINT('',#395);
#395 = CARTESIAN_POINT('',(4.501246767323,-4.337175447771,
    23.549339888826));
#396 = LINE('',#397,#398);
#397 = CARTESIAN_POINT('',(4.501246763618,-24.36963246753,23.54933989));
#398 = VECTOR('',#399,1.);
#399 = DIRECTION('',(-1.792871406892E-10,-1.,0.));
#400 = ORIENTED_EDGE('',*,*,#401,.T.);
#401 = EDGE_CURVE('',#394,#402,#404,.T.);
#402 = VERTEX_POINT('',#403);
#403 = CARTESIAN_POINT('',(6.50000000383,-8.600000001165,23.54933989));
#404 = CIRCLE('',#405,2.6);
#405 = AXIS2_PLACEMENT_3D('',#406,#407,#408);
#406 = CARTESIAN_POINT('',(6.500000004296,-6.000000001165,23.54933989));
#407 = DIRECTION('',(0.,-0.,-1.));
#408 = DIRECTION('',(1.,-1.792871406892E-10,0.));
#409 = ORIENTED_EDGE('',*,*,#410,.T.);
#410 = EDGE_CURVE('',#402,#411,#413,.T.);
#411 = VERTEX_POINT('',#412);
#412 = CARTESIAN_POINT('',(4.501246766726,-7.662824553843,
    23.549339888826));
#413 = CIRCLE('',#414,2.6);
#414 = AXIS2_PLACEMENT_3D('',#415,#416,#417);
#415 = CARTESIAN_POINT('',(6.500000004296,-6.000000001165,23.54933989));
#416 = DIRECTION('',(0.,-0.,-1.));
#417 = DIRECTION('',(1.,-1.792871406892E-10,0.));
#418 = ORIENTED_EDGE('',*,*,#419,.T.);
#419 = EDGE_CURVE('',#411,#420,#422,.T.);
#420 = VERTEX_POINT('',#421);
#421 = CARTESIAN_POINT('',(4.501246766542,-13.34986768648,
    23.549339888357));
#422 = LINE('',#423,#424);
#423 = CARTESIAN_POINT('',(4.501246763618,-24.36963246753,23.54933989));
#424 = VECTOR('',#425,1.);
#425 = DIRECTION('',(-1.792871406892E-10,-1.,0.));
#426 = ORIENTED_EDGE('',*,*,#427,.T.);
#427 = EDGE_CURVE('',#420,#428,#430,.T.);
#428 = VERTEX_POINT('',#429);
#429 = CARTESIAN_POINT('',(5.425328747814,-13.34986768665,
    23.549339888122));
#430 = LINE('',#431,#432);
#431 = CARTESIAN_POINT('',(5.425328747814,-13.34986768665,
    23.549339887183));
#432 = VECTOR('',#433,1.);
#433 = DIRECTION('',(1.,-1.792871106892E-10,0.));
#434 = ORIENTED_EDGE('',*,*,#435,.T.);
#435 = EDGE_CURVE('',#428,#283,#436,.T.);
#436 = LINE('',#437,#438);
#437 = CARTESIAN_POINT('',(5.425328749943,-1.477684528156,
    23.549339887183));
#438 = VECTOR('',#439,1.);
#439 = DIRECTION('',(-1.792871706892E-10,-1.,0.));
#440 = FACE_BOUND('',#441,.T.);
#441 = EDGE_LOOP('',(#442,#452,#460,#468));
#442 = ORIENTED_EDGE('',*,*,#443,.T.);
#443 = EDGE_CURVE('',#444,#446,#448,.T.);
#444 = VERTEX_POINT('',#445);
#445 = CARTESIAN_POINT('',(9.200000000636,-10.69999999883,23.54933989));
#446 = VERTEX_POINT('',#447);
#447 = CARTESIAN_POINT('',(15.80000000627,-10.70000000001,23.54933989));
#448 = LINE('',#449,#450);
#449 = CARTESIAN_POINT('',(15.400000003453,-10.69999999994,23.54933989)
  );
#450 = VECTOR('',#451,1.);
#451 = DIRECTION('',(1.,-1.792871406892E-10,-1.2E-16));
#452 = ORIENTED_EDGE('',*,*,#453,.T.);
#453 = EDGE_CURVE('',#446,#454,#456,.T.);
#454 = VERTEX_POINT('',#455);
#455 = CARTESIAN_POINT('',(15.80000000566,-14.10000000565,23.54933989));
#456 = LINE('',#457,#458);
#457 = CARTESIAN_POINT('',(15.800000005732,-13.70000000283,23.54933989)
  );
#458 = VECTOR('',#459,1.);
#459 = DIRECTION('',(-1.792871706892E-10,-1.,0.));
#460 = ORIENTED_EDGE('',*,*,#461,.T.);
#461 = EDGE_CURVE('',#454,#462,#464,.T.);
#462 = VERTEX_POINT('',#463);
#463 = CARTESIAN_POINT('',(9.200000000026,-14.10000000446,23.54933989));
#464 = LINE('',#465,#466);
#465 = CARTESIAN_POINT('',(9.600000002843,-14.10000000453,23.54933989));
#466 = VECTOR('',#467,1.);
#467 = DIRECTION('',(-1.,1.792871406892E-10,1.2E-16));
#468 = ORIENTED_EDGE('',*,*,#469,.T.);
#469 = EDGE_CURVE('',#462,#444,#470,.T.);
#470 = LINE('',#471,#472);
#471 = CARTESIAN_POINT('',(9.200000000564,-11.10000000164,23.54933989));
#472 = VECTOR('',#473,1.);
#473 = DIRECTION('',(1.792871706892E-10,1.,0.));
#474 = PLANE('',#475);
#475 = AXIS2_PLACEMENT_3D('',#476,#477,#478);
#476 = CARTESIAN_POINT('',(15.400000006895,8.499999997239,23.54933989));
#477 = DIRECTION('',(1.2E-16,-2.15144568827E-26,1.));
#478 = DIRECTION('',(1.792871406892E-10,1.,0.));
#479 = ADVANCED_FACE('',(#480),#505,.F.);
#480 = FACE_BOUND('',#481,.T.);
#481 = EDGE_LOOP('',(#482,#483,#491,#499));
#482 = ORIENTED_EDGE('',*,*,#290,.T.);
#483 = ORIENTED_EDGE('',*,*,#484,.F.);
#484 = EDGE_CURVE('',#485,#283,#487,.T.);
#485 = VERTEX_POINT('',#486);
#486 = CARTESIAN_POINT('',(2.945731821637,-16.09999999771,
    19.252128712751));
#487 = LINE('',#488,#489);
#488 = CARTESIAN_POINT('',(5.425328747321,-16.09999999815,
    23.549339887183));
#489 = VECTOR('',#490,1.);
#490 = DIRECTION('',(0.499788482351,-8.96056679501E-11,0.86614748912));
#491 = ORIENTED_EDGE('',*,*,#492,.F.);
#492 = EDGE_CURVE('',#493,#485,#495,.T.);
#493 = VERTEX_POINT('',#494);
#494 = CARTESIAN_POINT('',(3.176769612917,-16.50000000057,
    18.852185122605));
#495 = LINE('',#496,#497);
#496 = CARTESIAN_POINT('',(2.945731821637,-16.09999999771,
    19.252128712751));
#497 = VECTOR('',#498,1.);
#498 = DIRECTION('',(-0.378124342675,0.654653670781,0.65456134381));
#499 = ORIENTED_EDGE('',*,*,#500,.F.);
#500 = EDGE_CURVE('',#291,#493,#501,.T.);
#501 = LINE('',#502,#503);
#502 = CARTESIAN_POINT('',(-5.56722078062,-16.499999999,3.698603974385)
  );
#503 = VECTOR('',#504,1.);
#504 = DIRECTION('',(-0.499788482351,8.96056679501E-11,-0.86614748912));
#505 = PLANE('',#506);
#506 = AXIS2_PLACEMENT_3D('',#507,#508,#509);
#507 = CARTESIAN_POINT('',(5.425328747321,-16.09999999815,
    23.549339887183));
#508 = DIRECTION('',(0.612458763191,0.707106781077,-0.353403825029));
#509 = DIRECTION('',(-0.499788482351,8.960606428374E-11,-0.86614748912)
  );
#510 = ADVANCED_FACE('',(#511,#588,#599),#610,.F.);
#511 = FACE_BOUND('',#512,.F.);
#512 = EDGE_LOOP('',(#513,#523,#529,#530,#531,#532,#541,#549,#557,#565,
    #574,#582));
#513 = ORIENTED_EDGE('',*,*,#514,.F.);
#514 = EDGE_CURVE('',#515,#517,#519,.T.);
#515 = VERTEX_POINT('',#516);
#516 = CARTESIAN_POINT('',(-3.174083164926,-16.49999999943,
    18.850634102226));
#517 = VERTEX_POINT('',#518);
#518 = CARTESIAN_POINT('',(-5.657342086611,-16.49999999898,
    23.149339884366));
#519 = LINE('',#520,#521);
#520 = CARTESIAN_POINT('',(13.276563535423,-16.50000000238,
    -9.626658166091));
#521 = VECTOR('',#522,1.);
#522 = DIRECTION('',(-0.500211487403,8.968150731637E-11,0.86590326704));
#523 = ORIENTED_EDGE('',*,*,#524,.F.);
#524 = EDGE_CURVE('',#493,#515,#525,.T.);
#525 = LINE('',#526,#527);
#526 = CARTESIAN_POINT('',(15.393343680258,-16.50000000276,
    18.855168683395));
#527 = VECTOR('',#528,1.);
#528 = DIRECTION('',(-0.999999970178,1.792871653424E-10,
    -2.442223724233E-04));
#529 = ORIENTED_EDGE('',*,*,#500,.F.);
#530 = ORIENTED_EDGE('',*,*,#298,.F.);
#531 = ORIENTED_EDGE('',*,*,#329,.F.);
#532 = ORIENTED_EDGE('',*,*,#533,.F.);
#533 = EDGE_CURVE('',#534,#330,#536,.T.);
#534 = VERTEX_POINT('',#535);
#535 = CARTESIAN_POINT('',(14.830301805352,-16.50000000132,9.7));
#536 = CIRCLE('',#537,3.6);
#537 = AXIS2_PLACEMENT_3D('',#538,#539,#540);
#538 = CARTESIAN_POINT('',(13.000000002413,-16.50000000233,
    12.799999243574));
#539 = DIRECTION('',(-1.792871406892E-10,-1.,-0.));
#540 = DIRECTION('',(-1.,1.792871406892E-10,0.));
#541 = ORIENTED_EDGE('',*,*,#542,.F.);
#542 = EDGE_CURVE('',#543,#534,#545,.T.);
#543 = VERTEX_POINT('',#544);
#544 = CARTESIAN_POINT('',(1.000000002413,-16.50000000017,9.7));
#545 = LINE('',#546,#547);
#546 = CARTESIAN_POINT('',(-17.,-16.5,9.7));
#547 = VECTOR('',#548,1.);
#548 = DIRECTION('',(1.,0.,0.));
#549 = ORIENTED_EDGE('',*,*,#550,.F.);
#550 = EDGE_CURVE('',#551,#543,#553,.T.);
#551 = VERTEX_POINT('',#552);
#552 = CARTESIAN_POINT('',(-0.999999997587,-16.49999999982,9.7));
#553 = LINE('',#554,#555);
#554 = CARTESIAN_POINT('',(15.400000002413,-16.50000000276,9.7));
#555 = VECTOR('',#556,1.);
#556 = DIRECTION('',(1.,-1.792871706892E-10,-1.2E-16));
#557 = ORIENTED_EDGE('',*,*,#558,.F.);
#558 = EDGE_CURVE('',#559,#551,#561,.T.);
#559 = VERTEX_POINT('',#560);
#560 = CARTESIAN_POINT('',(-14.83030180052,-16.49999999867,9.7));
#561 = LINE('',#562,#563);
#562 = CARTESIAN_POINT('',(-17.,-16.5,9.7));
#563 = VECTOR('',#564,1.);
#564 = DIRECTION('',(1.,0.,0.));
#565 = ORIENTED_EDGE('',*,*,#566,.F.);
#566 = EDGE_CURVE('',#567,#559,#569,.T.);
#567 = VERTEX_POINT('',#568);
#568 = CARTESIAN_POINT('',(-16.59999999758,-16.49999999702,
    12.799999243574));
#569 = CIRCLE('',#570,3.6);
#570 = AXIS2_PLACEMENT_3D('',#571,#572,#573);
#571 = CARTESIAN_POINT('',(-12.99999999758,-16.49999999766,
    12.799999243574));
#572 = DIRECTION('',(-1.792871406892E-10,-1.,0.));
#573 = DIRECTION('',(-1.,1.792871406892E-10,-3.85E-15));
#574 = ORIENTED_EDGE('',*,*,#575,.F.);
#575 = EDGE_CURVE('',#576,#567,#578,.T.);
#576 = VERTEX_POINT('',#577);
#577 = CARTESIAN_POINT('',(-16.59999999758,-16.49999999702,
    23.149339884366));
#578 = LINE('',#579,#580);
#579 = CARTESIAN_POINT('',(-16.59999999758,-16.49999999702,
    12.799999243574));
#580 = VECTOR('',#581,1.);
#581 = DIRECTION('',(-0.,0.,-1.));
#582 = ORIENTED_EDGE('',*,*,#583,.F.);
#583 = EDGE_CURVE('',#517,#576,#584,.T.);
#584 = LINE('',#585,#586);
#585 = CARTESIAN_POINT('',(15.400000002413,-16.50000000276,
    23.149339884366));
#586 = VECTOR('',#587,1.);
#587 = DIRECTION('',(-1.,1.792871706892E-10,-1.1E-16));
#588 = FACE_BOUND('',#589,.F.);
#589 = EDGE_LOOP('',(#590));
#590 = ORIENTED_EDGE('',*,*,#591,.F.);
#591 = EDGE_CURVE('',#592,#592,#594,.T.);
#592 = VERTEX_POINT('',#593);
#593 = CARTESIAN_POINT('',(-12.49999999758,-16.49999999775,
    12.149780090426));
#594 = CIRCLE('',#595,2.1);
#595 = AXIS2_PLACEMENT_3D('',#596,#597,#598);
#596 = CARTESIAN_POINT('',(-12.49999999758,-16.49999999775,
    14.249780090426));
#597 = DIRECTION('',(1.792871406892E-10,1.,-0.));
#598 = DIRECTION('',(-1.,1.792871406892E-10,0.));
#599 = FACE_BOUND('',#600,.F.);
#600 = EDGE_LOOP('',(#601));
#601 = ORIENTED_EDGE('',*,*,#602,.F.);
#602 = EDGE_CURVE('',#603,#603,#605,.T.);
#603 = VERTEX_POINT('',#604);
#604 = CARTESIAN_POINT('',(12.500000002413,-16.50000000224,
    12.149780090426));
#605 = CIRCLE('',#606,2.1);
#606 = AXIS2_PLACEMENT_3D('',#607,#608,#609);
#607 = CARTESIAN_POINT('',(12.500000002413,-16.50000000224,
    14.249780090426));
#608 = DIRECTION('',(1.792871406892E-10,1.,-0.));
#609 = DIRECTION('',(-1.,1.792871406892E-10,0.));
#610 = PLANE('',#611);
#611 = AXIS2_PLACEMENT_3D('',#612,#613,#614);
#612 = CARTESIAN_POINT('',(15.400000002413,-16.50000000276,-8.4));
#613 = DIRECTION('',(1.792871706892E-10,1.,0.));
#614 = DIRECTION('',(0.,0.,1.));
#615 = ADVANCED_FACE('',(#616),#684,.T.);
#616 = FACE_BOUND('',#617,.T.);
#617 = EDGE_LOOP('',(#618,#626,#627,#628,#636,#644,#662,#670,#678));
#618 = ORIENTED_EDGE('',*,*,#619,.T.);
#619 = EDGE_CURVE('',#620,#353,#622,.T.);
#620 = VERTEX_POINT('',#621);
#621 = CARTESIAN_POINT('',(17.000000006523,6.422328014577,
    25.399339887183));
#622 = LINE('',#623,#624);
#623 = CARTESIAN_POINT('',(17.000000005861,2.729657480801,
    24.513098959077));
#624 = VECTOR('',#625,1.);
#625 = DIRECTION('',(-1.743365690145E-10,-0.972387301981,-0.233372952475
    ));
#626 = ORIENTED_EDGE('',*,*,#352,.T.);
#627 = ORIENTED_EDGE('',*,*,#312,.T.);
#628 = ORIENTED_EDGE('',*,*,#629,.F.);
#629 = EDGE_CURVE('',#630,#315,#632,.T.);
#630 = VERTEX_POINT('',#631);
#631 = CARTESIAN_POINT('',(17.000000003704,-9.300000003048,
    12.799999243574));
#632 = LINE('',#633,#634);
#633 = CARTESIAN_POINT('',(17.000000006365,5.540801412521,
    12.799999243574));
#634 = VECTOR('',#635,1.);
#635 = DIRECTION('',(-1.792871706892E-10,-1.,0.));
#636 = ORIENTED_EDGE('',*,*,#637,.T.);
#637 = EDGE_CURVE('',#630,#638,#640,.T.);
#638 = VERTEX_POINT('',#639);
#639 = CARTESIAN_POINT('',(17.000000003704,-9.300000003048,
    14.885786437627));
#640 = LINE('',#641,#642);
#641 = CARTESIAN_POINT('',(17.000000003704,-9.300000003048,
    15.685786437627));
#642 = VECTOR('',#643,1.);
#643 = DIRECTION('',(0.,0.,1.));
#644 = ORIENTED_EDGE('',*,*,#645,.T.);
#645 = EDGE_CURVE('',#638,#646,#648,.T.);
#646 = VERTEX_POINT('',#647);
#647 = CARTESIAN_POINT('',(17.000000004027,-7.500000003048,
    17.431370849898));
#648 = B_SPLINE_CURVE_WITH_KNOTS('',3,(#649,#650,#651,#652,#653,#654,
    #655,#656,#657,#658,#659,#660,#661),.UNSPECIFIED.,.F.,.F.,(4,3,3,3,4
    ),(1.570796326795,1.963495408494,2.356194490192,2.748893571891,
    3.14159265359),.UNSPECIFIED.);
#649 = CARTESIAN_POINT('',(17.000000003704,-9.300000003048,
    14.885786437627));
#650 = CARTESIAN_POINT('',(17.000000003704,-9.300000003044,
    15.219062729549));
#651 = CARTESIAN_POINT('',(17.000000003712,-9.253150818548,
    15.55208778054));
#652 = CARTESIAN_POINT('',(17.000000003729,-9.162983161568,
    15.85993941789));
#653 = CARTESIAN_POINT('',(17.000000003745,-9.072815504588,
    16.16779105524));
#654 = CARTESIAN_POINT('',(17.000000003769,-8.939400313651,
    16.450166996688));
#655 = CARTESIAN_POINT('',(17.000000003799,-8.772792209184,
    16.685786437627));
#656 = CARTESIAN_POINT('',(17.000000003828,-8.606184104716,
    16.921405878566));
#657 = CARTESIAN_POINT('',(17.000000003864,-8.406514157948,
    17.110083453198));
#658 = CARTESIAN_POINT('',(17.000000003903,-8.188830181305,
    17.237599774404));
#659 = CARTESIAN_POINT('',(17.000000003942,-7.971146204662,
    17.365116095611));
#660 = CARTESIAN_POINT('',(17.000000003985,-7.735661926276,
    17.431370849885));
#661 = CARTESIAN_POINT('',(17.000000004027,-7.500000003048,
    17.431370849898));
#662 = ORIENTED_EDGE('',*,*,#663,.T.);
#663 = EDGE_CURVE('',#646,#664,#666,.T.);
#664 = VERTEX_POINT('',#665);
#665 = CARTESIAN_POINT('',(17.000000007003,9.099999996952,
    17.431370849898));
#666 = LINE('',#667,#668);
#667 = CARTESIAN_POINT('',(17.000000006365,5.540801412521,
    17.431370849898));
#668 = VECTOR('',#669,1.);
#669 = DIRECTION('',(1.792871706892E-10,1.,0.));
#670 = ORIENTED_EDGE('',*,*,#671,.T.);
#671 = EDGE_CURVE('',#664,#672,#674,.T.);
#672 = VERTEX_POINT('',#673);
#673 = CARTESIAN_POINT('',(17.000000007003,9.099999996952,
    25.399339887183));
#674 = LINE('',#675,#676);
#675 = CARTESIAN_POINT('',(17.000000007003,9.099999996952,
    12.799999243574));
#676 = VECTOR('',#677,1.);
#677 = DIRECTION('',(0.,0.,1.));
#678 = ORIENTED_EDGE('',*,*,#679,.T.);
#679 = EDGE_CURVE('',#672,#620,#680,.T.);
#680 = LINE('',#681,#682);
#681 = CARTESIAN_POINT('',(17.000000006365,5.540801412521,
    25.399339887183));
#682 = VECTOR('',#683,1.);
#683 = DIRECTION('',(-1.792871706892E-10,-1.,0.));
#684 = PLANE('',#685);
#685 = AXIS2_PLACEMENT_3D('',#686,#687,#688);
#686 = CARTESIAN_POINT('',(17.000000006365,5.540801412521,
    12.799999243574));
#687 = DIRECTION('',(1.,-1.792871706892E-10,0.));
#688 = DIRECTION('',(-1.792871706892E-10,-1.,0.));
#689 = ADVANCED_FACE('',(#690),#710,.T.);
#690 = FACE_BOUND('',#691,.T.);
#691 = EDGE_LOOP('',(#692,#693,#702,#709));
#692 = ORIENTED_EDGE('',*,*,#533,.F.);
#693 = ORIENTED_EDGE('',*,*,#694,.F.);
#694 = EDGE_CURVE('',#695,#534,#697,.T.);
#695 = VERTEX_POINT('',#696);
#696 = CARTESIAN_POINT('',(15.527845862074,-16.10000000278,9.7));
#697 = HYPERBOLA('',#698,3.099999243574,3.099999243574);
#698 = AXIS2_PLACEMENT_3D('',#699,#700,#701);
#699 = CARTESIAN_POINT('',(13.000000001768,-20.10000000233,9.7));
#700 = DIRECTION('',(0.,-0.,1.));
#701 = DIRECTION('',(1.792871406892E-10,1.,0.));
#702 = ORIENTED_EDGE('',*,*,#703,.F.);
#703 = EDGE_CURVE('',#315,#695,#704,.T.);
#704 = CIRCLE('',#705,4.);
#705 = AXIS2_PLACEMENT_3D('',#706,#707,#708);
#706 = CARTESIAN_POINT('',(13.000000002485,-16.10000000233,
    12.799999243574));
#707 = DIRECTION('',(1.792871406892E-10,1.,0.));
#708 = DIRECTION('',(0.,0.,-1.));
#709 = ORIENTED_EDGE('',*,*,#337,.F.);
#710 = CONICAL_SURFACE('',#711,3.6,0.785398163397);
#711 = AXIS2_PLACEMENT_3D('',#712,#713,#714);
#712 = CARTESIAN_POINT('',(13.000000002413,-16.50000000233,
    12.799999243574));
#713 = DIRECTION('',(1.792871406892E-10,1.,0.));
#714 = DIRECTION('',(0.,0.,-1.));
#715 = ADVANCED_FACE('',(#716),#734,.F.);
#716 = FACE_BOUND('',#717,.T.);
#717 = EDGE_LOOP('',(#718,#726,#732,#733));
#718 = ORIENTED_EDGE('',*,*,#719,.T.);
#719 = EDGE_CURVE('',#620,#720,#722,.T.);
#720 = VERTEX_POINT('',#721);
#721 = CARTESIAN_POINT('',(16.600000006514,6.374999997024,
    25.799339887183));
#722 = LINE('',#723,#724);
#723 = CARTESIAN_POINT('',(16.783589979259,6.396722370655,
    25.615749914443));
#724 = VECTOR('',#725,1.);
#725 = DIRECTION('',(-0.704644889455,-8.337361423943E-02,0.70464488944)
  );
#726 = ORIENTED_EDGE('',*,*,#727,.F.);
#727 = EDGE_CURVE('',#361,#720,#728,.T.);
#728 = LINE('',#729,#730);
#729 = CARTESIAN_POINT('',(16.600000006514,6.374999997024,
    25.799339887183));
#730 = VECTOR('',#731,1.);
#731 = DIRECTION('',(1.743365690145E-10,0.972387301981,0.233372952475));
#732 = ORIENTED_EDGE('',*,*,#360,.F.);
#733 = ORIENTED_EDGE('',*,*,#619,.F.);
#734 = PLANE('',#735);
#735 = AXIS2_PLACEMENT_3D('',#736,#737,#738);
#736 = CARTESIAN_POINT('',(16.600000006514,6.374999997024,
    25.799339887183));
#737 = DIRECTION('',(-0.707106781157,0.165019597368,-0.68758165517));
#738 = DIRECTION('',(-1.743364279922E-10,-0.972387301981,-0.233372952475
    ));
#739 = ADVANCED_FACE('',(#740),#799,.T.);
#740 = FACE_BOUND('',#741,.T.);
#741 = EDGE_LOOP('',(#742,#761,#769,#775,#776,#777,#785,#793));
#742 = ORIENTED_EDGE('',*,*,#743,.T.);
#743 = EDGE_CURVE('',#744,#746,#748,.T.);
#744 = VERTEX_POINT('',#745);
#745 = CARTESIAN_POINT('',(9.047430359168,3.933410675752,25.213358449753
    ));
#746 = VERTEX_POINT('',#747);
#747 = CARTESIAN_POINT('',(4.700000006077,-0.41401967656,24.169975165011
    ));
#748 = B_SPLINE_CURVE_WITH_KNOTS('',3,(#749,#750,#751,#752,#753,#754,
    #755,#756,#757,#758,#759,#760),.UNSPECIFIED.,.F.,.F.,(4,2,2,2,2,4),(
    -0.693028741393,-0.516101271739,-0.343449433289,-0.172420428253,
    -8.613991029133E-02,0.),.UNSPECIFIED.);
#749 = CARTESIAN_POINT('',(9.047430359168,3.933410675752,25.213358449753
    ));
#750 = CARTESIAN_POINT('',(9.047469006453,3.359775888355,25.075686100778
    ));
#751 = CARTESIAN_POINT('',(8.93345231766,2.788361193884,24.938546574101)
  );
#752 = CARTESIAN_POINT('',(8.493439499196,1.736334321697,24.686060124757
    ));
#753 = CARTESIAN_POINT('',(8.176029311356,1.261245015698,24.572038691302
    ));
#754 = CARTESIAN_POINT('',(7.375943613557,0.461159316502,24.380018123461
    ));
#755 = CARTESIAN_POINT('',(6.901975018823,0.14202006017,24.303424701922)
  );
#756 = CARTESIAN_POINT('',(6.112908161,-0.188009089227,24.224217706033)
  );
#757 = CARTESIAN_POINT('',(5.83749855376,-0.272417740955,24.203959629606
    ));
#758 = CARTESIAN_POINT('',(5.273909606983,-0.385529853868,
    24.176812722483));
#759 = CARTESIAN_POINT('',(4.987133039692,-0.414039021519,
    24.169970522233));
#760 = CARTESIAN_POINT('',(4.700000006077,-0.41401967656,24.169975165011
    ));
#761 = ORIENTED_EDGE('',*,*,#762,.T.);
#762 = EDGE_CURVE('',#746,#763,#765,.T.);
#763 = VERTEX_POINT('',#764);
#764 = CARTESIAN_POINT('',(4.14292282483,-0.41401967656,24.169975164987)
  );
#765 = LINE('',#766,#767);
#766 = CARTESIAN_POINT('',(4.0855545757,-0.41401967656,24.169975164984)
  );
#767 = VECTOR('',#768,1.);
#768 = DIRECTION('',(-1.,9.806891549778E-16,-4.302869E-11));
#769 = ORIENTED_EDGE('',*,*,#770,.T.);
#770 = EDGE_CURVE('',#763,#386,#771,.T.);
#771 = LINE('',#772,#773);
#772 = CARTESIAN_POINT('',(7.074085895526,-21.56786705326,
    19.093051794704));
#773 = VECTOR('',#774,1.);
#774 = DIRECTION('',(0.133531304069,-0.963679180639,-0.231283003348));
#775 = ORIENTED_EDGE('',*,*,#385,.F.);
#776 = ORIENTED_EDGE('',*,*,#727,.T.);
#777 = ORIENTED_EDGE('',*,*,#778,.T.);
#778 = EDGE_CURVE('',#720,#779,#781,.T.);
#779 = VERTEX_POINT('',#780);
#780 = CARTESIAN_POINT('',(9.100000006514,6.374999998368,25.799339887183
    ));
#781 = LINE('',#782,#783);
#782 = CARTESIAN_POINT('',(29.700885802395,6.374999994675,
    25.799339887183));
#783 = VECTOR('',#784,1.);
#784 = DIRECTION('',(-1.,1.792871706892E-10,0.));
#785 = ORIENTED_EDGE('',*,*,#786,.T.);
#786 = EDGE_CURVE('',#779,#787,#789,.T.);
#787 = VERTEX_POINT('',#788);
#788 = CARTESIAN_POINT('',(9.047430359567,6.155959802927,25.746770240275
    ));
#789 = LINE('',#790,#791);
#790 = CARTESIAN_POINT('',(10.164034280841,10.808476137894,
    26.863374160715));
#791 = VECTOR('',#792,1.);
#792 = DIRECTION('',(-0.227266205893,-0.946942523807,-0.227266205724));
#793 = ORIENTED_EDGE('',*,*,#794,.T.);
#794 = EDGE_CURVE('',#787,#744,#795,.T.);
#795 = LINE('',#796,#797);
#796 = CARTESIAN_POINT('',(9.04743035918,3.999999999221,25.229339887385)
  );
#797 = VECTOR('',#798,1.);
#798 = DIRECTION('',(-1.743365390145E-10,-0.972387301981,-0.233372952475
    ));
#799 = PLANE('',#800);
#800 = AXIS2_PLACEMENT_3D('',#801,#802,#803);
#801 = CARTESIAN_POINT('',(29.700885802395,6.374999994675,
    25.799339887183));
#802 = DIRECTION('',(-4.184077936349E-11,-0.233372952475,0.972387301981)
  );
#803 = DIRECTION('',(-1.,1.79287171389E-10,-2.916006151424E-18));
#804 = ADVANCED_FACE('',(#805),#847,.T.);
#805 = FACE_BOUND('',#806,.T.);
#806 = EDGE_LOOP('',(#807,#808,#816,#824,#832,#838,#839,#846));
#807 = ORIENTED_EDGE('',*,*,#770,.F.);
#808 = ORIENTED_EDGE('',*,*,#809,.T.);
#809 = EDGE_CURVE('',#763,#810,#812,.T.);
#810 = VERTEX_POINT('',#811);
#811 = CARTESIAN_POINT('',(4.303111840857,7.105427357601E-15,
    23.892519650543));
#812 = LINE('',#813,#814);
#813 = CARTESIAN_POINT('',(2.390743692039,-4.942648766295,
    27.204838445537));
#814 = VECTOR('',#815,1.);
#815 = DIRECTION('',(0.305995023316,0.790865464592,-0.529998927001));
#816 = ORIENTED_EDGE('',*,*,#817,.F.);
#817 = EDGE_CURVE('',#818,#810,#820,.T.);
#818 = VERTEX_POINT('',#819);
#819 = CARTESIAN_POINT('',(2.019085848142,3.552713678801E-15,
    27.848568715732));
#820 = LINE('',#821,#822);
#821 = CARTESIAN_POINT('',(2.019085846538,3.552713678801E-15,
    27.848568718512));
#822 = VECTOR('',#823,1.);
#823 = DIRECTION('',(0.5,-4.903445774631E-16,-0.866025403784));
#824 = ORIENTED_EDGE('',*,*,#825,.F.);
#825 = EDGE_CURVE('',#826,#818,#828,.T.);
#826 = VERTEX_POINT('',#827);
#827 = CARTESIAN_POINT('',(2.019085845749,-13.34986768604,
    27.848568715732));
#828 = LINE('',#829,#830);
#829 = CARTESIAN_POINT('',(2.019085843773,-24.36963246708,
    27.848568715732));
#830 = VECTOR('',#831,1.);
#831 = DIRECTION('',(1.792871406892E-10,1.,0.));
#832 = ORIENTED_EDGE('',*,*,#833,.T.);
#833 = EDGE_CURVE('',#826,#420,#834,.T.);
#834 = LINE('',#835,#836);
#835 = CARTESIAN_POINT('',(2.019085845749,-13.34986768604,
    27.848568715732));
#836 = VECTOR('',#837,1.);
#837 = DIRECTION('',(0.5,-8.964370034458E-11,-0.866025403784));
#838 = ORIENTED_EDGE('',*,*,#419,.F.);
#839 = ORIENTED_EDGE('',*,*,#840,.T.);
#840 = EDGE_CURVE('',#411,#394,#841,.T.);
#841 = ELLIPSE('',#842,5.199999985522,2.59999999403);
#842 = AXIS2_PLACEMENT_3D('',#843,#844,#845);
#843 = CARTESIAN_POINT('',(6.499999997179,-6.000000001165,
    20.087397743384));
#844 = DIRECTION('',(-0.866025403784,1.552672184087E-10,-0.5));
#845 = DIRECTION('',(-0.5,8.962975034458E-11,0.866025403784));
#846 = ORIENTED_EDGE('',*,*,#393,.F.);
#847 = PLANE('',#848);
#848 = AXIS2_PLACEMENT_3D('',#849,#850,#851);
#849 = CARTESIAN_POINT('',(2.019085843773,-24.36963246708,
    27.848568715732));
#850 = DIRECTION('',(0.866025403784,-1.552672184087E-10,0.5));
#851 = DIRECTION('',(-1.792871406892E-10,-1.,0.));
#852 = ADVANCED_FACE('',(#853),#889,.F.);
#853 = FACE_BOUND('',#854,.F.);
#854 = EDGE_LOOP('',(#855,#863,#864,#871,#872,#873,#882));
#855 = ORIENTED_EDGE('',*,*,#856,.T.);
#856 = EDGE_CURVE('',#857,#402,#859,.T.);
#857 = VERTEX_POINT('',#858);
#858 = CARTESIAN_POINT('',(6.500000003901,-8.200000001165,23.14933989));
#859 = LINE('',#860,#861);
#860 = CARTESIAN_POINT('',(6.50000000383,-8.600000001165,23.54933989));
#861 = VECTOR('',#862,1.);
#862 = DIRECTION('',(-1.267750629608E-10,-0.707106781187,0.707106781187)
  );
#863 = ORIENTED_EDGE('',*,*,#410,.T.);
#864 = ORIENTED_EDGE('',*,*,#865,.F.);
#865 = EDGE_CURVE('',#394,#411,#866,.T.);
#866 = CIRCLE('',#867,2.6);
#867 = AXIS2_PLACEMENT_3D('',#868,#869,#870);
#868 = CARTESIAN_POINT('',(6.500000004296,-6.000000001165,
    23.549339887183));
#869 = DIRECTION('',(0.,-0.,1.));
#870 = DIRECTION('',(1.792871406892E-10,1.,0.));
#871 = ORIENTED_EDGE('',*,*,#401,.T.);
#872 = ORIENTED_EDGE('',*,*,#856,.F.);
#873 = ORIENTED_EDGE('',*,*,#874,.T.);
#874 = EDGE_CURVE('',#857,#875,#877,.T.);
#875 = VERTEX_POINT('',#876);
#876 = CARTESIAN_POINT('',(6.50000000469,-3.800000001165,23.14933989));
#877 = CIRCLE('',#878,2.2);
#878 = AXIS2_PLACEMENT_3D('',#879,#880,#881);
#879 = CARTESIAN_POINT('',(6.500000004296,-6.000000001165,23.14933989));
#880 = DIRECTION('',(0.,-0.,1.));
#881 = DIRECTION('',(1.792871406892E-10,1.,0.));
#882 = ORIENTED_EDGE('',*,*,#883,.T.);
#883 = EDGE_CURVE('',#875,#857,#884,.T.);
#884 = CIRCLE('',#885,2.2);
#885 = AXIS2_PLACEMENT_3D('',#886,#887,#888);
#886 = CARTESIAN_POINT('',(6.500000004296,-6.000000001165,23.14933989));
#887 = DIRECTION('',(0.,-0.,1.));
#888 = DIRECTION('',(1.792871406892E-10,1.,0.));
#889 = CONICAL_SURFACE('',#890,2.6,0.785398163397);
#890 = AXIS2_PLACEMENT_3D('',#891,#892,#893);
#891 = CARTESIAN_POINT('',(6.500000004296,-6.000000001165,23.54933989));
#892 = DIRECTION('',(0.,0.,1.));
#893 = DIRECTION('',(1.792871406892E-10,1.,0.));
#894 = ADVANCED_FACE('',(#895,#945),#956,.T.);
#895 = FACE_BOUND('',#896,.T.);
#896 = EDGE_LOOP('',(#897,#898,#899,#907,#915,#923,#931,#939));
#897 = ORIENTED_EDGE('',*,*,#427,.F.);
#898 = ORIENTED_EDGE('',*,*,#833,.F.);
#899 = ORIENTED_EDGE('',*,*,#900,.F.);
#900 = EDGE_CURVE('',#901,#826,#903,.T.);
#901 = VERTEX_POINT('',#902);
#902 = CARTESIAN_POINT('',(-2.019085839793,-13.34986768531,
    27.848568715732));
#903 = LINE('',#904,#905);
#904 = CARTESIAN_POINT('',(-2.019085839793,-13.34986768531,
    27.848568715732));
#905 = VECTOR('',#906,1.);
#906 = DIRECTION('',(1.,-1.792871106892E-10,0.));
#907 = ORIENTED_EDGE('',*,*,#908,.F.);
#908 = EDGE_CURVE('',#909,#901,#911,.T.);
#909 = VERTEX_POINT('',#910);
#910 = CARTESIAN_POINT('',(-4.501246761264,-13.34986768487,
    23.549339887183));
#911 = LINE('',#912,#913);
#912 = CARTESIAN_POINT('',(-4.038171682564,-13.34986768495,
    24.35140945121));
#913 = VECTOR('',#914,1.);
#914 = DIRECTION('',(0.5,-8.964340034458E-11,0.866025403784));
#915 = ORIENTED_EDGE('',*,*,#916,.F.);
#916 = EDGE_CURVE('',#917,#909,#919,.T.);
#917 = VERTEX_POINT('',#918);
#918 = CARTESIAN_POINT('',(-5.426467097978,-13.3498676847,
    23.549339887183));
#919 = LINE('',#920,#921);
#920 = CARTESIAN_POINT('',(5.425328747814,-13.34986768665,
    23.549339887183));
#921 = VECTOR('',#922,1.);
#922 = DIRECTION('',(1.,-1.792871106892E-10,0.));
#923 = ORIENTED_EDGE('',*,*,#924,.F.);
#924 = EDGE_CURVE('',#925,#917,#927,.T.);
#925 = VERTEX_POINT('',#926);
#926 = CARTESIAN_POINT('',(-2.943240750753,-13.34986768515,
    19.250690493856));
#927 = LINE('',#928,#929);
#928 = CARTESIAN_POINT('',(-2.943240750753,-13.34986768515,
    19.250690493856));
#929 = VECTOR('',#930,1.);
#930 = DIRECTION('',(-0.500211487403,8.968161731637E-11,0.86590326704));
#931 = ORIENTED_EDGE('',*,*,#932,.F.);
#932 = EDGE_CURVE('',#933,#925,#935,.T.);
#933 = VERTEX_POINT('',#934);
#934 = CARTESIAN_POINT('',(2.94573182213,-13.3498676862,19.252128712751)
  );
#935 = LINE('',#936,#937);
#936 = CARTESIAN_POINT('',(2.94573182213,-13.3498676862,19.252128712751)
  );
#937 = VECTOR('',#938,1.);
#938 = DIRECTION('',(-0.999999970178,1.792871053424E-10,
    -2.442223724233E-04));
#939 = ORIENTED_EDGE('',*,*,#940,.F.);
#940 = EDGE_CURVE('',#428,#933,#941,.T.);
#941 = LINE('',#942,#943);
#942 = CARTESIAN_POINT('',(5.425328747814,-13.34986768665,
    23.549339887183));
#943 = VECTOR('',#944,1.);
#944 = DIRECTION('',(-0.499788482351,8.96054779501E-11,-0.86614748912));
#945 = FACE_BOUND('',#946,.T.);
#946 = EDGE_LOOP('',(#947));
#947 = ORIENTED_EDGE('',*,*,#948,.T.);
#948 = EDGE_CURVE('',#949,#949,#951,.T.);
#949 = VERTEX_POINT('',#950);
#950 = CARTESIAN_POINT('',(2.977983129103E-09,-13.34986768568,
    26.05140945121));
#951 = CIRCLE('',#952,1.7);
#952 = AXIS2_PLACEMENT_3D('',#953,#954,#955);
#953 = CARTESIAN_POINT('',(2.977983129103E-09,-13.34986768568,
    24.35140945121));
#954 = DIRECTION('',(1.792871106892E-10,1.,-0.));
#955 = DIRECTION('',(0.,0.,1.));
#956 = PLANE('',#957);
#957 = AXIS2_PLACEMENT_3D('',#958,#959,#960);
#958 = CARTESIAN_POINT('',(2.978825379103E-09,-13.34986768568,
    46.351376335786));
#959 = DIRECTION('',(-1.792871106892E-10,-1.,1.7E-16));
#960 = DIRECTION('',(-1.,1.792871106892E-10,0.));
#961 = ADVANCED_FACE('',(#962),#973,.F.);
#962 = FACE_BOUND('',#963,.T.);
#963 = EDGE_LOOP('',(#964,#970,#971,#972));
#964 = ORIENTED_EDGE('',*,*,#965,.T.);
#965 = EDGE_CURVE('',#933,#485,#966,.T.);
#966 = LINE('',#967,#968);
#967 = CARTESIAN_POINT('',(2.945731824259,-1.477684527712,
    19.252128712751));
#968 = VECTOR('',#969,1.);
#969 = DIRECTION('',(-1.792871706892E-10,-1.,0.));
#970 = ORIENTED_EDGE('',*,*,#484,.T.);
#971 = ORIENTED_EDGE('',*,*,#435,.F.);
#972 = ORIENTED_EDGE('',*,*,#940,.T.);
#973 = PLANE('',#974);
#974 = AXIS2_PLACEMENT_3D('',#975,#976,#977);
#975 = CARTESIAN_POINT('',(5.425328749943,-1.477684528156,
    23.549339887183));
#976 = DIRECTION('',(0.86614748912,-1.552891367394E-10,-0.499788482351)
  );
#977 = DIRECTION('',(-0.499788482351,8.96056479501E-11,-0.86614748912));
#978 = ADVANCED_FACE('',(#979),#985,.T.);
#979 = FACE_BOUND('',#980,.T.);
#980 = EDGE_LOOP('',(#981,#982,#983,#984));
#981 = ORIENTED_EDGE('',*,*,#469,.F.);
#982 = ORIENTED_EDGE('',*,*,#461,.F.);
#983 = ORIENTED_EDGE('',*,*,#453,.F.);
#984 = ORIENTED_EDGE('',*,*,#443,.F.);
#985 = PLANE('',#986);
#986 = AXIS2_PLACEMENT_3D('',#987,#988,#989);
#987 = CARTESIAN_POINT('',(8.,-15.,23.549339));
#988 = DIRECTION('',(0.,0.,1.));
#989 = DIRECTION('',(1.,0.,0.));
#990 = ADVANCED_FACE('',(#991),#1009,.F.);
#991 = FACE_BOUND('',#992,.T.);
#992 = EDGE_LOOP('',(#993,#994,#1002,#1008));
#993 = ORIENTED_EDGE('',*,*,#492,.T.);
#994 = ORIENTED_EDGE('',*,*,#995,.F.);
#995 = EDGE_CURVE('',#996,#485,#998,.T.);
#996 = VERTEX_POINT('',#997);
#997 = CARTESIAN_POINT('',(-2.943240751246,-16.09999999665,
    19.250690493856));
#998 = LINE('',#999,#1000);
#999 = CARTESIAN_POINT('',(2.945731821637,-16.09999999771,
    19.252128712751));
#1000 = VECTOR('',#1001,1.);
#1001 = DIRECTION('',(0.999999970178,-1.792871653424E-10,
    2.442223724233E-04));
#1002 = ORIENTED_EDGE('',*,*,#1003,.F.);
#1003 = EDGE_CURVE('',#515,#996,#1004,.T.);
#1004 = LINE('',#1005,#1006);
#1005 = CARTESIAN_POINT('',(-2.943240751246,-16.09999999665,
    19.250690493856));
#1006 = VECTOR('',#1007,1.);
#1007 = DIRECTION('',(0.377804580983,0.654653670582,0.654745958507));
#1008 = ORIENTED_EDGE('',*,*,#524,.F.);
#1009 = PLANE('',#1010);
#1010 = AXIS2_PLACEMENT_3D('',#1011,#1012,#1013);
#1011 = CARTESIAN_POINT('',(2.945731821637,-16.09999999771,
    19.252128712751));
#1012 = DIRECTION('',(1.726914224331E-04,0.707106781187,-0.707106760099)
  );
#1013 = DIRECTION('',(0.999999970178,-1.792871392455E-10,
    2.442223724233E-04));
#1014 = ADVANCED_FACE('',(#1015),#1033,.F.);
#1015 = FACE_BOUND('',#1016,.T.);
#1016 = EDGE_LOOP('',(#1017,#1018,#1026,#1032));
#1017 = ORIENTED_EDGE('',*,*,#1003,.T.);
#1018 = ORIENTED_EDGE('',*,*,#1019,.F.);
#1019 = EDGE_CURVE('',#1020,#996,#1022,.T.);
#1020 = VERTEX_POINT('',#1021);
#1021 = CARTESIAN_POINT('',(-5.426467098471,-16.09999999621,
    23.549339887183));
#1022 = LINE('',#1023,#1024);
#1023 = CARTESIAN_POINT('',(-2.943240751246,-16.09999999665,
    19.250690493856));
#1024 = VECTOR('',#1025,1.);
#1025 = DIRECTION('',(0.500211487403,-8.968150731637E-11,-0.86590326704)
  );
#1026 = ORIENTED_EDGE('',*,*,#1027,.F.);
#1027 = EDGE_CURVE('',#517,#1020,#1028,.T.);
#1028 = LINE('',#1029,#1030);
#1029 = CARTESIAN_POINT('',(-6.135317566712,-17.32811132844,
    22.321228554826));
#1030 = VECTOR('',#1031,1.);
#1031 = DIRECTION('',(0.377873113634,0.654680040136,0.654680040203));
#1032 = ORIENTED_EDGE('',*,*,#514,.F.);
#1033 = PLANE('',#1034);
#1034 = AXIS2_PLACEMENT_3D('',#1035,#1036,#1037);
#1035 = CARTESIAN_POINT('',(-2.943240751246,-16.09999999665,
    19.250690493856));
#1036 = DIRECTION('',(-0.612286071849,0.707106781296,-0.35370293477));
#1037 = DIRECTION('',(0.500211487403,-8.968129302734E-11,-0.86590326704)
  );
#1038 = ADVANCED_FACE('',(#1039),#1065,.F.);
#1039 = FACE_BOUND('',#1040,.T.);
#1040 = EDGE_LOOP('',(#1041,#1049,#1057,#1063,#1064));
#1041 = ORIENTED_EDGE('',*,*,#1042,.F.);
#1042 = EDGE_CURVE('',#1043,#1020,#1045,.T.);
#1043 = VERTEX_POINT('',#1044);
#1044 = CARTESIAN_POINT('',(-16.59999999751,-16.0999999942,
    23.549339887183));
#1045 = LINE('',#1046,#1047);
#1046 = CARTESIAN_POINT('',(11.100000002485,-16.09999999917,
    23.549339887183));
#1047 = VECTOR('',#1048,1.);
#1048 = DIRECTION('',(1.,-1.792871706892E-10,1.1E-16));
#1049 = ORIENTED_EDGE('',*,*,#1050,.T.);
#1050 = EDGE_CURVE('',#1043,#1051,#1053,.T.);
#1051 = VERTEX_POINT('',#1052);
#1052 = CARTESIAN_POINT('',(-16.79999999895,-16.29999999557,
    23.349339885774));
#1053 = LINE('',#1054,#1055);
#1054 = CARTESIAN_POINT('',(-6.199999997529,-5.699999997949,
    33.949339885305));
#1055 = VECTOR('',#1056,1.);
#1056 = DIRECTION('',(-0.577350269293,-0.577350269086,-0.57735026919));
#1057 = ORIENTED_EDGE('',*,*,#1058,.F.);
#1058 = EDGE_CURVE('',#576,#1051,#1059,.T.);
#1059 = LINE('',#1060,#1061);
#1060 = CARTESIAN_POINT('',(-6.08355337135,-27.01644662703,
    12.632893256244));
#1061 = VECTOR('',#1062,1.);
#1062 = DIRECTION('',(-0.577350269086,0.577350269293,0.57735026919));
#1063 = ORIENTED_EDGE('',*,*,#583,.F.);
#1064 = ORIENTED_EDGE('',*,*,#1027,.T.);
#1065 = PLANE('',#1066);
#1066 = AXIS2_PLACEMENT_3D('',#1067,#1068,#1069);
#1067 = CARTESIAN_POINT('',(15.400000002413,-16.50000000276,
    23.149339884366));
#1068 = DIRECTION('',(1.267752529608E-10,0.707106781187,-0.707106781187)
  );
#1069 = DIRECTION('',(1.,-1.792871413998E-10,1.407106781187E-16));
#1070 = ADVANCED_FACE('',(#1071),#1097,.T.);
#1071 = FACE_BOUND('',#1072,.T.);
#1072 = EDGE_LOOP('',(#1073,#1074,#1082,#1090,#1096));
#1073 = ORIENTED_EDGE('',*,*,#1058,.T.);
#1074 = ORIENTED_EDGE('',*,*,#1075,.T.);
#1075 = EDGE_CURVE('',#1051,#1076,#1078,.T.);
#1076 = VERTEX_POINT('',#1077);
#1077 = CARTESIAN_POINT('',(-16.99999999751,-16.09999999695,
    23.149339887183));
#1078 = LINE('',#1079,#1080);
#1079 = CARTESIAN_POINT('',(-27.24977995807,-5.85022003272,
    12.899559924789));
#1080 = VECTOR('',#1081,1.);
#1081 = DIRECTION('',(-0.577350269086,0.577350269293,-0.57735026919));
#1082 = ORIENTED_EDGE('',*,*,#1083,.F.);
#1083 = EDGE_CURVE('',#1084,#1076,#1086,.T.);
#1084 = VERTEX_POINT('',#1085);
#1085 = CARTESIAN_POINT('',(-16.99999999751,-16.09999999695,
    12.799999243574));
#1086 = LINE('',#1087,#1088);
#1087 = CARTESIAN_POINT('',(-16.99999999751,-16.09999999695,
    23.549339887183));
#1088 = VECTOR('',#1089,1.);
#1089 = DIRECTION('',(0.,0.,1.));
#1090 = ORIENTED_EDGE('',*,*,#1091,.T.);
#1091 = EDGE_CURVE('',#1084,#567,#1092,.T.);
#1092 = LINE('',#1093,#1094);
#1093 = CARTESIAN_POINT('',(-16.99999999751,-16.09999999695,
    12.799999243574));
#1094 = VECTOR('',#1095,1.);
#1095 = DIRECTION('',(0.70710678106,-0.707106781313,0.));
#1096 = ORIENTED_EDGE('',*,*,#575,.F.);
#1097 = PLANE('',#1098);
#1098 = AXIS2_PLACEMENT_3D('',#1099,#1100,#1101);
#1099 = CARTESIAN_POINT('',(-16.59999999758,-16.49999999702,-8.4));
#1100 = DIRECTION('',(-0.707106781313,-0.70710678106,0.));
#1101 = DIRECTION('',(0.,0.,1.));
#1102 = ADVANCED_FACE('',(#1103),#1123,.T.);
#1103 = FACE_BOUND('',#1104,.T.);
#1104 = EDGE_LOOP('',(#1105,#1114,#1121,#1122));
#1105 = ORIENTED_EDGE('',*,*,#1106,.F.);
#1106 = EDGE_CURVE('',#1107,#1084,#1109,.T.);
#1107 = VERTEX_POINT('',#1108);
#1108 = CARTESIAN_POINT('',(-15.5278458571,-16.09999999721,9.7));
#1109 = CIRCLE('',#1110,4.);
#1110 = AXIS2_PLACEMENT_3D('',#1111,#1112,#1113);
#1111 = CARTESIAN_POINT('',(-12.99999999751,-16.09999999766,
    12.799999243574));
#1112 = DIRECTION('',(1.792871406892E-10,1.,0.));
#1113 = DIRECTION('',(0.,0.,-1.));
#1114 = ORIENTED_EDGE('',*,*,#1115,.F.);
#1115 = EDGE_CURVE('',#559,#1107,#1116,.T.);
#1116 = HYPERBOLA('',#1117,3.099999243574,3.099999243574);
#1117 = AXIS2_PLACEMENT_3D('',#1118,#1119,#1120);
#1118 = CARTESIAN_POINT('',(-12.99999999823,-20.09999999766,9.7));
#1119 = DIRECTION('',(0.,-0.,1.));
#1120 = DIRECTION('',(1.792871406892E-10,1.,0.));
#1121 = ORIENTED_EDGE('',*,*,#566,.F.);
#1122 = ORIENTED_EDGE('',*,*,#1091,.F.);
#1123 = CONICAL_SURFACE('',#1124,3.6,0.785398163397);
#1124 = AXIS2_PLACEMENT_3D('',#1125,#1126,#1127);
#1125 = CARTESIAN_POINT('',(-12.99999999758,-16.49999999766,
    12.799999243574));
#1126 = DIRECTION('',(1.792871406892E-10,1.,0.));
#1127 = DIRECTION('',(0.,0.,-1.));
#1128 = ADVANCED_FACE('',(#1129),#1220,.T.);
#1129 = FACE_BOUND('',#1130,.T.);
#1130 = EDGE_LOOP('',(#1131,#1132,#1133,#1134,#1142,#1157,#1165,#1173,
    #1181,#1189,#1197,#1212,#1218,#1219));
#1131 = ORIENTED_EDGE('',*,*,#550,.F.);
#1132 = ORIENTED_EDGE('',*,*,#558,.F.);
#1133 = ORIENTED_EDGE('',*,*,#1115,.T.);
#1134 = ORIENTED_EDGE('',*,*,#1135,.T.);
#1135 = EDGE_CURVE('',#1107,#1136,#1138,.T.);
#1136 = VERTEX_POINT('',#1137);
#1137 = CARTESIAN_POINT('',(-15.52784585588,-9.299999997216,9.7));
#1138 = LINE('',#1139,#1140);
#1139 = CARTESIAN_POINT('',(-15.52784585615,-10.79999999721,9.7));
#1140 = VECTOR('',#1141,1.);
#1141 = DIRECTION('',(1.792871406892E-10,1.,0.));
#1142 = ORIENTED_EDGE('',*,*,#1143,.T.);
#1143 = EDGE_CURVE('',#1136,#1144,#1146,.T.);
#1144 = VERTEX_POINT('',#1145);
#1145 = CARTESIAN_POINT('',(-13.79372834378,-8.499999997527,9.7));
#1146 = B_SPLINE_CURVE_WITH_KNOTS('',3,(#1147,#1148,#1149,#1150,#1151,
    #1152,#1153,#1154,#1155,#1156),.UNSPECIFIED.,.F.,.F.,(4,2,2,2,4),(
    -0.272391728749,-0.248809339666,-0.219193692893,-0.175852217952,
    -7.441548094543E-02),.UNSPECIFIED.);
#1147 = CARTESIAN_POINT('',(-15.52784585588,-9.299999997216,9.7));
#1148 = CARTESIAN_POINT('',(-15.52784585587,-9.221392033607,9.7));
#1149 = CARTESIAN_POINT('',(-15.50448577519,-9.130000722049,9.7));
#1150 = CARTESIAN_POINT('',(-15.42452982774,-8.971723005464,9.7));
#1151 = CARTESIAN_POINT('',(-15.34589053131,-8.883127037176,9.7));
#1152 = CARTESIAN_POINT('',(-15.15525849662,-8.732127034584,9.7));
#1153 = CARTESIAN_POINT('',(-14.99794500556,-8.659269634604,9.7));
#1154 = CARTESIAN_POINT('',(-14.53730684463,-8.515361705791,9.7));
#1155 = CARTESIAN_POINT('',(-14.13185080047,-8.499999997466,9.7));
#1156 = CARTESIAN_POINT('',(-13.79372834378,-8.499999997527,9.7));
#1157 = ORIENTED_EDGE('',*,*,#1158,.F.);
#1158 = EDGE_CURVE('',#1159,#1144,#1161,.T.);
#1159 = VERTEX_POINT('',#1160);
#1160 = CARTESIAN_POINT('',(-11.75,-8.5,9.7));
#1161 = LINE('',#1162,#1163);
#1162 = CARTESIAN_POINT('',(15.740134533929,-8.500000002822,9.7));
#1163 = VECTOR('',#1164,1.);
#1164 = DIRECTION('',(-1.,1.792871406892E-10,0.));
#1165 = ORIENTED_EDGE('',*,*,#1166,.F.);
#1166 = EDGE_CURVE('',#1167,#1159,#1169,.T.);
#1167 = VERTEX_POINT('',#1168);
#1168 = CARTESIAN_POINT('',(-11.75,-11.95,9.7));
#1169 = LINE('',#1170,#1171);
#1170 = CARTESIAN_POINT('',(-11.75,-11.95,9.7));
#1171 = VECTOR('',#1172,1.);
#1172 = DIRECTION('',(0.,1.,0.));
#1173 = ORIENTED_EDGE('',*,*,#1174,.T.);
#1174 = EDGE_CURVE('',#1167,#1175,#1177,.T.);
#1175 = VERTEX_POINT('',#1176);
#1176 = CARTESIAN_POINT('',(11.75,-11.95,9.7));
#1177 = LINE('',#1178,#1179);
#1178 = CARTESIAN_POINT('',(-11.75,-11.95,9.7));
#1179 = VECTOR('',#1180,1.);
#1180 = DIRECTION('',(1.,0.,0.));
#1181 = ORIENTED_EDGE('',*,*,#1182,.T.);
#1182 = EDGE_CURVE('',#1175,#1183,#1185,.T.);
#1183 = VERTEX_POINT('',#1184);
#1184 = CARTESIAN_POINT('',(11.75,-8.5,9.7));
#1185 = LINE('',#1186,#1187);
#1186 = CARTESIAN_POINT('',(11.75,-11.95,9.7));
#1187 = VECTOR('',#1188,1.);
#1188 = DIRECTION('',(0.,1.,0.));
#1189 = ORIENTED_EDGE('',*,*,#1190,.F.);
#1190 = EDGE_CURVE('',#1191,#1183,#1193,.T.);
#1191 = VERTEX_POINT('',#1192);
#1192 = CARTESIAN_POINT('',(13.793728351484,-8.500000002473,9.7));
#1193 = LINE('',#1194,#1195);
#1194 = CARTESIAN_POINT('',(15.740134533929,-8.500000002822,9.7));
#1195 = VECTOR('',#1196,1.);
#1196 = DIRECTION('',(-1.,1.792871406892E-10,0.));
#1197 = ORIENTED_EDGE('',*,*,#1198,.T.);
#1198 = EDGE_CURVE('',#1191,#1199,#1201,.T.);
#1199 = VERTEX_POINT('',#1200);
#1200 = CARTESIAN_POINT('',(15.527845863293,-9.300000002784,9.7));
#1201 = B_SPLINE_CURVE_WITH_KNOTS('',3,(#1202,#1203,#1204,#1205,#1206,
    #1207,#1208,#1209,#1210,#1211),.UNSPECIFIED.,.F.,.F.,(4,2,2,2,4),(
    -1.01515143405,-0.913714697044,-0.870373222102,-0.840757575329,
    -0.817175186247),.UNSPECIFIED.);
#1202 = CARTESIAN_POINT('',(13.793728351484,-8.500000002473,9.7));
#1203 = CARTESIAN_POINT('',(14.131850808171,-8.500000002534,9.7));
#1204 = CARTESIAN_POINT('',(14.537306852328,-8.515361711004,9.7));
#1205 = CARTESIAN_POINT('',(14.997945013201,-8.659269639982,9.7));
#1206 = CARTESIAN_POINT('',(15.155258504236,-8.732127040019,9.7));
#1207 = CARTESIAN_POINT('',(15.34589053887,-8.883127042678,9.7));
#1208 = CARTESIAN_POINT('',(15.424529835272,-8.971723010995,9.7));
#1209 = CARTESIAN_POINT('',(15.50448578266,-9.130000727608,9.7));
#1210 = CARTESIAN_POINT('',(15.527845863307,-9.221392039175,9.7));
#1211 = CARTESIAN_POINT('',(15.527845863293,-9.300000002784,9.7));
#1212 = ORIENTED_EDGE('',*,*,#1213,.F.);
#1213 = EDGE_CURVE('',#695,#1199,#1214,.T.);
#1214 = LINE('',#1215,#1216);
#1215 = CARTESIAN_POINT('',(15.527845859974,-27.81370850176,9.7));
#1216 = VECTOR('',#1217,1.);
#1217 = DIRECTION('',(1.792871406892E-10,1.,0.));
#1218 = ORIENTED_EDGE('',*,*,#694,.T.);
#1219 = ORIENTED_EDGE('',*,*,#542,.F.);
#1220 = PLANE('',#1221);
#1221 = AXIS2_PLACEMENT_3D('',#1222,#1223,#1224);
#1222 = CARTESIAN_POINT('',(3.127476446383E-09,-12.51605390341,9.7));
#1223 = DIRECTION('',(-0.,-0.,-1.));
#1224 = DIRECTION('',(-1.,0.,0.));
#1225 = ADVANCED_FACE('',(#1226),#1384,.F.);
#1226 = FACE_BOUND('',#1227,.F.);
#1227 = EDGE_LOOP('',(#1228,#1304,#1310,#1311,#1312));
#1228 = ORIENTED_EDGE('',*,*,#1229,.F.);
#1229 = EDGE_CURVE('',#1230,#1232,#1234,.T.);
#1230 = VERTEX_POINT('',#1231);
#1231 = CARTESIAN_POINT('',(-12.49999999752,-16.14978008818,12.5));
#1232 = VERTEX_POINT('',#1233);
#1233 = CARTESIAN_POINT('',(-10.75,-16.15000000941,14.25));
#1234 = B_SPLINE_CURVE_WITH_KNOTS('',5,(#1235,#1236,#1237,#1238,#1239,
    #1240,#1241,#1242,#1243,#1244,#1245,#1246,#1247,#1248,#1249,#1250,
    #1251,#1252,#1253,#1254,#1255,#1256,#1257,#1258,#1259,#1260,#1261,
    #1262,#1263,#1264,#1265,#1266,#1267,#1268,#1269,#1270,#1271,#1272,
    #1273,#1274,#1275,#1276,#1277,#1278,#1279,#1280,#1281,#1282,#1283,
    #1284,#1285,#1286,#1287,#1288,#1289,#1290,#1291,#1292,#1293,#1294,
    #1295,#1296,#1297,#1298,#1299,#1300,#1301,#1302,#1303),
  .UNSPECIFIED.,.T.,.F.,(6,4,4,4,4,4,4,4,4,4,4,4,4,5,5,5,6),(0.,
    9.659511594496E-02,0.15827973317,0.200761133722,0.231603910876,
    0.289506593372,0.375921852544,0.414329732184,0.471068132498,
    0.517768090664,0.539590466896,0.550065186702,0.560539891918,
    0.710214652165,0.80680976811,0.903404884055,1.),.UNSPECIFIED.);
#1235 = CARTESIAN_POINT('',(-10.75,-16.15000000941,14.25));
#1236 = CARTESIAN_POINT('',(-10.74999832715,-16.14997695814,
    14.066562225575));
#1237 = CARTESIAN_POINT('',(-10.7740419399,-16.14995390174,
    13.883086455522));
#1238 = CARTESIAN_POINT('',(-10.82210845581,-16.1499313828,
    13.703890427698));
#1239 = CARTESIAN_POINT('',(-10.89311459983,-16.14990990863,
    13.533010689194));
#1240 = CARTESIAN_POINT('',(-11.04353855371,-16.14987720659,
    13.272788748015));
#1241 = CARTESIAN_POINT('',(-11.11064900606,-16.14986507781,
    13.176276449411));
#1242 = CARTESIAN_POINT('',(-11.18569241005,-16.14985368522,
    13.085622947609));
#1243 = CARTESIAN_POINT('',(-11.26797279544,-16.1498431345,
    13.001668887668));
#1244 = CARTESIAN_POINT('',(-11.4177264803,-16.14982689297,
    12.872432619172));
#1245 = CARTESIAN_POINT('',(-11.48183713286,-16.14982071148,
    12.82324573557));
#1246 = CARTESIAN_POINT('',(-11.54871329228,-16.14981500166,
    12.777812194704));
#1247 = CARTESIAN_POINT('',(-11.61805980439,-16.14980978874,
    12.736332497022));
#1248 = CARTESIAN_POINT('',(-11.74146852884,-16.14980168483,
    12.671849059936));
#1249 = CARTESIAN_POINT('',(-11.79451350813,-16.14979854895,
    12.646896641576));
#1250 = CARTESIAN_POINT('',(-11.84857182296,-16.14979569397,
    12.624179317186));
#1251 = CARTESIAN_POINT('',(-11.90351753061,-16.14979312653,
    12.603750008346));
#1252 = CARTESIAN_POINT('',(-12.06379374234,-16.14978658182,
    12.551673024767));
#1253 = CARTESIAN_POINT('',(-12.17103908223,-16.14978334379,
    12.525907553034));
#1254 = CARTESIAN_POINT('',(-12.28008675672,-16.14978117328,
    12.508636108732));
#1255 = CARTESIAN_POINT('',(-12.39004503886,-16.14978008803,
    12.499999916866));
#1256 = CARTESIAN_POINT('',(-12.66409923853,-16.14978008827,
    12.499999081393));
#1257 = CARTESIAN_POINT('',(-12.82822285001,-16.14978250642,
    12.519238288085));
#1258 = CARTESIAN_POINT('',(-12.98929399668,-16.14978734123,
    12.557706349967));
#1259 = CARTESIAN_POINT('',(-13.14439928503,-16.1497945052,
    12.614707523377));
#1260 = CARTESIAN_POINT('',(-13.35585280122,-16.14980796695,
    12.721819525744));
#1261 = CARTESIAN_POINT('',(-13.41920024263,-16.14981253508,
    12.75816732739));
#1262 = CARTESIAN_POINT('',(-13.4805945729,-16.14981751416,
    12.797785102837));
#1263 = CARTESIAN_POINT('',(-13.53981418069,-16.1498228862,
    12.840529858856));
#1264 = CARTESIAN_POINT('',(-13.68061714125,-16.14983711588,
    12.953754526835));
#1265 = CARTESIAN_POINT('',(-13.75938779206,-16.14984641377,
    13.02773781739));
#1266 = CARTESIAN_POINT('',(-13.83229500169,-16.14985645619,
    13.107646050084));
#1267 = CARTESIAN_POINT('',(-13.89876613728,-16.14986716427,
    13.192851672726));
#1268 = CARTESIAN_POINT('',(-14.00734692106,-16.1498877354,
    13.356540483349));
#1269 = CARTESIAN_POINT('',(-14.0516879148,-16.14989741309,
    13.43354843721));
#1270 = CARTESIAN_POINT('',(-14.09108434974,-16.14990743103,
    13.513264514727));
#1271 = CARTESIAN_POINT('',(-14.12532621136,-16.14991773582,
    13.595263836359));
#1272 = CARTESIAN_POINT('',(-14.16777655429,-16.14993319356,
    13.718268221432));
#1273 = CARTESIAN_POINT('',(-14.18013623515,-16.14993816668,
    13.757841773829));
#1274 = CARTESIAN_POINT('',(-14.19132056864,-16.14994318431,
    13.797769718852));
#1275 = CARTESIAN_POINT('',(-14.20131649613,-16.1499482406,
    13.838005450141));
#1276 = CARTESIAN_POINT('',(-14.21433637679,-16.14995577231,
    13.897939695416));
#1277 = CARTESIAN_POINT('',(-14.2182828563,-16.14995822256,
    13.917437806641));
#1278 = CARTESIAN_POINT('',(-14.22195201958,-16.14996067969,
    13.936990687804));
#1279 = CARTESIAN_POINT('',(-14.22534287883,-16.14996314304,
    13.956593077057));
#1280 = CARTESIAN_POINT('',(-14.23156630837,-16.14996808083,
    13.995886264514));
#1281 = CARTESIAN_POINT('',(-14.23439887965,-16.14997055527,
    14.015577063875));
#1282 = CARTESIAN_POINT('',(-14.23695147139,-16.1499730346,
    14.035306792627));
#1283 = CARTESIAN_POINT('',(-14.23922339628,-16.14997551816,
    14.055070141302));
#1284 = CARTESIAN_POINT('',(-14.26966965646,-16.15001354375,
    14.357666740637));
#1285 = CARTESIAN_POINT('',(-14.24066660534,-16.15004983441,
    14.646464971795));
#1286 = CARTESIAN_POINT('',(-14.15268580522,-16.15008484465,
    14.925082413126));
#1287 = CARTESIAN_POINT('',(-14.0105736272,-16.15011664559,
    15.178166560444));
#1288 = CARTESIAN_POINT('',(-13.8248616882,-16.15014368324,
    15.393346625976));
#1289 = CARTESIAN_POINT('',(-13.63974166107,-16.15017064126,
    15.607892983976));
#1290 = CARTESIAN_POINT('',(-13.41085360589,-16.15019291291,
    15.785147897466));
#1291 = CARTESIAN_POINT('',(-13.1492309013,-16.15020894907,
    15.91277876994));
#1292 = CARTESIAN_POINT('',(-12.86864586188,-16.15021790576,
    15.984066351306));
#1293 = CARTESIAN_POINT('',(-12.58560973817,-16.15021964417,
    15.997904737888));
#1294 = CARTESIAN_POINT('',(-12.30257625412,-16.15022138865,
    16.01179158465));
#1295 = CARTESIAN_POINT('',(-12.01636789946,-16.15021591931,
    15.968264804703));
#1296 = CARTESIAN_POINT('',(-11.74352493659,-16.15020317168,
    15.86681134194));
#1297 = CARTESIAN_POINT('',(-11.49841043255,-16.15018381665,
    15.712772330583));
#1298 = CARTESIAN_POINT('',(-11.29321025895,-16.15015926048,
    15.517343095181));
#1299 = CARTESIAN_POINT('',(-11.08797391055,-16.1501347084,
    15.321946415353));
#1300 = CARTESIAN_POINT('',(-10.92212827391,-16.15010489229,
    15.084658614879));
#1301 = CARTESIAN_POINT('',(-10.80745023185,-16.15007127246,
    14.817105037345));
#1302 = CARTESIAN_POINT('',(-10.74997577465,-16.15003561851,
    14.533370641249));
#1303 = CARTESIAN_POINT('',(-10.75,-16.15000000941,14.25));
#1304 = ORIENTED_EDGE('',*,*,#1305,.T.);
#1305 = EDGE_CURVE('',#1230,#592,#1306,.T.);
#1306 = LINE('',#1307,#1308);
#1307 = CARTESIAN_POINT('',(-12.49999999751,-16.09999999775,
    12.549780090426));
#1308 = VECTOR('',#1309,1.);
#1309 = DIRECTION('',(-1.267750629608E-10,-0.707106781187,
    -0.707106781187));
#1310 = ORIENTED_EDGE('',*,*,#591,.T.);
#1311 = ORIENTED_EDGE('',*,*,#1305,.F.);
#1312 = ORIENTED_EDGE('',*,*,#1313,.F.);
#1313 = EDGE_CURVE('',#1232,#1230,#1314,.T.);
#1314 = B_SPLINE_CURVE_WITH_KNOTS('',5,(#1315,#1316,#1317,#1318,#1319,
    #1320,#1321,#1322,#1323,#1324,#1325,#1326,#1327,#1328,#1329,#1330,
    #1331,#1332,#1333,#1334,#1335,#1336,#1337,#1338,#1339,#1340,#1341,
    #1342,#1343,#1344,#1345,#1346,#1347,#1348,#1349,#1350,#1351,#1352,
    #1353,#1354,#1355,#1356,#1357,#1358,#1359,#1360,#1361,#1362,#1363,
    #1364,#1365,#1366,#1367,#1368,#1369,#1370,#1371,#1372,#1373,#1374,
    #1375,#1376,#1377,#1378,#1379,#1380,#1381,#1382,#1383),
  .UNSPECIFIED.,.T.,.F.,(6,4,4,4,4,4,4,4,4,4,4,4,4,5,5,5,6),(0.,
    9.659511594496E-02,0.15827973317,0.200761133722,0.231603910876,
    0.289506593372,0.375921852544,0.414329732184,0.471068132498,
    0.517768090664,0.539590466896,0.550065186702,0.560539891918,
    0.710214652165,0.80680976811,0.903404884055,1.),.UNSPECIFIED.);
#1315 = CARTESIAN_POINT('',(-10.75,-16.15000000941,14.25));
#1316 = CARTESIAN_POINT('',(-10.74999832715,-16.14997695814,
    14.066562225575));
#1317 = CARTESIAN_POINT('',(-10.7740419399,-16.14995390174,
    13.883086455522));
#1318 = CARTESIAN_POINT('',(-10.82210845581,-16.1499313828,
    13.703890427698));
#1319 = CARTESIAN_POINT('',(-10.89311459983,-16.14990990863,
    13.533010689194));
#1320 = CARTESIAN_POINT('',(-11.04353855371,-16.14987720659,
    13.272788748015));
#1321 = CARTESIAN_POINT('',(-11.11064900606,-16.14986507781,
    13.176276449411));
#1322 = CARTESIAN_POINT('',(-11.18569241005,-16.14985368522,
    13.085622947609));
#1323 = CARTESIAN_POINT('',(-11.26797279544,-16.1498431345,
    13.001668887668));
#1324 = CARTESIAN_POINT('',(-11.4177264803,-16.14982689297,
    12.872432619172));
#1325 = CARTESIAN_POINT('',(-11.48183713286,-16.14982071148,
    12.82324573557));
#1326 = CARTESIAN_POINT('',(-11.54871329228,-16.14981500166,
    12.777812194704));
#1327 = CARTESIAN_POINT('',(-11.61805980439,-16.14980978874,
    12.736332497022));
#1328 = CARTESIAN_POINT('',(-11.74146852884,-16.14980168483,
    12.671849059936));
#1329 = CARTESIAN_POINT('',(-11.79451350813,-16.14979854895,
    12.646896641576));
#1330 = CARTESIAN_POINT('',(-11.84857182296,-16.14979569397,
    12.624179317186));
#1331 = CARTESIAN_POINT('',(-11.90351753061,-16.14979312653,
    12.603750008346));
#1332 = CARTESIAN_POINT('',(-12.06379374234,-16.14978658182,
    12.551673024767));
#1333 = CARTESIAN_POINT('',(-12.17103908223,-16.14978334379,
    12.525907553034));
#1334 = CARTESIAN_POINT('',(-12.28008675672,-16.14978117328,
    12.508636108732));
#1335 = CARTESIAN_POINT('',(-12.39004503886,-16.14978008803,
    12.499999916866));
#1336 = CARTESIAN_POINT('',(-12.66409923853,-16.14978008827,
    12.499999081393));
#1337 = CARTESIAN_POINT('',(-12.82822285001,-16.14978250642,
    12.519238288085));
#1338 = CARTESIAN_POINT('',(-12.98929399668,-16.14978734123,
    12.557706349967));
#1339 = CARTESIAN_POINT('',(-13.14439928503,-16.1497945052,
    12.614707523377));
#1340 = CARTESIAN_POINT('',(-13.35585280122,-16.14980796695,
    12.721819525744));
#1341 = CARTESIAN_POINT('',(-13.41920024263,-16.14981253508,
    12.75816732739));
#1342 = CARTESIAN_POINT('',(-13.4805945729,-16.14981751416,
    12.797785102837));
#1343 = CARTESIAN_POINT('',(-13.53981418069,-16.1498228862,
    12.840529858856));
#1344 = CARTESIAN_POINT('',(-13.68061714125,-16.14983711588,
    12.953754526835));
#1345 = CARTESIAN_POINT('',(-13.75938779206,-16.14984641377,
    13.02773781739));
#1346 = CARTESIAN_POINT('',(-13.83229500169,-16.14985645619,
    13.107646050084));
#1347 = CARTESIAN_POINT('',(-13.89876613728,-16.14986716427,
    13.192851672726));
#1348 = CARTESIAN_POINT('',(-14.00734692106,-16.1498877354,
    13.356540483349));
#1349 = CARTESIAN_POINT('',(-14.0516879148,-16.14989741309,
    13.43354843721));
#1350 = CARTESIAN_POINT('',(-14.09108434974,-16.14990743103,
    13.513264514727));
#1351 = CARTESIAN_POINT('',(-14.12532621136,-16.14991773582,
    13.595263836359));
#1352 = CARTESIAN_POINT('',(-14.16777655429,-16.14993319356,
    13.718268221432));
#1353 = CARTESIAN_POINT('',(-14.18013623515,-16.14993816668,
    13.757841773829));
#1354 = CARTESIAN_POINT('',(-14.19132056864,-16.14994318431,
    13.797769718852));
#1355 = CARTESIAN_POINT('',(-14.20131649613,-16.1499482406,
    13.838005450141));
#1356 = CARTESIAN_POINT('',(-14.21433637679,-16.14995577231,
    13.897939695416));
#1357 = CARTESIAN_POINT('',(-14.2182828563,-16.14995822256,
    13.917437806641));
#1358 = CARTESIAN_POINT('',(-14.22195201958,-16.14996067969,
    13.936990687804));
#1359 = CARTESIAN_POINT('',(-14.22534287883,-16.14996314304,
    13.956593077057));
#1360 = CARTESIAN_POINT('',(-14.23156630837,-16.14996808083,
    13.995886264514));
#1361 = CARTESIAN_POINT('',(-14.23439887965,-16.14997055527,
    14.015577063875));
#1362 = CARTESIAN_POINT('',(-14.23695147139,-16.1499730346,
    14.035306792627));
#1363 = CARTESIAN_POINT('',(-14.23922339628,-16.14997551816,
    14.055070141302));
#1364 = CARTESIAN_POINT('',(-14.26966965646,-16.15001354375,
    14.357666740637));
#1365 = CARTESIAN_POINT('',(-14.24066660534,-16.15004983441,
    14.646464971795));
#1366 = CARTESIAN_POINT('',(-14.15268580522,-16.15008484465,
    14.925082413126));
#1367 = CARTESIAN_POINT('',(-14.0105736272,-16.15011664559,
    15.178166560444));
#1368 = CARTESIAN_POINT('',(-13.8248616882,-16.15014368324,
    15.393346625976));
#1369 = CARTESIAN_POINT('',(-13.63974166107,-16.15017064126,
    15.607892983976));
#1370 = CARTESIAN_POINT('',(-13.41085360589,-16.15019291291,
    15.785147897466));
#1371 = CARTESIAN_POINT('',(-13.1492309013,-16.15020894907,
    15.91277876994));
#1372 = CARTESIAN_POINT('',(-12.86864586188,-16.15021790576,
    15.984066351306));
#1373 = CARTESIAN_POINT('',(-12.58560973817,-16.15021964417,
    15.997904737888));
#1374 = CARTESIAN_POINT('',(-12.30257625412,-16.15022138865,
    16.01179158465));
#1375 = CARTESIAN_POINT('',(-12.01636789946,-16.15021591931,
    15.968264804703));
#1376 = CARTESIAN_POINT('',(-11.74352493659,-16.15020317168,
    15.86681134194));
#1377 = CARTESIAN_POINT('',(-11.49841043255,-16.15018381665,
    15.712772330583));
#1378 = CARTESIAN_POINT('',(-11.29321025895,-16.15015926048,
    15.517343095181));
#1379 = CARTESIAN_POINT('',(-11.08797391055,-16.1501347084,
    15.321946415353));
#1380 = CARTESIAN_POINT('',(-10.92212827391,-16.15010489229,
    15.084658614879));
#1381 = CARTESIAN_POINT('',(-10.80745023185,-16.15007127246,
    14.817105037345));
#1382 = CARTESIAN_POINT('',(-10.74997577465,-16.15003561851,
    14.533370641249));
#1383 = CARTESIAN_POINT('',(-10.75,-16.15000000941,14.25));
#1384 = CONICAL_SURFACE('',#1385,1.7,0.785398163397);
#1385 = AXIS2_PLACEMENT_3D('',#1386,#1387,#1388);
#1386 = CARTESIAN_POINT('',(-12.49999999751,-16.09999999775,
    14.249780090426));
#1387 = DIRECTION('',(-1.792871406892E-10,-1.,0.));
#1388 = DIRECTION('',(0.,0.,1.));
#1389 = ADVANCED_FACE('',(#1390),#1548,.F.);
#1390 = FACE_BOUND('',#1391,.F.);
#1391 = EDGE_LOOP('',(#1392,#1468,#1474,#1475,#1476));
#1392 = ORIENTED_EDGE('',*,*,#1393,.F.);
#1393 = EDGE_CURVE('',#1394,#1396,#1398,.T.);
#1394 = VERTEX_POINT('',#1395);
#1395 = CARTESIAN_POINT('',(12.500000002476,-16.14978009266,12.5));
#1396 = VERTEX_POINT('',#1397);
#1397 = CARTESIAN_POINT('',(14.25,-16.15000001389,14.25));
#1398 = B_SPLINE_CURVE_WITH_KNOTS('',5,(#1399,#1400,#1401,#1402,#1403,
    #1404,#1405,#1406,#1407,#1408,#1409,#1410,#1411,#1412,#1413,#1414,
    #1415,#1416,#1417,#1418,#1419,#1420,#1421,#1422,#1423,#1424,#1425,
    #1426,#1427,#1428,#1429,#1430,#1431,#1432,#1433,#1434,#1435,#1436,
    #1437,#1438,#1439,#1440,#1441,#1442,#1443,#1444,#1445,#1446,#1447,
    #1448,#1449,#1450,#1451,#1452,#1453,#1454,#1455,#1456,#1457,#1458,
    #1459,#1460,#1461,#1462,#1463,#1464,#1465,#1466,#1467),
  .UNSPECIFIED.,.T.,.F.,(6,4,4,4,4,4,4,4,4,4,4,4,4,5,5,5,6),(0.,
    9.659511594494E-02,0.15827973317,0.200761133722,0.231603910876,
    0.289506593372,0.375921852544,0.414329732184,0.471068132498,
    0.517768090664,0.539590466896,0.550065186702,0.560539891918,
    0.710214652165,0.80680976811,0.903404884055,1.),.UNSPECIFIED.);
#1399 = CARTESIAN_POINT('',(14.25,-16.15000001389,14.25));
#1400 = CARTESIAN_POINT('',(14.25000167285,-16.14997696262,
    14.066562225575));
#1401 = CARTESIAN_POINT('',(14.225958060091,-16.14995390623,
    13.883086455522));
#1402 = CARTESIAN_POINT('',(14.177891544187,-16.14993138729,
    13.703890427698));
#1403 = CARTESIAN_POINT('',(14.106885400166,-16.14990991311,
    13.533010689194));
#1404 = CARTESIAN_POINT('',(13.956461446282,-16.14987721107,
    13.272788748015));
#1405 = CARTESIAN_POINT('',(13.889350993939,-16.14986508229,
    13.176276449411));
#1406 = CARTESIAN_POINT('',(13.814307589944,-16.1498536897,
    13.085622947609));
#1407 = CARTESIAN_POINT('',(13.732027204556,-16.14984313898,
    13.001668887668));
#1408 = CARTESIAN_POINT('',(13.582273519693,-16.14982689745,
    12.872432619172));
#1409 = CARTESIAN_POINT('',(13.518162867136,-16.14982071596,
    12.82324573557));
#1410 = CARTESIAN_POINT('',(13.451286707716,-16.14981500615,
    12.777812194704));
#1411 = CARTESIAN_POINT('',(13.381940195608,-16.14980979322,
    12.736332497022));
#1412 = CARTESIAN_POINT('',(13.258531471151,-16.14980168931,
    12.671849059936));
#1413 = CARTESIAN_POINT('',(13.205486491865,-16.14979855343,
    12.646896641576));
#1414 = CARTESIAN_POINT('',(13.151428177037,-16.14979569845,
    12.624179317186));
#1415 = CARTESIAN_POINT('',(13.096482469384,-16.14979313101,
    12.603750008346));
#1416 = CARTESIAN_POINT('',(12.936206257652,-16.1497865863,
    12.551673024767));
#1417 = CARTESIAN_POINT('',(12.828960917768,-16.14978334828,
    12.525907553034));
#1418 = CARTESIAN_POINT('',(12.719913243279,-16.14978117776,
    12.508636108732));
#1419 = CARTESIAN_POINT('',(12.609954961138,-16.14978009252,
    12.499999916866));
#1420 = CARTESIAN_POINT('',(12.33590076147,-16.14978009275,
    12.499999081393));
#1421 = CARTESIAN_POINT('',(12.171777149984,-16.14978251091,
    12.519238288085));
#1422 = CARTESIAN_POINT('',(12.010706003312,-16.14978734571,
    12.557706349967));
#1423 = CARTESIAN_POINT('',(11.855600714961,-16.14979450968,
    12.614707523377));
#1424 = CARTESIAN_POINT('',(11.644147198778,-16.14980797143,
    12.721819525744));
#1425 = CARTESIAN_POINT('',(11.580799757361,-16.14981253957,
    12.75816732739));
#1426 = CARTESIAN_POINT('',(11.519405427097,-16.14981751864,
    12.797785102837));
#1427 = CARTESIAN_POINT('',(11.460185819303,-16.14982289068,
    12.840529858856));
#1428 = CARTESIAN_POINT('',(11.319382858746,-16.14983712036,
    12.953754526835));
#1429 = CARTESIAN_POINT('',(11.240612207937,-16.14984641825,
    13.02773781739));
#1430 = CARTESIAN_POINT('',(11.167704998307,-16.14985646068,
    13.107646050084));
#1431 = CARTESIAN_POINT('',(11.101233862714,-16.14986716876,
    13.192851672726));
#1432 = CARTESIAN_POINT('',(10.992653078939,-16.14988773988,
    13.356540483349));
#1433 = CARTESIAN_POINT('',(10.948312085195,-16.14989741757,
    13.43354843721));
#1434 = CARTESIAN_POINT('',(10.90891565026,-16.14990743551,
    13.513264514727));
#1435 = CARTESIAN_POINT('',(10.874673788635,-16.1499177403,
    13.595263836359));
#1436 = CARTESIAN_POINT('',(10.832223445701,-16.14993319804,
    13.718268221432));
#1437 = CARTESIAN_POINT('',(10.819863764848,-16.14993817116,
    13.757841773829));
#1438 = CARTESIAN_POINT('',(10.808679431355,-16.14994318879,
    13.797769718852));
#1439 = CARTESIAN_POINT('',(10.798683503865,-16.14994824509,
    13.838005450141));
#1440 = CARTESIAN_POINT('',(10.785663623202,-16.1499557768,
    13.897939695416));
#1441 = CARTESIAN_POINT('',(10.781717143692,-16.14995822705,
    13.917437806641));
#1442 = CARTESIAN_POINT('',(10.778047980413,-16.14996068417,
    13.936990687804));
#1443 = CARTESIAN_POINT('',(10.774657121166,-16.14996314752,
    13.956593077057));
#1444 = CARTESIAN_POINT('',(10.768433691622,-16.14996808531,
    13.995886264514));
#1445 = CARTESIAN_POINT('',(10.765601120344,-16.14997055975,
    14.015577063875));
#1446 = CARTESIAN_POINT('',(10.763048528601,-16.14997303909,
    14.035306792627));
#1447 = CARTESIAN_POINT('',(10.76077660372,-16.14997552264,
    14.055070141302));
#1448 = CARTESIAN_POINT('',(10.730330343538,-16.15001354823,
    14.357666740637));
#1449 = CARTESIAN_POINT('',(10.759333394654,-16.15004983889,
    14.646464971795));
#1450 = CARTESIAN_POINT('',(10.847314194779,-16.15008484913,
    14.925082413126));
#1451 = CARTESIAN_POINT('',(10.989426372799,-16.15011665008,
    15.178166560444));
#1452 = CARTESIAN_POINT('',(11.175138311796,-16.15014368772,
    15.393346625976));
#1453 = CARTESIAN_POINT('',(11.36025833893,-16.15017064574,
    15.607892983976));
#1454 = CARTESIAN_POINT('',(11.589146394106,-16.15019291739,
    15.785147897466));
#1455 = CARTESIAN_POINT('',(11.850769098694,-16.15020895355,
    15.91277876994));
#1456 = CARTESIAN_POINT('',(12.131354138111,-16.15021791025,
    15.984066351306));
#1457 = CARTESIAN_POINT('',(12.414390261826,-16.15021964865,
    15.997904737888));
#1458 = CARTESIAN_POINT('',(12.697423745872,-16.15022139314,
    16.01179158465));
#1459 = CARTESIAN_POINT('',(12.98363210054,-16.1502159238,
    15.968264804703));
#1460 = CARTESIAN_POINT('',(13.256475063406,-16.15020317616,
    15.86681134194));
#1461 = CARTESIAN_POINT('',(13.501589567447,-16.15018382114,
    15.712772330583));
#1462 = CARTESIAN_POINT('',(13.706789741048,-16.15015926496,
    15.517343095181));
#1463 = CARTESIAN_POINT('',(13.912026089445,-16.15013471288,
    15.321946415353));
#1464 = CARTESIAN_POINT('',(14.077871726088,-16.15010489678,
    15.084658614879));
#1465 = CARTESIAN_POINT('',(14.192549768145,-16.15007127694,
    14.817105037345));
#1466 = CARTESIAN_POINT('',(14.250024225349,-16.15003562299,
    14.533370641249));
#1467 = CARTESIAN_POINT('',(14.25,-16.15000001389,14.25));
#1468 = ORIENTED_EDGE('',*,*,#1469,.T.);
#1469 = EDGE_CURVE('',#1394,#603,#1470,.T.);
#1470 = LINE('',#1471,#1472);
#1471 = CARTESIAN_POINT('',(12.500000002485,-16.10000000224,
    12.549780090426));
#1472 = VECTOR('',#1473,1.);
#1473 = DIRECTION('',(-1.267750629608E-10,-0.707106781187,
    -0.707106781187));
#1474 = ORIENTED_EDGE('',*,*,#602,.T.);
#1475 = ORIENTED_EDGE('',*,*,#1469,.F.);
#1476 = ORIENTED_EDGE('',*,*,#1477,.F.);
#1477 = EDGE_CURVE('',#1396,#1394,#1478,.T.);
#1478 = B_SPLINE_CURVE_WITH_KNOTS('',5,(#1479,#1480,#1481,#1482,#1483,
    #1484,#1485,#1486,#1487,#1488,#1489,#1490,#1491,#1492,#1493,#1494,
    #1495,#1496,#1497,#1498,#1499,#1500,#1501,#1502,#1503,#1504,#1505,
    #1506,#1507,#1508,#1509,#1510,#1511,#1512,#1513,#1514,#1515,#1516,
    #1517,#1518,#1519,#1520,#1521,#1522,#1523,#1524,#1525,#1526,#1527,
    #1528,#1529,#1530,#1531,#1532,#1533,#1534,#1535,#1536,#1537,#1538,
    #1539,#1540,#1541,#1542,#1543,#1544,#1545,#1546,#1547),
  .UNSPECIFIED.,.T.,.F.,(6,4,4,4,4,4,4,4,4,4,4,4,4,5,5,5,6),(0.,
    9.659511594494E-02,0.15827973317,0.200761133722,0.231603910876,
    0.289506593372,0.375921852544,0.414329732184,0.471068132498,
    0.517768090664,0.539590466896,0.550065186702,0.560539891918,
    0.710214652165,0.80680976811,0.903404884055,1.),.UNSPECIFIED.);
#1479 = CARTESIAN_POINT('',(14.25,-16.15000001389,14.25));
#1480 = CARTESIAN_POINT('',(14.25000167285,-16.14997696262,
    14.066562225575));
#1481 = CARTESIAN_POINT('',(14.225958060091,-16.14995390623,
    13.883086455522));
#1482 = CARTESIAN_POINT('',(14.177891544187,-16.14993138729,
    13.703890427698));
#1483 = CARTESIAN_POINT('',(14.106885400166,-16.14990991311,
    13.533010689194));
#1484 = CARTESIAN_POINT('',(13.956461446282,-16.14987721107,
    13.272788748015));
#1485 = CARTESIAN_POINT('',(13.889350993939,-16.14986508229,
    13.176276449411));
#1486 = CARTESIAN_POINT('',(13.814307589944,-16.1498536897,
    13.085622947609));
#1487 = CARTESIAN_POINT('',(13.732027204556,-16.14984313898,
    13.001668887668));
#1488 = CARTESIAN_POINT('',(13.582273519693,-16.14982689745,
    12.872432619172));
#1489 = CARTESIAN_POINT('',(13.518162867136,-16.14982071596,
    12.82324573557));
#1490 = CARTESIAN_POINT('',(13.451286707716,-16.14981500615,
    12.777812194704));
#1491 = CARTESIAN_POINT('',(13.381940195608,-16.14980979322,
    12.736332497022));
#1492 = CARTESIAN_POINT('',(13.258531471151,-16.14980168931,
    12.671849059936));
#1493 = CARTESIAN_POINT('',(13.205486491865,-16.14979855343,
    12.646896641576));
#1494 = CARTESIAN_POINT('',(13.151428177037,-16.14979569845,
    12.624179317186));
#1495 = CARTESIAN_POINT('',(13.096482469384,-16.14979313101,
    12.603750008346));
#1496 = CARTESIAN_POINT('',(12.936206257652,-16.1497865863,
    12.551673024767));
#1497 = CARTESIAN_POINT('',(12.828960917768,-16.14978334828,
    12.525907553034));
#1498 = CARTESIAN_POINT('',(12.719913243279,-16.14978117776,
    12.508636108732));
#1499 = CARTESIAN_POINT('',(12.609954961138,-16.14978009252,
    12.499999916866));
#1500 = CARTESIAN_POINT('',(12.33590076147,-16.14978009275,
    12.499999081393));
#1501 = CARTESIAN_POINT('',(12.171777149984,-16.14978251091,
    12.519238288085));
#1502 = CARTESIAN_POINT('',(12.010706003312,-16.14978734571,
    12.557706349967));
#1503 = CARTESIAN_POINT('',(11.855600714961,-16.14979450968,
    12.614707523377));
#1504 = CARTESIAN_POINT('',(11.644147198778,-16.14980797143,
    12.721819525744));
#1505 = CARTESIAN_POINT('',(11.580799757361,-16.14981253957,
    12.75816732739));
#1506 = CARTESIAN_POINT('',(11.519405427097,-16.14981751864,
    12.797785102837));
#1507 = CARTESIAN_POINT('',(11.460185819303,-16.14982289068,
    12.840529858856));
#1508 = CARTESIAN_POINT('',(11.319382858746,-16.14983712036,
    12.953754526835));
#1509 = CARTESIAN_POINT('',(11.240612207937,-16.14984641825,
    13.02773781739));
#1510 = CARTESIAN_POINT('',(11.167704998307,-16.14985646068,
    13.107646050084));
#1511 = CARTESIAN_POINT('',(11.101233862714,-16.14986716876,
    13.192851672726));
#1512 = CARTESIAN_POINT('',(10.992653078939,-16.14988773988,
    13.356540483349));
#1513 = CARTESIAN_POINT('',(10.948312085195,-16.14989741757,
    13.43354843721));
#1514 = CARTESIAN_POINT('',(10.90891565026,-16.14990743551,
    13.513264514727));
#1515 = CARTESIAN_POINT('',(10.874673788635,-16.1499177403,
    13.595263836359));
#1516 = CARTESIAN_POINT('',(10.832223445701,-16.14993319804,
    13.718268221432));
#1517 = CARTESIAN_POINT('',(10.819863764848,-16.14993817116,
    13.757841773829));
#1518 = CARTESIAN_POINT('',(10.808679431355,-16.14994318879,
    13.797769718852));
#1519 = CARTESIAN_POINT('',(10.798683503865,-16.14994824509,
    13.838005450141));
#1520 = CARTESIAN_POINT('',(10.785663623202,-16.1499557768,
    13.897939695416));
#1521 = CARTESIAN_POINT('',(10.781717143692,-16.14995822705,
    13.917437806641));
#1522 = CARTESIAN_POINT('',(10.778047980413,-16.14996068417,
    13.936990687804));
#1523 = CARTESIAN_POINT('',(10.774657121166,-16.14996314752,
    13.956593077057));
#1524 = CARTESIAN_POINT('',(10.768433691622,-16.14996808531,
    13.995886264514));
#1525 = CARTESIAN_POINT('',(10.765601120344,-16.14997055975,
    14.015577063875));
#1526 = CARTESIAN_POINT('',(10.763048528601,-16.14997303909,
    14.035306792627));
#1527 = CARTESIAN_POINT('',(10.76077660372,-16.14997552264,
    14.055070141302));
#1528 = CARTESIAN_POINT('',(10.730330343538,-16.15001354823,
    14.357666740637));
#1529 = CARTESIAN_POINT('',(10.759333394654,-16.15004983889,
    14.646464971795));
#1530 = CARTESIAN_POINT('',(10.847314194779,-16.15008484913,
    14.925082413126));
#1531 = CARTESIAN_POINT('',(10.989426372799,-16.15011665008,
    15.178166560444));
#1532 = CARTESIAN_POINT('',(11.175138311796,-16.15014368772,
    15.393346625976));
#1533 = CARTESIAN_POINT('',(11.36025833893,-16.15017064574,
    15.607892983976));
#1534 = CARTESIAN_POINT('',(11.589146394106,-16.15019291739,
    15.785147897466));
#1535 = CARTESIAN_POINT('',(11.850769098694,-16.15020895355,
    15.91277876994));
#1536 = CARTESIAN_POINT('',(12.131354138111,-16.15021791025,
    15.984066351306));
#1537 = CARTESIAN_POINT('',(12.414390261826,-16.15021964865,
    15.997904737888));
#1538 = CARTESIAN_POINT('',(12.697423745872,-16.15022139314,
    16.01179158465));
#1539 = CARTESIAN_POINT('',(12.98363210054,-16.1502159238,
    15.968264804703));
#1540 = CARTESIAN_POINT('',(13.256475063406,-16.15020317616,
    15.86681134194));
#1541 = CARTESIAN_POINT('',(13.501589567447,-16.15018382114,
    15.712772330583));
#1542 = CARTESIAN_POINT('',(13.706789741048,-16.15015926496,
    15.517343095181));
#1543 = CARTESIAN_POINT('',(13.912026089445,-16.15013471288,
    15.321946415353));
#1544 = CARTESIAN_POINT('',(14.077871726088,-16.15010489678,
    15.084658614879));
#1545 = CARTESIAN_POINT('',(14.192549768145,-16.15007127694,
    14.817105037345));
#1546 = CARTESIAN_POINT('',(14.250024225349,-16.15003562299,
    14.533370641249));
#1547 = CARTESIAN_POINT('',(14.25,-16.15000001389,14.25));
#1548 = CONICAL_SURFACE('',#1549,1.7,0.785398163397);
#1549 = AXIS2_PLACEMENT_3D('',#1550,#1551,#1552);
#1550 = CARTESIAN_POINT('',(12.500000002485,-16.10000000224,
    14.249780090426));
#1551 = DIRECTION('',(-1.792871406892E-10,-1.,0.));
#1552 = DIRECTION('',(0.,0.,1.));
#1553 = ADVANCED_FACE('',(#1554),#1566,.T.);
#1554 = FACE_BOUND('',#1555,.T.);
#1555 = EDGE_LOOP('',(#1556,#1557,#1564,#1565));
#1556 = ORIENTED_EDGE('',*,*,#1213,.T.);
#1557 = ORIENTED_EDGE('',*,*,#1558,.T.);
#1558 = EDGE_CURVE('',#1199,#630,#1559,.T.);
#1559 = CIRCLE('',#1560,4.);
#1560 = AXIS2_PLACEMENT_3D('',#1561,#1562,#1563);
#1561 = CARTESIAN_POINT('',(13.000000003704,-9.300000002331,
    12.799999243574));
#1562 = DIRECTION('',(-1.792871406892E-10,-1.,0.));
#1563 = DIRECTION('',(1.,-1.792871406892E-10,0.));
#1564 = ORIENTED_EDGE('',*,*,#629,.T.);
#1565 = ORIENTED_EDGE('',*,*,#703,.T.);
#1566 = CYLINDRICAL_SURFACE('',#1567,4.);
#1567 = AXIS2_PLACEMENT_3D('',#1568,#1569,#1570);
#1568 = CARTESIAN_POINT('',(13.000000000385,-27.81370850131,
    12.799999243574));
#1569 = DIRECTION('',(1.792871406892E-10,1.,0.));
#1570 = DIRECTION('',(-1.,1.792871406892E-10,0.));
#1571 = ADVANCED_FACE('',(#1572),#1599,.T.);
#1572 = FACE_BOUND('',#1573,.T.);
#1573 = EDGE_LOOP('',(#1574,#1583,#1591,#1598));
#1574 = ORIENTED_EDGE('',*,*,#1575,.T.);
#1575 = EDGE_CURVE('',#630,#1576,#1578,.T.);
#1576 = VERTEX_POINT('',#1577);
#1577 = CARTESIAN_POINT('',(16.200000003848,-8.500000002904,
    12.799999243574));
#1578 = CIRCLE('',#1579,0.8);
#1579 = AXIS2_PLACEMENT_3D('',#1580,#1581,#1582);
#1580 = CARTESIAN_POINT('',(16.200000003704,-9.300000002904,
    12.799999243574));
#1581 = DIRECTION('',(-8.670000001554E-15,-8.669999998446E-15,1.));
#1582 = DIRECTION('',(1.792871406892E-10,1.,8.67E-15));
#1583 = ORIENTED_EDGE('',*,*,#1584,.F.);
#1584 = EDGE_CURVE('',#1585,#1576,#1587,.T.);
#1585 = VERTEX_POINT('',#1586);
#1586 = CARTESIAN_POINT('',(16.200000003848,-8.500000002904,
    14.885786437627));
#1587 = LINE('',#1588,#1589);
#1588 = CARTESIAN_POINT('',(16.200000003848,-8.500000002904,
    12.799999243574));
#1589 = VECTOR('',#1590,1.);
#1590 = DIRECTION('',(-0.,0.,-1.));
#1591 = ORIENTED_EDGE('',*,*,#1592,.F.);
#1592 = EDGE_CURVE('',#638,#1585,#1593,.T.);
#1593 = CIRCLE('',#1594,0.8);
#1594 = AXIS2_PLACEMENT_3D('',#1595,#1596,#1597);
#1595 = CARTESIAN_POINT('',(16.200000003704,-9.300000002904,
    14.885786437627));
#1596 = DIRECTION('',(0.,-0.,1.));
#1597 = DIRECTION('',(1.792871406892E-10,1.,0.));
#1598 = ORIENTED_EDGE('',*,*,#637,.F.);
#1599 = CYLINDRICAL_SURFACE('',#1600,0.8);
#1600 = AXIS2_PLACEMENT_3D('',#1601,#1602,#1603);
#1601 = CARTESIAN_POINT('',(16.200000003704,-9.300000002904,
    12.799999243574));
#1602 = DIRECTION('',(0.,0.,-1.));
#1603 = DIRECTION('',(-1.792871406892E-10,-1.,0.));
#1604 = ADVANCED_FACE('',(#1605),#1709,.T.);
#1605 = FACE_BOUND('',#1606,.T.);
#1606 = EDGE_LOOP('',(#1607,#1608,#1701,#1708));
#1607 = ORIENTED_EDGE('',*,*,#1592,.T.);
#1608 = ORIENTED_EDGE('',*,*,#1609,.F.);
#1609 = EDGE_CURVE('',#1610,#1585,#1612,.T.);
#1610 = VERTEX_POINT('',#1611);
#1611 = CARTESIAN_POINT('',(16.765685428976,-7.500000003006,
    16.865685424949));
#1612 = B_SPLINE_CURVE_WITH_KNOTS('',3,(#1613,#1614,#1615,#1616,#1617,
    #1618,#1619,#1620,#1621,#1622,#1623,#1624,#1625,#1626,#1627,#1628,
    #1629,#1630,#1631,#1632,#1633,#1634,#1635,#1636,#1637,#1638,#1639,
    #1640,#1641,#1642,#1643,#1644,#1645,#1646,#1647,#1648,#1649,#1650,
    #1651,#1652,#1653,#1654,#1655,#1656,#1657,#1658,#1659,#1660,#1661,
    #1662,#1663,#1664,#1665,#1666,#1667,#1668,#1669,#1670,#1671,#1672,
    #1673,#1674,#1675,#1676,#1677,#1678,#1679,#1680,#1681,#1682,#1683,
    #1684,#1685,#1686,#1687,#1688,#1689,#1690,#1691,#1692,#1693,#1694,
    #1695,#1696,#1697,#1698,#1699,#1700),.UNSPECIFIED.,.F.,.F.,(4,3,3,3,
    3,3,3,3,3,3,3,3,3,3,3,3,3,3,3,3,3,3,3,3,3,3,3,3,3,4),(0.,
    0.107725794521,0.125,0.162524862113,0.20010341415,0.237421639354,
    0.25,0.260068960986,0.330289247956,0.375,0.449378425329,0.484375,
    0.492709060893,0.5,0.556019149364,0.610614394547,0.625,
    0.679274322565,0.737663406638,0.741244107526,0.74609375,
    0.749463171135,0.75,0.798093172772,0.843261240015,0.884402975968,
    0.923743218626,0.961871609313,0.99790802739,1.),.UNSPECIFIED.);
#1613 = CARTESIAN_POINT('',(16.765685428976,-7.500000003006,
    16.865685424949));
#1614 = CARTESIAN_POINT('',(16.765685428966,-7.553488343556,
    16.865685424949));
#1615 = CARTESIAN_POINT('',(16.763227642241,-7.607257045959,
    16.857082242375));
#1616 = CARTESIAN_POINT('',(16.75831189506,-7.660604962794,
    16.839873051874));
#1617 = CARTESIAN_POINT('',(16.757523637918,-7.669159486633,
    16.837113498378));
#1618 = CARTESIAN_POINT('',(16.756672196963,-7.677703102376,
    16.834132717382));
#1619 = CARTESIAN_POINT('',(16.755757592555,-7.686232818454,
    16.830930766696));
#1620 = CARTESIAN_POINT('',(16.753770791811,-7.70476197281,
    16.823975149655));
#1621 = CARTESIAN_POINT('',(16.751500608189,-7.723101046483,
    16.816027019591));
#1622 = CARTESIAN_POINT('',(16.748939401832,-7.741334652089,
    16.807060451041));
#1623 = CARTESIAN_POINT('',(16.746374530944,-7.759594346023,
    16.79808105328));
#1624 = CARTESIAN_POINT('',(16.743517787212,-7.777748512162,
    16.78808023613));
#1625 = CARTESIAN_POINT('',(16.740347221059,-7.795875339524,
    16.77698217067));
#1626 = CARTESIAN_POINT('',(16.737198619122,-7.813876592606,
    16.765960987476));
#1627 = CARTESIAN_POINT('',(16.733740519074,-7.83185113351,
    16.753857669019));
#1628 = CARTESIAN_POINT('',(16.729937570329,-7.849865213264,
    16.740549727815));
#1629 = CARTESIAN_POINT('',(16.728655760688,-7.855936980896,
    16.736064196067));
#1630 = CARTESIAN_POINT('',(16.727334657129,-7.862013136403,
    16.731441405001));
#1631 = CARTESIAN_POINT('',(16.725972547531,-7.868095869143,
    16.726675418674));
#1632 = CARTESIAN_POINT('',(16.724882180608,-7.872965088619,
    16.72286025295));
#1633 = CARTESIAN_POINT('',(16.723767880845,-7.877828512098,
    16.718961243894));
#1634 = CARTESIAN_POINT('',(16.722629471159,-7.882685302559,
    16.714977775957));
#1635 = CARTESIAN_POINT('',(16.714690275155,-7.916556247179,
    16.687197326511));
#1636 = CARTESIAN_POINT('',(16.705579296837,-7.950097735511,
    16.655311970023));
#1637 = CARTESIAN_POINT('',(16.695287516576,-7.983038958723,
    16.619291943019));
#1638 = CARTESIAN_POINT('',(16.688734520922,-8.004013337021,
    16.596357224785));
#1639 = CARTESIAN_POINT('',(16.681703035105,-8.024743754421,
    16.571747046729));
#1640 = CARTESIAN_POINT('',(16.67419312434,-8.045153850891,
    16.545462359064));
#1641 = CARTESIAN_POINT('',(16.661700036848,-8.079107000118,
    16.501736552866));
#1642 = CARTESIAN_POINT('',(16.647881702425,-8.112178508596,
    16.453372382403));
#1643 = CARTESIAN_POINT('',(16.632742554211,-8.144000102147,
    16.400385363674));
#1644 = CARTESIAN_POINT('',(16.625619274462,-8.158972814596,
    16.375453884562));
#1645 = CARTESIAN_POINT('',(16.618203671145,-8.173668305677,
    16.349499272961));
#1646 = CARTESIAN_POINT('',(16.610496787089,-8.188044996386,
    16.322525178777));
#1647 = CARTESIAN_POINT('',(16.608661474873,-8.1914686519,
    16.316101586022));
#1648 = CARTESIAN_POINT('',(16.606667964351,-8.195134439127,
    16.30912429979));
#1649 = CARTESIAN_POINT('',(16.604741625136,-8.198623007393,
    16.302382003772));
#1650 = CARTESIAN_POINT('',(16.60305639364,-8.201674933595,
    16.296483598381));
#1651 = CARTESIAN_POINT('',(16.601422892481,-8.204591719976,
    16.290766165173));
#1652 = CARTESIAN_POINT('',(16.600000232046,-8.207106891712,
    16.285786513675));
#1653 = CARTESIAN_POINT('',(16.589069373043,-8.226431944237,
    16.247525894985));
#1654 = CARTESIAN_POINT('',(16.577390450026,-8.245472981554,
    16.206649327061));
#1655 = CARTESIAN_POINT('',(16.564948020783,-8.264027107753,
    16.163101447319));
#1656 = CARTESIAN_POINT('',(16.552821855304,-8.282109622045,
    16.120660474926));
#1657 = CARTESIAN_POINT('',(16.539970467032,-8.2997296382,
    16.075682140337));
#1658 = CARTESIAN_POINT('',(16.526392469069,-8.316681325767,
    16.028159791149));
#1659 = CARTESIAN_POINT('',(16.522814726705,-8.321148020409,
    16.015637862485));
#1660 = CARTESIAN_POINT('',(16.51918660856,-8.32556821499,
    16.002939554012));
#1661 = CARTESIAN_POINT('',(16.515508248415,-8.329937931685,
    15.990065293507));
#1662 = CARTESIAN_POINT('',(16.501630451913,-8.346424093093,
    15.941493005759));
#1663 = CARTESIAN_POINT('',(16.487033926772,-8.362196318462,
    15.890405167776));
#1664 = CARTESIAN_POINT('',(16.471720752371,-8.377038072684,
    15.836809057381));
#1665 = CARTESIAN_POINT('',(16.455246622704,-8.393005041853,
    15.779149603557));
#1666 = CARTESIAN_POINT('',(16.437943563545,-8.40789561727,
    15.718588896509));
#1667 = CARTESIAN_POINT('',(16.419821649275,-8.421409051801,
    15.655162196574));
#1668 = CARTESIAN_POINT('',(16.418710325891,-8.42223776093,
    15.651272564729));
#1669 = CARTESIAN_POINT('',(16.417595924701,-8.423061279097,
    15.647372160567));
#1670 = CARTESIAN_POINT('',(16.41647844392,-8.423879535455,
    15.643460977832));
#1671 = CARTESIAN_POINT('',(16.414964946302,-8.424987768426,
    15.63816373617));
#1672 = CARTESIAN_POINT('',(16.413445825153,-8.426086335554,
    15.632846812151));
#1673 = CARTESIAN_POINT('',(16.411921074038,-8.427175105216,
    15.627510183248));
#1674 = CARTESIAN_POINT('',(16.410861711691,-8.427931557579,
    15.623802415033));
#1675 = CARTESIAN_POINT('',(16.409395488911,-8.428967544525,
    15.618669661054));
#1676 = CARTESIAN_POINT('',(16.408568482523,-8.429547276594,
    15.615774653509));
#1677 = CARTESIAN_POINT('',(16.408436720751,-8.429639641691,
    15.615313410005));
#1678 = CARTESIAN_POINT('',(16.408321204954,-8.429720515137,
    15.614909039905));
#1679 = CARTESIAN_POINT('',(16.408226182283,-8.429786995715,
    15.614576414223));
#1680 = CARTESIAN_POINT('',(16.399713335726,-8.435742826653,
    15.584777300496));
#1681 = CARTESIAN_POINT('',(16.390308842729,-8.441898646656,
    15.551858925822));
#1682 = CARTESIAN_POINT('',(16.379979248004,-8.448017833941,
    15.515703849445));
#1683 = CARTESIAN_POINT('',(16.370277916146,-8.453764842235,
    15.481747784023));
#1684 = CARTESIAN_POINT('',(16.359760312375,-8.459479262551,
    15.444935786626));
#1685 = CARTESIAN_POINT('',(16.348406135214,-8.464927980647,
    15.40519648067));
#1686 = CARTESIAN_POINT('',(16.338064081918,-8.469890994007,
    15.36899958024));
#1687 = CARTESIAN_POINT('',(16.327027828181,-8.474633213704,
    15.33037355797));
#1688 = CARTESIAN_POINT('',(16.31529099292,-8.478951222349,
    15.289295796632));
#1689 = CARTESIAN_POINT('',(16.3040680842,-8.48308015624,15.250016727302
    ));
#1690 = CARTESIAN_POINT('',(16.292204459123,-8.486821116401,
    15.208495421713));
#1691 = CARTESIAN_POINT('',(16.279705095212,-8.489972905716,
    15.164749011175));
#1692 = CARTESIAN_POINT('',(16.267590766517,-8.493027606101,
    15.122350181899));
#1693 = CARTESIAN_POINT('',(16.25487911977,-8.4955288334,15.077860721293
    ));
#1694 = CARTESIAN_POINT('',(16.241586925316,-8.497271913707,
    15.031339022134));
#1695 = CARTESIAN_POINT('',(16.229024027488,-8.49891935724,
    14.987369807322));
#1696 = CARTESIAN_POINT('',(16.215942482709,-8.499889450592,
    14.941585040127));
#1697 = CARTESIAN_POINT('',(16.202368871172,-8.499991129339,
    14.894077467346));
#1698 = CARTESIAN_POINT('',(16.201580900972,-8.499997031955,
    14.891319575571));
#1699 = CARTESIAN_POINT('',(16.200791276318,-8.500000002905,
    14.888555891272));
#1700 = CARTESIAN_POINT('',(16.200000003848,-8.500000002904,
    14.885786437627));
#1701 = ORIENTED_EDGE('',*,*,#1702,.F.);
#1702 = EDGE_CURVE('',#646,#1610,#1703,.T.);
#1703 = CIRCLE('',#1704,0.8);
#1704 = AXIS2_PLACEMENT_3D('',#1705,#1706,#1707);
#1705 = CARTESIAN_POINT('',(16.200000004027,-7.500000002904,
    17.431370849898));
#1706 = DIRECTION('',(1.792871406892E-10,1.,0.));
#1707 = DIRECTION('',(0.,0.,-1.));
#1708 = ORIENTED_EDGE('',*,*,#645,.F.);
#1709 = ( BOUNDED_SURFACE() B_SPLINE_SURFACE(3,2,(
    (#1710,#1711,#1712)
    ,(#1713,#1714,#1715)
    ,(#1716,#1717,#1718)
    ,(#1719,#1720,#1721)
    ,(#1722,#1723,#1724)
    ,(#1725,#1726,#1727)
    ,(#1728,#1729,#1730)
    ,(#1731,#1732,#1733)
    ,(#1734,#1735,#1736)
    ,(#1737,#1738,#1739
)),.UNSPECIFIED.,.F.,.F.,.F.) B_SPLINE_SURFACE_WITH_KNOTS((4,2,2,2,4),(3
    ,3),(3.14159265359,3.534291735289,3.926990816987,4.319689898686,
4.712388980385),(0.,1.),.UNSPECIFIED.) GEOMETRIC_REPRESENTATION_ITEM() 
RATIONAL_B_SPLINE_SURFACE((
    (1.,0.923879532511,1.)
    ,(1.,0.923888610995,1.)
    ,(1.,0.918937540494,1.)
    ,(1.,0.899458171356,1.)
    ,(1.,0.884919146892,1.)
    ,(1.,0.847131660677,1.)
    ,(1.,0.823878396961,1.)
    ,(1.,0.770234553913,1.)
    ,(1.,0.73984975215,1.)
,(1.,0.707106781187,1.))) REPRESENTATION_ITEM('') SURFACE() );
#1710 = CARTESIAN_POINT('',(17.000000004027,-7.500000003048,
    17.431370849898));
#1711 = CARTESIAN_POINT('',(17.000000004027,-7.500000003048,17.1));
#1712 = CARTESIAN_POINT('',(16.765685428976,-7.500000003006,
    16.865685424949));
#1713 = CARTESIAN_POINT('',(17.000000003985,-7.735661926276,
    17.431370849885));
#1714 = CARTESIAN_POINT('',(17.000000003996,-7.674317762315,
    17.099999999983));
#1715 = CARTESIAN_POINT('',(16.765685428945,-7.630923293688,
    16.865685424942));
#1716 = CARTESIAN_POINT('',(17.000000003942,-7.971146204662,
    17.365116095611));
#1717 = CARTESIAN_POINT('',(17.000000003964,-7.850102286997,
    17.0373934341));
#1718 = CARTESIAN_POINT('',(16.750962150199,-7.761747892789,
    16.814153949392));
#1719 = CARTESIAN_POINT('',(17.000000003864,-8.406514157948,
    17.110083453198));
#1720 = CARTESIAN_POINT('',(17.000000003908,-8.16053311232,
    16.803068217146));
#1721 = CARTESIAN_POINT('',(16.694288229618,-8.003618977937,
    16.615795227515));
#1722 = CARTESIAN_POINT('',(17.000000003828,-8.606184104716,
    16.921405878566));
#1723 = CARTESIAN_POINT('',(17.000000003884,-8.297032873963,
    16.62693434329));
#1724 = CARTESIAN_POINT('',(16.652359879681,-8.114546726135,
    16.469046002802));
#1725 = CARTESIAN_POINT('',(17.000000003769,-8.939400313651,
    16.450166996688));
#1726 = CARTESIAN_POINT('',(17.000000003847,-8.498704094583,
    16.20203534053));
#1727 = CARTESIAN_POINT('',(16.547640128119,-8.299666842191,
    16.102526872452));
#1728 = CARTESIAN_POINT('',(17.000000003745,-9.072815504588,
    16.16779105524));
#1729 = CARTESIAN_POINT('',(17.000000003836,-8.562441732796,
    15.946397774265));
#1730 = CARTESIAN_POINT('',(16.484889918896,-8.3737863927,
    15.882901140214));
#1731 = CARTESIAN_POINT('',(17.000000003712,-9.253150818548,
    15.55208778054));
#1732 = CARTESIAN_POINT('',(17.000000003829,-8.6014421323,
    15.414843132238));
#1733 = CARTESIAN_POINT('',(16.348066968944,-8.473972678209,
    15.404020815449));
#1734 = CARTESIAN_POINT('',(17.000000003704,-9.300000003044,
    15.219062729549));
#1735 = CARTESIAN_POINT('',(17.000000003835,-8.570855983925,
    15.133782381664));
#1736 = CARTESIAN_POINT('',(16.274061402051,-8.500000002918,
    15.145001331345));
#1737 = CARTESIAN_POINT('',(17.000000003704,-9.300000003048,
    14.885786437627));
#1738 = CARTESIAN_POINT('',(17.000000003848,-8.500000003048,
    14.885786437627));
#1739 = CARTESIAN_POINT('',(16.200000003848,-8.500000002904,
    14.885786437627));
#1740 = ADVANCED_FACE('',(#1741),#1760,.T.);
#1741 = FACE_BOUND('',#1742,.T.);
#1742 = EDGE_LOOP('',(#1743,#1751,#1758,#1759));
#1743 = ORIENTED_EDGE('',*,*,#1744,.F.);
#1744 = EDGE_CURVE('',#1745,#1610,#1747,.T.);
#1745 = VERTEX_POINT('',#1746);
#1746 = CARTESIAN_POINT('',(16.765685431952,9.099999996994,
    16.865685424949));
#1747 = LINE('',#1748,#1749);
#1748 = CARTESIAN_POINT('',(16.765685429693,-3.500000003006,
    16.865685424949));
#1749 = VECTOR('',#1750,1.);
#1750 = DIRECTION('',(-1.792871706892E-10,-1.,0.));
#1751 = ORIENTED_EDGE('',*,*,#1752,.T.);
#1752 = EDGE_CURVE('',#1745,#664,#1753,.T.);
#1753 = CIRCLE('',#1754,0.8);
#1754 = AXIS2_PLACEMENT_3D('',#1755,#1756,#1757);
#1755 = CARTESIAN_POINT('',(16.200000007003,9.099999997096,
    17.431370849898));
#1756 = DIRECTION('',(-1.792871406892E-10,-1.,-0.));
#1757 = DIRECTION('',(0.,0.,-1.));
#1758 = ORIENTED_EDGE('',*,*,#663,.F.);
#1759 = ORIENTED_EDGE('',*,*,#1702,.T.);
#1760 = CYLINDRICAL_SURFACE('',#1761,0.8);
#1761 = AXIS2_PLACEMENT_3D('',#1762,#1763,#1764);
#1762 = CARTESIAN_POINT('',(16.200000004744,-3.500000002904,
    17.431370849898));
#1763 = DIRECTION('',(-1.792871406892E-10,-1.,0.));
#1764 = DIRECTION('',(1.,-1.792871406892E-10,0.));
#1765 = ADVANCED_FACE('',(#1766),#1799,.T.);
#1766 = FACE_BOUND('',#1767,.T.);
#1767 = EDGE_LOOP('',(#1768,#1769,#1777,#1785,#1793));
#1768 = ORIENTED_EDGE('',*,*,#671,.F.);
#1769 = ORIENTED_EDGE('',*,*,#1770,.F.);
#1770 = EDGE_CURVE('',#1771,#664,#1773,.T.);
#1771 = VERTEX_POINT('',#1772);
#1772 = CARTESIAN_POINT('',(16.600000007075,9.499999997024,
    17.431370849898));
#1773 = LINE('',#1774,#1775);
#1774 = CARTESIAN_POINT('',(16.600000007075,9.499999997024,
    17.431370849898));
#1775 = VECTOR('',#1776,1.);
#1776 = DIRECTION('',(0.70710678106,-0.707106781313,0.));
#1777 = ORIENTED_EDGE('',*,*,#1778,.F.);
#1778 = EDGE_CURVE('',#1779,#1771,#1781,.T.);
#1779 = VERTEX_POINT('',#1780);
#1780 = CARTESIAN_POINT('',(16.600000007075,9.499999997024,
    25.399339887183));
#1781 = LINE('',#1782,#1783);
#1782 = CARTESIAN_POINT('',(16.600000007075,9.499999997024,-19.));
#1783 = VECTOR('',#1784,1.);
#1784 = DIRECTION('',(0.,0.,-1.));
#1785 = ORIENTED_EDGE('',*,*,#1786,.T.);
#1786 = EDGE_CURVE('',#1779,#1787,#1789,.T.);
#1787 = VERTEX_POINT('',#1788);
#1788 = CARTESIAN_POINT('',(16.800000007039,9.299999996988,
    25.599339887183));
#1789 = LINE('',#1790,#1791);
#1790 = CARTESIAN_POINT('',(21.233628604871,4.866371397566,
    30.03296848581));
#1791 = VECTOR('',#1792,1.);
#1792 = DIRECTION('',(0.577350269086,-0.577350269293,0.57735026919));
#1793 = ORIENTED_EDGE('',*,*,#1794,.F.);
#1794 = EDGE_CURVE('',#672,#1787,#1795,.T.);
#1795 = LINE('',#1796,#1797);
#1796 = CARTESIAN_POINT('',(31.533113300125,-5.433113301381,
    10.866226591455));
#1797 = VECTOR('',#1798,1.);
#1798 = DIRECTION('',(-0.577350269086,0.577350269293,0.57735026919));
#1799 = PLANE('',#1800);
#1800 = AXIS2_PLACEMENT_3D('',#1801,#1802,#1803);
#1801 = CARTESIAN_POINT('',(16.800000007039,9.299999996988,
    21.448842086923));
#1802 = DIRECTION('',(0.707106781313,0.70710678106,-4.887383978941E-16)
  );
#1803 = DIRECTION('',(-0.70710678106,0.707106781313,0.));
#1804 = ADVANCED_FACE('',(#1805),#1824,.F.);
#1805 = FACE_BOUND('',#1806,.T.);
#1806 = EDGE_LOOP('',(#1807,#1808,#1809,#1817,#1823));
#1807 = ORIENTED_EDGE('',*,*,#679,.F.);
#1808 = ORIENTED_EDGE('',*,*,#1794,.T.);
#1809 = ORIENTED_EDGE('',*,*,#1810,.F.);
#1810 = EDGE_CURVE('',#1811,#1787,#1813,.T.);
#1811 = VERTEX_POINT('',#1812);
#1812 = CARTESIAN_POINT('',(16.600000007003,9.099999997024,
    25.799339887183));
#1813 = LINE('',#1814,#1815);
#1814 = CARTESIAN_POINT('',(16.73333334036,9.233333330333,25.66600655385
    ));
#1815 = VECTOR('',#1816,1.);
#1816 = DIRECTION('',(0.577350269293,0.577350269086,-0.57735026919));
#1817 = ORIENTED_EDGE('',*,*,#1818,.F.);
#1818 = EDGE_CURVE('',#720,#1811,#1819,.T.);
#1819 = LINE('',#1820,#1821);
#1820 = CARTESIAN_POINT('',(16.600000007075,9.499999997024,
    25.799339887183));
#1821 = VECTOR('',#1822,1.);
#1822 = DIRECTION('',(1.792871706892E-10,1.,0.));
#1823 = ORIENTED_EDGE('',*,*,#719,.F.);
#1824 = PLANE('',#1825);
#1825 = AXIS2_PLACEMENT_3D('',#1826,#1827,#1828);
#1826 = CARTESIAN_POINT('',(16.600000007075,9.499999997024,
    25.799339887183));
#1827 = DIRECTION('',(-0.707106781187,1.267751729608E-10,-0.707106781187
    ));
#1828 = DIRECTION('',(-1.792871398313E-10,-1.,-2.914213562373E-17));
#1829 = ADVANCED_FACE('',(#1830),#1870,.T.);
#1830 = FACE_BOUND('',#1831,.T.);
#1831 = EDGE_LOOP('',(#1832,#1840,#1863,#1869));
#1832 = ORIENTED_EDGE('',*,*,#1833,.T.);
#1833 = EDGE_CURVE('',#744,#1834,#1836,.T.);
#1834 = VERTEX_POINT('',#1835);
#1835 = CARTESIAN_POINT('',(8.700000006089,3.999999999283,
    24.935902935308));
#1836 = LINE('',#1837,#1838);
#1837 = CARTESIAN_POINT('',(9.047430359168,3.933410675752,
    25.213358449753));
#1838 = VECTOR('',#1839,1.);
#1839 = DIRECTION('',(-0.772786093456,0.14811401117,-0.617141712621));
#1840 = ORIENTED_EDGE('',*,*,#1841,.F.);
#1841 = EDGE_CURVE('',#1842,#1834,#1844,.T.);
#1842 = VERTEX_POINT('',#1843);
#1843 = CARTESIAN_POINT('',(4.700000006089,4.973799150321E-14,
    23.89251965056));
#1844 = B_SPLINE_CURVE_WITH_KNOTS('',3,(#1845,#1846,#1847,#1848,#1849,
    #1850,#1851,#1852,#1853,#1854,#1855,#1856,#1857,#1858,#1859,#1860,
    #1861,#1862),.UNSPECIFIED.,.F.,.F.,(4,2,2,2,2,2,2,2,4),(0.,
    3.959470530247E-02,7.921375559864E-02,0.158666541642,0.31660717881,
    0.476304997971,0.557824056232,0.598648904368,0.63950011213),
  .UNSPECIFIED.);
#1845 = CARTESIAN_POINT('',(4.700000006089,-4.973799150321E-14,
    23.89251965056));
#1846 = CARTESIAN_POINT('',(4.831982356837,-1.06581410364E-14,
    23.892511372126));
#1847 = CARTESIAN_POINT('',(4.963879985197,6.533432554541E-03,
    23.8942303237));
#1848 = CARTESIAN_POINT('',(5.226547578564,3.261081619114E-02,
    23.901036582719));
#1849 = CARTESIAN_POINT('',(5.357130245366,5.214178941423E-02,
    23.906120784964));
#1850 = CARTESIAN_POINT('',(5.745884938847,0.130100663868,
    23.926455494132));
#1851 = CARTESIAN_POINT('',(5.999032186689,0.207638705588,
    23.946680799843));
#1852 = CARTESIAN_POINT('',(6.725754479362,0.511317076732,
    24.025895686206));
#1853 = CARTESIAN_POINT('',(7.1620186242,0.805164368645,24.102543411604)
  );
#1854 = CARTESIAN_POINT('',(7.898912146276,1.542057890669,
    24.294759007517));
#1855 = CARTESIAN_POINT('',(8.190899772616,1.979550297304,
    24.408878124827));
#1856 = CARTESIAN_POINT('',(8.492725978903,2.701840662204,
    24.597282979897));
#1857 = CARTESIAN_POINT('',(8.570082875812,2.955030156629,
    24.663326573587));
#1858 = CARTESIAN_POINT('',(8.647878379404,3.342970371041,
    24.764519657873));
#1859 = CARTESIAN_POINT('',(8.667400535862,3.473567276383,
    24.798594903566));
#1860 = CARTESIAN_POINT('',(8.693471321321,3.736167277926,
    24.867089192884));
#1861 = CARTESIAN_POINT('',(8.700000006065,3.868053857381,24.90147779188
    ));
#1862 = CARTESIAN_POINT('',(8.700000006089,3.999999999283,
    24.935902935302));
#1863 = ORIENTED_EDGE('',*,*,#1864,.F.);
#1864 = EDGE_CURVE('',#746,#1842,#1865,.T.);
#1865 = LINE('',#1866,#1867);
#1866 = CARTESIAN_POINT('',(4.700000006077,-0.41401967656,
    24.169975165011));
#1867 = VECTOR('',#1868,1.);
#1868 = DIRECTION('',(2.401479451292E-11,0.830712141096,-0.556702199237)
  );
#1869 = ORIENTED_EDGE('',*,*,#743,.F.);
#1870 = B_SPLINE_SURFACE_WITH_KNOTS('',1,3,(
    (#1871,#1872,#1873,#1874,#1875,#1876,#1877,#1878,#1879,#1880,#1881
      ,#1882,#1883,#1884,#1885,#1886,#1887,#1888,#1889,#1890,#1891,#1892
      ,#1893,#1894,#1895,#1896,#1897,#1898,#1899,#1900)
    ,(#1901,#1902,#1903,#1904,#1905,#1906,#1907,#1908,#1909,#1910,#1911
      ,#1912,#1913,#1914,#1915,#1916,#1917,#1918,#1919,#1920,#1921,#1922
      ,#1923,#1924,#1925,#1926,#1927,#1928,#1929,#1930
  )),.UNSPECIFIED.,.F.,.F.,.F.,(2,2),(4,2,2,2,2,2,2,2,2,2,2,2,2,2,4),(
    -4.030191513372E-05,1.),(3.141577938837,3.337942194596,3.43611696501
    ,3.534291735423,3.632466505836,3.73064127625,3.828816046663,
    3.926990817077,4.02516558749,4.123340357904,4.221515128317,
    4.319689898731,4.417864669144,4.516039439558,4.712403695317),
  .UNSPECIFIED.);
#1871 = CARTESIAN_POINT('',(4.699941146237,1.669018645956E-05,
    23.89250846972));
#1872 = CARTESIAN_POINT('',(4.961760702311,-4.819667580591E-06,
    23.892502858956));
#1873 = CARTESIAN_POINT('',(5.223570101429,2.579764605438E-02,
    23.899233347889));
#1874 = CARTESIAN_POINT('',(5.608743171402,0.102412205835,
    23.919218005625));
#1875 = CARTESIAN_POINT('',(5.735871848035,0.134256684226,
    23.927524533824));
#1876 = CARTESIAN_POINT('',(5.986397452726,0.210252795558,
    23.947347871295));
#1877 = CARTESIAN_POINT('',(6.109793210048,0.254404503508,
    23.958864700133));
#1878 = CARTESIAN_POINT('',(6.351663543969,0.354590476142,
    23.984997883927));
#1879 = CARTESIAN_POINT('',(6.470137492839,0.41062448081,23.999614171059
    ));
#1880 = CARTESIAN_POINT('',(6.701023212455,0.534035469061,24.03180552433
    ));
#1881 = CARTESIAN_POINT('',(6.81343438398,0.601412132352,24.049380506922
    ));
#1882 = CARTESIAN_POINT('',(7.031111933597,0.746859620939,24.08732000934
    ));
#1883 = CARTESIAN_POINT('',(7.136377746747,0.824930068754,
    24.107684430702));
#1884 = CARTESIAN_POINT('',(7.338750772567,0.991013318854,24.15100670412
    ));
#1885 = CARTESIAN_POINT('',(7.435857460017,1.079025690101,
    24.173964443741));
#1886 = CARTESIAN_POINT('',(7.620976999174,1.264145229225,
    24.222252270983));
#1887 = CARTESIAN_POINT('',(7.708989370439,1.361251916659,
    24.247582233281));
#1888 = CARTESIAN_POINT('',(7.875072620575,1.56362494245,24.300370576174
    ));
#1889 = CARTESIAN_POINT('',(7.953143068409,1.668890755586,
    24.327828819767));
#1890 = CARTESIAN_POINT('',(8.098590557035,1.886568305176,
    24.384609297711));
#1891 = CARTESIAN_POINT('',(8.165967220347,1.99897947669,24.413931384701
    ));
#1892 = CARTESIAN_POINT('',(8.289378208638,2.229865196283,
    24.474157170657));
#1893 = CARTESIAN_POINT('',(8.345412213328,2.348339145144,
    24.505060713317));
#1894 = CARTESIAN_POINT('',(8.445598186004,2.590209479046,
    24.568151800041));
#1895 = CARTESIAN_POINT('',(8.489749893977,2.713605236361,
    24.600339180364));
#1896 = CARTESIAN_POINT('',(8.565746005354,2.964130841038,
    24.665687966202));
#1897 = CARTESIAN_POINT('',(8.597590483772,3.091259517689,
    24.698849066343));
#1898 = CARTESIAN_POINT('',(8.674205043608,3.476432587577,
    24.799320203762));
#1899 = CARTESIAN_POINT('',(8.700007509386,3.738241986738,24.86761233054
    ));
#1900 = CARTESIAN_POINT('',(8.699985999579,4.000061542812,
    24.935907106714));
#1901 = CARTESIAN_POINT('',(4.699936033576,-0.414019671777,
    24.169975166159));
#1902 = CARTESIAN_POINT('',(4.984497600969,-0.414043050007,
    24.169969555396));
#1903 = CARTESIAN_POINT('',(5.269048129162,-0.385999346172,
    24.176700044328));
#1904 = CARTESIAN_POINT('',(5.687677868479,-0.302729939017,
    24.196684702064));
#1905 = CARTESIAN_POINT('',(5.825849119039,-0.268119404878,
    24.204991230263));
#1906 = CARTESIAN_POINT('',(6.098135726701,-0.185522165463,
    24.224814567734));
#1907 = CARTESIAN_POINT('',(6.232249811377,-0.137535378663,
    24.236331396572));
#1908 = CARTESIAN_POINT('',(6.495129339395,-2.8647112902E-02,
    24.262464580366));
#1909 = CARTESIAN_POINT('',(6.623894100481,3.225408345992E-02,
    24.277080867498));
#1910 = CARTESIAN_POINT('',(6.874834875294,0.166384722044,
    24.309272220769));
#1911 = CARTESIAN_POINT('',(6.997010237752,0.239613816155,
    24.326847203361));
#1912 = CARTESIAN_POINT('',(7.233595562523,0.397695076189,24.36478670578
    ));
#1913 = CARTESIAN_POINT('',(7.348004910823,0.482546831842,
    24.385151127141));
#1914 = CARTESIAN_POINT('',(7.567956339544,0.663056304376,
    24.428473400559));
#1915 = CARTESIAN_POINT('',(7.673497849121,0.75871355278,24.45143114018)
  );
#1916 = CARTESIAN_POINT('',(7.874697129296,0.959912832918,
    24.499718967422));
#1917 = CARTESIAN_POINT('',(7.970354377718,1.065454342478,
    24.525048929721));
#1918 = CARTESIAN_POINT('',(8.150863850292,1.285405771166,
    24.577837272614));
#1919 = CARTESIAN_POINT('',(8.235715605965,1.399815119452,
    24.605295516206));
#1920 = CARTESIAN_POINT('',(8.393796866042,1.636400444194,
    24.662075994151));
#1921 = CARTESIAN_POINT('',(8.467025960175,1.758575806639,
    24.691398081141));
#1922 = CARTESIAN_POINT('',(8.601156598803,2.009516581428,
    24.751623867096));
#1923 = CARTESIAN_POINT('',(8.662057795189,2.138281342504,
    24.782527409757));
#1924 = CARTESIAN_POINT('',(8.770946060997,2.401160870501,
    24.845618496481));
#1925 = CARTESIAN_POINT('',(8.818932847821,2.535274955169,
    24.877805876803));
#1926 = CARTESIAN_POINT('',(8.901530087285,2.807561562815,
    24.943154662642));
#1927 = CARTESIAN_POINT('',(8.936140621453,2.945732813391,
    24.976315762782));
#1928 = CARTESIAN_POINT('',(9.01941002867,3.364362552628,25.076786900202
    ));
#1929 = CARTESIAN_POINT('',(9.047453732565,3.64891308086,25.145079026979
    ));
#1930 = CARTESIAN_POINT('',(9.047430354386,3.933474648253,
    25.213373803153));
#1931 = ADVANCED_FACE('',(#1932),#1943,.T.);
#1932 = FACE_BOUND('',#1933,.T.);
#1933 = EDGE_LOOP('',(#1934,#1935,#1936,#1937));
#1934 = ORIENTED_EDGE('',*,*,#809,.F.);
#1935 = ORIENTED_EDGE('',*,*,#762,.F.);
#1936 = ORIENTED_EDGE('',*,*,#1864,.T.);
#1937 = ORIENTED_EDGE('',*,*,#1938,.F.);
#1938 = EDGE_CURVE('',#810,#1842,#1939,.T.);
#1939 = LINE('',#1940,#1941);
#1940 = CARTESIAN_POINT('',(4.700000006105,4.973799150321E-14,
    23.89251965056));
#1941 = VECTOR('',#1942,1.);
#1942 = DIRECTION('',(1.,-9.806891549778E-16,4.302869E-11));
#1943 = PLANE('',#1944);
#1944 = AXIS2_PLACEMENT_3D('',#1945,#1946,#1947);
#1945 = CARTESIAN_POINT('',(-16.12098097322,8.526512829121E-14,
    23.892519649664));
#1946 = DIRECTION('',(-3.574390448346E-11,0.556702199237,0.830712141096)
  );
#1947 = DIRECTION('',(1.,6.420650905743E-11,-3.781507093593E-19));
#1948 = ADVANCED_FACE('',(#1949),#1967,.T.);
#1949 = FACE_BOUND('',#1950,.T.);
#1950 = EDGE_LOOP('',(#1951,#1952,#1953,#1961));
#1951 = ORIENTED_EDGE('',*,*,#778,.F.);
#1952 = ORIENTED_EDGE('',*,*,#1818,.T.);
#1953 = ORIENTED_EDGE('',*,*,#1954,.T.);
#1954 = EDGE_CURVE('',#1811,#1955,#1957,.T.);
#1955 = VERTEX_POINT('',#1956);
#1956 = CARTESIAN_POINT('',(9.100000007003,9.099999998368,
    25.799339887183));
#1957 = LINE('',#1958,#1959);
#1958 = CARTESIAN_POINT('',(29.700885802883,9.099999994675,
    25.799339887183));
#1959 = VECTOR('',#1960,1.);
#1960 = DIRECTION('',(-1.,1.792871406892E-10,0.));
#1961 = ORIENTED_EDGE('',*,*,#1962,.T.);
#1962 = EDGE_CURVE('',#1955,#779,#1963,.T.);
#1963 = LINE('',#1964,#1965);
#1964 = CARTESIAN_POINT('',(9.100000006514,6.374999998368,
    25.799339887183));
#1965 = VECTOR('',#1966,1.);
#1966 = DIRECTION('',(-1.792871406892E-10,-1.,0.));
#1967 = PLANE('',#1968);
#1968 = AXIS2_PLACEMENT_3D('',#1969,#1970,#1971);
#1969 = CARTESIAN_POINT('',(29.700885802955,9.499999994675,
    25.799339887183));
#1970 = DIRECTION('',(0.,0.,1.));
#1971 = DIRECTION('',(1.792871406892E-10,1.,0.));
#1972 = ADVANCED_FACE('',(#1973),#2007,.T.);
#1973 = FACE_BOUND('',#1974,.T.);
#1974 = EDGE_LOOP('',(#1975,#1985,#1991,#1992,#1993,#2001));
#1975 = ORIENTED_EDGE('',*,*,#1976,.F.);
#1976 = EDGE_CURVE('',#1977,#1979,#1981,.T.);
#1977 = VERTEX_POINT('',#1978);
#1978 = CARTESIAN_POINT('',(8.700000006435,5.930987298786,
    25.399339887183));
#1979 = VERTEX_POINT('',#1980);
#1980 = CARTESIAN_POINT('',(8.700000007003,9.09999999844,25.399339887183
    ));
#1981 = LINE('',#1982,#1983);
#1982 = CARTESIAN_POINT('',(8.700000007075,9.49999999844,25.399339887183
    ));
#1983 = VECTOR('',#1984,1.);
#1984 = DIRECTION('',(1.792871406892E-10,1.,0.));
#1985 = ORIENTED_EDGE('',*,*,#1986,.T.);
#1986 = EDGE_CURVE('',#1977,#787,#1987,.T.);
#1987 = LINE('',#1988,#1989);
#1988 = CARTESIAN_POINT('',(-2.469208840915,-1.301440325946,
    14.23013104113));
#1989 = VECTOR('',#1990,1.);
#1990 = DIRECTION('',(0.642917528739,0.41631010386,0.642917528664));
#1991 = ORIENTED_EDGE('',*,*,#786,.F.);
#1992 = ORIENTED_EDGE('',*,*,#1962,.F.);
#1993 = ORIENTED_EDGE('',*,*,#1994,.T.);
#1994 = EDGE_CURVE('',#1955,#1995,#1997,.T.);
#1995 = VERTEX_POINT('',#1996);
#1996 = CARTESIAN_POINT('',(8.900000007039,9.299999998404,
    25.599339887183));
#1997 = LINE('',#1998,#1999);
#1998 = CARTESIAN_POINT('',(15.966961937732,2.233038065177,
    32.666301819143));
#1999 = VECTOR('',#2000,1.);
#2000 = DIRECTION('',(-0.577350269086,0.577350269293,-0.57735026919));
#2001 = ORIENTED_EDGE('',*,*,#2002,.F.);
#2002 = EDGE_CURVE('',#1979,#1995,#2003,.T.);
#2003 = LINE('',#2004,#2005);
#2004 = CARTESIAN_POINT('',(-6.266395496022,-5.866395499218,
    10.432944386842));
#2005 = VECTOR('',#2006,1.);
#2006 = DIRECTION('',(0.577350269293,0.577350269086,0.57735026919));
#2007 = PLANE('',#2008);
#2008 = AXIS2_PLACEMENT_3D('',#2009,#2010,#2011);
#2009 = CARTESIAN_POINT('',(8.699999998953,-35.79918650258,
    25.399339887183));
#2010 = DIRECTION('',(-0.707106781187,1.267751529608E-10,0.707106781187)
  );
#2011 = DIRECTION('',(1.792871406892E-10,1.,0.));
#2012 = ADVANCED_FACE('',(#2013),#2024,.T.);
#2013 = FACE_BOUND('',#2014,.T.);
#2014 = EDGE_LOOP('',(#2015,#2016,#2022,#2023));
#2015 = ORIENTED_EDGE('',*,*,#1986,.F.);
#2016 = ORIENTED_EDGE('',*,*,#2017,.F.);
#2017 = EDGE_CURVE('',#1834,#1977,#2018,.T.);
#2018 = LINE('',#2019,#2020);
#2019 = CARTESIAN_POINT('',(8.700000006228,4.774922655242,
    25.121884372732));
#2020 = VECTOR('',#2021,1.);
#2021 = DIRECTION('',(1.743365390145E-10,0.972387301981,0.233372952475)
  );
#2022 = ORIENTED_EDGE('',*,*,#1833,.F.);
#2023 = ORIENTED_EDGE('',*,*,#794,.F.);
#2024 = PLANE('',#2025);
#2025 = AXIS2_PLACEMENT_3D('',#2026,#2027,#2028);
#2026 = CARTESIAN_POINT('',(8.699999999285,-33.94625721775,
    15.828801203213));
#2027 = DIRECTION('',(-0.634666568971,-0.180347372153,0.751447384444));
#2028 = DIRECTION('',(-0.273339315297,0.961917677721,-6.661338147751E-16
    ));
#2029 = ADVANCED_FACE('',(#2030,#2080),#2091,.F.);
#2030 = FACE_BOUND('',#2031,.T.);
#2031 = EDGE_LOOP('',(#2032,#2033,#2034,#2042,#2050,#2058,#2066,#2074));
#2032 = ORIENTED_EDGE('',*,*,#817,.T.);
#2033 = ORIENTED_EDGE('',*,*,#1938,.T.);
#2034 = ORIENTED_EDGE('',*,*,#2035,.T.);
#2035 = EDGE_CURVE('',#1842,#2036,#2038,.T.);
#2036 = VERTEX_POINT('',#2037);
#2037 = CARTESIAN_POINT('',(4.700000006089,4.973799150321E-14,19.5));
#2038 = LINE('',#2039,#2040);
#2039 = CARTESIAN_POINT('',(4.700000006089,4.973799150321E-14,19.5));
#2040 = VECTOR('',#2041,1.);
#2041 = DIRECTION('',(-0.,0.,-1.));
#2042 = ORIENTED_EDGE('',*,*,#2043,.T.);
#2043 = EDGE_CURVE('',#2036,#2044,#2046,.T.);
#2044 = VERTEX_POINT('',#2045);
#2045 = CARTESIAN_POINT('',(-4.699999993911,4.973799150321E-14,19.5));
#2046 = LINE('',#2047,#2048);
#2047 = CARTESIAN_POINT('',(-8.700000001047,-3.552713678801E-15,19.5));
#2048 = VECTOR('',#2049,1.);
#2049 = DIRECTION('',(-1.,9.806891549778E-16,0.));
#2050 = ORIENTED_EDGE('',*,*,#2051,.T.);
#2051 = EDGE_CURVE('',#2044,#2052,#2054,.T.);
#2052 = VERTEX_POINT('',#2053);
#2053 = CARTESIAN_POINT('',(-4.699999993911,4.973799150321E-14,
    23.892519650177));
#2054 = LINE('',#2055,#2056);
#2055 = CARTESIAN_POINT('',(-4.699999993911,4.973799150321E-14,
    23.549339887183));
#2056 = VECTOR('',#2057,1.);
#2057 = DIRECTION('',(0.,0.,1.));
#2058 = ORIENTED_EDGE('',*,*,#2059,.T.);
#2059 = EDGE_CURVE('',#2052,#2060,#2062,.T.);
#2060 = VERTEX_POINT('',#2061);
#2061 = CARTESIAN_POINT('',(-4.303111830316,-7.105427357601E-15,
    23.892519650193));
#2062 = LINE('',#2063,#2064);
#2063 = CARTESIAN_POINT('',(-4.085554565139,-1.42108547152E-14,
    23.892519650203));
#2064 = VECTOR('',#2065,1.);
#2065 = DIRECTION('',(1.,-9.806891549778E-16,4.302869E-11));
#2066 = ORIENTED_EDGE('',*,*,#2067,.T.);
#2067 = EDGE_CURVE('',#2060,#2068,#2070,.T.);
#2068 = VERTEX_POINT('',#2069);
#2069 = CARTESIAN_POINT('',(-2.0190858374,-3.552713678801E-15,
    27.848568715732));
#2070 = LINE('',#2071,#2072);
#2071 = CARTESIAN_POINT('',(-4.501246760475,1.42108547152E-14,
    23.549339884404));
#2072 = VECTOR('',#2073,1.);
#2073 = DIRECTION('',(0.5,-4.903445774631E-16,0.866025403784));
#2074 = ORIENTED_EDGE('',*,*,#2075,.T.);
#2075 = EDGE_CURVE('',#2068,#818,#2076,.T.);
#2076 = LINE('',#2077,#2078);
#2077 = CARTESIAN_POINT('',(-2.019085843818,-3.552713678801E-15,
    27.848568715732));
#2078 = VECTOR('',#2079,1.);
#2079 = DIRECTION('',(1.,-9.806891549778E-16,0.));
#2080 = FACE_BOUND('',#2081,.T.);
#2081 = EDGE_LOOP('',(#2082));
#2082 = ORIENTED_EDGE('',*,*,#2083,.T.);
#2083 = EDGE_CURVE('',#2084,#2084,#2086,.T.);
#2084 = VERTEX_POINT('',#2085);
#2085 = CARTESIAN_POINT('',(5.371442735115E-09,3.764988321109E-10,
    26.451409451587));
#2086 = CIRCLE('',#2087,2.100000000377);
#2087 = AXIS2_PLACEMENT_3D('',#2088,#2089,#2090);
#2088 = CARTESIAN_POINT('',(5.371442735047E-09,0.,24.35140945121));
#2089 = DIRECTION('',(-9.906891549707E-16,-1.,0.));
#2090 = DIRECTION('',(1.,-9.906891549707E-16,0.));
#2091 = PLANE('',#2092);
#2092 = AXIS2_PLACEMENT_3D('',#2093,#2094,#2095);
#2093 = CARTESIAN_POINT('',(-16.12098097321,8.526512829121E-14,
    23.549339887183));
#2094 = DIRECTION('',(-9.806891549778E-16,-1.,0.));
#2095 = DIRECTION('',(-1.,9.806891549778E-16,0.));
#2096 = ADVANCED_FACE('',(#2097),#2108,.T.);
#2097 = FACE_BOUND('',#2098,.T.);
#2098 = EDGE_LOOP('',(#2099,#2100,#2106,#2107));
#2099 = ORIENTED_EDGE('',*,*,#2075,.F.);
#2100 = ORIENTED_EDGE('',*,*,#2101,.F.);
#2101 = EDGE_CURVE('',#901,#2068,#2102,.T.);
#2102 = LINE('',#2103,#2104);
#2103 = CARTESIAN_POINT('',(-2.019085841769,-24.36963246636,
    27.848568715732));
#2104 = VECTOR('',#2105,1.);
#2105 = DIRECTION('',(1.792871406892E-10,1.,0.));
#2106 = ORIENTED_EDGE('',*,*,#900,.T.);
#2107 = ORIENTED_EDGE('',*,*,#825,.T.);
#2108 = PLANE('',#2109);
#2109 = AXIS2_PLACEMENT_3D('',#2110,#2111,#2112);
#2110 = CARTESIAN_POINT('',(-2.019085841769,-24.36963246636,
    27.848568715732));
#2111 = DIRECTION('',(0.,0.,1.));
#2112 = DIRECTION('',(1.792871406892E-10,1.,0.));
#2113 = ADVANCED_FACE('',(#2114),#2118,.F.);
#2114 = FACE_BOUND('',#2115,.F.);
#2115 = EDGE_LOOP('',(#2116,#2117));
#2116 = ORIENTED_EDGE('',*,*,#840,.T.);
#2117 = ORIENTED_EDGE('',*,*,#865,.T.);
#2118 = CYLINDRICAL_SURFACE('',#2119,2.6);
#2119 = AXIS2_PLACEMENT_3D('',#2120,#2121,#2122);
#2120 = CARTESIAN_POINT('',(6.500000004296,-6.000000001165,
    27.549339887183));
#2121 = DIRECTION('',(0.,0.,-1.));
#2122 = DIRECTION('',(-1.792871406892E-10,-1.,0.));
#2123 = ADVANCED_FACE('',(#2124),#2144,.F.);
#2124 = FACE_BOUND('',#2125,.F.);
#2125 = EDGE_LOOP('',(#2126,#2134,#2141,#2142,#2143));
#2126 = ORIENTED_EDGE('',*,*,#2127,.T.);
#2127 = EDGE_CURVE('',#875,#2128,#2130,.T.);
#2128 = VERTEX_POINT('',#2129);
#2129 = CARTESIAN_POINT('',(6.50000000469,-3.800000001165,19.5));
#2130 = LINE('',#2131,#2132);
#2131 = CARTESIAN_POINT('',(6.50000000469,-3.800000001165,33.54933989));
#2132 = VECTOR('',#2133,1.);
#2133 = DIRECTION('',(0.,0.,-1.));
#2134 = ORIENTED_EDGE('',*,*,#2135,.F.);
#2135 = EDGE_CURVE('',#2128,#2128,#2136,.T.);
#2136 = CIRCLE('',#2137,2.2);
#2137 = AXIS2_PLACEMENT_3D('',#2138,#2139,#2140);
#2138 = CARTESIAN_POINT('',(6.500000004296,-6.000000001165,19.5));
#2139 = DIRECTION('',(0.,-0.,-1.));
#2140 = DIRECTION('',(1.,-1.792871406892E-10,0.));
#2141 = ORIENTED_EDGE('',*,*,#2127,.F.);
#2142 = ORIENTED_EDGE('',*,*,#874,.F.);
#2143 = ORIENTED_EDGE('',*,*,#883,.F.);
#2144 = CYLINDRICAL_SURFACE('',#2145,2.2);
#2145 = AXIS2_PLACEMENT_3D('',#2146,#2147,#2148);
#2146 = CARTESIAN_POINT('',(6.500000004296,-6.000000001165,33.54933989)
  );
#2147 = DIRECTION('',(0.,0.,-1.));
#2148 = DIRECTION('',(-1.792871406892E-10,-1.,0.));
#2149 = ADVANCED_FACE('',(#2150),#2194,.T.);
#2150 = FACE_BOUND('',#2151,.T.);
#2151 = EDGE_LOOP('',(#2152,#2162,#2170,#2179,#2185,#2186,#2187,#2188));
#2152 = ORIENTED_EDGE('',*,*,#2153,.F.);
#2153 = EDGE_CURVE('',#2154,#2156,#2158,.T.);
#2154 = VERTEX_POINT('',#2155);
#2155 = CARTESIAN_POINT('',(-4.501246759408,-2.999999999193,
    23.549339887183));
#2156 = VERTEX_POINT('',#2157);
#2157 = CARTESIAN_POINT('',(-4.14292281444,-0.414019676548,
    24.169975164633));
#2158 = LINE('',#2159,#2160);
#2159 = CARTESIAN_POINT('',(-7.218092015219,-22.60714172069,
    18.843625873906));
#2160 = VECTOR('',#2161,1.);
#2161 = DIRECTION('',(0.133531304414,0.963679180591,0.231283003348));
#2162 = ORIENTED_EDGE('',*,*,#2163,.F.);
#2163 = EDGE_CURVE('',#2164,#2154,#2166,.T.);
#2164 = VERTEX_POINT('',#2165);
#2165 = CARTESIAN_POINT('',(-4.501246759648,-4.337175443641,
    23.549339887183));
#2166 = LINE('',#2167,#2168);
#2167 = CARTESIAN_POINT('',(-4.501246750997,43.912958179459,
    23.549339887183));
#2168 = VECTOR('',#2169,1.);
#2169 = DIRECTION('',(1.792872106892E-10,1.,1.2E-16));
#2170 = ORIENTED_EDGE('',*,*,#2171,.T.);
#2171 = EDGE_CURVE('',#2164,#2172,#2174,.T.);
#2172 = VERTEX_POINT('',#2173);
#2173 = CARTESIAN_POINT('',(-4.501246760244,-7.662824554745,
    23.549339887183));
#2174 = ELLIPSE('',#2175,5.200000000001,2.6);
#2175 = AXIS2_PLACEMENT_3D('',#2176,#2177,#2178);
#2176 = CARTESIAN_POINT('',(-6.499999995705,-5.999999998835,
    20.087397731057));
#2177 = DIRECTION('',(0.866025403784,-1.552672184087E-10,-0.5));
#2178 = DIRECTION('',(-0.5,8.965433034458E-11,-0.866025403784));
#2179 = ORIENTED_EDGE('',*,*,#2180,.F.);
#2180 = EDGE_CURVE('',#909,#2172,#2181,.T.);
#2181 = LINE('',#2182,#2183);
#2182 = CARTESIAN_POINT('',(-4.501246750997,43.912958179459,
    23.549339887183));
#2183 = VECTOR('',#2184,1.);
#2184 = DIRECTION('',(1.792872106892E-10,1.,1.2E-16));
#2185 = ORIENTED_EDGE('',*,*,#908,.T.);
#2186 = ORIENTED_EDGE('',*,*,#2101,.T.);
#2187 = ORIENTED_EDGE('',*,*,#2067,.F.);
#2188 = ORIENTED_EDGE('',*,*,#2189,.T.);
#2189 = EDGE_CURVE('',#2060,#2156,#2190,.T.);
#2190 = LINE('',#2191,#2192);
#2191 = CARTESIAN_POINT('',(-5.409653829872,2.859934922744,
    21.975932685366));
#2192 = VECTOR('',#2193,1.);
#2193 = DIRECTION('',(0.305995023062,-0.790865464656,0.529998927052));
#2194 = PLANE('',#2195);
#2195 = AXIS2_PLACEMENT_3D('',#2196,#2197,#2198);
#2196 = CARTESIAN_POINT('',(-4.03817168454,-24.369632466,24.35140945121)
  );
#2197 = DIRECTION('',(-0.866025403784,1.552672184087E-10,0.5));
#2198 = DIRECTION('',(1.792871406892E-10,1.,0.));
#2199 = ADVANCED_FACE('',(#2200,#2242),#2276,.F.);
#2200 = FACE_BOUND('',#2201,.T.);
#2201 = EDGE_LOOP('',(#2202,#2210,#2216,#2217,#2223,#2224,#2225,#2234,
    #2241));
#2202 = ORIENTED_EDGE('',*,*,#2203,.T.);
#2203 = EDGE_CURVE('',#2154,#2204,#2206,.T.);
#2204 = VERTEX_POINT('',#2205);
#2205 = CARTESIAN_POINT('',(-16.59999999516,-2.999999997024,
    23.549339887183));
#2206 = LINE('',#2207,#2208);
#2207 = CARTESIAN_POINT('',(29.700885800714,-3.000000005325,
    23.549339887183));
#2208 = VECTOR('',#2209,1.);
#2209 = DIRECTION('',(-1.,1.792871706892E-10,0.));
#2210 = ORIENTED_EDGE('',*,*,#2211,.T.);
#2211 = EDGE_CURVE('',#2204,#1043,#2212,.T.);
#2212 = LINE('',#2213,#2214);
#2213 = CARTESIAN_POINT('',(-16.59999999751,-16.0999999942,
    23.549339887183));
#2214 = VECTOR('',#2215,1.);
#2215 = DIRECTION('',(-1.792871706892E-10,-1.,-1.2E-16));
#2216 = ORIENTED_EDGE('',*,*,#1042,.T.);
#2217 = ORIENTED_EDGE('',*,*,#2218,.F.);
#2218 = EDGE_CURVE('',#917,#1020,#2219,.T.);
#2219 = LINE('',#2220,#2221);
#2220 = CARTESIAN_POINT('',(-5.426467095849,-1.477684526211,
    23.549339887183));
#2221 = VECTOR('',#2222,1.);
#2222 = DIRECTION('',(-1.792871706892E-10,-1.,0.));
#2223 = ORIENTED_EDGE('',*,*,#916,.T.);
#2224 = ORIENTED_EDGE('',*,*,#2180,.T.);
#2225 = ORIENTED_EDGE('',*,*,#2226,.T.);
#2226 = EDGE_CURVE('',#2172,#2227,#2229,.T.);
#2227 = VERTEX_POINT('',#2228);
#2228 = CARTESIAN_POINT('',(-6.49999999617,-8.599999998835,
    23.549339887183));
#2229 = CIRCLE('',#2230,2.6);
#2230 = AXIS2_PLACEMENT_3D('',#2231,#2232,#2233);
#2231 = CARTESIAN_POINT('',(-6.499999995704,-5.999999998835,
    23.549339887183));
#2232 = DIRECTION('',(1.1E-16,-1.972158547581E-26,-1.));
#2233 = DIRECTION('',(-1.792871406892E-10,-1.,0.));
#2234 = ORIENTED_EDGE('',*,*,#2235,.T.);
#2235 = EDGE_CURVE('',#2227,#2164,#2236,.T.);
#2236 = CIRCLE('',#2237,2.6);
#2237 = AXIS2_PLACEMENT_3D('',#2238,#2239,#2240);
#2238 = CARTESIAN_POINT('',(-6.499999995704,-5.999999998835,
    23.549339887183));
#2239 = DIRECTION('',(1.1E-16,-1.972158547581E-26,-1.));
#2240 = DIRECTION('',(-1.792871406892E-10,-1.,0.));
#2241 = ORIENTED_EDGE('',*,*,#2163,.T.);
#2242 = FACE_BOUND('',#2243,.F.);
#2243 = EDGE_LOOP('',(#2244,#2254,#2262,#2270));
#2244 = ORIENTED_EDGE('',*,*,#2245,.F.);
#2245 = EDGE_CURVE('',#2246,#2248,#2250,.T.);
#2246 = VERTEX_POINT('',#2247);
#2247 = CARTESIAN_POINT('',(-15.79999999715,-14.09999999716,
    23.549339887183));
#2248 = VERTEX_POINT('',#2249);
#2249 = CARTESIAN_POINT('',(-15.79999999654,-10.69999999716,
    23.549339887183));
#2250 = LINE('',#2251,#2252);
#2251 = CARTESIAN_POINT('',(-15.79999998675,43.912958181485,
    23.549339887183));
#2252 = VECTOR('',#2253,1.);
#2253 = DIRECTION('',(1.792871706892E-10,1.,1.2E-16));
#2254 = ORIENTED_EDGE('',*,*,#2255,.F.);
#2255 = EDGE_CURVE('',#2256,#2246,#2258,.T.);
#2256 = VERTEX_POINT('',#2257);
#2257 = CARTESIAN_POINT('',(-9.199999997157,-14.09999999835,
    23.549339887183));
#2258 = LINE('',#2259,#2260);
#2259 = CARTESIAN_POINT('',(11.100000002843,-14.10000000199,
    23.549339887183));
#2260 = VECTOR('',#2261,1.);
#2261 = DIRECTION('',(-1.,1.792871406892E-10,-1.1E-16));
#2262 = ORIENTED_EDGE('',*,*,#2263,.F.);
#2263 = EDGE_CURVE('',#2264,#2256,#2266,.T.);
#2264 = VERTEX_POINT('',#2265);
#2265 = CARTESIAN_POINT('',(-9.199999996547,-10.69999999835,
    23.549339887183));
#2266 = LINE('',#2267,#2268);
#2267 = CARTESIAN_POINT('',(-9.199999986756,43.912958180302,
    23.549339887183));
#2268 = VECTOR('',#2269,1.);
#2269 = DIRECTION('',(-1.792871706892E-10,-1.,-1.2E-16));
#2270 = ORIENTED_EDGE('',*,*,#2271,.F.);
#2271 = EDGE_CURVE('',#2248,#2264,#2272,.T.);
#2272 = LINE('',#2273,#2274);
#2273 = CARTESIAN_POINT('',(11.100000003453,-10.70000000199,
    23.549339887183));
#2274 = VECTOR('',#2275,1.);
#2275 = DIRECTION('',(1.,-1.792871406892E-10,1.1E-16));
#2276 = PLANE('',#2277);
#2277 = AXIS2_PLACEMENT_3D('',#2278,#2279,#2280);
#2278 = CARTESIAN_POINT('',(11.100000013244,43.912958176662,
    23.549339887183));
#2279 = DIRECTION('',(1.100000000215E-16,1.199999999803E-16,-1.));
#2280 = DIRECTION('',(1.,-1.792871406892E-10,1.1E-16));
#2281 = ADVANCED_FACE('',(#2282),#2293,.F.);
#2282 = FACE_BOUND('',#2283,.T.);
#2283 = EDGE_LOOP('',(#2284,#2285,#2286,#2292));
#2284 = ORIENTED_EDGE('',*,*,#2218,.T.);
#2285 = ORIENTED_EDGE('',*,*,#1019,.T.);
#2286 = ORIENTED_EDGE('',*,*,#2287,.F.);
#2287 = EDGE_CURVE('',#925,#996,#2288,.T.);
#2288 = LINE('',#2289,#2290);
#2289 = CARTESIAN_POINT('',(-2.943240748624,-1.477684526656,
    19.250690493856));
#2290 = VECTOR('',#2291,1.);
#2291 = DIRECTION('',(-1.792871706892E-10,-1.,0.));
#2292 = ORIENTED_EDGE('',*,*,#924,.T.);
#2293 = PLANE('',#2294);
#2294 = AXIS2_PLACEMENT_3D('',#2295,#2296,#2297);
#2295 = CARTESIAN_POINT('',(-2.943240748624,-1.477684526656,
    19.250690493856));
#2296 = DIRECTION('',(-0.86590326704,1.552453508609E-10,-0.500211487403)
  );
#2297 = DIRECTION('',(-1.792871406782E-10,-1.,-5.999365269429E-17));
#2298 = ADVANCED_FACE('',(#2299),#2305,.F.);
#2299 = FACE_BOUND('',#2300,.T.);
#2300 = EDGE_LOOP('',(#2301,#2302,#2303,#2304));
#2301 = ORIENTED_EDGE('',*,*,#2287,.T.);
#2302 = ORIENTED_EDGE('',*,*,#995,.T.);
#2303 = ORIENTED_EDGE('',*,*,#965,.F.);
#2304 = ORIENTED_EDGE('',*,*,#932,.T.);
#2305 = PLANE('',#2306);
#2306 = AXIS2_PLACEMENT_3D('',#2307,#2308,#2309);
#2307 = CARTESIAN_POINT('',(2.945731824259,-1.477684527712,
    19.252128712751));
#2308 = DIRECTION('',(2.442223724233E-04,-4.378593084409E-14,
    -0.999999970178));
#2309 = DIRECTION('',(0.999999970178,-1.792871353424E-10,
    2.442223724233E-04));
#2310 = ADVANCED_FACE('',(#2311),#2330,.F.);
#2311 = FACE_BOUND('',#2312,.F.);
#2312 = EDGE_LOOP('',(#2313,#2321,#2328,#2329));
#2313 = ORIENTED_EDGE('',*,*,#2314,.T.);
#2314 = EDGE_CURVE('',#949,#2315,#2317,.T.);
#2315 = VERTEX_POINT('',#2316);
#2316 = CARTESIAN_POINT('',(5.299727878784E-09,-0.399999999928,
    26.05140945121));
#2317 = LINE('',#2318,#2319);
#2318 = CARTESIAN_POINT('',(1.002281220442E-09,-24.36963246672,
    26.05140945121));
#2319 = VECTOR('',#2320,1.);
#2320 = DIRECTION('',(1.792871406892E-10,1.,0.));
#2321 = ORIENTED_EDGE('',*,*,#2322,.F.);
#2322 = EDGE_CURVE('',#2315,#2315,#2323,.T.);
#2323 = CIRCLE('',#2324,1.7);
#2324 = AXIS2_PLACEMENT_3D('',#2325,#2326,#2327);
#2325 = CARTESIAN_POINT('',(5.299727878784E-09,-0.399999999928,
    24.35140945121));
#2326 = DIRECTION('',(1.792871406892E-10,1.,-0.));
#2327 = DIRECTION('',(0.,0.,1.));
#2328 = ORIENTED_EDGE('',*,*,#2314,.F.);
#2329 = ORIENTED_EDGE('',*,*,#948,.T.);
#2330 = CYLINDRICAL_SURFACE('',#2331,1.7);
#2331 = AXIS2_PLACEMENT_3D('',#2332,#2333,#2334);
#2332 = CARTESIAN_POINT('',(1.002281010442E-09,-24.36963246672,
    24.35140945121));
#2333 = DIRECTION('',(1.792871406892E-10,1.,0.));
#2334 = DIRECTION('',(0.,0.,-1.));
#2335 = ADVANCED_FACE('',(#2336),#2355,.T.);
#2336 = FACE_BOUND('',#2337,.T.);
#2337 = EDGE_LOOP('',(#2338,#2339,#2340,#2348,#2354));
#2338 = ORIENTED_EDGE('',*,*,#1050,.F.);
#2339 = ORIENTED_EDGE('',*,*,#2211,.F.);
#2340 = ORIENTED_EDGE('',*,*,#2341,.F.);
#2341 = EDGE_CURVE('',#2342,#2204,#2344,.T.);
#2342 = VERTEX_POINT('',#2343);
#2343 = CARTESIAN_POINT('',(-16.99999999515,-2.952671979328,
    23.149339887183));
#2344 = LINE('',#2345,#2346);
#2345 = CARTESIAN_POINT('',(-16.65669030046,-2.993292397593,
    23.492649581888));
#2346 = VECTOR('',#2347,1.);
#2347 = DIRECTION('',(0.704644889425,-8.33736144921E-02,0.70464488944));
#2348 = ORIENTED_EDGE('',*,*,#2349,.F.);
#2349 = EDGE_CURVE('',#1076,#2342,#2350,.T.);
#2350 = LINE('',#2351,#2352);
#2351 = CARTESIAN_POINT('',(-16.99999999516,-2.999999996952,
    23.149339887183));
#2352 = VECTOR('',#2353,1.);
#2353 = DIRECTION('',(1.792871706892E-10,1.,1.2E-16));
#2354 = ORIENTED_EDGE('',*,*,#1075,.F.);
#2355 = PLANE('',#2356);
#2356 = AXIS2_PLACEMENT_3D('',#2357,#2358,#2359);
#2357 = CARTESIAN_POINT('',(-16.59999998675,43.912958181628,
    23.549339887183));
#2358 = DIRECTION('',(-0.707106781187,1.267750929608E-10,0.707106781187)
  );
#2359 = DIRECTION('',(1.792871382627E-10,1.,8.242640687119E-17));
#2360 = ADVANCED_FACE('',(#2361),#2429,.T.);
#2361 = FACE_BOUND('',#2362,.T.);
#2362 = EDGE_LOOP('',(#2363,#2371,#2379,#2387,#2395,#2413,#2421,#2427,
    #2428));
#2363 = ORIENTED_EDGE('',*,*,#2364,.T.);
#2364 = EDGE_CURVE('',#2342,#2365,#2367,.T.);
#2365 = VERTEX_POINT('',#2366);
#2366 = CARTESIAN_POINT('',(-16.99999999347,6.422328020672,
    25.399339887183));
#2367 = LINE('',#2368,#2369);
#2368 = CARTESIAN_POINT('',(-16.99999999413,2.729657486896,
    24.513098959077));
#2369 = VECTOR('',#2370,1.);
#2370 = DIRECTION('',(1.743365690145E-10,0.972387301981,0.233372952475)
  );
#2371 = ORIENTED_EDGE('',*,*,#2372,.T.);
#2372 = EDGE_CURVE('',#2365,#2373,#2375,.T.);
#2373 = VERTEX_POINT('',#2374);
#2374 = CARTESIAN_POINT('',(-16.99999999299,9.100000003048,
    25.399339887183));
#2375 = LINE('',#2376,#2377);
#2376 = CARTESIAN_POINT('',(-16.99999999363,5.540801418617,
    25.399339887183));
#2377 = VECTOR('',#2378,1.);
#2378 = DIRECTION('',(1.792871706892E-10,1.,0.));
#2379 = ORIENTED_EDGE('',*,*,#2380,.T.);
#2380 = EDGE_CURVE('',#2373,#2381,#2383,.T.);
#2381 = VERTEX_POINT('',#2382);
#2382 = CARTESIAN_POINT('',(-16.99999999299,9.100000003048,
    17.431370849898));
#2383 = LINE('',#2384,#2385);
#2384 = CARTESIAN_POINT('',(-16.99999999299,9.100000003048,
    12.799999243574));
#2385 = VECTOR('',#2386,1.);
#2386 = DIRECTION('',(0.,0.,-1.));
#2387 = ORIENTED_EDGE('',*,*,#2388,.T.);
#2388 = EDGE_CURVE('',#2381,#2389,#2391,.T.);
#2389 = VERTEX_POINT('',#2390);
#2390 = CARTESIAN_POINT('',(-16.99999999597,-7.499999996952,
    17.431370849898));
#2391 = LINE('',#2392,#2393);
#2392 = CARTESIAN_POINT('',(-16.99999999597,-7.499999996952,
    17.431370849898));
#2393 = VECTOR('',#2394,1.);
#2394 = DIRECTION('',(-1.792871706892E-10,-1.,0.));
#2395 = ORIENTED_EDGE('',*,*,#2396,.T.);
#2396 = EDGE_CURVE('',#2389,#2397,#2399,.T.);
#2397 = VERTEX_POINT('',#2398);
#2398 = CARTESIAN_POINT('',(-16.99999999629,-9.299999996952,
    14.885786437627));
#2399 = B_SPLINE_CURVE_WITH_KNOTS('',3,(#2400,#2401,#2402,#2403,#2404,
    #2405,#2406,#2407,#2408,#2409,#2410,#2411,#2412),.UNSPECIFIED.,.F.,
  .F.,(4,3,3,3,4),(3.14159265359,3.534291735289,3.926990816987,
    4.319689898686,4.712388980385),.UNSPECIFIED.);
#2400 = CARTESIAN_POINT('',(-16.99999999597,-7.499999996952,
    17.431370849898));
#2401 = CARTESIAN_POINT('',(-16.99999999601,-7.73566192018,
    17.431370849885));
#2402 = CARTESIAN_POINT('',(-16.99999999605,-7.971146198566,
    17.365116095611));
#2403 = CARTESIAN_POINT('',(-16.99999999609,-8.188830175209,
    17.237599774404));
#2404 = CARTESIAN_POINT('',(-16.99999999613,-8.406514151852,
    17.110083453198));
#2405 = CARTESIAN_POINT('',(-16.99999999617,-8.606184098621,
    16.921405878566));
#2406 = CARTESIAN_POINT('',(-16.9999999962,-8.772792203088,
    16.685786437627));
#2407 = CARTESIAN_POINT('',(-16.99999999623,-8.939400307555,
    16.450166996688));
#2408 = CARTESIAN_POINT('',(-16.99999999625,-9.072815498492,
    16.16779105524));
#2409 = CARTESIAN_POINT('',(-16.99999999627,-9.162983155472,
    15.85993941789));
#2410 = CARTESIAN_POINT('',(-16.99999999628,-9.253150812453,
    15.55208778054));
#2411 = CARTESIAN_POINT('',(-16.99999999629,-9.299999996949,
    15.219062729549));
#2412 = CARTESIAN_POINT('',(-16.99999999629,-9.299999996952,
    14.885786437627));
#2413 = ORIENTED_EDGE('',*,*,#2414,.T.);
#2414 = EDGE_CURVE('',#2397,#2415,#2417,.T.);
#2415 = VERTEX_POINT('',#2416);
#2416 = CARTESIAN_POINT('',(-16.99999999629,-9.299999996952,
    12.799999243574));
#2417 = LINE('',#2418,#2419);
#2418 = CARTESIAN_POINT('',(-16.99999999629,-9.299999996952,
    12.799999243574));
#2419 = VECTOR('',#2420,1.);
#2420 = DIRECTION('',(-0.,0.,-1.));
#2421 = ORIENTED_EDGE('',*,*,#2422,.T.);
#2422 = EDGE_CURVE('',#2415,#1084,#2423,.T.);
#2423 = LINE('',#2424,#2425);
#2424 = CARTESIAN_POINT('',(-16.99999999363,5.540801418617,
    12.799999243574));
#2425 = VECTOR('',#2426,1.);
#2426 = DIRECTION('',(-1.792871706892E-10,-1.,0.));
#2427 = ORIENTED_EDGE('',*,*,#1083,.T.);
#2428 = ORIENTED_EDGE('',*,*,#2349,.T.);
#2429 = PLANE('',#2430);
#2430 = AXIS2_PLACEMENT_3D('',#2431,#2432,#2433);
#2431 = CARTESIAN_POINT('',(-16.99999999363,5.540801418617,
    12.799999243574));
#2432 = DIRECTION('',(-1.,1.792871406892E-10,0.));
#2433 = DIRECTION('',(1.792871406892E-10,1.,0.));
#2434 = ADVANCED_FACE('',(#2435),#2447,.T.);
#2435 = FACE_BOUND('',#2436,.T.);
#2436 = EDGE_LOOP('',(#2437,#2438,#2439,#2440));
#2437 = ORIENTED_EDGE('',*,*,#1135,.F.);
#2438 = ORIENTED_EDGE('',*,*,#1106,.T.);
#2439 = ORIENTED_EDGE('',*,*,#2422,.F.);
#2440 = ORIENTED_EDGE('',*,*,#2441,.T.);
#2441 = EDGE_CURVE('',#2415,#1136,#2442,.T.);
#2442 = CIRCLE('',#2443,4.);
#2443 = AXIS2_PLACEMENT_3D('',#2444,#2445,#2446);
#2444 = CARTESIAN_POINT('',(-12.99999999629,-9.299999997669,
    12.799999243574));
#2445 = DIRECTION('',(-1.792871406892E-10,-1.,0.));
#2446 = DIRECTION('',(1.,-1.792871406892E-10,0.));
#2447 = CYLINDRICAL_SURFACE('',#2448,4.);
#2448 = AXIS2_PLACEMENT_3D('',#2449,#2450,#2451);
#2449 = CARTESIAN_POINT('',(-12.99999999961,-27.81370849665,
    12.799999243574));
#2450 = DIRECTION('',(1.792871406892E-10,1.,0.));
#2451 = DIRECTION('',(-1.,1.792871406892E-10,0.));
#2452 = ADVANCED_FACE('',(#2453),#2465,.T.);
#2453 = FACE_BOUND('',#2454,.T.);
#2454 = EDGE_LOOP('',(#2455,#2456,#2463,#2464));
#2455 = ORIENTED_EDGE('',*,*,#1198,.F.);
#2456 = ORIENTED_EDGE('',*,*,#2457,.F.);
#2457 = EDGE_CURVE('',#1576,#1191,#2458,.T.);
#2458 = CIRCLE('',#2459,3.2);
#2459 = AXIS2_PLACEMENT_3D('',#2460,#2461,#2462);
#2460 = CARTESIAN_POINT('',(13.000000003848,-8.500000002331,
    12.799999243574));
#2461 = DIRECTION('',(1.792871406892E-10,1.,0.));
#2462 = DIRECTION('',(1.,-1.792871406892E-10,0.));
#2463 = ORIENTED_EDGE('',*,*,#1575,.F.);
#2464 = ORIENTED_EDGE('',*,*,#1558,.F.);
#2465 = TOROIDAL_SURFACE('',#2466,3.2,0.8);
#2466 = AXIS2_PLACEMENT_3D('',#2467,#2468,#2469);
#2467 = CARTESIAN_POINT('',(13.000000003704,-9.300000002331,
    12.799999243574));
#2468 = DIRECTION('',(-1.792871706892E-10,-1.,0.));
#2469 = DIRECTION('',(1.,-1.792871706892E-10,0.));
#2470 = ADVANCED_FACE('',(#2471),#2528,.T.);
#2471 = FACE_BOUND('',#2472,.T.);
#2472 = EDGE_LOOP('',(#2473,#2481,#2489,#2497,#2505,#2513,#2521,#2527));
#2473 = ORIENTED_EDGE('',*,*,#2474,.F.);
#2474 = EDGE_CURVE('',#2475,#1175,#2477,.T.);
#2475 = VERTEX_POINT('',#2476);
#2476 = CARTESIAN_POINT('',(11.75,-11.95,-5.7));
#2477 = LINE('',#2478,#2479);
#2478 = CARTESIAN_POINT('',(11.75,-11.95,-5.7));
#2479 = VECTOR('',#2480,1.);
#2480 = DIRECTION('',(0.,0.,1.));
#2481 = ORIENTED_EDGE('',*,*,#2482,.T.);
#2482 = EDGE_CURVE('',#2475,#2483,#2485,.T.);
#2483 = VERTEX_POINT('',#2484);
#2484 = CARTESIAN_POINT('',(11.75,-9.5,-5.7));
#2485 = LINE('',#2486,#2487);
#2486 = CARTESIAN_POINT('',(11.75,-11.95,-5.7));
#2487 = VECTOR('',#2488,1.);
#2488 = DIRECTION('',(0.,1.,0.));
#2489 = ORIENTED_EDGE('',*,*,#2490,.T.);
#2490 = EDGE_CURVE('',#2483,#2491,#2493,.T.);
#2491 = VERTEX_POINT('',#2492);
#2492 = CARTESIAN_POINT('',(11.75,-9.5,-3.4));
#2493 = LINE('',#2494,#2495);
#2494 = CARTESIAN_POINT('',(11.75,-9.5,-5.7));
#2495 = VECTOR('',#2496,1.);
#2496 = DIRECTION('',(0.,0.,1.));
#2497 = ORIENTED_EDGE('',*,*,#2498,.T.);
#2498 = EDGE_CURVE('',#2491,#2499,#2501,.T.);
#2499 = VERTEX_POINT('',#2500);
#2500 = CARTESIAN_POINT('',(11.75,-8.,-3.4));
#2501 = LINE('',#2502,#2503);
#2502 = CARTESIAN_POINT('',(11.75,-11.95,-3.4));
#2503 = VECTOR('',#2504,1.);
#2504 = DIRECTION('',(0.,1.,0.));
#2505 = ORIENTED_EDGE('',*,*,#2506,.T.);
#2506 = EDGE_CURVE('',#2499,#2507,#2509,.T.);
#2507 = VERTEX_POINT('',#2508);
#2508 = CARTESIAN_POINT('',(11.75,-8.,8.4));
#2509 = LINE('',#2510,#2511);
#2510 = CARTESIAN_POINT('',(11.75,-8.,-3.4));
#2511 = VECTOR('',#2512,1.);
#2512 = DIRECTION('',(0.,0.,1.));
#2513 = ORIENTED_EDGE('',*,*,#2514,.F.);
#2514 = EDGE_CURVE('',#2515,#2507,#2517,.T.);
#2515 = VERTEX_POINT('',#2516);
#2516 = CARTESIAN_POINT('',(11.75,-8.5,8.4));
#2517 = LINE('',#2518,#2519);
#2518 = CARTESIAN_POINT('',(11.75,-11.95,8.4));
#2519 = VECTOR('',#2520,1.);
#2520 = DIRECTION('',(0.,1.,0.));
#2521 = ORIENTED_EDGE('',*,*,#2522,.T.);
#2522 = EDGE_CURVE('',#2515,#1183,#2523,.T.);
#2523 = LINE('',#2524,#2525);
#2524 = CARTESIAN_POINT('',(11.75,-8.5,-0.7));
#2525 = VECTOR('',#2526,1.);
#2526 = DIRECTION('',(0.,0.,1.));
#2527 = ORIENTED_EDGE('',*,*,#1182,.F.);
#2528 = PLANE('',#2529);
#2529 = AXIS2_PLACEMENT_3D('',#2530,#2531,#2532);
#2530 = CARTESIAN_POINT('',(11.75,-10.08094315245,2.072351421189));
#2531 = DIRECTION('',(1.,0.,0.));
#2532 = DIRECTION('',(0.,0.,1.));
#2533 = ADVANCED_FACE('',(#2534,#2552,#2563),#2574,.T.);
#2534 = FACE_BOUND('',#2535,.T.);
#2535 = EDGE_LOOP('',(#2536,#2537,#2545,#2551));
#2536 = ORIENTED_EDGE('',*,*,#1174,.F.);
#2537 = ORIENTED_EDGE('',*,*,#2538,.F.);
#2538 = EDGE_CURVE('',#2539,#1167,#2541,.T.);
#2539 = VERTEX_POINT('',#2540);
#2540 = CARTESIAN_POINT('',(-11.75,-11.95,-5.7));
#2541 = LINE('',#2542,#2543);
#2542 = CARTESIAN_POINT('',(-11.75,-11.95,-5.7));
#2543 = VECTOR('',#2544,1.);
#2544 = DIRECTION('',(0.,0.,1.));
#2545 = ORIENTED_EDGE('',*,*,#2546,.T.);
#2546 = EDGE_CURVE('',#2539,#2475,#2547,.T.);
#2547 = LINE('',#2548,#2549);
#2548 = CARTESIAN_POINT('',(-11.75,-11.95,-5.7));
#2549 = VECTOR('',#2550,1.);
#2550 = DIRECTION('',(1.,0.,0.));
#2551 = ORIENTED_EDGE('',*,*,#2474,.T.);
#2552 = FACE_BOUND('',#2553,.T.);
#2553 = EDGE_LOOP('',(#2554));
#2554 = ORIENTED_EDGE('',*,*,#2555,.T.);
#2555 = EDGE_CURVE('',#2556,#2556,#2558,.T.);
#2556 = VERTEX_POINT('',#2557);
#2557 = CARTESIAN_POINT('',(-8.9,-11.95,2.));
#2558 = CIRCLE('',#2559,2.15);
#2559 = AXIS2_PLACEMENT_3D('',#2560,#2561,#2562);
#2560 = CARTESIAN_POINT('',(-6.75,-11.95,2.));
#2561 = DIRECTION('',(-2.719262146894E-32,1.,2.22044604925E-16));
#2562 = DIRECTION('',(-1.,0.,-1.224646799147E-16));
#2563 = FACE_BOUND('',#2564,.T.);
#2564 = EDGE_LOOP('',(#2565));
#2565 = ORIENTED_EDGE('',*,*,#2566,.T.);
#2566 = EDGE_CURVE('',#2567,#2567,#2569,.T.);
#2567 = VERTEX_POINT('',#2568);
#2568 = CARTESIAN_POINT('',(8.9,-11.95,2.));
#2569 = CIRCLE('',#2570,2.15);
#2570 = AXIS2_PLACEMENT_3D('',#2571,#2572,#2573);
#2571 = CARTESIAN_POINT('',(6.75,-11.95,2.));
#2572 = DIRECTION('',(0.,1.,-2.22044604925E-16));
#2573 = DIRECTION('',(1.,0.,0.));
#2574 = PLANE('',#2575);
#2575 = AXIS2_PLACEMENT_3D('',#2576,#2577,#2578);
#2576 = CARTESIAN_POINT('',(-4.566470024165E-17,-11.95,2.));
#2577 = DIRECTION('',(-0.,-1.,-0.));
#2578 = DIRECTION('',(0.,0.,-1.));
#2579 = ADVANCED_FACE('',(#2580),#2630,.T.);
#2580 = FACE_BOUND('',#2581,.T.);
#2581 = EDGE_LOOP('',(#2582,#2583,#2591,#2599,#2607,#2615,#2623,#2629));
#2582 = ORIENTED_EDGE('',*,*,#1166,.T.);
#2583 = ORIENTED_EDGE('',*,*,#2584,.F.);
#2584 = EDGE_CURVE('',#2585,#1159,#2587,.T.);
#2585 = VERTEX_POINT('',#2586);
#2586 = CARTESIAN_POINT('',(-11.75,-8.5,8.4));
#2587 = LINE('',#2588,#2589);
#2588 = CARTESIAN_POINT('',(-11.75,-8.5,-0.7));
#2589 = VECTOR('',#2590,1.);
#2590 = DIRECTION('',(0.,0.,1.));
#2591 = ORIENTED_EDGE('',*,*,#2592,.T.);
#2592 = EDGE_CURVE('',#2585,#2593,#2595,.T.);
#2593 = VERTEX_POINT('',#2594);
#2594 = CARTESIAN_POINT('',(-11.75,-8.,8.4));
#2595 = LINE('',#2596,#2597);
#2596 = CARTESIAN_POINT('',(-11.75,-11.95,8.4));
#2597 = VECTOR('',#2598,1.);
#2598 = DIRECTION('',(0.,1.,0.));
#2599 = ORIENTED_EDGE('',*,*,#2600,.F.);
#2600 = EDGE_CURVE('',#2601,#2593,#2603,.T.);
#2601 = VERTEX_POINT('',#2602);
#2602 = CARTESIAN_POINT('',(-11.75,-8.,-3.4));
#2603 = LINE('',#2604,#2605);
#2604 = CARTESIAN_POINT('',(-11.75,-8.,-3.4));
#2605 = VECTOR('',#2606,1.);
#2606 = DIRECTION('',(0.,0.,1.));
#2607 = ORIENTED_EDGE('',*,*,#2608,.F.);
#2608 = EDGE_CURVE('',#2609,#2601,#2611,.T.);
#2609 = VERTEX_POINT('',#2610);
#2610 = CARTESIAN_POINT('',(-11.75,-9.5,-3.4));
#2611 = LINE('',#2612,#2613);
#2612 = CARTESIAN_POINT('',(-11.75,-11.95,-3.4));
#2613 = VECTOR('',#2614,1.);
#2614 = DIRECTION('',(0.,1.,0.));
#2615 = ORIENTED_EDGE('',*,*,#2616,.F.);
#2616 = EDGE_CURVE('',#2617,#2609,#2619,.T.);
#2617 = VERTEX_POINT('',#2618);
#2618 = CARTESIAN_POINT('',(-11.75,-9.5,-5.7));
#2619 = LINE('',#2620,#2621);
#2620 = CARTESIAN_POINT('',(-11.75,-9.5,-5.7));
#2621 = VECTOR('',#2622,1.);
#2622 = DIRECTION('',(0.,0.,1.));
#2623 = ORIENTED_EDGE('',*,*,#2624,.F.);
#2624 = EDGE_CURVE('',#2539,#2617,#2625,.T.);
#2625 = LINE('',#2626,#2627);
#2626 = CARTESIAN_POINT('',(-11.75,-11.95,-5.7));
#2627 = VECTOR('',#2628,1.);
#2628 = DIRECTION('',(0.,1.,0.));
#2629 = ORIENTED_EDGE('',*,*,#2538,.T.);
#2630 = PLANE('',#2631);
#2631 = AXIS2_PLACEMENT_3D('',#2632,#2633,#2634);
#2632 = CARTESIAN_POINT('',(-11.75,-10.08094315245,2.072351421189));
#2633 = DIRECTION('',(-1.,-0.,-0.));
#2634 = DIRECTION('',(0.,0.,-1.));
#2635 = ADVANCED_FACE('',(#2636),#2656,.T.);
#2636 = FACE_BOUND('',#2637,.T.);
#2637 = EDGE_LOOP('',(#2638,#2639,#2640,#2649));
#2638 = ORIENTED_EDGE('',*,*,#1143,.F.);
#2639 = ORIENTED_EDGE('',*,*,#2441,.F.);
#2640 = ORIENTED_EDGE('',*,*,#2641,.F.);
#2641 = EDGE_CURVE('',#2642,#2415,#2644,.T.);
#2642 = VERTEX_POINT('',#2643);
#2643 = CARTESIAN_POINT('',(-16.19999999615,-8.499999997096,
    12.799999243574));
#2644 = CIRCLE('',#2645,0.8);
#2645 = AXIS2_PLACEMENT_3D('',#2646,#2647,#2648);
#2646 = CARTESIAN_POINT('',(-16.19999999629,-9.299999997096,
    12.799999243574));
#2647 = DIRECTION('',(0.,-0.,1.));
#2648 = DIRECTION('',(1.792871406892E-10,1.,0.));
#2649 = ORIENTED_EDGE('',*,*,#2650,.F.);
#2650 = EDGE_CURVE('',#1144,#2642,#2651,.T.);
#2651 = CIRCLE('',#2652,3.2);
#2652 = AXIS2_PLACEMENT_3D('',#2653,#2654,#2655);
#2653 = CARTESIAN_POINT('',(-12.99999999615,-8.499999997669,
    12.799999243574));
#2654 = DIRECTION('',(1.792871406892E-10,1.,0.));
#2655 = DIRECTION('',(1.,-1.792871406892E-10,0.));
#2656 = TOROIDAL_SURFACE('',#2657,3.2,0.8);
#2657 = AXIS2_PLACEMENT_3D('',#2658,#2659,#2660);
#2658 = CARTESIAN_POINT('',(-12.99999999629,-9.299999997669,
    12.799999243574));
#2659 = DIRECTION('',(-1.792871706892E-10,-1.,0.));
#2660 = DIRECTION('',(1.,-1.792871706892E-10,0.));
#2661 = ADVANCED_FACE('',(#2662),#2682,.F.);
#2662 = FACE_BOUND('',#2663,.T.);
#2663 = EDGE_LOOP('',(#2664,#2665,#2673,#2680,#2681));
#2664 = ORIENTED_EDGE('',*,*,#1313,.F.);
#2665 = ORIENTED_EDGE('',*,*,#2666,.T.);
#2666 = EDGE_CURVE('',#1232,#2667,#2669,.T.);
#2667 = VERTEX_POINT('',#2668);
#2668 = CARTESIAN_POINT('',(-10.75,-12.65,14.25));
#2669 = LINE('',#2670,#2671);
#2670 = CARTESIAN_POINT('',(-10.75,-21.65,14.25));
#2671 = VECTOR('',#2672,1.);
#2672 = DIRECTION('',(0.,1.,-2.22044604925E-16));
#2673 = ORIENTED_EDGE('',*,*,#2674,.F.);
#2674 = EDGE_CURVE('',#2667,#2667,#2675,.T.);
#2675 = CIRCLE('',#2676,1.75);
#2676 = AXIS2_PLACEMENT_3D('',#2677,#2678,#2679);
#2677 = CARTESIAN_POINT('',(-12.5,-12.65,14.25));
#2678 = DIRECTION('',(0.,-1.,2.22044604925E-16));
#2679 = DIRECTION('',(1.,0.,0.));
#2680 = ORIENTED_EDGE('',*,*,#2666,.F.);
#2681 = ORIENTED_EDGE('',*,*,#1229,.F.);
#2682 = CYLINDRICAL_SURFACE('',#2683,1.75);
#2683 = AXIS2_PLACEMENT_3D('',#2684,#2685,#2686);
#2684 = CARTESIAN_POINT('',(-12.5,-21.65,14.25));
#2685 = DIRECTION('',(-0.,-1.,2.22044604925E-16));
#2686 = DIRECTION('',(1.,0.,0.));
#2687 = ADVANCED_FACE('',(#2688),#2708,.F.);
#2688 = FACE_BOUND('',#2689,.T.);
#2689 = EDGE_LOOP('',(#2690,#2691,#2699,#2706,#2707));
#2690 = ORIENTED_EDGE('',*,*,#1477,.F.);
#2691 = ORIENTED_EDGE('',*,*,#2692,.T.);
#2692 = EDGE_CURVE('',#1396,#2693,#2695,.T.);
#2693 = VERTEX_POINT('',#2694);
#2694 = CARTESIAN_POINT('',(14.25,-12.65,14.25));
#2695 = LINE('',#2696,#2697);
#2696 = CARTESIAN_POINT('',(14.25,-21.65,14.25));
#2697 = VECTOR('',#2698,1.);
#2698 = DIRECTION('',(0.,1.,-2.22044604925E-16));
#2699 = ORIENTED_EDGE('',*,*,#2700,.F.);
#2700 = EDGE_CURVE('',#2693,#2693,#2701,.T.);
#2701 = CIRCLE('',#2702,1.75);
#2702 = AXIS2_PLACEMENT_3D('',#2703,#2704,#2705);
#2703 = CARTESIAN_POINT('',(12.5,-12.65,14.25));
#2704 = DIRECTION('',(0.,-1.,2.22044604925E-16));
#2705 = DIRECTION('',(1.,0.,0.));
#2706 = ORIENTED_EDGE('',*,*,#2692,.F.);
#2707 = ORIENTED_EDGE('',*,*,#1393,.F.);
#2708 = CYLINDRICAL_SURFACE('',#2709,1.75);
#2709 = AXIS2_PLACEMENT_3D('',#2710,#2711,#2712);
#2710 = CARTESIAN_POINT('',(12.5,-21.65,14.25));
#2711 = DIRECTION('',(-0.,-1.,2.22044604925E-16));
#2712 = DIRECTION('',(1.,0.,0.));
#2713 = ADVANCED_FACE('',(#2714),#2738,.F.);
#2714 = FACE_BOUND('',#2715,.F.);
#2715 = EDGE_LOOP('',(#2716,#2725,#2731,#2732));
#2716 = ORIENTED_EDGE('',*,*,#2717,.T.);
#2717 = EDGE_CURVE('',#235,#2718,#2720,.T.);
#2718 = VERTEX_POINT('',#2719);
#2719 = CARTESIAN_POINT('',(15.400000003848,-8.500000002761,
    14.085786437627));
#2720 = ELLIPSE('',#2721,1.414213562376,1.000000000005);
#2721 = AXIS2_PLACEMENT_3D('',#2722,#2723,#2724);
#2722 = CARTESIAN_POINT('',(15.400000004027,-7.500000002756,
    14.085786437631));
#2723 = DIRECTION('',(1.,-1.792871406892E-10,0.));
#2724 = DIRECTION('',(-6.04177942537E-22,-3.36989E-12,-1.));
#2725 = ORIENTED_EDGE('',*,*,#2726,.T.);
#2726 = EDGE_CURVE('',#2718,#1585,#2727,.T.);
#2727 = LINE('',#2728,#2729);
#2728 = CARTESIAN_POINT('',(16.107106785034,-8.500000002888,
    14.792893218813));
#2729 = VECTOR('',#2730,1.);
#2730 = DIRECTION('',(0.707106781187,-1.267751729608E-10,0.707106781187)
  );
#2731 = ORIENTED_EDGE('',*,*,#1609,.F.);
#2732 = ORIENTED_EDGE('',*,*,#2733,.T.);
#2733 = EDGE_CURVE('',#1610,#235,#2734,.T.);
#2734 = LINE('',#2735,#2736);
#2735 = CARTESIAN_POINT('',(15.400000004027,-7.500000002761,15.5));
#2736 = VECTOR('',#2737,1.);
#2737 = DIRECTION('',(-0.707106781187,1.267751729608E-10,-0.707106781187
    ));
#2738 = CYLINDRICAL_SURFACE('',#2739,1.);
#2739 = AXIS2_PLACEMENT_3D('',#2740,#2741,#2742);
#2740 = CARTESIAN_POINT('',(16.107106785213,-7.500000002888,
    14.792893218813));
#2741 = DIRECTION('',(-0.707106781187,1.267751729608E-10,-0.707106781187
    ));
#2742 = DIRECTION('',(-0.707106781187,1.267751529608E-10,0.707106781187)
  );
#2743 = ADVANCED_FACE('',(#2744),#2763,.T.);
#2744 = FACE_BOUND('',#2745,.T.);
#2745 = EDGE_LOOP('',(#2746,#2747,#2755,#2761,#2762));
#2746 = ORIENTED_EDGE('',*,*,#242,.T.);
#2747 = ORIENTED_EDGE('',*,*,#2748,.F.);
#2748 = EDGE_CURVE('',#2749,#243,#2751,.T.);
#2749 = VERTEX_POINT('',#2750);
#2750 = CARTESIAN_POINT('',(16.60208153502,9.099999997023,
    16.702081528017));
#2751 = LINE('',#2752,#2753);
#2752 = CARTESIAN_POINT('',(10.934027181992,3.431945646028,
    11.034027176006));
#2753 = VECTOR('',#2754,1.);
#2754 = DIRECTION('',(-0.577350269293,-0.577350269086,-0.57735026919));
#2755 = ORIENTED_EDGE('',*,*,#2756,.T.);
#2756 = EDGE_CURVE('',#2749,#1745,#2757,.T.);
#2757 = LINE('',#2758,#2759);
#2758 = CARTESIAN_POINT('',(15.400000007003,9.099999997239,15.5));
#2759 = VECTOR('',#2760,1.);
#2760 = DIRECTION('',(0.707106781187,-1.267751529608E-10,0.707106781187)
  );
#2761 = ORIENTED_EDGE('',*,*,#1744,.T.);
#2762 = ORIENTED_EDGE('',*,*,#2733,.T.);
#2763 = PLANE('',#2764);
#2764 = AXIS2_PLACEMENT_3D('',#2765,#2766,#2767);
#2765 = CARTESIAN_POINT('',(15.400000004744,-3.500000002761,15.5));
#2766 = DIRECTION('',(0.707106781187,-1.267751729608E-10,-0.707106781187
    ));
#2767 = DIRECTION('',(0.707106781187,-1.267751529608E-10,0.707106781187)
  );
#2768 = ADVANCED_FACE('',(#2769),#2788,.T.);
#2769 = FACE_BOUND('',#2770,.T.);
#2770 = EDGE_LOOP('',(#2771,#2772,#2773,#2781));
#2771 = ORIENTED_EDGE('',*,*,#1770,.T.);
#2772 = ORIENTED_EDGE('',*,*,#1752,.F.);
#2773 = ORIENTED_EDGE('',*,*,#2774,.F.);
#2774 = EDGE_CURVE('',#2775,#1745,#2777,.T.);
#2775 = VERTEX_POINT('',#2776);
#2776 = CARTESIAN_POINT('',(16.482842719549,9.499999997045,
    17.148528137424));
#2777 = LINE('',#2778,#2779);
#2778 = CARTESIAN_POINT('',(16.482842719549,9.499999997045,
    17.148528137424));
#2779 = VECTOR('',#2780,1.);
#2780 = DIRECTION('',(0.499999999873,-0.707106781276,-0.5));
#2781 = ORIENTED_EDGE('',*,*,#2782,.F.);
#2782 = EDGE_CURVE('',#1771,#2775,#2783,.T.);
#2783 = CIRCLE('',#2784,0.4);
#2784 = AXIS2_PLACEMENT_3D('',#2785,#2786,#2787);
#2785 = CARTESIAN_POINT('',(16.200000007075,9.499999997096,
    17.431370849898));
#2786 = DIRECTION('',(1.792871406892E-10,1.,0.));
#2787 = DIRECTION('',(0.,0.,-1.));
#2788 = CONICAL_SURFACE('',#2789,0.8,0.785398163397);
#2789 = AXIS2_PLACEMENT_3D('',#2790,#2791,#2792);
#2790 = CARTESIAN_POINT('',(16.200000007003,9.099999997096,
    17.431370849898));
#2791 = DIRECTION('',(-1.792871406892E-10,-1.,0.));
#2792 = DIRECTION('',(0.,0.,1.));
#2793 = ADVANCED_FACE('',(#2794,#2877,#2888),#2899,.T.);
#2794 = FACE_BOUND('',#2795,.T.);
#2795 = EDGE_LOOP('',(#2796,#2806,#2814,#2822,#2830,#2836,#2837,#2838,
    #2846,#2854,#2862,#2871));
#2796 = ORIENTED_EDGE('',*,*,#2797,.T.);
#2797 = EDGE_CURVE('',#2798,#2800,#2802,.T.);
#2798 = VERTEX_POINT('',#2799);
#2799 = CARTESIAN_POINT('',(-16.59999999292,9.500000002976,
    25.399339887183));
#2800 = VERTEX_POINT('',#2801);
#2801 = CARTESIAN_POINT('',(-9.099999992925,9.500000001632,
    25.399339887183));
#2802 = LINE('',#2803,#2804);
#2803 = CARTESIAN_POINT('',(7.074670571594E-09,9.5,25.399339887183));
#2804 = VECTOR('',#2805,1.);
#2805 = DIRECTION('',(1.,-1.792871406892E-10,0.));
#2806 = ORIENTED_EDGE('',*,*,#2807,.T.);
#2807 = EDGE_CURVE('',#2800,#2808,#2810,.T.);
#2808 = VERTEX_POINT('',#2809);
#2809 = CARTESIAN_POINT('',(-9.099999992925,9.500000001632,19.1));
#2810 = LINE('',#2811,#2812);
#2811 = CARTESIAN_POINT('',(-9.099999992925,9.500000001632,
    23.549339887183));
#2812 = VECTOR('',#2813,1.);
#2813 = DIRECTION('',(0.,0.,-1.));
#2814 = ORIENTED_EDGE('',*,*,#2815,.T.);
#2815 = EDGE_CURVE('',#2808,#2816,#2818,.T.);
#2816 = VERTEX_POINT('',#2817);
#2817 = CARTESIAN_POINT('',(9.100000007075,9.499999998368,19.1));
#2818 = LINE('',#2819,#2820);
#2819 = CARTESIAN_POINT('',(7.074675241594E-09,9.5,19.1));
#2820 = VECTOR('',#2821,1.);
#2821 = DIRECTION('',(1.,-1.792871406892E-10,-1.2E-16));
#2822 = ORIENTED_EDGE('',*,*,#2823,.T.);
#2823 = EDGE_CURVE('',#2816,#2824,#2826,.T.);
#2824 = VERTEX_POINT('',#2825);
#2825 = CARTESIAN_POINT('',(9.100000007075,9.499999998368,
    25.399339887183));
#2826 = LINE('',#2827,#2828);
#2827 = CARTESIAN_POINT('',(9.100000007075,9.499999998368,23.14933989));
#2828 = VECTOR('',#2829,1.);
#2829 = DIRECTION('',(0.,0.,1.));
#2830 = ORIENTED_EDGE('',*,*,#2831,.T.);
#2831 = EDGE_CURVE('',#2824,#1779,#2832,.T.);
#2832 = LINE('',#2833,#2834);
#2833 = CARTESIAN_POINT('',(7.074670571594E-09,9.5,25.399339887183));
#2834 = VECTOR('',#2835,1.);
#2835 = DIRECTION('',(1.,-1.792871406892E-10,0.));
#2836 = ORIENTED_EDGE('',*,*,#1778,.T.);
#2837 = ORIENTED_EDGE('',*,*,#2782,.T.);
#2838 = ORIENTED_EDGE('',*,*,#2839,.T.);
#2839 = EDGE_CURVE('',#2775,#2840,#2842,.T.);
#2840 = VERTEX_POINT('',#2841);
#2841 = CARTESIAN_POINT('',(16.436396110143,9.499999997053,
    17.102081528017));
#2842 = LINE('',#2843,#2844);
#2843 = CARTESIAN_POINT('',(-9.8328427054,9.500000001763,-9.167157287525
    ));
#2844 = VECTOR('',#2845,1.);
#2845 = DIRECTION('',(-0.707106781187,1.267751529608E-10,-0.707106781187
    ));
#2846 = ORIENTED_EDGE('',*,*,#2847,.T.);
#2847 = EDGE_CURVE('',#2840,#2848,#2850,.T.);
#2848 = VERTEX_POINT('',#2849);
#2849 = CARTESIAN_POINT('',(-16.43639609599,9.500000002947,
    17.102081528017));
#2850 = LINE('',#2851,#2852);
#2851 = CARTESIAN_POINT('',(7.074674991594E-09,9.5,17.102081528017));
#2852 = VECTOR('',#2853,1.);
#2853 = DIRECTION('',(-1.,1.792871406892E-10,1.2E-16));
#2854 = ORIENTED_EDGE('',*,*,#2855,.T.);
#2855 = EDGE_CURVE('',#2848,#2856,#2858,.T.);
#2856 = VERTEX_POINT('',#2857);
#2857 = CARTESIAN_POINT('',(-16.4828427054,9.500000002955,
    17.148528137424));
#2858 = LINE('',#2859,#2860);
#2859 = CARTESIAN_POINT('',(-16.4828427054,9.500000002955,
    17.148528137424));
#2860 = VECTOR('',#2861,1.);
#2861 = DIRECTION('',(-0.707106781187,1.267751529608E-10,0.707106781187)
  );
#2862 = ORIENTED_EDGE('',*,*,#2863,.T.);
#2863 = EDGE_CURVE('',#2856,#2864,#2866,.T.);
#2864 = VERTEX_POINT('',#2865);
#2865 = CARTESIAN_POINT('',(-16.59999999292,9.500000002976,
    17.431370849898));
#2866 = CIRCLE('',#2867,0.4);
#2867 = AXIS2_PLACEMENT_3D('',#2868,#2869,#2870);
#2868 = CARTESIAN_POINT('',(-16.19999999292,9.500000002904,
    17.431370849898));
#2869 = DIRECTION('',(1.792871406892E-10,1.,0.));
#2870 = DIRECTION('',(0.,0.,-1.));
#2871 = ORIENTED_EDGE('',*,*,#2872,.T.);
#2872 = EDGE_CURVE('',#2864,#2798,#2873,.T.);
#2873 = LINE('',#2874,#2875);
#2874 = CARTESIAN_POINT('',(-16.59999999292,9.500000002976,-19.));
#2875 = VECTOR('',#2876,1.);
#2876 = DIRECTION('',(0.,0.,1.));
#2877 = FACE_BOUND('',#2878,.T.);
#2878 = EDGE_LOOP('',(#2879));
#2879 = ORIENTED_EDGE('',*,*,#2880,.T.);
#2880 = EDGE_CURVE('',#2881,#2881,#2883,.T.);
#2881 = VERTEX_POINT('',#2882);
#2882 = CARTESIAN_POINT('',(12.850000007075,9.499999997696,24.574669945)
  );
#2883 = CIRCLE('',#2884,2.75);
#2884 = AXIS2_PLACEMENT_3D('',#2885,#2886,#2887);
#2885 = CARTESIAN_POINT('',(12.850000007075,9.499999997696,21.824669945)
  );
#2886 = DIRECTION('',(-1.792871406892E-10,-1.,-0.));
#2887 = DIRECTION('',(0.,0.,-1.));
#2888 = FACE_BOUND('',#2889,.T.);
#2889 = EDGE_LOOP('',(#2890));
#2890 = ORIENTED_EDGE('',*,*,#2891,.T.);
#2891 = EDGE_CURVE('',#2892,#2892,#2894,.T.);
#2892 = VERTEX_POINT('',#2893);
#2893 = CARTESIAN_POINT('',(-12.84999999292,9.500000002304,24.574669945)
  );
#2894 = CIRCLE('',#2895,2.75);
#2895 = AXIS2_PLACEMENT_3D('',#2896,#2897,#2898);
#2896 = CARTESIAN_POINT('',(-12.84999999292,9.500000002304,21.824669945)
  );
#2897 = DIRECTION('',(-1.792871406892E-10,-1.,-0.));
#2898 = DIRECTION('',(0.,0.,-1.));
#2899 = PLANE('',#2900);
#2900 = AXIS2_PLACEMENT_3D('',#2901,#2902,#2903);
#2901 = CARTESIAN_POINT('',(7.074670571594E-09,9.5,-19.));
#2902 = DIRECTION('',(1.792871406892E-10,1.,0.));
#2903 = DIRECTION('',(-1.,1.792871406892E-10,0.));
#2904 = ADVANCED_FACE('',(#2905),#2918,.F.);
#2905 = FACE_BOUND('',#2906,.T.);
#2906 = EDGE_LOOP('',(#2907,#2908,#2914,#2915,#2916,#2917));
#2907 = ORIENTED_EDGE('',*,*,#2831,.F.);
#2908 = ORIENTED_EDGE('',*,*,#2909,.T.);
#2909 = EDGE_CURVE('',#2824,#1995,#2910,.T.);
#2910 = LINE('',#2911,#2912);
#2911 = CARTESIAN_POINT('',(9.450000006198,9.849999997367,
    25.049339888122));
#2912 = VECTOR('',#2913,1.);
#2913 = DIRECTION('',(-0.577350269293,-0.577350269086,0.57735026919));
#2914 = ORIENTED_EDGE('',*,*,#1994,.F.);
#2915 = ORIENTED_EDGE('',*,*,#1954,.F.);
#2916 = ORIENTED_EDGE('',*,*,#1810,.T.);
#2917 = ORIENTED_EDGE('',*,*,#1786,.F.);
#2918 = PLANE('',#2919);
#2919 = AXIS2_PLACEMENT_3D('',#2920,#2921,#2922);
#2920 = CARTESIAN_POINT('',(29.700885802883,9.099999994675,
    25.799339887183));
#2921 = DIRECTION('',(-1.267751529608E-10,-0.707106781187,
    -0.707106781187));
#2922 = DIRECTION('',(-1.267751529608E-10,-0.707106781187,0.707106781187
    ));
#2923 = ADVANCED_FACE('',(#2924),#2943,.F.);
#2924 = FACE_BOUND('',#2925,.F.);
#2925 = EDGE_LOOP('',(#2926,#2935,#2941,#2942));
#2926 = ORIENTED_EDGE('',*,*,#2927,.T.);
#2927 = EDGE_CURVE('',#2036,#2928,#2930,.T.);
#2928 = VERTEX_POINT('',#2929);
#2929 = CARTESIAN_POINT('',(8.700000006089,3.999999999283,19.5));
#2930 = CIRCLE('',#2931,4.);
#2931 = AXIS2_PLACEMENT_3D('',#2932,#2933,#2934);
#2932 = CARTESIAN_POINT('',(4.700000006089,4.,19.5));
#2933 = DIRECTION('',(-0.,0.,1.));
#2934 = DIRECTION('',(1.,-1.792871406892E-10,0.));
#2935 = ORIENTED_EDGE('',*,*,#2936,.T.);
#2936 = EDGE_CURVE('',#2928,#1834,#2937,.T.);
#2937 = LINE('',#2938,#2939);
#2938 = CARTESIAN_POINT('',(8.700000006089,3.999999999283,23.54933989));
#2939 = VECTOR('',#2940,1.);
#2940 = DIRECTION('',(0.,0.,1.));
#2941 = ORIENTED_EDGE('',*,*,#1841,.F.);
#2942 = ORIENTED_EDGE('',*,*,#2035,.T.);
#2943 = CYLINDRICAL_SURFACE('',#2944,4.);
#2944 = AXIS2_PLACEMENT_3D('',#2945,#2946,#2947);
#2945 = CARTESIAN_POINT('',(4.700000006089,4.,23.549339887183));
#2946 = DIRECTION('',(0.,0.,1.));
#2947 = DIRECTION('',(1.792871406892E-10,1.,0.));
#2948 = ADVANCED_FACE('',(#2949),#2968,.F.);
#2949 = FACE_BOUND('',#2950,.T.);
#2950 = EDGE_LOOP('',(#2951,#2952,#2953,#2954,#2962));
#2951 = ORIENTED_EDGE('',*,*,#2936,.T.);
#2952 = ORIENTED_EDGE('',*,*,#2017,.T.);
#2953 = ORIENTED_EDGE('',*,*,#1976,.T.);
#2954 = ORIENTED_EDGE('',*,*,#2955,.T.);
#2955 = EDGE_CURVE('',#1979,#2956,#2958,.T.);
#2956 = VERTEX_POINT('',#2957);
#2957 = CARTESIAN_POINT('',(8.700000007003,9.09999999844,19.5));
#2958 = LINE('',#2959,#2960);
#2959 = CARTESIAN_POINT('',(8.700000007003,9.09999999844,23.549339887183
    ));
#2960 = VECTOR('',#2961,1.);
#2961 = DIRECTION('',(0.,0.,-1.));
#2962 = ORIENTED_EDGE('',*,*,#2963,.F.);
#2963 = EDGE_CURVE('',#2928,#2956,#2964,.T.);
#2964 = LINE('',#2965,#2966);
#2965 = CARTESIAN_POINT('',(8.699999998953,-35.79918650258,19.5));
#2966 = VECTOR('',#2967,1.);
#2967 = DIRECTION('',(1.792871406892E-10,1.,0.));
#2968 = PLANE('',#2969);
#2969 = AXIS2_PLACEMENT_3D('',#2970,#2971,#2972);
#2970 = CARTESIAN_POINT('',(8.699999998953,-35.79918650258,23.54933989)
  );
#2971 = DIRECTION('',(1.,-1.792871406892E-10,0.));
#2972 = DIRECTION('',(0.,0.,-1.));
#2973 = ADVANCED_FACE('',(#2974),#2986,.T.);
#2974 = FACE_BOUND('',#2975,.T.);
#2975 = EDGE_LOOP('',(#2976,#2977,#2983,#2984,#2985));
#2976 = ORIENTED_EDGE('',*,*,#2823,.F.);
#2977 = ORIENTED_EDGE('',*,*,#2978,.T.);
#2978 = EDGE_CURVE('',#2816,#2956,#2979,.T.);
#2979 = LINE('',#2980,#2981);
#2980 = CARTESIAN_POINT('',(7.350220043428,7.750220035349,
    20.849779963333));
#2981 = VECTOR('',#2982,1.);
#2982 = DIRECTION('',(-0.577350269293,-0.577350269086,0.57735026919));
#2983 = ORIENTED_EDGE('',*,*,#2955,.F.);
#2984 = ORIENTED_EDGE('',*,*,#2002,.T.);
#2985 = ORIENTED_EDGE('',*,*,#2909,.F.);
#2986 = PLANE('',#2987);
#2987 = AXIS2_PLACEMENT_3D('',#2988,#2989,#2990);
#2988 = CARTESIAN_POINT('',(8.905889149634,9.305889140997,
    22.351825519387));
#2989 = DIRECTION('',(-0.70710678106,0.707106781313,-4.896498131047E-16)
  );
#2990 = DIRECTION('',(0.707106781313,0.70710678106,0.));
#2991 = ADVANCED_FACE('',(#2992,#3020,#3031),#3042,.T.);
#2992 = FACE_BOUND('',#2993,.T.);
#2993 = EDGE_LOOP('',(#2994,#2995,#3003,#3011,#3018,#3019));
#2994 = ORIENTED_EDGE('',*,*,#2963,.T.);
#2995 = ORIENTED_EDGE('',*,*,#2996,.T.);
#2996 = EDGE_CURVE('',#2956,#2997,#2999,.T.);
#2997 = VERTEX_POINT('',#2998);
#2998 = CARTESIAN_POINT('',(-8.699999992997,9.10000000156,19.5));
#2999 = LINE('',#3000,#3001);
#3000 = CARTESIAN_POINT('',(15.400000007003,9.099999997239,19.5));
#3001 = VECTOR('',#3002,1.);
#3002 = DIRECTION('',(-1.,1.792871406892E-10,1.2E-16));
#3003 = ORIENTED_EDGE('',*,*,#3004,.F.);
#3004 = EDGE_CURVE('',#3005,#2997,#3007,.T.);
#3005 = VERTEX_POINT('',#3006);
#3006 = CARTESIAN_POINT('',(-8.699999993911,4.000000000717,19.5));
#3007 = LINE('',#3008,#3009);
#3008 = CARTESIAN_POINT('',(-8.700000001047,-35.79918649946,19.5));
#3009 = VECTOR('',#3010,1.);
#3010 = DIRECTION('',(1.792871406892E-10,1.,0.));
#3011 = ORIENTED_EDGE('',*,*,#3012,.T.);
#3012 = EDGE_CURVE('',#3005,#2044,#3013,.T.);
#3013 = CIRCLE('',#3014,4.);
#3014 = AXIS2_PLACEMENT_3D('',#3015,#3016,#3017);
#3015 = CARTESIAN_POINT('',(-4.699999993911,4.,19.5));
#3016 = DIRECTION('',(-0.,0.,1.));
#3017 = DIRECTION('',(1.,-1.792871406892E-10,0.));
#3018 = ORIENTED_EDGE('',*,*,#2043,.F.);
#3019 = ORIENTED_EDGE('',*,*,#2927,.T.);
#3020 = FACE_BOUND('',#3021,.T.);
#3021 = EDGE_LOOP('',(#3022));
#3022 = ORIENTED_EDGE('',*,*,#3023,.T.);
#3023 = EDGE_CURVE('',#3024,#3024,#3026,.T.);
#3024 = VERTEX_POINT('',#3025);
#3025 = CARTESIAN_POINT('',(6.500000006232,4.799999998835,19.5));
#3026 = CIRCLE('',#3027,1.2);
#3027 = AXIS2_PLACEMENT_3D('',#3028,#3029,#3030);
#3028 = CARTESIAN_POINT('',(6.500000006447,5.999999998835,19.5));
#3029 = DIRECTION('',(0.,-0.,-1.));
#3030 = DIRECTION('',(1.,-1.792871406892E-10,0.));
#3031 = FACE_BOUND('',#3032,.T.);
#3032 = EDGE_LOOP('',(#3033));
#3033 = ORIENTED_EDGE('',*,*,#3034,.T.);
#3034 = EDGE_CURVE('',#3035,#3035,#3037,.T.);
#3035 = VERTEX_POINT('',#3036);
#3036 = CARTESIAN_POINT('',(-6.499999993768,4.800000001165,19.5));
#3037 = CIRCLE('',#3038,1.2);
#3038 = AXIS2_PLACEMENT_3D('',#3039,#3040,#3041);
#3039 = CARTESIAN_POINT('',(-6.499999993553,6.000000001165,19.5));
#3040 = DIRECTION('',(0.,-0.,-1.));
#3041 = DIRECTION('',(1.,-1.792871406892E-10,0.));
#3042 = PLANE('',#3043);
#3043 = AXIS2_PLACEMENT_3D('',#3044,#3045,#3046);
#3044 = CARTESIAN_POINT('',(15.400000006895,8.499999997239,19.5));
#3045 = DIRECTION('',(1.2E-16,-2.15144568827E-26,1.));
#3046 = DIRECTION('',(1.792871406892E-10,1.,0.));
#3047 = ADVANCED_FACE('',(#3048),#3081,.F.);
#3048 = FACE_BOUND('',#3049,.F.);
#3049 = EDGE_LOOP('',(#3050,#3051,#3052,#3075));
#3050 = ORIENTED_EDGE('',*,*,#3012,.T.);
#3051 = ORIENTED_EDGE('',*,*,#2051,.T.);
#3052 = ORIENTED_EDGE('',*,*,#3053,.F.);
#3053 = EDGE_CURVE('',#3054,#2052,#3056,.T.);
#3054 = VERTEX_POINT('',#3055);
#3055 = CARTESIAN_POINT('',(-8.699999993911,4.000000000717,
    24.935902934916));
#3056 = B_SPLINE_CURVE_WITH_KNOTS('',3,(#3057,#3058,#3059,#3060,#3061,
    #3062,#3063,#3064,#3065,#3066,#3067,#3068,#3069,#3070,#3071,#3072,
    #3073,#3074),.UNSPECIFIED.,.F.,.F.,(4,2,2,2,2,2,2,2,4),(0.,
    4.09089078071E-02,8.17914187492E-02,0.163425618104,0.323349001389,
    0.481512720762,0.561077729403,0.600752739382,0.64040336998),
  .UNSPECIFIED.);
#3057 = CARTESIAN_POINT('',(-8.699999993911,4.000000000717,
    24.935902934916));
#3058 = CARTESIAN_POINT('',(-8.699999993935,3.868053858801,
    24.90147779149));
#3059 = CARTESIAN_POINT('',(-8.693471309235,3.736167279256,
    24.867089192472));
#3060 = CARTESIAN_POINT('',(-8.667400523842,3.473567277555,
    24.798594903115));
#3061 = CARTESIAN_POINT('',(-8.647878367413,3.342970372144,
    24.764519657406));
#3062 = CARTESIAN_POINT('',(-8.570082863885,2.955030157527,
    24.663326573074));
#3063 = CARTESIAN_POINT('',(-8.492725966994,2.701840662963,
    24.597282979355));
#3064 = CARTESIAN_POINT('',(-8.190899760784,1.979550297901,
    24.408878124271));
#3065 = CARTESIAN_POINT('',(-7.898912134523,1.542057891222,
    24.294759006977));
#3066 = CARTESIAN_POINT('',(-7.162018612586,0.80516436908,
    24.102543411103));
#3067 = CARTESIAN_POINT('',(-6.725754467806,0.511317077094,
    24.025895685727));
#3068 = CARTESIAN_POINT('',(-5.999032175085,0.207638705776,
    23.946680799387));
#3069 = CARTESIAN_POINT('',(-5.745884927136,0.130100663986,
    23.926455493681));
#3070 = CARTESIAN_POINT('',(-5.357130233485,5.214178946157E-02,
    23.906120784531));
#3071 = CARTESIAN_POINT('',(-5.226547566625,3.261081622085E-02,
    23.901036582293));
#3072 = CARTESIAN_POINT('',(-4.96387997315,6.533432561458E-03,
    23.894230323293));
#3073 = CARTESIAN_POINT('',(-4.831982344725,1.06581410364E-14,
    23.89251137173));
#3074 = CARTESIAN_POINT('',(-4.699999993911,4.973799150321E-14,
    23.892519650176));
#3075 = ORIENTED_EDGE('',*,*,#3076,.T.);
#3076 = EDGE_CURVE('',#3054,#3005,#3077,.T.);
#3077 = LINE('',#3078,#3079);
#3078 = CARTESIAN_POINT('',(-8.699999993911,4.000000000717,19.5));
#3079 = VECTOR('',#3080,1.);
#3080 = DIRECTION('',(-0.,0.,-1.));
#3081 = CYLINDRICAL_SURFACE('',#3082,4.);
#3082 = AXIS2_PLACEMENT_3D('',#3083,#3084,#3085);
#3083 = CARTESIAN_POINT('',(-4.699999993911,4.,33.549339887183));
#3084 = DIRECTION('',(0.,0.,-1.));
#3085 = DIRECTION('',(-1.792871406892E-10,-1.,0.));
#3086 = ADVANCED_FACE('',(#3087),#3105,.T.);
#3087 = FACE_BOUND('',#3088,.T.);
#3088 = EDGE_LOOP('',(#3089,#3090,#3091,#3099));
#3089 = ORIENTED_EDGE('',*,*,#2189,.F.);
#3090 = ORIENTED_EDGE('',*,*,#2059,.F.);
#3091 = ORIENTED_EDGE('',*,*,#3092,.F.);
#3092 = EDGE_CURVE('',#3093,#2052,#3095,.T.);
#3093 = VERTEX_POINT('',#3094);
#3094 = CARTESIAN_POINT('',(-4.699999993923,-0.414019676548,
    24.169975164609));
#3095 = LINE('',#3096,#3097);
#3096 = CARTESIAN_POINT('',(-4.699999993923,-0.414019676548,
    24.169975164609));
#3097 = VECTOR('',#3098,1.);
#3098 = DIRECTION('',(2.399362451477E-11,0.830712141107,-0.556702199222)
  );
#3099 = ORIENTED_EDGE('',*,*,#3100,.F.);
#3100 = EDGE_CURVE('',#2156,#3093,#3101,.T.);
#3101 = LINE('',#3102,#3103);
#3102 = CARTESIAN_POINT('',(-4.699999993907,-0.414019676548,
    24.169975164609));
#3103 = VECTOR('',#3104,1.);
#3104 = DIRECTION('',(-1.,9.806891549778E-16,-4.302869E-11));
#3105 = PLANE('',#3106);
#3106 = AXIS2_PLACEMENT_3D('',#3107,#3108,#3109);
#3107 = CARTESIAN_POINT('',(-16.12098097322,8.526512829121E-14,
    23.892519649685));
#3108 = DIRECTION('',(-3.574390448589E-11,0.556702199223,0.830712141105)
  );
#3109 = DIRECTION('',(1.,6.420650905926E-11,-3.754088770473E-19));
#3110 = ADVANCED_FACE('',(#3111),#3122,.F.);
#3111 = FACE_BOUND('',#3112,.F.);
#3112 = EDGE_LOOP('',(#3113,#3119,#3120,#3121));
#3113 = ORIENTED_EDGE('',*,*,#3114,.T.);
#3114 = EDGE_CURVE('',#2315,#2084,#3115,.T.);
#3115 = LINE('',#3116,#3117);
#3116 = CARTESIAN_POINT('',(5.299728088784E-09,-0.399999999928,
    26.05140945121));
#3117 = VECTOR('',#3118,1.);
#3118 = DIRECTION('',(1.267752429495E-10,0.707106781123,0.70710678125));
#3119 = ORIENTED_EDGE('',*,*,#2083,.T.);
#3120 = ORIENTED_EDGE('',*,*,#3114,.F.);
#3121 = ORIENTED_EDGE('',*,*,#2322,.T.);
#3122 = CONICAL_SURFACE('',#3123,1.7,0.785398163487);
#3123 = AXIS2_PLACEMENT_3D('',#3124,#3125,#3126);
#3124 = CARTESIAN_POINT('',(5.299727878784E-09,-0.399999999928,
    24.35140945121));
#3125 = DIRECTION('',(1.792871406892E-10,1.,0.));
#3126 = DIRECTION('',(0.,0.,-1.));
#3127 = ADVANCED_FACE('',(#3128,#3131),#3142,.T.);
#3128 = FACE_BOUND('',#3129,.T.);
#3129 = EDGE_LOOP('',(#3130));
#3130 = ORIENTED_EDGE('',*,*,#2135,.F.);
#3131 = FACE_BOUND('',#3132,.T.);
#3132 = EDGE_LOOP('',(#3133));
#3133 = ORIENTED_EDGE('',*,*,#3134,.T.);
#3134 = EDGE_CURVE('',#3135,#3135,#3137,.T.);
#3135 = VERTEX_POINT('',#3136);
#3136 = CARTESIAN_POINT('',(6.500000004081,-7.200000001165,19.5));
#3137 = CIRCLE('',#3138,1.2);
#3138 = AXIS2_PLACEMENT_3D('',#3139,#3140,#3141);
#3139 = CARTESIAN_POINT('',(6.500000004296,-6.000000001165,19.5));
#3140 = DIRECTION('',(0.,-0.,-1.));
#3141 = DIRECTION('',(1.,-1.792871406892E-10,0.));
#3142 = PLANE('',#3143);
#3143 = AXIS2_PLACEMENT_3D('',#3144,#3145,#3146);
#3144 = CARTESIAN_POINT('',(15.400000006895,8.499999997239,19.5));
#3145 = DIRECTION('',(1.2E-16,-2.15144568827E-26,1.));
#3146 = DIRECTION('',(1.792871406892E-10,1.,0.));
#3147 = ADVANCED_FACE('',(#3148),#3200,.T.);
#3148 = FACE_BOUND('',#3149,.T.);
#3149 = EDGE_LOOP('',(#3150,#3160,#3168,#3176,#3182,#3183,#3184,#3185));
#3150 = ORIENTED_EDGE('',*,*,#3151,.T.);
#3151 = EDGE_CURVE('',#3152,#3154,#3156,.T.);
#3152 = VERTEX_POINT('',#3153);
#3153 = CARTESIAN_POINT('',(-9.047430347008,3.933410677316,
    25.213358449349));
#3154 = VERTEX_POINT('',#3155);
#3155 = CARTESIAN_POINT('',(-9.047430346609,6.15595980614,
    25.746770240267));
#3156 = LINE('',#3157,#3158);
#3157 = CARTESIAN_POINT('',(-9.04743034657,6.375000001622,
    25.799339887183));
#3158 = VECTOR('',#3159,1.);
#3159 = DIRECTION('',(1.743365390145E-10,0.972387301981,0.233372952475)
  );
#3160 = ORIENTED_EDGE('',*,*,#3161,.T.);
#3161 = EDGE_CURVE('',#3154,#3162,#3164,.T.);
#3162 = VERTEX_POINT('',#3163);
#3163 = CARTESIAN_POINT('',(-9.099999993486,6.375000001632,
    25.799339887183));
#3164 = LINE('',#3165,#3166);
#3165 = CARTESIAN_POINT('',(-7.095937027046,-1.97526236513,
    23.795276919247));
#3166 = VECTOR('',#3167,1.);
#3167 = DIRECTION('',(-0.227266205554,0.946942523889,0.227266205724));
#3168 = ORIENTED_EDGE('',*,*,#3169,.T.);
#3169 = EDGE_CURVE('',#3162,#3170,#3172,.T.);
#3170 = VERTEX_POINT('',#3171);
#3171 = CARTESIAN_POINT('',(-16.59999999348,6.375000002976,
    25.799339887183));
#3172 = LINE('',#3173,#3174);
#3173 = CARTESIAN_POINT('',(29.700885802395,6.374999994675,
    25.799339887183));
#3174 = VECTOR('',#3175,1.);
#3175 = DIRECTION('',(-1.,1.792871706892E-10,0.));
#3176 = ORIENTED_EDGE('',*,*,#3177,.T.);
#3177 = EDGE_CURVE('',#3170,#2204,#3178,.T.);
#3178 = LINE('',#3179,#3180);
#3179 = CARTESIAN_POINT('',(-16.59999999348,6.375000002976,
    25.799339887183));
#3180 = VECTOR('',#3181,1.);
#3181 = DIRECTION('',(-1.743365690145E-10,-0.972387301981,
    -0.233372952475));
#3182 = ORIENTED_EDGE('',*,*,#2203,.F.);
#3183 = ORIENTED_EDGE('',*,*,#2153,.T.);
#3184 = ORIENTED_EDGE('',*,*,#3100,.T.);
#3185 = ORIENTED_EDGE('',*,*,#3186,.T.);
#3186 = EDGE_CURVE('',#3093,#3152,#3187,.T.);
#3187 = B_SPLINE_CURVE_WITH_KNOTS('',3,(#3188,#3189,#3190,#3191,#3192,
    #3193,#3194,#3195,#3196,#3197,#3198,#3199),.UNSPECIFIED.,.F.,.F.,(4,
    2,2,2,2,4),(-0.693223756179,-0.607059606948,-0.520754810476,
    -0.349677678806,-0.176977257068,0.),.UNSPECIFIED.);
#3188 = CARTESIAN_POINT('',(-4.699999993923,-0.414019676548,
    24.169975164609));
#3189 = CARTESIAN_POINT('',(-4.987133026325,-0.414039021507,
    24.169970521807));
#3190 = CARTESIAN_POINT('',(-5.273909592419,-0.385529854093,
    24.176812721974));
#3191 = CARTESIAN_POINT('',(-5.837498536874,-0.272417742139,
    24.203959628819));
#3192 = CARTESIAN_POINT('',(-6.112908143061,-0.18800909111,
    24.224217705053));
#3193 = CARTESIAN_POINT('',(-6.901975000216,0.142020056449,
    24.303424700434));
#3194 = CARTESIAN_POINT('',(-7.375943595441,0.46115931193,
    24.380018121729));
#3195 = CARTESIAN_POINT('',(-8.17602929454,1.261245009661,24.57203868915
    ));
#3196 = CARTESIAN_POINT('',(-8.493439483161,1.736334315035,
    24.686060122426));
#3197 = CARTESIAN_POINT('',(-8.933452304685,2.788361189294,
    24.938546572229));
#3198 = CARTESIAN_POINT('',(-9.047468994498,3.35977588684,
    25.075686099635));
#3199 = CARTESIAN_POINT('',(-9.047430347008,3.933410677316,
    25.213358449349));
#3200 = PLANE('',#3201);
#3201 = AXIS2_PLACEMENT_3D('',#3202,#3203,#3204);
#3202 = CARTESIAN_POINT('',(29.700885802395,6.374999994675,
    25.799339887183));
#3203 = DIRECTION('',(-4.184077936349E-11,-0.233372952475,0.972387301981
    ));
#3204 = DIRECTION('',(-1.,1.79287171389E-10,-2.916006151424E-18));
#3205 = ADVANCED_FACE('',(#3206),#3216,.F.);
#3206 = FACE_BOUND('',#3207,.F.);
#3207 = EDGE_LOOP('',(#3208,#3209));
#3208 = ORIENTED_EDGE('',*,*,#2171,.T.);
#3209 = ORIENTED_EDGE('',*,*,#3210,.T.);
#3210 = EDGE_CURVE('',#2172,#2164,#3211,.T.);
#3211 = CIRCLE('',#3212,2.6);
#3212 = AXIS2_PLACEMENT_3D('',#3213,#3214,#3215);
#3213 = CARTESIAN_POINT('',(-6.499999995704,-5.999999998835,
    23.549339887183));
#3214 = DIRECTION('',(0.,-0.,1.));
#3215 = DIRECTION('',(1.792871406892E-10,1.,0.));
#3216 = CYLINDRICAL_SURFACE('',#3217,2.6);
#3217 = AXIS2_PLACEMENT_3D('',#3218,#3219,#3220);
#3218 = CARTESIAN_POINT('',(-6.499999995704,-5.999999998835,
    27.549339887183));
#3219 = DIRECTION('',(0.,0.,-1.));
#3220 = DIRECTION('',(-1.792871406892E-10,-1.,0.));
#3221 = ADVANCED_FACE('',(#3222),#3252,.F.);
#3222 = FACE_BOUND('',#3223,.F.);
#3223 = EDGE_LOOP('',(#3224,#3232,#3233,#3234,#3235,#3236,#3245));
#3224 = ORIENTED_EDGE('',*,*,#3225,.T.);
#3225 = EDGE_CURVE('',#3226,#2227,#3228,.T.);
#3226 = VERTEX_POINT('',#3227);
#3227 = CARTESIAN_POINT('',(-6.499999996099,-8.199999998835,
    23.149339887183));
#3228 = LINE('',#3229,#3230);
#3229 = CARTESIAN_POINT('',(-6.499999996099,-8.199999998835,
    23.149339887183));
#3230 = VECTOR('',#3231,1.);
#3231 = DIRECTION('',(-1.267750629608E-10,-0.707106781187,0.707106781187
    ));
#3232 = ORIENTED_EDGE('',*,*,#2235,.T.);
#3233 = ORIENTED_EDGE('',*,*,#3210,.F.);
#3234 = ORIENTED_EDGE('',*,*,#2226,.T.);
#3235 = ORIENTED_EDGE('',*,*,#3225,.F.);
#3236 = ORIENTED_EDGE('',*,*,#3237,.T.);
#3237 = EDGE_CURVE('',#3226,#3238,#3240,.T.);
#3238 = VERTEX_POINT('',#3239);
#3239 = CARTESIAN_POINT('',(-6.49999999531,-3.799999998835,
    23.149339887183));
#3240 = CIRCLE('',#3241,2.2);
#3241 = AXIS2_PLACEMENT_3D('',#3242,#3243,#3244);
#3242 = CARTESIAN_POINT('',(-6.499999995704,-5.999999998835,
    23.149339887183));
#3243 = DIRECTION('',(0.,0.,1.));
#3244 = DIRECTION('',(-1.792871406892E-10,-1.,0.));
#3245 = ORIENTED_EDGE('',*,*,#3246,.T.);
#3246 = EDGE_CURVE('',#3238,#3226,#3247,.T.);
#3247 = CIRCLE('',#3248,2.2);
#3248 = AXIS2_PLACEMENT_3D('',#3249,#3250,#3251);
#3249 = CARTESIAN_POINT('',(-6.499999995704,-5.999999998835,
    23.149339887183));
#3250 = DIRECTION('',(0.,0.,1.));
#3251 = DIRECTION('',(-1.792871406892E-10,-1.,0.));
#3252 = CONICAL_SURFACE('',#3253,2.2,0.785398163397);
#3253 = AXIS2_PLACEMENT_3D('',#3254,#3255,#3256);
#3254 = CARTESIAN_POINT('',(-6.499999995704,-5.999999998835,
    23.149339887183));
#3255 = DIRECTION('',(0.,0.,1.));
#3256 = DIRECTION('',(1.792871406892E-10,1.,0.));
#3257 = ADVANCED_FACE('',(#3258),#3264,.T.);
#3258 = FACE_BOUND('',#3259,.T.);
#3259 = EDGE_LOOP('',(#3260,#3261,#3262,#3263));
#3260 = ORIENTED_EDGE('',*,*,#2271,.F.);
#3261 = ORIENTED_EDGE('',*,*,#2245,.F.);
#3262 = ORIENTED_EDGE('',*,*,#2255,.F.);
#3263 = ORIENTED_EDGE('',*,*,#2263,.F.);
#3264 = PLANE('',#3265);
#3265 = AXIS2_PLACEMENT_3D('',#3266,#3267,#3268);
#3266 = CARTESIAN_POINT('',(-16.126,-15.,23.549339));
#3267 = DIRECTION('',(0.,0.,1.));
#3268 = DIRECTION('',(1.,0.,0.));
#3269 = ADVANCED_FACE('',(#3270),#3281,.F.);
#3270 = FACE_BOUND('',#3271,.T.);
#3271 = EDGE_LOOP('',(#3272,#3273,#3279,#3280));
#3272 = ORIENTED_EDGE('',*,*,#3177,.F.);
#3273 = ORIENTED_EDGE('',*,*,#3274,.T.);
#3274 = EDGE_CURVE('',#3170,#2365,#3275,.T.);
#3275 = LINE('',#3276,#3277);
#3276 = CARTESIAN_POINT('',(-17.22310032602,6.44872526189,
    25.176239554629));
#3277 = VECTOR('',#3278,1.);
#3278 = DIRECTION('',(-0.704644889425,8.337361449217E-02,-0.70464488944)
  );
#3279 = ORIENTED_EDGE('',*,*,#2364,.F.);
#3280 = ORIENTED_EDGE('',*,*,#2341,.T.);
#3281 = PLANE('',#3282);
#3282 = AXIS2_PLACEMENT_3D('',#3283,#3284,#3285);
#3283 = CARTESIAN_POINT('',(-16.99999999413,2.729657486896,
    24.513098959077));
#3284 = DIRECTION('',(0.707106781216,0.165019597114,-0.68758165517));
#3285 = DIRECTION('',(-0.697139233166,1.249880997766E-10,-0.716935763915
    ));
#3286 = ADVANCED_FACE('',(#3287),#3313,.F.);
#3287 = FACE_BOUND('',#3288,.T.);
#3288 = EDGE_LOOP('',(#3289,#3297,#3305,#3311,#3312));
#3289 = ORIENTED_EDGE('',*,*,#3290,.F.);
#3290 = EDGE_CURVE('',#3291,#3170,#3293,.T.);
#3291 = VERTEX_POINT('',#3292);
#3292 = CARTESIAN_POINT('',(-16.59999999299,9.100000002976,
    25.799339887183));
#3293 = LINE('',#3294,#3295);
#3294 = CARTESIAN_POINT('',(-16.59999999292,9.500000002976,
    25.799339887183));
#3295 = VECTOR('',#3296,1.);
#3296 = DIRECTION('',(-1.792871706892E-10,-1.,0.));
#3297 = ORIENTED_EDGE('',*,*,#3298,.T.);
#3298 = EDGE_CURVE('',#3291,#3299,#3301,.T.);
#3299 = VERTEX_POINT('',#3300);
#3300 = CARTESIAN_POINT('',(-16.79999999296,9.300000003012,
    25.599339887183));
#3301 = LINE('',#3302,#3303);
#3302 = CARTESIAN_POINT('',(-15.68026713168,8.180267141334,
    26.71907274866));
#3303 = VECTOR('',#3304,1.);
#3304 = DIRECTION('',(-0.577350269086,0.577350269293,-0.57735026919));
#3305 = ORIENTED_EDGE('',*,*,#3306,.F.);
#3306 = EDGE_CURVE('',#2373,#3299,#3307,.T.);
#3307 = LINE('',#3308,#3309);
#3308 = CARTESIAN_POINT('',(-21.19978020828,4.900219789264,
    21.199559672647));
#3309 = VECTOR('',#3310,1.);
#3310 = DIRECTION('',(0.577350269293,0.577350269086,0.57735026919));
#3311 = ORIENTED_EDGE('',*,*,#2372,.F.);
#3312 = ORIENTED_EDGE('',*,*,#3274,.F.);
#3313 = PLANE('',#3314);
#3314 = AXIS2_PLACEMENT_3D('',#3315,#3316,#3317);
#3315 = CARTESIAN_POINT('',(-16.99999999363,5.540801418617,
    25.399339887183));
#3316 = DIRECTION('',(0.707106781187,-1.267751729608E-10,-0.707106781187
    ));
#3317 = DIRECTION('',(0.707106781187,-1.267751529608E-10,0.707106781187)
  );
#3318 = ADVANCED_FACE('',(#3319),#3336,.T.);
#3319 = FACE_BOUND('',#3320,.T.);
#3320 = EDGE_LOOP('',(#3321,#3322,#3328,#3329,#3335));
#3321 = ORIENTED_EDGE('',*,*,#3306,.T.);
#3322 = ORIENTED_EDGE('',*,*,#3323,.T.);
#3323 = EDGE_CURVE('',#3299,#2798,#3324,.T.);
#3324 = LINE('',#3325,#3326);
#3325 = CARTESIAN_POINT('',(-12.66688644435,13.433113550141,
    21.466226339313));
#3326 = VECTOR('',#3327,1.);
#3327 = DIRECTION('',(0.577350269293,0.577350269086,-0.57735026919));
#3328 = ORIENTED_EDGE('',*,*,#2872,.F.);
#3329 = ORIENTED_EDGE('',*,*,#3330,.F.);
#3330 = EDGE_CURVE('',#2381,#2864,#3331,.T.);
#3331 = LINE('',#3332,#3333);
#3332 = CARTESIAN_POINT('',(-16.99999999299,9.100000003048,
    17.431370849898));
#3333 = VECTOR('',#3334,1.);
#3334 = DIRECTION('',(0.707106781313,0.70710678106,0.));
#3335 = ORIENTED_EDGE('',*,*,#2380,.F.);
#3336 = PLANE('',#3337);
#3337 = AXIS2_PLACEMENT_3D('',#3338,#3339,#3340);
#3338 = CARTESIAN_POINT('',(-16.79999999296,9.300000003012,
    21.448842086923));
#3339 = DIRECTION('',(-0.70710678106,0.707106781313,0.));
#3340 = DIRECTION('',(0.707106781313,0.70710678106,0.));
#3341 = ADVANCED_FACE('',(#3342),#3369,.T.);
#3342 = FACE_BOUND('',#3343,.T.);
#3343 = EDGE_LOOP('',(#3344,#3345,#3354,#3362));
#3344 = ORIENTED_EDGE('',*,*,#2388,.F.);
#3345 = ORIENTED_EDGE('',*,*,#3346,.T.);
#3346 = EDGE_CURVE('',#2381,#3347,#3349,.T.);
#3347 = VERTEX_POINT('',#3348);
#3348 = CARTESIAN_POINT('',(-16.76568541794,9.100000003006,
    16.865685424949));
#3349 = CIRCLE('',#3350,0.8);
#3350 = AXIS2_PLACEMENT_3D('',#3351,#3352,#3353);
#3351 = CARTESIAN_POINT('',(-16.19999999299,9.100000002904,
    17.431370849898));
#3352 = DIRECTION('',(-1.792871406892E-10,-1.,-0.));
#3353 = DIRECTION('',(0.,0.,-1.));
#3354 = ORIENTED_EDGE('',*,*,#3355,.F.);
#3355 = EDGE_CURVE('',#3356,#3347,#3358,.T.);
#3356 = VERTEX_POINT('',#3357);
#3357 = CARTESIAN_POINT('',(-16.76568542092,-7.499999996994,
    16.865685424949));
#3358 = LINE('',#3359,#3360);
#3359 = CARTESIAN_POINT('',(-16.76568541794,9.100000003006,
    16.865685424949));
#3360 = VECTOR('',#3361,1.);
#3361 = DIRECTION('',(1.792871706892E-10,1.,0.));
#3362 = ORIENTED_EDGE('',*,*,#3363,.T.);
#3363 = EDGE_CURVE('',#3356,#2389,#3364,.T.);
#3364 = CIRCLE('',#3365,0.8);
#3365 = AXIS2_PLACEMENT_3D('',#3366,#3367,#3368);
#3366 = CARTESIAN_POINT('',(-16.19999999597,-7.499999997096,
    17.431370849898));
#3367 = DIRECTION('',(1.792871406892E-10,1.,0.));
#3368 = DIRECTION('',(0.,0.,-1.));
#3369 = CYLINDRICAL_SURFACE('',#3370,0.8);
#3370 = AXIS2_PLACEMENT_3D('',#3371,#3372,#3373);
#3371 = CARTESIAN_POINT('',(-16.19999999363,5.540801418473,
    17.431370849898));
#3372 = DIRECTION('',(1.792871406892E-10,1.,0.));
#3373 = DIRECTION('',(-1.,1.792871406892E-10,0.));
#3374 = ADVANCED_FACE('',(#3375),#3473,.T.);
#3375 = FACE_BOUND('',#3376,.T.);
#3376 = EDGE_LOOP('',(#3377,#3386,#3387,#3388));
#3377 = ORIENTED_EDGE('',*,*,#3378,.T.);
#3378 = EDGE_CURVE('',#3379,#2397,#3381,.T.);
#3379 = VERTEX_POINT('',#3380);
#3380 = CARTESIAN_POINT('',(-16.19999999615,-8.499999997096,
    14.885786437627));
#3381 = CIRCLE('',#3382,0.8);
#3382 = AXIS2_PLACEMENT_3D('',#3383,#3384,#3385);
#3383 = CARTESIAN_POINT('',(-16.19999999629,-9.299999997096,
    14.885786437627));
#3384 = DIRECTION('',(0.,-0.,1.));
#3385 = DIRECTION('',(1.792871406892E-10,1.,0.));
#3386 = ORIENTED_EDGE('',*,*,#2396,.F.);
#3387 = ORIENTED_EDGE('',*,*,#3363,.F.);
#3388 = ORIENTED_EDGE('',*,*,#3389,.F.);
#3389 = EDGE_CURVE('',#3379,#3356,#3390,.T.);
#3390 = B_SPLINE_CURVE_WITH_KNOTS('',3,(#3391,#3392,#3393,#3394,#3395,
    #3396,#3397,#3398,#3399,#3400,#3401,#3402,#3403,#3404,#3405,#3406,
    #3407,#3408,#3409,#3410,#3411,#3412,#3413,#3414,#3415,#3416,#3417,
    #3418,#3419,#3420,#3421,#3422,#3423,#3424,#3425,#3426,#3427,#3428,
    #3429,#3430,#3431,#3432,#3433,#3434,#3435,#3436,#3437,#3438,#3439,
    #3440,#3441,#3442,#3443,#3444,#3445,#3446,#3447,#3448,#3449,#3450,
    #3451,#3452,#3453,#3454,#3455,#3456,#3457,#3458,#3459,#3460,#3461,
    #3462,#3463,#3464,#3465,#3466,#3467,#3468,#3469,#3470,#3471,#3472),
  .UNSPECIFIED.,.F.,.F.,(4,3,3,3,3,3,3,3,3,3,3,3,3,3,3,3,3,3,3,3,3,3,3,3
    ,3,3,3,4),(0.,3.620355078687E-02,7.408905443375E-02,0.114149852269,
    0.1484564507,0.20034468728,0.2421875,0.24609375,0.249710939832,0.25,
    0.25875832778,0.311265133067,0.365945853004,0.375,0.430173719118,
    0.484375,0.492892603204,0.5,0.571215605762,0.625,0.661963059354,
    0.698646419651,0.735220952974,0.739742209412,0.75,0.858283633526,
    0.966663536856,1.),.UNSPECIFIED.);
#3391 = CARTESIAN_POINT('',(-16.19999999615,-8.499999997096,
    14.885786437627));
#3392 = CARTESIAN_POINT('',(-16.2136905338,-8.499999997093,
    14.933703319411));
#3393 = CARTESIAN_POINT('',(-16.22687237372,-8.49911258635,
    14.97983975913));
#3394 = CARTESIAN_POINT('',(-16.23952655672,-8.497535326255,
    15.024129399636));
#3395 = CARTESIAN_POINT('',(-16.25276863066,-8.495884789449,
    15.07047665841));
#3396 = CARTESIAN_POINT('',(-16.26543300014,-8.493478869127,
    15.114801951587));
#3397 = CARTESIAN_POINT('',(-16.27751242774,-8.490517600081,
    15.157079948216));
#3398 = CARTESIAN_POINT('',(-16.29028542693,-8.487386302113,
    15.20178544538));
#3399 = CARTESIAN_POINT('',(-16.30240451494,-8.48363415386,
    15.244202253415));
#3400 = CARTESIAN_POINT('',(-16.31387501315,-8.479467538284,
    15.284348997142));
#3401 = CARTESIAN_POINT('',(-16.32369792725,-8.475899401474,
    15.318729196484));
#3402 = CARTESIAN_POINT('',(-16.33304692137,-8.472025801849,
    15.351450675938));
#3403 = CARTESIAN_POINT('',(-16.34191744015,-8.467967095726,
    15.382497491668));
#3404 = CARTESIAN_POINT('',(-16.35533397219,-8.461828361104,
    15.429455353808));
#3405 = CARTESIAN_POINT('',(-16.36765788996,-8.455267736454,
    15.472589065994));
#3406 = CARTESIAN_POINT('',(-16.37890139855,-8.448651825439,
    15.511941346053));
#3407 = CARTESIAN_POINT('',(-16.38796819393,-8.443316737107,
    15.543675129915));
#3408 = CARTESIAN_POINT('',(-16.39633215758,-8.437945006395,
    15.572949002689));
#3409 = CARTESIAN_POINT('',(-16.40400204969,-8.432706400357,
    15.599793625069));
#3410 = CARTESIAN_POINT('',(-16.40471807507,-8.43221734851,
    15.602299713914));
#3411 = CARTESIAN_POINT('',(-16.40542805288,-8.431729442099,
    15.604784635938));
#3412 = CARTESIAN_POINT('',(-16.40613207258,-8.431242831219,
    15.607248424877));
#3413 = CARTESIAN_POINT('',(-16.40678399524,-8.430792229255,
    15.609529894906));
#3414 = CARTESIAN_POINT('',(-16.40696516503,-8.430667956708,
    15.610162727567));
#3415 = CARTESIAN_POINT('',(-16.40796915889,-8.429966720995,
    15.613676572041));
#3416 = CARTESIAN_POINT('',(-16.40804939096,-8.429910683208,
    15.61395737358));
#3417 = CARTESIAN_POINT('',(-16.4081348728,-8.429850939071,
    15.614256556513));
#3418 = CARTESIAN_POINT('',(-16.40822626116,-8.429787012313,
    15.614576420519));
#3419 = CARTESIAN_POINT('',(-16.4109952667,-8.427850074743,
    15.624268083755));
#3420 = CARTESIAN_POINT('',(-16.4137461884,-8.42588065847,
    15.633896442454));
#3421 = CARTESIAN_POINT('',(-16.41647888797,-8.423879651437,
    15.643461013526));
#3422 = CARTESIAN_POINT('',(-16.43286161853,-8.41188347028,
    15.700801305364));
#3423 = CARTESIAN_POINT('',(-16.44858460376,-8.398756606715,
    15.755832126857));
#3424 = CARTESIAN_POINT('',(-16.46363711295,-8.384723109505,
    15.808516109972));
#3425 = CARTESIAN_POINT('',(-16.47931283413,-8.370108589987,
    15.863381343347));
#3426 = CARTESIAN_POINT('',(-16.49426147626,-8.354510793009,
    15.915701613709));
#3427 = CARTESIAN_POINT('',(-16.50848349556,-8.338150314574,
    15.965478685033));
#3428 = CARTESIAN_POINT('',(-16.510838407,-8.335441312629,
    15.973720875724));
#3429 = CARTESIAN_POINT('',(-16.51317342188,-8.332711330964,
    15.981893427801));
#3430 = CARTESIAN_POINT('',(-16.51548857176,-8.329961290425,
    15.98999645237));
#3431 = CARTESIAN_POINT('',(-16.52959651909,-8.313203227594,
    16.039374268057));
#3432 = CARTESIAN_POINT('',(-16.54296294283,-8.295705340712,
    16.086156751136));
#3433 = CARTESIAN_POINT('',(-16.55559010493,-8.277679414757,
    16.130351818513));
#3434 = CARTESIAN_POINT('',(-16.56799471298,-8.259971196216,
    16.173767946676));
#3435 = CARTESIAN_POINT('',(-16.57968633258,-8.241752306354,
    16.214688615307));
#3436 = CARTESIAN_POINT('',(-16.59067330861,-8.223214287343,
    16.253143031407));
#3437 = CARTESIAN_POINT('',(-16.59239988593,-8.220301081463,
    16.259186052023));
#3438 = CARTESIAN_POINT('',(-16.59395653507,-8.217640882673,
    16.264634323531));
#3439 = CARTESIAN_POINT('',(-16.59559395593,-8.214809839197,
    16.270365182472));
#3440 = CARTESIAN_POINT('',(-16.59696027923,-8.212447513923,
    16.275147218862));
#3441 = CARTESIAN_POINT('',(-16.59838273466,-8.209965990238,
    16.280125638574));
#3442 = CARTESIAN_POINT('',(-16.60000021673,-8.207106882221,
    16.285786511173));
#3443 = CARTESIAN_POINT('',(-16.61620727104,-8.178458825103,
    16.342508048313));
#3444 = CARTESIAN_POINT('',(-16.63121128872,-8.148410630033,
    16.395023080167));
#3445 = CARTESIAN_POINT('',(-16.64500376979,-8.117312308154,
    16.443297863435));
#3446 = CARTESIAN_POINT('',(-16.65542031026,-8.093825821082,
    16.47975658547));
#3447 = CARTESIAN_POINT('',(-16.66514601476,-8.069739441671,
    16.513797503035));
#3448 = CARTESIAN_POINT('',(-16.67418036628,-8.045188495267,
    16.545417733372));
#3449 = CARTESIAN_POINT('',(-16.68038917975,-8.028315978583,
    16.56714858053));
#3450 = CARTESIAN_POINT('',(-16.68630977117,-8.011115066302,
    16.587870630121));
#3451 = CARTESIAN_POINT('',(-16.69190249339,-7.993719539834,
    16.607444316873));
#3452 = CARTESIAN_POINT('',(-16.69745289555,-7.976455645121,
    16.626869889756));
#3453 = CARTESIAN_POINT('',(-16.70268033142,-7.959000328106,
    16.645164277229));
#3454 = CARTESIAN_POINT('',(-16.70755975499,-7.941495325125,
    16.662239235896));
#3455 = CARTESIAN_POINT('',(-16.71242470298,-7.924042253496,
    16.679263539005));
#3456 = CARTESIAN_POINT('',(-16.71694368407,-7.906540033078,
    16.695075585724));
#3457 = CARTESIAN_POINT('',(-16.72110599526,-7.889136352549,
    16.709637461495));
#3458 = CARTESIAN_POINT('',(-16.72162053022,-7.886984951137,
    16.711437565792));
#3459 = CARTESIAN_POINT('',(-16.72212963266,-7.884835061934,
    16.713218628414));
#3460 = CARTESIAN_POINT('',(-16.72263329744,-7.882686968811,
    16.714980630662));
#3461 = CARTESIAN_POINT('',(-16.7237760081,-7.877813392246,
    16.718978247326));
#3462 = CARTESIAN_POINT('',(-16.72489068756,-7.872949253136,
    16.722877607546));
#3463 = CARTESIAN_POINT('',(-16.72597747019,-7.868097964869,
    16.726679172567));
#3464 = CARTESIAN_POINT('',(-16.73744980153,-7.816886632725,
    16.766809380918));
#3465 = CARTESIAN_POINT('',(-16.7464341762,-7.764255749269,
    16.798260801676));
#3466 = CARTESIAN_POINT('',(-16.75293296842,-7.71097047703,
    16.821016764507));
#3467 = CARTESIAN_POINT('',(-16.75943753841,-7.657637831401,
    16.843792958575));
#3468 = CARTESIAN_POINT('',(-16.76345189673,-7.603649707033,
    16.857858413291));
#3469 = CARTESIAN_POINT('',(-16.76498033133,-7.549724110835,
    16.863214419803));
#3470 = CARTESIAN_POINT('',(-16.76545046096,-7.533137192089,
    16.864861868345));
#3471 = CARTESIAN_POINT('',(-16.76568542092,-7.516555835508,
    16.865685424949));
#3472 = CARTESIAN_POINT('',(-16.76568542092,-7.499999996994,
    16.865685424949));
#3473 = ( BOUNDED_SURFACE() B_SPLINE_SURFACE(3,2,(
    (#3474,#3475,#3476)
    ,(#3477,#3478,#3479)
    ,(#3480,#3481,#3482)
    ,(#3483,#3484,#3485)
    ,(#3486,#3487,#3488)
    ,(#3489,#3490,#3491)
    ,(#3492,#3493,#3494)
    ,(#3495,#3496,#3497)
    ,(#3498,#3499,#3500)
    ,(#3501,#3502,#3503
)),.UNSPECIFIED.,.F.,.F.,.F.) B_SPLINE_SURFACE_WITH_KNOTS((4,2,2,2,4),(3
    ,3),(1.570796326795,1.963495408494,2.356194490192,2.748893571891,
3.14159265359),(0.,1.),.UNSPECIFIED.) GEOMETRIC_REPRESENTATION_ITEM() 
RATIONAL_B_SPLINE_SURFACE((
    (1.,0.707106781187,1.)
    ,(1.,0.73984975215,1.)
    ,(1.,0.770234553913,1.)
    ,(1.,0.823878396961,1.)
    ,(1.,0.847131660677,1.)
    ,(1.,0.884919146892,1.)
    ,(1.,0.899458171356,1.)
    ,(1.,0.918937540494,1.)
    ,(1.,0.923888610995,1.)
,(1.,0.923879532511,1.))) REPRESENTATION_ITEM('') SURFACE() );
#3474 = CARTESIAN_POINT('',(-16.99999999629,-9.299999996952,
    14.885786437627));
#3475 = CARTESIAN_POINT('',(-16.99999999615,-8.499999996952,
    14.885786437627));
#3476 = CARTESIAN_POINT('',(-16.19999999615,-8.499999997096,
    14.885786437627));
#3477 = CARTESIAN_POINT('',(-16.99999999629,-9.299999996949,
    15.219062729549));
#3478 = CARTESIAN_POINT('',(-16.99999999616,-8.57085597783,
    15.133782381664));
#3479 = CARTESIAN_POINT('',(-16.27406139435,-8.499999997082,
    15.145001331344));
#3480 = CARTESIAN_POINT('',(-16.99999999628,-9.253150812453,
    15.55208778054));
#3481 = CARTESIAN_POINT('',(-16.99999999617,-8.601442126204,
    15.414843132238));
#3482 = CARTESIAN_POINT('',(-16.34806696124,-8.473972672347,
    15.404020815449));
#3483 = CARTESIAN_POINT('',(-16.99999999625,-9.072815498492,
    16.16779105524));
#3484 = CARTESIAN_POINT('',(-16.99999999616,-8.5624417267,
    15.946397774265));
#3485 = CARTESIAN_POINT('',(-16.48488991115,-8.373786386789,
    15.882901140214));
#3486 = CARTESIAN_POINT('',(-16.99999999623,-8.939400307555,
    16.450166996688));
#3487 = CARTESIAN_POINT('',(-16.99999999615,-8.498704088487,
    16.202035340529));
#3488 = CARTESIAN_POINT('',(-16.54764012035,-8.299666836258,
    16.102526872451));
#3489 = CARTESIAN_POINT('',(-16.99999999617,-8.606184098621,
    16.921405878566));
#3490 = CARTESIAN_POINT('',(-16.99999999611,-8.297032867868,
    16.626934343291));
#3491 = CARTESIAN_POINT('',(-16.65235987184,-8.114546720163,
    16.469046002803));
#3492 = CARTESIAN_POINT('',(-16.99999999613,-8.406514151852,
    17.110083453198));
#3493 = CARTESIAN_POINT('',(-16.99999999609,-8.160533106224,
    16.803068217146));
#3494 = CARTESIAN_POINT('',(-16.69428822174,-8.003618971952,
    16.615795227515));
#3495 = CARTESIAN_POINT('',(-16.99999999605,-7.971146198566,
    17.365116095611));
#3496 = CARTESIAN_POINT('',(-16.99999999603,-7.850102280901,
    17.0373934341));
#3497 = CARTESIAN_POINT('',(-16.75096214223,-7.761747886782,
    16.814153949392));
#3498 = CARTESIAN_POINT('',(-16.99999999601,-7.73566192018,
    17.431370849885));
#3499 = CARTESIAN_POINT('',(-16.999999996,-7.67431775622,17.099999999985
    ));
#3500 = CARTESIAN_POINT('',(-16.76568542094,-7.630923287677,
    16.865685424943));
#3501 = CARTESIAN_POINT('',(-16.99999999597,-7.499999996952,
    17.431370849898));
#3502 = CARTESIAN_POINT('',(-16.99999999597,-7.499999996952,17.1));
#3503 = CARTESIAN_POINT('',(-16.76568542092,-7.499999996994,
    16.865685424949));
#3504 = ADVANCED_FACE('',(#3505),#3516,.T.);
#3505 = FACE_BOUND('',#3506,.T.);
#3506 = EDGE_LOOP('',(#3507,#3508,#3509,#3510));
#3507 = ORIENTED_EDGE('',*,*,#2641,.T.);
#3508 = ORIENTED_EDGE('',*,*,#2414,.F.);
#3509 = ORIENTED_EDGE('',*,*,#3378,.F.);
#3510 = ORIENTED_EDGE('',*,*,#3511,.F.);
#3511 = EDGE_CURVE('',#2642,#3379,#3512,.T.);
#3512 = LINE('',#3513,#3514);
#3513 = CARTESIAN_POINT('',(-16.19999999615,-8.499999997096,
    15.685786437627));
#3514 = VECTOR('',#3515,1.);
#3515 = DIRECTION('',(0.,0.,1.));
#3516 = CYLINDRICAL_SURFACE('',#3517,0.8);
#3517 = AXIS2_PLACEMENT_3D('',#3518,#3519,#3520);
#3518 = CARTESIAN_POINT('',(-16.19999999629,-9.299999997096,15.5));
#3519 = DIRECTION('',(0.,0.,-1.));
#3520 = DIRECTION('',(-1.792871406892E-10,-1.,0.));
#3521 = ADVANCED_FACE('',(#3522),#3532,.F.);
#3522 = FACE_BOUND('',#3523,.T.);
#3523 = EDGE_LOOP('',(#3524,#3530,#3531));
#3524 = ORIENTED_EDGE('',*,*,#3525,.T.);
#3525 = EDGE_CURVE('',#2718,#227,#3526,.T.);
#3526 = LINE('',#3527,#3528);
#3527 = CARTESIAN_POINT('',(15.400000003848,-8.500000002761,
    12.113584094424));
#3528 = VECTOR('',#3529,1.);
#3529 = DIRECTION('',(-2.77E-15,4.96625379709E-25,1.));
#3530 = ORIENTED_EDGE('',*,*,#234,.T.);
#3531 = ORIENTED_EDGE('',*,*,#2717,.T.);
#3532 = PLANE('',#3533);
#3533 = AXIS2_PLACEMENT_3D('',#3534,#3535,#3536);
#3534 = CARTESIAN_POINT('',(15.40000000331,-11.50000000276,
    15.924095871076));
#3535 = DIRECTION('',(1.,-1.792871706892E-10,0.));
#3536 = DIRECTION('',(-1.792871706892E-10,-1.,0.));
#3537 = ADVANCED_FACE('',(#3538),#3564,.F.);
#3538 = FACE_BOUND('',#3539,.F.);
#3539 = EDGE_LOOP('',(#3540,#3551,#3557,#3558));
#3540 = ORIENTED_EDGE('',*,*,#3541,.T.);
#3541 = EDGE_CURVE('',#3542,#3544,#3546,.T.);
#3542 = VERTEX_POINT('',#3543);
#3543 = CARTESIAN_POINT('',(-15.39999999615,-8.499999997239,
    14.085786437627));
#3544 = VERTEX_POINT('',#3545);
#3545 = CARTESIAN_POINT('',(-15.39999999597,-7.499999997239,15.5));
#3546 = ELLIPSE('',#3547,1.414213562373,1.);
#3547 = AXIS2_PLACEMENT_3D('',#3548,#3549,#3550);
#3548 = CARTESIAN_POINT('',(-15.39999999597,-7.499999997239,
    14.085786437627));
#3549 = DIRECTION('',(-1.,1.792817806892E-10,3.79E-15));
#3550 = DIRECTION('',(3.78999997065E-15,-1.637100000007E-13,1.));
#3551 = ORIENTED_EDGE('',*,*,#3552,.T.);
#3552 = EDGE_CURVE('',#3544,#3356,#3553,.T.);
#3553 = LINE('',#3554,#3555);
#3554 = CARTESIAN_POINT('',(-16.99999999597,-7.499999996952,17.1));
#3555 = VECTOR('',#3556,1.);
#3556 = DIRECTION('',(-0.707106781187,1.267751729608E-10,0.707106781187)
  );
#3557 = ORIENTED_EDGE('',*,*,#3389,.F.);
#3558 = ORIENTED_EDGE('',*,*,#3559,.T.);
#3559 = EDGE_CURVE('',#3379,#3542,#3560,.T.);
#3560 = LINE('',#3561,#3562);
#3561 = CARTESIAN_POINT('',(-16.10710677733,-8.499999997112,
    14.792893218813));
#3562 = VECTOR('',#3563,1.);
#3563 = DIRECTION('',(0.707106781187,-1.267751729608E-10,-0.707106781187
    ));
#3564 = CYLINDRICAL_SURFACE('',#3565,1.);
#3565 = AXIS2_PLACEMENT_3D('',#3566,#3567,#3568);
#3566 = CARTESIAN_POINT('',(-17.70710677716,-7.499999996825,
    16.392893218813));
#3567 = DIRECTION('',(0.707106781187,-1.267751729608E-10,-0.707106781187
    ));
#3568 = DIRECTION('',(-0.707106781187,1.267751529608E-10,-0.707106781187
    ));
#3569 = ADVANCED_FACE('',(#3570),#3587,.F.);
#3570 = FACE_BOUND('',#3571,.T.);
#3571 = EDGE_LOOP('',(#3572,#3580,#3586));
#3572 = ORIENTED_EDGE('',*,*,#3573,.F.);
#3573 = EDGE_CURVE('',#3574,#3544,#3576,.T.);
#3574 = VERTEX_POINT('',#3575);
#3575 = CARTESIAN_POINT('',(-15.39999999615,-8.499999997239,15.5));
#3576 = LINE('',#3577,#3578);
#3577 = CARTESIAN_POINT('',(-15.39999999669,-11.49999999723,15.5));
#3578 = VECTOR('',#3579,1.);
#3579 = DIRECTION('',(1.792871706892E-10,1.,0.));
#3580 = ORIENTED_EDGE('',*,*,#3581,.T.);
#3581 = EDGE_CURVE('',#3574,#3542,#3582,.T.);
#3582 = LINE('',#3583,#3584);
#3583 = CARTESIAN_POINT('',(-15.39999999615,-8.499999997239,
    12.113584094424));
#3584 = VECTOR('',#3585,1.);
#3585 = DIRECTION('',(0.,0.,-1.));
#3586 = ORIENTED_EDGE('',*,*,#3541,.T.);
#3587 = PLANE('',#3588);
#3588 = AXIS2_PLACEMENT_3D('',#3589,#3590,#3591);
#3589 = CARTESIAN_POINT('',(-15.39999999669,-11.49999999723,
    12.575464309776));
#3590 = DIRECTION('',(-1.,1.792871406892E-10,0.));
#3591 = DIRECTION('',(1.792871406892E-10,1.,0.));
#3592 = ADVANCED_FACE('',(#3593),#3617,.F.);
#3593 = FACE_BOUND('',#3594,.F.);
#3594 = EDGE_LOOP('',(#3595,#3596,#3604,#3610,#3611));
#3595 = ORIENTED_EDGE('',*,*,#75,.T.);
#3596 = ORIENTED_EDGE('',*,*,#3597,.F.);
#3597 = EDGE_CURVE('',#3598,#67,#3600,.T.);
#3598 = VERTEX_POINT('',#3599);
#3599 = CARTESIAN_POINT('',(-15.39999999321,7.897918474744,15.5));
#3600 = LINE('',#3601,#3602);
#3601 = CARTESIAN_POINT('',(6.787442185285E-09,7.897918471983,15.5));
#3602 = VECTOR('',#3603,1.);
#3603 = DIRECTION('',(1.,-1.792871406892E-10,-1.2E-16));
#3604 = ORIENTED_EDGE('',*,*,#3605,.F.);
#3605 = EDGE_CURVE('',#3544,#3598,#3606,.T.);
#3606 = LINE('',#3607,#3608);
#3607 = CARTESIAN_POINT('',(-15.3999999931,8.500000002761,15.5));
#3608 = VECTOR('',#3609,1.);
#3609 = DIRECTION('',(1.792871706892E-10,1.,0.));
#3610 = ORIENTED_EDGE('',*,*,#3573,.F.);
#3611 = ORIENTED_EDGE('',*,*,#3612,.F.);
#3612 = EDGE_CURVE('',#24,#3574,#3613,.T.);
#3613 = LINE('',#3614,#3615);
#3614 = CARTESIAN_POINT('',(-15.39999999615,-8.499999997239,15.5));
#3615 = VECTOR('',#3616,1.);
#3616 = DIRECTION('',(-1.,1.792871406892E-10,0.));
#3617 = PLANE('',#3618);
#3618 = AXIS2_PLACEMENT_3D('',#3619,#3620,#3621);
#3619 = CARTESIAN_POINT('',(15.400000006895,8.499999997239,15.5));
#3620 = DIRECTION('',(1.2E-16,-2.15144568827E-26,1.));
#3621 = DIRECTION('',(1.792871406892E-10,1.,0.));
#3622 = ADVANCED_FACE('',(#3623),#3716,.T.);
#3623 = FACE_BOUND('',#3624,.T.);
#3624 = EDGE_LOOP('',(#3625,#3635,#3644,#3652,#3660,#3668,#3677,#3685,
    #3693,#3699,#3700,#3701,#3702,#3710));
#3625 = ORIENTED_EDGE('',*,*,#3626,.F.);
#3626 = EDGE_CURVE('',#3627,#3629,#3631,.T.);
#3627 = VERTEX_POINT('',#3628);
#3628 = CARTESIAN_POINT('',(-17.,-11.67157287525,-5.7));
#3629 = VERTEX_POINT('',#3630);
#3630 = CARTESIAN_POINT('',(-17.,-9.9,-5.7));
#3631 = LINE('',#3632,#3633);
#3632 = CARTESIAN_POINT('',(-17.,-16.5,-5.7));
#3633 = VECTOR('',#3634,1.);
#3634 = DIRECTION('',(0.,1.,0.));
#3635 = ORIENTED_EDGE('',*,*,#3636,.T.);
#3636 = EDGE_CURVE('',#3627,#3637,#3639,.T.);
#3637 = VERTEX_POINT('',#3638);
#3638 = CARTESIAN_POINT('',(-16.41421356237,-13.08578643762,-5.7));
#3639 = CIRCLE('',#3640,2.);
#3640 = AXIS2_PLACEMENT_3D('',#3641,#3642,#3643);
#3641 = CARTESIAN_POINT('',(-15.,-11.67157287525,-5.7));
#3642 = DIRECTION('',(-0.,0.,1.));
#3643 = DIRECTION('',(0.,-1.,0.));
#3644 = ORIENTED_EDGE('',*,*,#3645,.T.);
#3645 = EDGE_CURVE('',#3637,#3646,#3648,.T.);
#3646 = VERTEX_POINT('',#3647);
#3647 = CARTESIAN_POINT('',(-13.,-16.5,-5.7));
#3648 = LINE('',#3649,#3650);
#3649 = CARTESIAN_POINT('',(-15.,-14.5,-5.7));
#3650 = VECTOR('',#3651,1.);
#3651 = DIRECTION('',(0.707106781187,-0.707106781187,0.));
#3652 = ORIENTED_EDGE('',*,*,#3653,.T.);
#3653 = EDGE_CURVE('',#3646,#3654,#3656,.T.);
#3654 = VERTEX_POINT('',#3655);
#3655 = CARTESIAN_POINT('',(13.,-16.5,-5.7));
#3656 = LINE('',#3657,#3658);
#3657 = CARTESIAN_POINT('',(-17.,-16.5,-5.7));
#3658 = VECTOR('',#3659,1.);
#3659 = DIRECTION('',(1.,0.,0.));
#3660 = ORIENTED_EDGE('',*,*,#3661,.F.);
#3661 = EDGE_CURVE('',#3662,#3654,#3664,.T.);
#3662 = VERTEX_POINT('',#3663);
#3663 = CARTESIAN_POINT('',(16.414213562373,-13.08578643762,-5.7));
#3664 = LINE('',#3665,#3666);
#3665 = CARTESIAN_POINT('',(6.5,-23.,-5.7));
#3666 = VECTOR('',#3667,1.);
#3667 = DIRECTION('',(-0.707106781187,-0.707106781187,0.));
#3668 = ORIENTED_EDGE('',*,*,#3669,.F.);
#3669 = EDGE_CURVE('',#3670,#3662,#3672,.T.);
#3670 = VERTEX_POINT('',#3671);
#3671 = CARTESIAN_POINT('',(17.,-11.67157287525,-5.7));
#3672 = CIRCLE('',#3673,2.);
#3673 = AXIS2_PLACEMENT_3D('',#3674,#3675,#3676);
#3674 = CARTESIAN_POINT('',(15.,-11.67157287525,-5.7));
#3675 = DIRECTION('',(-0.,-0.,-1.));
#3676 = DIRECTION('',(0.,-1.,0.));
#3677 = ORIENTED_EDGE('',*,*,#3678,.T.);
#3678 = EDGE_CURVE('',#3670,#3679,#3681,.T.);
#3679 = VERTEX_POINT('',#3680);
#3680 = CARTESIAN_POINT('',(17.,-9.9,-5.7));
#3681 = LINE('',#3682,#3683);
#3682 = CARTESIAN_POINT('',(17.,-16.5,-5.7));
#3683 = VECTOR('',#3684,1.);
#3684 = DIRECTION('',(0.,1.,0.));
#3685 = ORIENTED_EDGE('',*,*,#3686,.T.);
#3686 = EDGE_CURVE('',#3679,#3687,#3689,.T.);
#3687 = VERTEX_POINT('',#3688);
#3688 = CARTESIAN_POINT('',(16.6,-9.5,-5.7));
#3689 = LINE('',#3690,#3691);
#3690 = CARTESIAN_POINT('',(10.05,-2.95,-5.7));
#3691 = VECTOR('',#3692,1.);
#3692 = DIRECTION('',(-0.707106781187,0.707106781187,0.));
#3693 = ORIENTED_EDGE('',*,*,#3694,.F.);
#3694 = EDGE_CURVE('',#2483,#3687,#3695,.T.);
#3695 = LINE('',#3696,#3697);
#3696 = CARTESIAN_POINT('',(-17.,-9.5,-5.7));
#3697 = VECTOR('',#3698,1.);
#3698 = DIRECTION('',(1.,0.,0.));
#3699 = ORIENTED_EDGE('',*,*,#2482,.F.);
#3700 = ORIENTED_EDGE('',*,*,#2546,.F.);
#3701 = ORIENTED_EDGE('',*,*,#2624,.T.);
#3702 = ORIENTED_EDGE('',*,*,#3703,.F.);
#3703 = EDGE_CURVE('',#3704,#2617,#3706,.T.);
#3704 = VERTEX_POINT('',#3705);
#3705 = CARTESIAN_POINT('',(-16.6,-9.5,-5.7));
#3706 = LINE('',#3707,#3708);
#3707 = CARTESIAN_POINT('',(-17.,-9.5,-5.7));
#3708 = VECTOR('',#3709,1.);
#3709 = DIRECTION('',(1.,0.,0.));
#3710 = ORIENTED_EDGE('',*,*,#3711,.F.);
#3711 = EDGE_CURVE('',#3629,#3704,#3712,.T.);
#3712 = LINE('',#3713,#3714);
#3713 = CARTESIAN_POINT('',(-18.55,-11.45,-5.7));
#3714 = VECTOR('',#3715,1.);
#3715 = DIRECTION('',(0.707106781187,0.707106781187,0.));
#3716 = PLANE('',#3717);
#3717 = AXIS2_PLACEMENT_3D('',#3718,#3719,#3720);
#3718 = CARTESIAN_POINT('',(-17.,-16.5,-5.7));
#3719 = DIRECTION('',(0.,0.,1.));
#3720 = DIRECTION('',(1.,0.,0.));
#3721 = ADVANCED_FACE('',(#3722),#3738,.F.);
#3722 = FACE_BOUND('',#3723,.F.);
#3723 = EDGE_LOOP('',(#3724,#3725,#3731,#3732));
#3724 = ORIENTED_EDGE('',*,*,#2608,.F.);
#3725 = ORIENTED_EDGE('',*,*,#3726,.F.);
#3726 = EDGE_CURVE('',#2491,#2609,#3727,.T.);
#3727 = LINE('',#3728,#3729);
#3728 = CARTESIAN_POINT('',(-11.75,-9.5,-3.4));
#3729 = VECTOR('',#3730,1.);
#3730 = DIRECTION('',(-1.,0.,0.));
#3731 = ORIENTED_EDGE('',*,*,#2498,.T.);
#3732 = ORIENTED_EDGE('',*,*,#3733,.F.);
#3733 = EDGE_CURVE('',#2601,#2499,#3734,.T.);
#3734 = LINE('',#3735,#3736);
#3735 = CARTESIAN_POINT('',(-11.75,-8.,-3.4));
#3736 = VECTOR('',#3737,1.);
#3737 = DIRECTION('',(1.,0.,0.));
#3738 = PLANE('',#3739);
#3739 = AXIS2_PLACEMENT_3D('',#3740,#3741,#3742);
#3740 = CARTESIAN_POINT('',(-11.75,-11.95,-3.4));
#3741 = DIRECTION('',(0.,0.,1.));
#3742 = DIRECTION('',(1.,0.,0.));
#3743 = ADVANCED_FACE('',(#3744,#3755,#3766),#3777,.T.);
#3744 = FACE_BOUND('',#3745,.T.);
#3745 = EDGE_LOOP('',(#3746,#3747,#3748,#3754));
#3746 = ORIENTED_EDGE('',*,*,#3733,.F.);
#3747 = ORIENTED_EDGE('',*,*,#2600,.T.);
#3748 = ORIENTED_EDGE('',*,*,#3749,.T.);
#3749 = EDGE_CURVE('',#2593,#2507,#3750,.T.);
#3750 = LINE('',#3751,#3752);
#3751 = CARTESIAN_POINT('',(-11.75,-8.,8.4));
#3752 = VECTOR('',#3753,1.);
#3753 = DIRECTION('',(1.,0.,0.));
#3754 = ORIENTED_EDGE('',*,*,#2506,.F.);
#3755 = FACE_BOUND('',#3756,.T.);
#3756 = EDGE_LOOP('',(#3757));
#3757 = ORIENTED_EDGE('',*,*,#3758,.T.);
#3758 = EDGE_CURVE('',#3759,#3759,#3761,.T.);
#3759 = VERTEX_POINT('',#3760);
#3760 = CARTESIAN_POINT('',(-9.1,-8.,2.));
#3761 = CIRCLE('',#3762,2.35);
#3762 = AXIS2_PLACEMENT_3D('',#3763,#3764,#3765);
#3763 = CARTESIAN_POINT('',(-6.75,-8.,2.));
#3764 = DIRECTION('',(2.719262146894E-32,-1.,-2.22044604925E-16));
#3765 = DIRECTION('',(-1.,0.,-1.224646799147E-16));
#3766 = FACE_BOUND('',#3767,.T.);
#3767 = EDGE_LOOP('',(#3768));
#3768 = ORIENTED_EDGE('',*,*,#3769,.T.);
#3769 = EDGE_CURVE('',#3770,#3770,#3772,.T.);
#3770 = VERTEX_POINT('',#3771);
#3771 = CARTESIAN_POINT('',(9.1,-8.,2.));
#3772 = CIRCLE('',#3773,2.35);
#3773 = AXIS2_PLACEMENT_3D('',#3774,#3775,#3776);
#3774 = CARTESIAN_POINT('',(6.75,-8.,2.));
#3775 = DIRECTION('',(0.,-1.,2.22044604925E-16));
#3776 = DIRECTION('',(1.,0.,0.));
#3777 = PLANE('',#3778);
#3778 = AXIS2_PLACEMENT_3D('',#3779,#3780,#3781);
#3779 = CARTESIAN_POINT('',(-11.75,-8.,-3.4));
#3780 = DIRECTION('',(0.,1.,0.));
#3781 = DIRECTION('',(0.,0.,1.));
#3782 = ADVANCED_FACE('',(#3783),#3794,.T.);
#3783 = FACE_BOUND('',#3784,.T.);
#3784 = EDGE_LOOP('',(#3785,#3786,#3792,#3793));
#3785 = ORIENTED_EDGE('',*,*,#2592,.F.);
#3786 = ORIENTED_EDGE('',*,*,#3787,.F.);
#3787 = EDGE_CURVE('',#2515,#2585,#3788,.T.);
#3788 = LINE('',#3789,#3790);
#3789 = CARTESIAN_POINT('',(-11.75,-8.5,8.4));
#3790 = VECTOR('',#3791,1.);
#3791 = DIRECTION('',(-1.,0.,0.));
#3792 = ORIENTED_EDGE('',*,*,#2514,.T.);
#3793 = ORIENTED_EDGE('',*,*,#3749,.F.);
#3794 = PLANE('',#3795);
#3795 = AXIS2_PLACEMENT_3D('',#3796,#3797,#3798);
#3796 = CARTESIAN_POINT('',(-11.75,-11.95,8.4));
#3797 = DIRECTION('',(0.,0.,1.));
#3798 = DIRECTION('',(1.,0.,0.));
#3799 = ADVANCED_FACE('',(#3800),#3819,.F.);
#3800 = FACE_BOUND('',#3801,.T.);
#3801 = EDGE_LOOP('',(#3802,#3810,#3811,#3812));
#3802 = ORIENTED_EDGE('',*,*,#3803,.F.);
#3803 = EDGE_CURVE('',#2556,#3804,#3806,.T.);
#3804 = VERTEX_POINT('',#3805);
#3805 = CARTESIAN_POINT('',(-8.9,-10.95,2.));
#3806 = LINE('',#3807,#3808);
#3807 = CARTESIAN_POINT('',(-8.9,-11.95,2.));
#3808 = VECTOR('',#3809,1.);
#3809 = DIRECTION('',(-2.719262146894E-32,1.,2.22044604925E-16));
#3810 = ORIENTED_EDGE('',*,*,#2555,.F.);
#3811 = ORIENTED_EDGE('',*,*,#3803,.T.);
#3812 = ORIENTED_EDGE('',*,*,#3813,.F.);
#3813 = EDGE_CURVE('',#3804,#3804,#3814,.T.);
#3814 = CIRCLE('',#3815,2.15);
#3815 = AXIS2_PLACEMENT_3D('',#3816,#3817,#3818);
#3816 = CARTESIAN_POINT('',(-6.75,-10.95,2.));
#3817 = DIRECTION('',(2.719262146894E-32,-1.,-2.22044604925E-16));
#3818 = DIRECTION('',(-1.,0.,-1.224646799147E-16));
#3819 = CYLINDRICAL_SURFACE('',#3820,2.15);
#3820 = AXIS2_PLACEMENT_3D('',#3821,#3822,#3823);
#3821 = CARTESIAN_POINT('',(-6.75,-11.95,2.));
#3822 = DIRECTION('',(2.719262146894E-32,-1.,-2.22044604925E-16));
#3823 = DIRECTION('',(-1.,0.,-1.224646799147E-16));
#3824 = ADVANCED_FACE('',(#3825),#3844,.F.);
#3825 = FACE_BOUND('',#3826,.T.);
#3826 = EDGE_LOOP('',(#3827,#3835,#3836,#3837));
#3827 = ORIENTED_EDGE('',*,*,#3828,.F.);
#3828 = EDGE_CURVE('',#2567,#3829,#3831,.T.);
#3829 = VERTEX_POINT('',#3830);
#3830 = CARTESIAN_POINT('',(8.9,-10.95,2.));
#3831 = LINE('',#3832,#3833);
#3832 = CARTESIAN_POINT('',(8.9,-11.95,2.));
#3833 = VECTOR('',#3834,1.);
#3834 = DIRECTION('',(0.,1.,-2.22044604925E-16));
#3835 = ORIENTED_EDGE('',*,*,#2566,.F.);
#3836 = ORIENTED_EDGE('',*,*,#3828,.T.);
#3837 = ORIENTED_EDGE('',*,*,#3838,.F.);
#3838 = EDGE_CURVE('',#3829,#3829,#3839,.T.);
#3839 = CIRCLE('',#3840,2.15);
#3840 = AXIS2_PLACEMENT_3D('',#3841,#3842,#3843);
#3841 = CARTESIAN_POINT('',(6.75,-10.95,2.));
#3842 = DIRECTION('',(0.,-1.,2.22044604925E-16));
#3843 = DIRECTION('',(1.,0.,0.));
#3844 = CYLINDRICAL_SURFACE('',#3845,2.15);
#3845 = AXIS2_PLACEMENT_3D('',#3846,#3847,#3848);
#3846 = CARTESIAN_POINT('',(6.75,-11.95,2.));
#3847 = DIRECTION('',(-0.,-1.,2.22044604925E-16));
#3848 = DIRECTION('',(1.,0.,0.));
#3849 = ADVANCED_FACE('',(#3850,#3861),#3864,.T.);
#3850 = FACE_BOUND('',#3851,.T.);
#3851 = EDGE_LOOP('',(#3852));
#3852 = ORIENTED_EDGE('',*,*,#3853,.T.);
#3853 = EDGE_CURVE('',#3854,#3854,#3856,.T.);
#3854 = VERTEX_POINT('',#3855);
#3855 = CARTESIAN_POINT('',(-10.35,-12.65,14.25));
#3856 = CIRCLE('',#3857,2.15);
#3857 = AXIS2_PLACEMENT_3D('',#3858,#3859,#3860);
#3858 = CARTESIAN_POINT('',(-12.5,-12.65,14.25));
#3859 = DIRECTION('',(0.,1.,-2.22044604925E-16));
#3860 = DIRECTION('',(1.,0.,0.));
#3861 = FACE_BOUND('',#3862,.T.);
#3862 = EDGE_LOOP('',(#3863));
#3863 = ORIENTED_EDGE('',*,*,#2674,.T.);
#3864 = PLANE('',#3865);
#3865 = AXIS2_PLACEMENT_3D('',#3866,#3867,#3868);
#3866 = CARTESIAN_POINT('',(-12.5,-12.65,14.25));
#3867 = DIRECTION('',(0.,1.,-2.22044604925E-16));
#3868 = DIRECTION('',(1.,0.,0.));
#3869 = ADVANCED_FACE('',(#3870,#3881),#3884,.T.);
#3870 = FACE_BOUND('',#3871,.T.);
#3871 = EDGE_LOOP('',(#3872));
#3872 = ORIENTED_EDGE('',*,*,#3873,.T.);
#3873 = EDGE_CURVE('',#3874,#3874,#3876,.T.);
#3874 = VERTEX_POINT('',#3875);
#3875 = CARTESIAN_POINT('',(14.65,-12.65,14.25));
#3876 = CIRCLE('',#3877,2.15);
#3877 = AXIS2_PLACEMENT_3D('',#3878,#3879,#3880);
#3878 = CARTESIAN_POINT('',(12.5,-12.65,14.25));
#3879 = DIRECTION('',(0.,1.,-2.22044604925E-16));
#3880 = DIRECTION('',(1.,0.,0.));
#3881 = FACE_BOUND('',#3882,.T.);
#3882 = EDGE_LOOP('',(#3883));
#3883 = ORIENTED_EDGE('',*,*,#2700,.T.);
#3884 = PLANE('',#3885);
#3885 = AXIS2_PLACEMENT_3D('',#3886,#3887,#3888);
#3886 = CARTESIAN_POINT('',(12.5,-12.65,14.25));
#3887 = DIRECTION('',(0.,1.,-2.22044604925E-16));
#3888 = DIRECTION('',(1.,0.,0.));
#3889 = ADVANCED_FACE('',(#3890),#3919,.T.);
#3890 = FACE_BOUND('',#3891,.T.);
#3891 = EDGE_LOOP('',(#3892,#3898,#3899,#3900,#3901,#3902,#3903,#3904,
    #3912,#3918));
#3892 = ORIENTED_EDGE('',*,*,#3893,.F.);
#3893 = EDGE_CURVE('',#2749,#2840,#3894,.T.);
#3894 = LINE('',#3895,#3896);
#3895 = CARTESIAN_POINT('',(16.736396110013,8.775735928287,
    16.377817459305));
#3896 = VECTOR('',#3897,1.);
#3897 = DIRECTION('',(-0.281084637593,0.678598344596,0.678598344546));
#3898 = ORIENTED_EDGE('',*,*,#2748,.T.);
#3899 = ORIENTED_EDGE('',*,*,#250,.F.);
#3900 = ORIENTED_EDGE('',*,*,#209,.F.);
#3901 = ORIENTED_EDGE('',*,*,#107,.F.);
#3902 = ORIENTED_EDGE('',*,*,#66,.F.);
#3903 = ORIENTED_EDGE('',*,*,#3597,.F.);
#3904 = ORIENTED_EDGE('',*,*,#3905,.F.);
#3905 = EDGE_CURVE('',#3906,#3598,#3908,.T.);
#3906 = VERTEX_POINT('',#3907);
#3907 = CARTESIAN_POINT('',(-16.60208152101,9.100000002977,
    16.702081528017));
#3908 = LINE('',#3909,#3910);
#3909 = CARTESIAN_POINT('',(-10.93402717001,3.431945649949,
    11.034027176006));
#3910 = VECTOR('',#3911,1.);
#3911 = DIRECTION('',(0.577350269086,-0.577350269293,-0.57735026919));
#3912 = ORIENTED_EDGE('',*,*,#3913,.F.);
#3913 = EDGE_CURVE('',#2848,#3906,#3914,.T.);
#3914 = LINE('',#3915,#3916);
#3915 = CARTESIAN_POINT('',(-19.37158939836,2.413816527761,
    10.015898052305));
#3916 = VECTOR('',#3917,1.);
#3917 = DIRECTION('',(-0.281084637836,-0.678598344495,-0.678598344546));
#3918 = ORIENTED_EDGE('',*,*,#2847,.F.);
#3919 = PLANE('',#3920);
#3920 = AXIS2_PLACEMENT_3D('',#3921,#3922,#3923);
#3921 = CARTESIAN_POINT('',(6.966916041577E-09,8.898959235991,
    16.501040764009));
#3922 = DIRECTION('',(1.267750629608E-10,0.707106781187,-0.707106781187)
  );
#3923 = DIRECTION('',(1.,-1.792871370495E-10,-1.236396103068E-16));
#3924 = ADVANCED_FACE('',(#3925),#3931,.F.);
#3925 = FACE_BOUND('',#3926,.T.);
#3926 = EDGE_LOOP('',(#3927,#3928,#3929,#3930));
#3927 = ORIENTED_EDGE('',*,*,#2756,.F.);
#3928 = ORIENTED_EDGE('',*,*,#3893,.T.);
#3929 = ORIENTED_EDGE('',*,*,#2839,.F.);
#3930 = ORIENTED_EDGE('',*,*,#2774,.T.);
#3931 = PLANE('',#3932);
#3932 = AXIS2_PLACEMENT_3D('',#3933,#3934,#3935);
#3933 = CARTESIAN_POINT('',(15.400000007003,9.099999997239,15.5));
#3934 = DIRECTION('',(-0.500000000127,-0.707106781097,0.5));
#3935 = DIRECTION('',(-0.816496580824,0.577350269336,0.));
#3936 = ADVANCED_FACE('',(#3937),#3964,.F.);
#3937 = FACE_BOUND('',#3938,.T.);
#3938 = EDGE_LOOP('',(#3939,#3947,#3948,#3949,#3950,#3958));
#3939 = ORIENTED_EDGE('',*,*,#3940,.F.);
#3940 = EDGE_CURVE('',#2800,#3941,#3943,.T.);
#3941 = VERTEX_POINT('',#3942);
#3942 = CARTESIAN_POINT('',(-8.899999992961,9.300000001596,
    25.599339887183));
#3943 = LINE('',#3944,#3945);
#3944 = CARTESIAN_POINT('',(-10.79977995501,11.199779964331,
    23.699559924789));
#3945 = VECTOR('',#3946,1.);
#3946 = DIRECTION('',(0.577350269086,-0.577350269293,0.57735026919));
#3947 = ORIENTED_EDGE('',*,*,#2797,.F.);
#3948 = ORIENTED_EDGE('',*,*,#3323,.F.);
#3949 = ORIENTED_EDGE('',*,*,#3298,.F.);
#3950 = ORIENTED_EDGE('',*,*,#3951,.F.);
#3951 = EDGE_CURVE('',#3952,#3291,#3954,.T.);
#3952 = VERTEX_POINT('',#3953);
#3953 = CARTESIAN_POINT('',(-9.099999992997,9.100000001632,
    25.799339887183));
#3954 = LINE('',#3955,#3956);
#3955 = CARTESIAN_POINT('',(29.700885802883,9.099999994675,
    25.799339887183));
#3956 = VECTOR('',#3957,1.);
#3957 = DIRECTION('',(-1.,1.792871406892E-10,0.));
#3958 = ORIENTED_EDGE('',*,*,#3959,.F.);
#3959 = EDGE_CURVE('',#3941,#3952,#3960,.T.);
#3960 = LINE('',#3961,#3962);
#3961 = CARTESIAN_POINT('',(-23.7997288293,-5.599728829408,
    40.499068720858));
#3962 = VECTOR('',#3963,1.);
#3963 = DIRECTION('',(-0.577350269293,-0.577350269086,0.57735026919));
#3964 = PLANE('',#3965);
#3965 = AXIS2_PLACEMENT_3D('',#3966,#3967,#3968);
#3966 = CARTESIAN_POINT('',(29.700885802883,9.099999994675,
    25.799339887183));
#3967 = DIRECTION('',(-1.267751529608E-10,-0.707106781187,
    -0.707106781187));
#3968 = DIRECTION('',(-1.267751529608E-10,-0.707106781187,0.707106781187
    ));
#3969 = ADVANCED_FACE('',(#3970),#3994,.T.);
#3970 = FACE_BOUND('',#3971,.T.);
#3971 = EDGE_LOOP('',(#3972,#3973,#3974,#3982,#3988));
#3972 = ORIENTED_EDGE('',*,*,#2807,.F.);
#3973 = ORIENTED_EDGE('',*,*,#3940,.T.);
#3974 = ORIENTED_EDGE('',*,*,#3975,.T.);
#3975 = EDGE_CURVE('',#3941,#3976,#3978,.T.);
#3976 = VERTEX_POINT('',#3977);
#3977 = CARTESIAN_POINT('',(-8.699999992997,9.10000000156,
    25.399339887183));
#3978 = LINE('',#3979,#3980);
#3979 = CARTESIAN_POINT('',(-6.733553364289,7.133553372146,
    23.432893258122));
#3980 = VECTOR('',#3981,1.);
#3981 = DIRECTION('',(0.577350269086,-0.577350269293,-0.57735026919));
#3982 = ORIENTED_EDGE('',*,*,#3983,.F.);
#3983 = EDGE_CURVE('',#2997,#3976,#3984,.T.);
#3984 = LINE('',#3985,#3986);
#3985 = CARTESIAN_POINT('',(-8.699999992997,9.10000000156,
    23.149339887183));
#3986 = VECTOR('',#3987,1.);
#3987 = DIRECTION('',(0.,0.,1.));
#3988 = ORIENTED_EDGE('',*,*,#3989,.F.);
#3989 = EDGE_CURVE('',#2808,#2997,#3990,.T.);
#3990 = LINE('',#3991,#3992);
#3991 = CARTESIAN_POINT('',(-0.666666661104,1.066666666786,
    27.533333333333));
#3992 = VECTOR('',#3993,1.);
#3993 = DIRECTION('',(0.577350269086,-0.577350269293,0.57735026919));
#3994 = PLANE('',#3995);
#3995 = AXIS2_PLACEMENT_3D('',#3996,#3997,#3998);
#3996 = CARTESIAN_POINT('',(-8.905889135554,9.305889144191,
    22.351825519387));
#3997 = DIRECTION('',(0.707106781313,0.70710678106,-8.880023699851E-16)
  );
#3998 = DIRECTION('',(-0.70710678106,0.707106781313,-4.930380657631E-32)
  );
#3999 = ADVANCED_FACE('',(#4000),#4006,.F.);
#4000 = FACE_BOUND('',#4001,.T.);
#4001 = EDGE_LOOP('',(#4002,#4003,#4004,#4005));
#4002 = ORIENTED_EDGE('',*,*,#3989,.T.);
#4003 = ORIENTED_EDGE('',*,*,#2996,.F.);
#4004 = ORIENTED_EDGE('',*,*,#2978,.F.);
#4005 = ORIENTED_EDGE('',*,*,#2815,.F.);
#4006 = PLANE('',#4007);
#4007 = AXIS2_PLACEMENT_3D('',#4008,#4009,#4010);
#4008 = CARTESIAN_POINT('',(15.400000007003,9.099999997239,19.5));
#4009 = DIRECTION('',(-1.267752429608E-10,-0.707106781187,
    -0.707106781187));
#4010 = DIRECTION('',(-1.267751529608E-10,-0.707106781187,0.707106781187
    ));
#4011 = ADVANCED_FACE('',(#4012),#4028,.T.);
#4012 = FACE_BOUND('',#4013,.T.);
#4013 = EDGE_LOOP('',(#4014,#4015,#4016,#4022));
#4014 = ORIENTED_EDGE('',*,*,#2855,.F.);
#4015 = ORIENTED_EDGE('',*,*,#3913,.T.);
#4016 = ORIENTED_EDGE('',*,*,#4017,.F.);
#4017 = EDGE_CURVE('',#3347,#3906,#4018,.T.);
#4018 = LINE('',#4019,#4020);
#4019 = CARTESIAN_POINT('',(-16.39999999299,9.10000000294,16.5));
#4020 = VECTOR('',#4021,1.);
#4021 = DIRECTION('',(0.707106781187,-1.267751529608E-10,-0.707106781187
    ));
#4022 = ORIENTED_EDGE('',*,*,#4023,.T.);
#4023 = EDGE_CURVE('',#3347,#2856,#4024,.T.);
#4024 = LINE('',#4025,#4026);
#4025 = CARTESIAN_POINT('',(-16.76568541794,9.100000003006,
    16.865685424949));
#4026 = VECTOR('',#4027,1.);
#4027 = DIRECTION('',(0.500000000127,0.707106781097,0.5));
#4028 = PLANE('',#4029);
#4029 = AXIS2_PLACEMENT_3D('',#4030,#4031,#4032);
#4030 = CARTESIAN_POINT('',(9.832842719549,9.499999998237,
    -9.167157287525));
#4031 = DIRECTION('',(-0.499999999873,0.707106781276,-0.5));
#4032 = DIRECTION('',(0.707106781187,-1.267752639832E-10,-0.707106781187
    ));
#4033 = ADVANCED_FACE('',(#4034),#4040,.T.);
#4034 = FACE_BOUND('',#4035,.T.);
#4035 = EDGE_LOOP('',(#4036,#4037,#4038,#4039));
#4036 = ORIENTED_EDGE('',*,*,#3330,.T.);
#4037 = ORIENTED_EDGE('',*,*,#2863,.F.);
#4038 = ORIENTED_EDGE('',*,*,#4023,.F.);
#4039 = ORIENTED_EDGE('',*,*,#3346,.F.);
#4040 = CONICAL_SURFACE('',#4041,0.4,0.785398163397);
#4041 = AXIS2_PLACEMENT_3D('',#4042,#4043,#4044);
#4042 = CARTESIAN_POINT('',(-16.19999999292,9.500000002904,
    17.431370849898));
#4043 = DIRECTION('',(-1.792871406892E-10,-1.,0.));
#4044 = DIRECTION('',(0.,0.,1.));
#4045 = ADVANCED_FACE('',(#4046),#4065,.F.);
#4046 = FACE_BOUND('',#4047,.F.);
#4047 = EDGE_LOOP('',(#4048,#4056,#4057,#4058));
#4048 = ORIENTED_EDGE('',*,*,#4049,.T.);
#4049 = EDGE_CURVE('',#4050,#2881,#4052,.T.);
#4050 = VERTEX_POINT('',#4051);
#4051 = CARTESIAN_POINT('',(12.850000007003,9.099999997696,24.174669945)
  );
#4052 = LINE('',#4053,#4054);
#4053 = CARTESIAN_POINT('',(12.850000007003,9.099999997696,24.174669945)
  );
#4054 = VECTOR('',#4055,1.);
#4055 = DIRECTION('',(1.267752429608E-10,0.707106781187,0.707106781187)
  );
#4056 = ORIENTED_EDGE('',*,*,#2880,.T.);
#4057 = ORIENTED_EDGE('',*,*,#4049,.F.);
#4058 = ORIENTED_EDGE('',*,*,#4059,.T.);
#4059 = EDGE_CURVE('',#4050,#4050,#4060,.T.);
#4060 = CIRCLE('',#4061,2.35);
#4061 = AXIS2_PLACEMENT_3D('',#4062,#4063,#4064);
#4062 = CARTESIAN_POINT('',(12.850000007003,9.099999997696,21.824669945)
  );
#4063 = DIRECTION('',(1.792871406892E-10,1.,0.));
#4064 = DIRECTION('',(0.,0.,-1.));
#4065 = CONICAL_SURFACE('',#4066,2.35,0.785398163397);
#4066 = AXIS2_PLACEMENT_3D('',#4067,#4068,#4069);
#4067 = CARTESIAN_POINT('',(12.850000007003,9.099999997696,21.824669945)
  );
#4068 = DIRECTION('',(1.792871406892E-10,1.,0.));
#4069 = DIRECTION('',(0.,0.,-1.));
#4070 = ADVANCED_FACE('',(#4071),#4090,.F.);
#4071 = FACE_BOUND('',#4072,.F.);
#4072 = EDGE_LOOP('',(#4073,#4081,#4082,#4083));
#4073 = ORIENTED_EDGE('',*,*,#4074,.T.);
#4074 = EDGE_CURVE('',#4075,#2892,#4077,.T.);
#4075 = VERTEX_POINT('',#4076);
#4076 = CARTESIAN_POINT('',(-12.84999999299,9.100000002304,24.174669945)
  );
#4077 = LINE('',#4078,#4079);
#4078 = CARTESIAN_POINT('',(-12.84999999299,9.100000002304,24.174669945)
  );
#4079 = VECTOR('',#4080,1.);
#4080 = DIRECTION('',(1.267752429608E-10,0.707106781187,0.707106781187)
  );
#4081 = ORIENTED_EDGE('',*,*,#2891,.T.);
#4082 = ORIENTED_EDGE('',*,*,#4074,.F.);
#4083 = ORIENTED_EDGE('',*,*,#4084,.T.);
#4084 = EDGE_CURVE('',#4075,#4075,#4085,.T.);
#4085 = CIRCLE('',#4086,2.35);
#4086 = AXIS2_PLACEMENT_3D('',#4087,#4088,#4089);
#4087 = CARTESIAN_POINT('',(-12.84999999299,9.100000002304,21.824669945)
  );
#4088 = DIRECTION('',(1.792871406892E-10,1.,0.));
#4089 = DIRECTION('',(0.,0.,-1.));
#4090 = CONICAL_SURFACE('',#4091,2.35,0.785398163397);
#4091 = AXIS2_PLACEMENT_3D('',#4092,#4093,#4094);
#4092 = CARTESIAN_POINT('',(-12.84999999299,9.100000002304,21.824669945)
  );
#4093 = DIRECTION('',(1.792871406892E-10,1.,0.));
#4094 = DIRECTION('',(0.,0.,-1.));
#4095 = ADVANCED_FACE('',(#4096),#4115,.F.);
#4096 = FACE_BOUND('',#4097,.T.);
#4097 = EDGE_LOOP('',(#4098,#4106,#4112,#4113,#4114));
#4098 = ORIENTED_EDGE('',*,*,#4099,.T.);
#4099 = EDGE_CURVE('',#3976,#4100,#4102,.T.);
#4100 = VERTEX_POINT('',#4101);
#4101 = CARTESIAN_POINT('',(-8.699999993565,5.930987301828,
    25.399339887183));
#4102 = LINE('',#4103,#4104);
#4103 = CARTESIAN_POINT('',(-8.699999993266,7.597653968495,
    25.399339887183));
#4104 = VECTOR('',#4105,1.);
#4105 = DIRECTION('',(-1.792871406892E-10,-1.,0.));
#4106 = ORIENTED_EDGE('',*,*,#4107,.T.);
#4107 = EDGE_CURVE('',#4100,#3054,#4108,.T.);
#4108 = LINE('',#4109,#4110);
#4109 = CARTESIAN_POINT('',(-8.699999993899,4.066589324181,
    24.951884372548));
#4110 = VECTOR('',#4111,1.);
#4111 = DIRECTION('',(-1.743365390145E-10,-0.972387301981,
    -0.233372952475));
#4112 = ORIENTED_EDGE('',*,*,#3076,.T.);
#4113 = ORIENTED_EDGE('',*,*,#3004,.T.);
#4114 = ORIENTED_EDGE('',*,*,#3983,.T.);
#4115 = PLANE('',#4116);
#4116 = AXIS2_PLACEMENT_3D('',#4117,#4118,#4119);
#4117 = CARTESIAN_POINT('',(-8.700000001047,-35.79918649946,19.5));
#4118 = DIRECTION('',(-1.,1.792871406892E-10,0.));
#4119 = DIRECTION('',(1.792871406892E-10,1.,0.));
#4120 = ADVANCED_FACE('',(#4121),#4132,.F.);
#4121 = FACE_BOUND('',#4122,.F.);
#4122 = EDGE_LOOP('',(#4123,#4129,#4130,#4131));
#4123 = ORIENTED_EDGE('',*,*,#4124,.T.);
#4124 = EDGE_CURVE('',#128,#3024,#4125,.T.);
#4125 = LINE('',#4126,#4127);
#4126 = CARTESIAN_POINT('',(6.500000006232,4.799999998835,-8.4));
#4127 = VECTOR('',#4128,1.);
#4128 = DIRECTION('',(0.,0.,1.));
#4129 = ORIENTED_EDGE('',*,*,#3023,.T.);
#4130 = ORIENTED_EDGE('',*,*,#4124,.F.);
#4131 = ORIENTED_EDGE('',*,*,#127,.T.);
#4132 = CYLINDRICAL_SURFACE('',#4133,1.2);
#4133 = AXIS2_PLACEMENT_3D('',#4134,#4135,#4136);
#4134 = CARTESIAN_POINT('',(6.500000006447,5.999999998835,-8.4));
#4135 = DIRECTION('',(0.,0.,1.));
#4136 = DIRECTION('',(1.792871406892E-10,1.,0.));
#4137 = ADVANCED_FACE('',(#4138),#4149,.F.);
#4138 = FACE_BOUND('',#4139,.F.);
#4139 = EDGE_LOOP('',(#4140,#4146,#4147,#4148));
#4140 = ORIENTED_EDGE('',*,*,#4141,.T.);
#4141 = EDGE_CURVE('',#150,#3035,#4142,.T.);
#4142 = LINE('',#4143,#4144);
#4143 = CARTESIAN_POINT('',(-6.499999993768,4.800000001165,-8.4));
#4144 = VECTOR('',#4145,1.);
#4145 = DIRECTION('',(0.,0.,1.));
#4146 = ORIENTED_EDGE('',*,*,#3034,.T.);
#4147 = ORIENTED_EDGE('',*,*,#4141,.F.);
#4148 = ORIENTED_EDGE('',*,*,#149,.T.);
#4149 = CYLINDRICAL_SURFACE('',#4150,1.2);
#4150 = AXIS2_PLACEMENT_3D('',#4151,#4152,#4153);
#4151 = CARTESIAN_POINT('',(-6.499999993553,6.000000001165,-8.4));
#4152 = DIRECTION('',(0.,0.,1.));
#4153 = DIRECTION('',(1.792871406892E-10,1.,0.));
#4154 = ADVANCED_FACE('',(#4155),#4166,.T.);
#4155 = FACE_BOUND('',#4156,.T.);
#4156 = EDGE_LOOP('',(#4157,#4158,#4159,#4165));
#4157 = ORIENTED_EDGE('',*,*,#3092,.T.);
#4158 = ORIENTED_EDGE('',*,*,#3053,.F.);
#4159 = ORIENTED_EDGE('',*,*,#4160,.F.);
#4160 = EDGE_CURVE('',#3152,#3054,#4161,.T.);
#4161 = LINE('',#4162,#4163);
#4162 = CARTESIAN_POINT('',(-9.047430347008,3.933410677316,
    25.213358449349));
#4163 = VECTOR('',#4164,1.);
#4164 = DIRECTION('',(0.772786093517,0.148114010888,-0.617141712612));
#4165 = ORIENTED_EDGE('',*,*,#3186,.F.);
#4166 = B_SPLINE_SURFACE_WITH_KNOTS('',1,3,(
    (#4167,#4168,#4169,#4170,#4171,#4172,#4173,#4174,#4175,#4176,#4177
      ,#4178,#4179,#4180,#4181,#4182,#4183,#4184,#4185,#4186,#4187,#4188
      ,#4189,#4190,#4191,#4192,#4193,#4194,#4195,#4196)
    ,(#4197,#4198,#4199,#4200,#4201,#4202,#4203,#4204,#4205,#4206,#4207
      ,#4208,#4209,#4210,#4211,#4212,#4213,#4214,#4215,#4216,#4217,#4218
      ,#4219,#4220,#4221,#4222,#4223,#4224,#4225,#4226
  )),.UNSPECIFIED.,.F.,.F.,.F.,(2,2),(4,2,2,2,2,2,2,2,2,2,2,2,2,2,4),(
    -4.030192213631E-05,1.),(4.712374265453,4.908738521256,
    5.006913291692,5.105088062128,5.203262832564,5.301437603,
    5.399612373436,5.497787143872,5.595961914308,5.694136684744,
    5.792311455179,5.890486225615,5.988660996051,6.086835766487,
    6.283200022291),.UNSPECIFIED.);
#4167 = CARTESIAN_POINT('',(-8.6999859874,4.000061544246,24.935907106326
    ));
#4168 = CARTESIAN_POINT('',(-8.700007497301,3.738241988113,
    24.867612330136));
#4169 = CARTESIAN_POINT('',(-8.674205031604,3.476432588883,
    24.799320203343));
#4170 = CARTESIAN_POINT('',(-8.597590471872,3.091259518884,
    24.698849065902));
#4171 = CARTESIAN_POINT('',(-8.565745993485,2.964130842194,
    24.665687965755));
#4172 = CARTESIAN_POINT('',(-8.489749882164,2.713605237438,
    24.600339179903));
#4173 = CARTESIAN_POINT('',(-8.445598174216,2.590209480082,
    24.568151799574));
#4174 = CARTESIAN_POINT('',(-8.345412201582,2.348339146098,
    24.505060712838));
#4175 = CARTESIAN_POINT('',(-8.289378196909,2.229865197196,
    24.474157170172));
#4176 = CARTESIAN_POINT('',(-8.165967208647,1.99897947752,
    24.413931384206));
#4177 = CARTESIAN_POINT('',(-8.098590545346,1.886568305964,
    24.384609297212));
#4178 = CARTESIAN_POINT('',(-7.953143056736,1.668890756292,
    24.327828819259));
#4179 = CARTESIAN_POINT('',(-7.875072608907,1.563624943115,
    24.300370575664));
#4180 = CARTESIAN_POINT('',(-7.708989358774,1.361251917245,
    24.247582232766));
#4181 = CARTESIAN_POINT('',(-7.620976987507,1.264145229773,
    24.222252270465));
#4182 = CARTESIAN_POINT('',(-7.43585744834,1.079025690573,
    24.173964443221));
#4183 = CARTESIAN_POINT('',(-7.338750760883,0.991013319289,
    24.151006703599));
#4184 = CARTESIAN_POINT('',(-7.136377735043,0.824930069119,
    24.107684430183));
#4185 = CARTESIAN_POINT('',(-7.031111921881,0.746859621272,
    24.087320008822));
#4186 = CARTESIAN_POINT('',(-6.813434372234,0.601412132622,
    24.049380506408));
#4187 = CARTESIAN_POINT('',(-6.701023200691,0.534035469302,
    24.031805523819));
#4188 = CARTESIAN_POINT('',(-6.470137481036,0.410624480997,
    23.999614170556));
#4189 = CARTESIAN_POINT('',(-6.351663532145,0.354590476304,
    23.984997883428));
#4190 = CARTESIAN_POINT('',(-6.109793198178,0.254404503626,
    23.958864699645));
#4191 = CARTESIAN_POINT('',(-5.986397440831,0.210252795656,
    23.947347870813));
#4192 = CARTESIAN_POINT('',(-5.735871836088,0.134256684289,
    23.927524533357));
#4193 = CARTESIAN_POINT('',(-5.608743159428,0.102412205885,
    23.919218005166));
#4194 = CARTESIAN_POINT('',(-5.223570089371,2.579764606912E-02,
    23.899233347457));
#4195 = CARTESIAN_POINT('',(-4.961760690194,-4.819664621181E-06,
    23.892502858546));
#4196 = CARTESIAN_POINT('',(-4.69994113406,1.669018933725E-05,
    23.892508469333));
#4197 = CARTESIAN_POINT('',(-9.047430342225,3.933474649815,
    25.213373802749));
#4198 = CARTESIAN_POINT('',(-9.047453720506,3.648913082358,
    25.14507902656));
#4199 = CARTESIAN_POINT('',(-9.019410016701,3.364362554052,
    25.076786899767));
#4200 = CARTESIAN_POINT('',(-8.936140609596,2.945732814695,
    24.976315762325));
#4201 = CARTESIAN_POINT('',(-8.901530075462,2.807561564077,
    24.943154662178));
#4202 = CARTESIAN_POINT('',(-8.818932836059,2.535274956345,
    24.877805876326));
#4203 = CARTESIAN_POINT('',(-8.770946049261,2.401160871633,
    24.845618495997));
#4204 = CARTESIAN_POINT('',(-8.662057783499,2.138281343547,
    24.782527409261));
#4205 = CARTESIAN_POINT('',(-8.601156587133,2.009516582426,
    24.751623866595));
#4206 = CARTESIAN_POINT('',(-8.467025948536,1.758575807547,
    24.69139808063));
#4207 = CARTESIAN_POINT('',(-8.393796854415,1.636400445057,
    24.662075993635));
#4208 = CARTESIAN_POINT('',(-8.235715594356,1.399815120226,
    24.605295515683));
#4209 = CARTESIAN_POINT('',(-8.150863838687,1.285405771896,
    24.577837272087));
#4210 = CARTESIAN_POINT('',(-7.970354366117,1.065454343122,
    24.525048929189));
#4211 = CARTESIAN_POINT('',(-7.874697117693,0.959912833519,
    24.499718966889));
#4212 = CARTESIAN_POINT('',(-7.673497837509,0.7587135533,24.451431139645
    ));
#4213 = CARTESIAN_POINT('',(-7.567956327924,0.663056304857,
    24.428473400023));
#4214 = CARTESIAN_POINT('',(-7.348004899182,0.482546832247,
    24.385151126606));
#4215 = CARTESIAN_POINT('',(-7.233595550868,0.397695076558,
    24.364786705246));
#4216 = CARTESIAN_POINT('',(-6.997010226064,0.239613816456,
    24.326847202831));
#4217 = CARTESIAN_POINT('',(-6.874834863588,0.166384722313,
    24.309272220242));
#4218 = CARTESIAN_POINT('',(-6.623894088733,3.225408367118E-02,
    24.277080866979));
#4219 = CARTESIAN_POINT('',(-6.495129327623,-2.864711271761E-02,
    24.262464579851));
#4220 = CARTESIAN_POINT('',(-6.232249799556,-0.137535378527,
    24.236331396068));
#4221 = CARTESIAN_POINT('',(-6.098135714854,-0.185522165348,
    24.224814567237));
#4222 = CARTESIAN_POINT('',(-5.825849107136,-0.268119404801,
    24.20499122978));
#4223 = CARTESIAN_POINT('',(-5.687677856546,-0.302729938955,
    24.196684701589));
#4224 = CARTESIAN_POINT('',(-5.269048117138,-0.385999346148,
    24.176700043881));
#4225 = CARTESIAN_POINT('',(-4.984497588881,-0.414043049995,
    24.16996955497));
#4226 = CARTESIAN_POINT('',(-4.699936021424,-0.414019671765,
    24.169975165757));
#4227 = ADVANCED_FACE('',(#4228),#4239,.F.);
#4228 = FACE_BOUND('',#4229,.F.);
#4229 = EDGE_LOOP('',(#4230,#4236,#4237,#4238));
#4230 = ORIENTED_EDGE('',*,*,#4231,.T.);
#4231 = EDGE_CURVE('',#117,#3135,#4232,.T.);
#4232 = LINE('',#4233,#4234);
#4233 = CARTESIAN_POINT('',(6.500000004081,-7.200000001165,-8.4));
#4234 = VECTOR('',#4235,1.);
#4235 = DIRECTION('',(0.,0.,1.));
#4236 = ORIENTED_EDGE('',*,*,#3134,.T.);
#4237 = ORIENTED_EDGE('',*,*,#4231,.F.);
#4238 = ORIENTED_EDGE('',*,*,#116,.T.);
#4239 = CYLINDRICAL_SURFACE('',#4240,1.2);
#4240 = AXIS2_PLACEMENT_3D('',#4241,#4242,#4243);
#4241 = CARTESIAN_POINT('',(6.500000004296,-6.000000001165,-8.4));
#4242 = DIRECTION('',(0.,0.,1.));
#4243 = DIRECTION('',(1.792871406892E-10,1.,0.));
#4244 = ADVANCED_FACE('',(#4245),#4256,.T.);
#4245 = FACE_BOUND('',#4246,.T.);
#4246 = EDGE_LOOP('',(#4247,#4248,#4254,#4255));
#4247 = ORIENTED_EDGE('',*,*,#4107,.F.);
#4248 = ORIENTED_EDGE('',*,*,#4249,.T.);
#4249 = EDGE_CURVE('',#4100,#3154,#4250,.T.);
#4250 = LINE('',#4251,#4252);
#4251 = CARTESIAN_POINT('',(6.266289219634,-3.760173919566,
    10.433050672247));
#4252 = VECTOR('',#4253,1.);
#4253 = DIRECTION('',(-0.642917528564,0.416310104169,0.642917528639));
#4254 = ORIENTED_EDGE('',*,*,#3151,.F.);
#4255 = ORIENTED_EDGE('',*,*,#4160,.T.);
#4256 = PLANE('',#4257);
#4257 = AXIS2_PLACEMENT_3D('',#4258,#4259,#4260);
#4258 = CARTESIAN_POINT('',(-8.700000000879,-34.86516944383,
    15.608262268223));
#4259 = DIRECTION('',(0.634666568891,-0.180347372383,0.751447384457));
#4260 = DIRECTION('',(-0.273339315652,-0.96191767762,-4.440892098501E-16
    ));
#4261 = ADVANCED_FACE('',(#4262),#4275,.T.);
#4262 = FACE_BOUND('',#4263,.T.);
#4263 = EDGE_LOOP('',(#4264,#4265,#4266,#4272,#4273,#4274));
#4264 = ORIENTED_EDGE('',*,*,#3975,.F.);
#4265 = ORIENTED_EDGE('',*,*,#3959,.T.);
#4266 = ORIENTED_EDGE('',*,*,#4267,.F.);
#4267 = EDGE_CURVE('',#3162,#3952,#4268,.T.);
#4268 = LINE('',#4269,#4270);
#4269 = CARTESIAN_POINT('',(-9.099999992997,9.100000001632,
    25.799339887183));
#4270 = VECTOR('',#4271,1.);
#4271 = DIRECTION('',(1.792871406892E-10,1.,0.));
#4272 = ORIENTED_EDGE('',*,*,#3161,.F.);
#4273 = ORIENTED_EDGE('',*,*,#4249,.F.);
#4274 = ORIENTED_EDGE('',*,*,#4099,.F.);
#4275 = PLANE('',#4276);
#4276 = AXIS2_PLACEMENT_3D('',#4277,#4278,#4279);
#4277 = CARTESIAN_POINT('',(-8.700000001047,-35.79918649946,
    25.399339887183));
#4278 = DIRECTION('',(0.707106781187,-1.267751529608E-10,0.707106781187)
  );
#4279 = DIRECTION('',(-1.792871406892E-10,-1.,0.));
#4280 = ADVANCED_FACE('',(#4281),#4287,.T.);
#4281 = FACE_BOUND('',#4282,.T.);
#4282 = EDGE_LOOP('',(#4283,#4284,#4285,#4286));
#4283 = ORIENTED_EDGE('',*,*,#4267,.T.);
#4284 = ORIENTED_EDGE('',*,*,#3951,.T.);
#4285 = ORIENTED_EDGE('',*,*,#3290,.T.);
#4286 = ORIENTED_EDGE('',*,*,#3169,.F.);
#4287 = PLANE('',#4288);
#4288 = AXIS2_PLACEMENT_3D('',#4289,#4290,#4291);
#4289 = CARTESIAN_POINT('',(29.700885802955,9.499999994675,
    25.799339887183));
#4290 = DIRECTION('',(0.,0.,1.));
#4291 = DIRECTION('',(1.792871406892E-10,1.,0.));
#4292 = ADVANCED_FACE('',(#4293),#4313,.F.);
#4293 = FACE_BOUND('',#4294,.F.);
#4294 = EDGE_LOOP('',(#4295,#4303,#4310,#4311,#4312));
#4295 = ORIENTED_EDGE('',*,*,#4296,.T.);
#4296 = EDGE_CURVE('',#3238,#4297,#4299,.T.);
#4297 = VERTEX_POINT('',#4298);
#4298 = CARTESIAN_POINT('',(-6.49999999531,-3.799999998835,19.5));
#4299 = LINE('',#4300,#4301);
#4300 = CARTESIAN_POINT('',(-6.49999999531,-3.799999998835,33.54933989)
  );
#4301 = VECTOR('',#4302,1.);
#4302 = DIRECTION('',(0.,0.,-1.));
#4303 = ORIENTED_EDGE('',*,*,#4304,.F.);
#4304 = EDGE_CURVE('',#4297,#4297,#4305,.T.);
#4305 = CIRCLE('',#4306,2.2);
#4306 = AXIS2_PLACEMENT_3D('',#4307,#4308,#4309);
#4307 = CARTESIAN_POINT('',(-6.499999995704,-5.999999998835,19.5));
#4308 = DIRECTION('',(0.,-0.,-1.));
#4309 = DIRECTION('',(1.,-1.792871406892E-10,0.));
#4310 = ORIENTED_EDGE('',*,*,#4296,.F.);
#4311 = ORIENTED_EDGE('',*,*,#3237,.F.);
#4312 = ORIENTED_EDGE('',*,*,#3246,.F.);
#4313 = CYLINDRICAL_SURFACE('',#4314,2.2);
#4314 = AXIS2_PLACEMENT_3D('',#4315,#4316,#4317);
#4315 = CARTESIAN_POINT('',(-6.499999995704,-5.999999998835,33.54933989)
  );
#4316 = DIRECTION('',(0.,0.,-1.));
#4317 = DIRECTION('',(-1.792871406892E-10,-1.,0.));
#4318 = ADVANCED_FACE('',(#4319),#4326,.F.);
#4319 = FACE_BOUND('',#4320,.T.);
#4320 = EDGE_LOOP('',(#4321,#4322,#4323,#4324,#4325));
#4321 = ORIENTED_EDGE('',*,*,#3355,.T.);
#4322 = ORIENTED_EDGE('',*,*,#4017,.T.);
#4323 = ORIENTED_EDGE('',*,*,#3905,.T.);
#4324 = ORIENTED_EDGE('',*,*,#3605,.F.);
#4325 = ORIENTED_EDGE('',*,*,#3552,.T.);
#4326 = PLANE('',#4327);
#4327 = AXIS2_PLACEMENT_3D('',#4328,#4329,#4330);
#4328 = CARTESIAN_POINT('',(-16.99999999143,17.794086608539,17.1));
#4329 = DIRECTION('',(0.707106781187,-1.267751729608E-10,0.707106781187)
  );
#4330 = DIRECTION('',(-1.792871698313E-10,-1.,8.57864376269E-19));
#4331 = ADVANCED_FACE('',(#4332,#4335),#4346,.T.);
#4332 = FACE_BOUND('',#4333,.T.);
#4333 = EDGE_LOOP('',(#4334));
#4334 = ORIENTED_EDGE('',*,*,#40,.T.);
#4335 = FACE_BOUND('',#4336,.T.);
#4336 = EDGE_LOOP('',(#4337));
#4337 = ORIENTED_EDGE('',*,*,#4338,.T.);
#4338 = EDGE_CURVE('',#4339,#4339,#4341,.T.);
#4339 = VERTEX_POINT('',#4340);
#4340 = CARTESIAN_POINT('',(-10.15,-8.7,14.25));
#4341 = CIRCLE('',#4342,2.35);
#4342 = AXIS2_PLACEMENT_3D('',#4343,#4344,#4345);
#4343 = CARTESIAN_POINT('',(-12.5,-8.7,14.25));
#4344 = DIRECTION('',(0.,-1.,2.22044604925E-16));
#4345 = DIRECTION('',(1.,0.,0.));
#4346 = PLANE('',#4347);
#4347 = AXIS2_PLACEMENT_3D('',#4348,#4349,#4350);
#4348 = CARTESIAN_POINT('',(-12.5,-8.7,14.25));
#4349 = DIRECTION('',(0.,1.,-2.22044604925E-16));
#4350 = DIRECTION('',(1.,0.,0.));
#4351 = ADVANCED_FACE('',(#4352),#4371,.F.);
#4352 = FACE_BOUND('',#4353,.F.);
#4353 = EDGE_LOOP('',(#4354,#4362,#4369,#4370));
#4354 = ORIENTED_EDGE('',*,*,#4355,.T.);
#4355 = EDGE_CURVE('',#139,#4356,#4358,.T.);
#4356 = VERTEX_POINT('',#4357);
#4357 = CARTESIAN_POINT('',(-6.499999995919,-7.199999998835,19.5));
#4358 = LINE('',#4359,#4360);
#4359 = CARTESIAN_POINT('',(-6.499999995919,-7.199999998835,-8.4));
#4360 = VECTOR('',#4361,1.);
#4361 = DIRECTION('',(0.,0.,1.));
#4362 = ORIENTED_EDGE('',*,*,#4363,.T.);
#4363 = EDGE_CURVE('',#4356,#4356,#4364,.T.);
#4364 = CIRCLE('',#4365,1.2);
#4365 = AXIS2_PLACEMENT_3D('',#4366,#4367,#4368);
#4366 = CARTESIAN_POINT('',(-6.499999995704,-5.999999998835,19.5));
#4367 = DIRECTION('',(0.,-0.,-1.));
#4368 = DIRECTION('',(1.,-1.792871406892E-10,0.));
#4369 = ORIENTED_EDGE('',*,*,#4355,.F.);
#4370 = ORIENTED_EDGE('',*,*,#138,.T.);
#4371 = CYLINDRICAL_SURFACE('',#4372,1.2);
#4372 = AXIS2_PLACEMENT_3D('',#4373,#4374,#4375);
#4373 = CARTESIAN_POINT('',(-6.499999995704,-5.999999998835,-8.4));
#4374 = DIRECTION('',(0.,0.,1.));
#4375 = DIRECTION('',(1.792871406892E-10,1.,0.));
#4376 = ADVANCED_FACE('',(#4377,#4380),#4391,.T.);
#4377 = FACE_BOUND('',#4378,.T.);
#4378 = EDGE_LOOP('',(#4379));
#4379 = ORIENTED_EDGE('',*,*,#183,.T.);
#4380 = FACE_BOUND('',#4381,.T.);
#4381 = EDGE_LOOP('',(#4382));
#4382 = ORIENTED_EDGE('',*,*,#4383,.T.);
#4383 = EDGE_CURVE('',#4384,#4384,#4386,.T.);
#4384 = VERTEX_POINT('',#4385);
#4385 = CARTESIAN_POINT('',(14.85,-8.7,14.25));
#4386 = CIRCLE('',#4387,2.35);
#4387 = AXIS2_PLACEMENT_3D('',#4388,#4389,#4390);
#4388 = CARTESIAN_POINT('',(12.5,-8.7,14.25));
#4389 = DIRECTION('',(0.,-1.,2.22044604925E-16));
#4390 = DIRECTION('',(1.,0.,0.));
#4391 = PLANE('',#4392);
#4392 = AXIS2_PLACEMENT_3D('',#4393,#4394,#4395);
#4393 = CARTESIAN_POINT('',(12.5,-8.7,14.25));
#4394 = DIRECTION('',(0.,1.,-2.22044604925E-16));
#4395 = DIRECTION('',(1.,0.,0.));
#4396 = ADVANCED_FACE('',(#4397),#4454,.T.);
#4397 = FACE_BOUND('',#4398,.T.);
#4398 = EDGE_LOOP('',(#4399,#4400,#4408,#4416,#4424,#4432,#4440,#4448));
#4399 = ORIENTED_EDGE('',*,*,#3626,.T.);
#4400 = ORIENTED_EDGE('',*,*,#4401,.F.);
#4401 = EDGE_CURVE('',#4402,#3629,#4404,.T.);
#4402 = VERTEX_POINT('',#4403);
#4403 = CARTESIAN_POINT('',(-17.,-9.9,-10.85));
#4404 = LINE('',#4405,#4406);
#4405 = CARTESIAN_POINT('',(-17.,-9.9,-10.45));
#4406 = VECTOR('',#4407,1.);
#4407 = DIRECTION('',(0.,0.,1.));
#4408 = ORIENTED_EDGE('',*,*,#4409,.T.);
#4409 = EDGE_CURVE('',#4402,#4410,#4412,.T.);
#4410 = VERTEX_POINT('',#4411);
#4411 = CARTESIAN_POINT('',(-17.,7.1,-10.85));
#4412 = LINE('',#4413,#4414);
#4413 = CARTESIAN_POINT('',(-17.,-9.5,-10.85));
#4414 = VECTOR('',#4415,1.);
#4415 = DIRECTION('',(0.,1.,0.));
#4416 = ORIENTED_EDGE('',*,*,#4417,.F.);
#4417 = EDGE_CURVE('',#4418,#4410,#4420,.T.);
#4418 = VERTEX_POINT('',#4419);
#4419 = CARTESIAN_POINT('',(-17.,7.1,-13.1));
#4420 = LINE('',#4421,#4422);
#4421 = CARTESIAN_POINT('',(-17.,7.1,-13.5));
#4422 = VECTOR('',#4423,1.);
#4423 = DIRECTION('',(0.,0.,1.));
#4424 = ORIENTED_EDGE('',*,*,#4425,.F.);
#4425 = EDGE_CURVE('',#4426,#4418,#4428,.T.);
#4426 = VERTEX_POINT('',#4427);
#4427 = CARTESIAN_POINT('',(-17.,-9.9,-13.1));
#4428 = LINE('',#4429,#4430);
#4429 = CARTESIAN_POINT('',(-17.,-9.5,-13.1));
#4430 = VECTOR('',#4431,1.);
#4431 = DIRECTION('',(0.,1.,0.));
#4432 = ORIENTED_EDGE('',*,*,#4433,.F.);
#4433 = EDGE_CURVE('',#4434,#4426,#4436,.T.);
#4434 = VERTEX_POINT('',#4435);
#4435 = CARTESIAN_POINT('',(-17.,-9.9,-17.6));
#4436 = LINE('',#4437,#4438);
#4437 = CARTESIAN_POINT('',(-17.,-9.9,-18.));
#4438 = VECTOR('',#4439,1.);
#4439 = DIRECTION('',(0.,0.,1.));
#4440 = ORIENTED_EDGE('',*,*,#4441,.F.);
#4441 = EDGE_CURVE('',#4442,#4434,#4444,.T.);
#4442 = VERTEX_POINT('',#4443);
#4443 = CARTESIAN_POINT('',(-17.,-11.67157287525,-17.6));
#4444 = LINE('',#4445,#4446);
#4445 = CARTESIAN_POINT('',(-17.,-16.5,-17.6));
#4446 = VECTOR('',#4447,1.);
#4447 = DIRECTION('',(0.,1.,0.));
#4448 = ORIENTED_EDGE('',*,*,#4449,.T.);
#4449 = EDGE_CURVE('',#4442,#3627,#4450,.T.);
#4450 = LINE('',#4451,#4452);
#4451 = CARTESIAN_POINT('',(-17.,-11.67157287525,-17.6));
#4452 = VECTOR('',#4453,1.);
#4453 = DIRECTION('',(0.,0.,1.));
#4454 = PLANE('',#4455);
#4455 = AXIS2_PLACEMENT_3D('',#4456,#4457,#4458);
#4456 = CARTESIAN_POINT('',(-17.,-6.665977961433,-11.9085399449));
#4457 = DIRECTION('',(-1.,-0.,-0.));
#4458 = DIRECTION('',(0.,0.,-1.));
#4459 = ADVANCED_FACE('',(#4460),#4478,.T.);
#4460 = FACE_BOUND('',#4461,.T.);
#4461 = EDGE_LOOP('',(#4462,#4470,#4471,#4472));
#4462 = ORIENTED_EDGE('',*,*,#4463,.F.);
#4463 = EDGE_CURVE('',#4402,#4464,#4466,.T.);
#4464 = VERTEX_POINT('',#4465);
#4465 = CARTESIAN_POINT('',(-16.6,-9.5,-10.45));
#4466 = LINE('',#4467,#4468);
#4467 = CARTESIAN_POINT('',(-16.73333333333,-9.633333333333,
    -10.58333333333));
#4468 = VECTOR('',#4469,1.);
#4469 = DIRECTION('',(0.57735026919,0.57735026919,0.57735026919));
#4470 = ORIENTED_EDGE('',*,*,#4401,.T.);
#4471 = ORIENTED_EDGE('',*,*,#3711,.T.);
#4472 = ORIENTED_EDGE('',*,*,#4473,.F.);
#4473 = EDGE_CURVE('',#4464,#3704,#4474,.T.);
#4474 = LINE('',#4475,#4476);
#4475 = CARTESIAN_POINT('',(-16.6,-9.5,-10.45));
#4476 = VECTOR('',#4477,1.);
#4477 = DIRECTION('',(0.,0.,1.));
#4478 = PLANE('',#4479);
#4479 = AXIS2_PLACEMENT_3D('',#4480,#4481,#4482);
#4480 = CARTESIAN_POINT('',(-16.8,-9.7,-10.45));
#4481 = DIRECTION('',(-0.707106781187,0.707106781187,0.));
#4482 = DIRECTION('',(0.,0.,1.));
#4483 = ADVANCED_FACE('',(#4484),#4509,.T.);
#4484 = FACE_BOUND('',#4485,.F.);
#4485 = EDGE_LOOP('',(#4486,#4496,#4502,#4503));
#4486 = ORIENTED_EDGE('',*,*,#4487,.F.);
#4487 = EDGE_CURVE('',#4488,#4490,#4492,.T.);
#4488 = VERTEX_POINT('',#4489);
#4489 = CARTESIAN_POINT('',(17.,-9.9,-10.85));
#4490 = VERTEX_POINT('',#4491);
#4491 = CARTESIAN_POINT('',(16.6,-9.5,-10.45));
#4492 = LINE('',#4493,#4494);
#4493 = CARTESIAN_POINT('',(16.733333333333,-9.633333333333,
    -10.58333333333));
#4494 = VECTOR('',#4495,1.);
#4495 = DIRECTION('',(-0.57735026919,0.57735026919,0.57735026919));
#4496 = ORIENTED_EDGE('',*,*,#4497,.T.);
#4497 = EDGE_CURVE('',#4488,#3679,#4498,.T.);
#4498 = LINE('',#4499,#4500);
#4499 = CARTESIAN_POINT('',(17.,-9.9,-10.45));
#4500 = VECTOR('',#4501,1.);
#4501 = DIRECTION('',(0.,0.,1.));
#4502 = ORIENTED_EDGE('',*,*,#3686,.T.);
#4503 = ORIENTED_EDGE('',*,*,#4504,.F.);
#4504 = EDGE_CURVE('',#4490,#3687,#4505,.T.);
#4505 = LINE('',#4506,#4507);
#4506 = CARTESIAN_POINT('',(16.6,-9.5,-10.45));
#4507 = VECTOR('',#4508,1.);
#4508 = DIRECTION('',(0.,0.,1.));
#4509 = PLANE('',#4510);
#4510 = AXIS2_PLACEMENT_3D('',#4511,#4512,#4513);
#4511 = CARTESIAN_POINT('',(16.8,-9.7,-10.45));
#4512 = DIRECTION('',(0.707106781187,0.707106781187,0.));
#4513 = DIRECTION('',(0.,0.,-1.));
#4514 = ADVANCED_FACE('',(#4515),#4565,.T.);
#4515 = FACE_BOUND('',#4516,.T.);
#4516 = EDGE_LOOP('',(#4517,#4518,#4526,#4534,#4542,#4550,#4558,#4564));
#4517 = ORIENTED_EDGE('',*,*,#3678,.F.);
#4518 = ORIENTED_EDGE('',*,*,#4519,.F.);
#4519 = EDGE_CURVE('',#4520,#3670,#4522,.T.);
#4520 = VERTEX_POINT('',#4521);
#4521 = CARTESIAN_POINT('',(17.,-11.67157287525,-17.6));
#4522 = LINE('',#4523,#4524);
#4523 = CARTESIAN_POINT('',(17.,-11.67157287525,-17.6));
#4524 = VECTOR('',#4525,1.);
#4525 = DIRECTION('',(0.,0.,1.));
#4526 = ORIENTED_EDGE('',*,*,#4527,.T.);
#4527 = EDGE_CURVE('',#4520,#4528,#4530,.T.);
#4528 = VERTEX_POINT('',#4529);
#4529 = CARTESIAN_POINT('',(17.,-9.9,-17.6));
#4530 = LINE('',#4531,#4532);
#4531 = CARTESIAN_POINT('',(17.,-16.5,-17.6));
#4532 = VECTOR('',#4533,1.);
#4533 = DIRECTION('',(0.,1.,0.));
#4534 = ORIENTED_EDGE('',*,*,#4535,.T.);
#4535 = EDGE_CURVE('',#4528,#4536,#4538,.T.);
#4536 = VERTEX_POINT('',#4537);
#4537 = CARTESIAN_POINT('',(17.,-9.9,-13.1));
#4538 = LINE('',#4539,#4540);
#4539 = CARTESIAN_POINT('',(17.,-9.9,-18.));
#4540 = VECTOR('',#4541,1.);
#4541 = DIRECTION('',(0.,0.,1.));
#4542 = ORIENTED_EDGE('',*,*,#4543,.T.);
#4543 = EDGE_CURVE('',#4536,#4544,#4546,.T.);
#4544 = VERTEX_POINT('',#4545);
#4545 = CARTESIAN_POINT('',(17.,7.1,-13.1));
#4546 = LINE('',#4547,#4548);
#4547 = CARTESIAN_POINT('',(17.,-9.5,-13.1));
#4548 = VECTOR('',#4549,1.);
#4549 = DIRECTION('',(0.,1.,0.));
#4550 = ORIENTED_EDGE('',*,*,#4551,.T.);
#4551 = EDGE_CURVE('',#4544,#4552,#4554,.T.);
#4552 = VERTEX_POINT('',#4553);
#4553 = CARTESIAN_POINT('',(17.,7.1,-10.85));
#4554 = LINE('',#4555,#4556);
#4555 = CARTESIAN_POINT('',(17.,7.1,-13.5));
#4556 = VECTOR('',#4557,1.);
#4557 = DIRECTION('',(0.,0.,1.));
#4558 = ORIENTED_EDGE('',*,*,#4559,.F.);
#4559 = EDGE_CURVE('',#4488,#4552,#4560,.T.);
#4560 = LINE('',#4561,#4562);
#4561 = CARTESIAN_POINT('',(17.,-9.5,-10.85));
#4562 = VECTOR('',#4563,1.);
#4563 = DIRECTION('',(0.,1.,0.));
#4564 = ORIENTED_EDGE('',*,*,#4497,.T.);
#4565 = PLANE('',#4566);
#4566 = AXIS2_PLACEMENT_3D('',#4567,#4568,#4569);
#4567 = CARTESIAN_POINT('',(17.,-6.665977961433,-11.9085399449));
#4568 = DIRECTION('',(1.,0.,0.));
#4569 = DIRECTION('',(0.,0.,1.));
#4570 = ADVANCED_FACE('',(#4571),#4599,.T.);
#4571 = FACE_BOUND('',#4572,.F.);
#4572 = EDGE_LOOP('',(#4573,#4582,#4591,#4597,#4598));
#4573 = ORIENTED_EDGE('',*,*,#4574,.T.);
#4574 = EDGE_CURVE('',#4520,#4575,#4577,.T.);
#4575 = VERTEX_POINT('',#4576);
#4576 = CARTESIAN_POINT('',(16.820359442249,-12.5,-17.77964055775));
#4577 = ELLIPSE('',#4578,2.828427124746,2.);
#4578 = AXIS2_PLACEMENT_3D('',#4579,#4580,#4581);
#4579 = CARTESIAN_POINT('',(15.,-11.67157287525,-19.6));
#4580 = DIRECTION('',(0.707106781187,0.,-0.707106781187));
#4581 = DIRECTION('',(0.707106781187,0.,0.707106781187));
#4582 = ORIENTED_EDGE('',*,*,#4583,.T.);
#4583 = EDGE_CURVE('',#4575,#4584,#4586,.T.);
#4584 = VERTEX_POINT('',#4585);
#4585 = CARTESIAN_POINT('',(16.414213562373,-13.08578643762,-17.6));
#4586 = ELLIPSE('',#4587,3.464101615138,2.);
#4587 = AXIS2_PLACEMENT_3D('',#4588,#4589,#4590);
#4588 = CARTESIAN_POINT('',(15.,-11.67157287525,-20.42842712474));
#4589 = DIRECTION('',(0.57735026919,-0.57735026919,-0.57735026919));
#4590 = DIRECTION('',(0.408248290464,-0.408248290464,0.816496580928));
#4591 = ORIENTED_EDGE('',*,*,#4592,.T.);
#4592 = EDGE_CURVE('',#4584,#3662,#4593,.T.);
#4593 = LINE('',#4594,#4595);
#4594 = CARTESIAN_POINT('',(16.414213562373,-13.08578643762,-17.6));
#4595 = VECTOR('',#4596,1.);
#4596 = DIRECTION('',(0.,0.,1.));
#4597 = ORIENTED_EDGE('',*,*,#3669,.F.);
#4598 = ORIENTED_EDGE('',*,*,#4519,.F.);
#4599 = CYLINDRICAL_SURFACE('',#4600,2.);
#4600 = AXIS2_PLACEMENT_3D('',#4601,#4602,#4603);
#4601 = CARTESIAN_POINT('',(15.,-11.67157287525,-17.6));
#4602 = DIRECTION('',(0.,0.,1.));
#4603 = DIRECTION('',(1.,0.,0.));
#4604 = ADVANCED_FACE('',(#4605),#4623,.F.);
#4605 = FACE_BOUND('',#4606,.T.);
#4606 = EDGE_LOOP('',(#4607,#4615,#4616,#4617));
#4607 = ORIENTED_EDGE('',*,*,#4608,.F.);
#4608 = EDGE_CURVE('',#4584,#4609,#4611,.T.);
#4609 = VERTEX_POINT('',#4610);
#4610 = CARTESIAN_POINT('',(13.,-16.5,-17.6));
#4611 = LINE('',#4612,#4613);
#4612 = CARTESIAN_POINT('',(15.9,-13.6,-17.6));
#4613 = VECTOR('',#4614,1.);
#4614 = DIRECTION('',(-0.707106781187,-0.707106781187,
    -3.845925372767E-16));
#4615 = ORIENTED_EDGE('',*,*,#4592,.T.);
#4616 = ORIENTED_EDGE('',*,*,#3661,.T.);
#4617 = ORIENTED_EDGE('',*,*,#4618,.F.);
#4618 = EDGE_CURVE('',#4609,#3654,#4619,.T.);
#4619 = LINE('',#4620,#4621);
#4620 = CARTESIAN_POINT('',(13.,-16.5,-18.));
#4621 = VECTOR('',#4622,1.);
#4622 = DIRECTION('',(0.,0.,1.));
#4623 = PLANE('',#4624);
#4624 = AXIS2_PLACEMENT_3D('',#4625,#4626,#4627);
#4625 = CARTESIAN_POINT('',(15.,-14.5,-18.));
#4626 = DIRECTION('',(-0.707106781187,0.707106781187,0.));
#4627 = DIRECTION('',(-0.,-0.,-1.));
#4628 = ADVANCED_FACE('',(#4629,#4647,#4666),#4694,.F.);
#4629 = FACE_BOUND('',#4630,.F.);
#4630 = EDGE_LOOP('',(#4631,#4632,#4633,#4641));
#4631 = ORIENTED_EDGE('',*,*,#3653,.T.);
#4632 = ORIENTED_EDGE('',*,*,#4618,.F.);
#4633 = ORIENTED_EDGE('',*,*,#4634,.F.);
#4634 = EDGE_CURVE('',#4635,#4609,#4637,.T.);
#4635 = VERTEX_POINT('',#4636);
#4636 = CARTESIAN_POINT('',(-13.,-16.5,-17.6));
#4637 = LINE('',#4638,#4639);
#4638 = CARTESIAN_POINT('',(-17.,-16.5,-17.6));
#4639 = VECTOR('',#4640,1.);
#4640 = DIRECTION('',(1.,0.,0.));
#4641 = ORIENTED_EDGE('',*,*,#4642,.T.);
#4642 = EDGE_CURVE('',#4635,#3646,#4643,.T.);
#4643 = LINE('',#4644,#4645);
#4644 = CARTESIAN_POINT('',(-13.,-16.5,-18.));
#4645 = VECTOR('',#4646,1.);
#4646 = DIRECTION('',(0.,0.,1.));
#4647 = FACE_BOUND('',#4648,.F.);
#4648 = EDGE_LOOP('',(#4649,#4660));
#4649 = ORIENTED_EDGE('',*,*,#4650,.F.);
#4650 = EDGE_CURVE('',#4651,#4653,#4655,.T.);
#4651 = VERTEX_POINT('',#4652);
#4652 = CARTESIAN_POINT('',(0.420815280171,-16.5,-14.95755324534));
#4653 = VERTEX_POINT('',#4654);
#4654 = CARTESIAN_POINT('',(0.420815280171,-16.5,-13.04244675466));
#4655 = ELLIPSE('',#4656,2.687005768509,1.9);
#4656 = AXIS2_PLACEMENT_3D('',#4657,#4658,#4659);
#4657 = CARTESIAN_POINT('',(-1.9,-16.5,-14.));
#4658 = DIRECTION('',(0.,1.,-0.));
#4659 = DIRECTION('',(-1.,0.,3.140184917368E-16));
#4660 = ORIENTED_EDGE('',*,*,#4661,.F.);
#4661 = EDGE_CURVE('',#4653,#4651,#4662,.T.);
#4662 = LINE('',#4663,#4664);
#4663 = CARTESIAN_POINT('',(0.420815280171,-16.5,-16.));
#4664 = VECTOR('',#4665,1.);
#4665 = DIRECTION('',(-3.140184917368E-16,0.,-1.));
#4666 = FACE_BOUND('',#4667,.F.);
#4667 = EDGE_LOOP('',(#4668,#4679,#4688));
#4668 = ORIENTED_EDGE('',*,*,#4669,.F.);
#4669 = EDGE_CURVE('',#4670,#4672,#4674,.T.);
#4670 = VERTEX_POINT('',#4671);
#4671 = CARTESIAN_POINT('',(4.587005768509,-16.5,-9.5));
#4672 = VERTEX_POINT('',#4673);
#4673 = CARTESIAN_POINT('',(-0.420815280171,-16.5,-10.45755324534));
#4674 = ELLIPSE('',#4675,2.687005768509,1.9);
#4675 = AXIS2_PLACEMENT_3D('',#4676,#4677,#4678);
#4676 = CARTESIAN_POINT('',(1.9,-16.5,-9.5));
#4677 = DIRECTION('',(-0.,1.,0.));
#4678 = DIRECTION('',(1.,0.,3.140184917368E-16));
#4679 = ORIENTED_EDGE('',*,*,#4680,.F.);
#4680 = EDGE_CURVE('',#4681,#4670,#4683,.T.);
#4681 = VERTEX_POINT('',#4682);
#4682 = CARTESIAN_POINT('',(-0.420815280171,-16.5,-8.54244675466));
#4683 = ELLIPSE('',#4684,2.687005768509,1.9);
#4684 = AXIS2_PLACEMENT_3D('',#4685,#4686,#4687);
#4685 = CARTESIAN_POINT('',(1.9,-16.5,-9.5));
#4686 = DIRECTION('',(-0.,1.,0.));
#4687 = DIRECTION('',(1.,0.,3.140184917368E-16));
#4688 = ORIENTED_EDGE('',*,*,#4689,.F.);
#4689 = EDGE_CURVE('',#4672,#4681,#4690,.T.);
#4690 = LINE('',#4691,#4692);
#4691 = CARTESIAN_POINT('',(-0.420815280171,-16.5,-13.75));
#4692 = VECTOR('',#4693,1.);
#4693 = DIRECTION('',(-3.140184917368E-16,0.,1.));
#4694 = PLANE('',#4695);
#4695 = AXIS2_PLACEMENT_3D('',#4696,#4697,#4698);
#4696 = CARTESIAN_POINT('',(-17.,-16.5,-18.));
#4697 = DIRECTION('',(0.,1.,0.));
#4698 = DIRECTION('',(0.,0.,1.));
#4699 = ADVANCED_FACE('',(#4700),#4718,.F.);
#4700 = FACE_BOUND('',#4701,.F.);
#4701 = EDGE_LOOP('',(#4702,#4710,#4716,#4717));
#4702 = ORIENTED_EDGE('',*,*,#4703,.F.);
#4703 = EDGE_CURVE('',#4704,#4635,#4706,.T.);
#4704 = VERTEX_POINT('',#4705);
#4705 = CARTESIAN_POINT('',(-16.41421356237,-13.08578643762,-17.6));
#4706 = LINE('',#4707,#4708);
#4707 = CARTESIAN_POINT('',(-15.9,-13.6,-17.6));
#4708 = VECTOR('',#4709,1.);
#4709 = DIRECTION('',(0.707106781187,-0.707106781187,-1.922962686384E-16
    ));
#4710 = ORIENTED_EDGE('',*,*,#4711,.T.);
#4711 = EDGE_CURVE('',#4704,#3637,#4712,.T.);
#4712 = LINE('',#4713,#4714);
#4713 = CARTESIAN_POINT('',(-16.41421356237,-13.08578643762,-17.6));
#4714 = VECTOR('',#4715,1.);
#4715 = DIRECTION('',(0.,0.,1.));
#4716 = ORIENTED_EDGE('',*,*,#3645,.T.);
#4717 = ORIENTED_EDGE('',*,*,#4642,.F.);
#4718 = PLANE('',#4719);
#4719 = AXIS2_PLACEMENT_3D('',#4720,#4721,#4722);
#4720 = CARTESIAN_POINT('',(-15.,-14.5,-18.));
#4721 = DIRECTION('',(0.707106781187,0.707106781187,0.));
#4722 = DIRECTION('',(0.,0.,1.));
#4723 = ADVANCED_FACE('',(#4724),#4745,.T.);
#4724 = FACE_BOUND('',#4725,.T.);
#4725 = EDGE_LOOP('',(#4726,#4735,#4742,#4743,#4744));
#4726 = ORIENTED_EDGE('',*,*,#4727,.T.);
#4727 = EDGE_CURVE('',#4442,#4728,#4730,.T.);
#4728 = VERTEX_POINT('',#4729);
#4729 = CARTESIAN_POINT('',(-16.82035944224,-12.5,-17.77964055775));
#4730 = ELLIPSE('',#4731,2.828427124746,2.);
#4731 = AXIS2_PLACEMENT_3D('',#4732,#4733,#4734);
#4732 = CARTESIAN_POINT('',(-15.,-11.67157287525,-19.6));
#4733 = DIRECTION('',(0.707106781187,0.,0.707106781187));
#4734 = DIRECTION('',(-0.707106781187,0.,0.707106781187));
#4735 = ORIENTED_EDGE('',*,*,#4736,.T.);
#4736 = EDGE_CURVE('',#4728,#4704,#4737,.T.);
#4737 = ELLIPSE('',#4738,3.464101615138,2.);
#4738 = AXIS2_PLACEMENT_3D('',#4739,#4740,#4741);
#4739 = CARTESIAN_POINT('',(-15.,-11.67157287525,-20.42842712474));
#4740 = DIRECTION('',(0.57735026919,0.57735026919,0.57735026919));
#4741 = DIRECTION('',(-0.408248290464,-0.408248290464,0.816496580928));
#4742 = ORIENTED_EDGE('',*,*,#4711,.T.);
#4743 = ORIENTED_EDGE('',*,*,#3636,.F.);
#4744 = ORIENTED_EDGE('',*,*,#4449,.F.);
#4745 = CYLINDRICAL_SURFACE('',#4746,2.);
#4746 = AXIS2_PLACEMENT_3D('',#4747,#4748,#4749);
#4747 = CARTESIAN_POINT('',(-15.,-11.67157287525,-17.6));
#4748 = DIRECTION('',(0.,0.,1.));
#4749 = DIRECTION('',(-1.,0.,0.));
#4750 = ADVANCED_FACE('',(#4751),#4770,.F.);
#4751 = FACE_BOUND('',#4752,.T.);
#4752 = EDGE_LOOP('',(#4753,#4761,#4768,#4769));
#4753 = ORIENTED_EDGE('',*,*,#4754,.F.);
#4754 = EDGE_CURVE('',#4755,#3759,#4757,.T.);
#4755 = VERTEX_POINT('',#4756);
#4756 = CARTESIAN_POINT('',(-9.1,-10.95,2.));
#4757 = LINE('',#4758,#4759);
#4758 = CARTESIAN_POINT('',(-9.1,-10.95,2.));
#4759 = VECTOR('',#4760,1.);
#4760 = DIRECTION('',(-2.719262146894E-32,1.,2.22044604925E-16));
#4761 = ORIENTED_EDGE('',*,*,#4762,.F.);
#4762 = EDGE_CURVE('',#4755,#4755,#4763,.T.);
#4763 = CIRCLE('',#4764,2.35);
#4764 = AXIS2_PLACEMENT_3D('',#4765,#4766,#4767);
#4765 = CARTESIAN_POINT('',(-6.75,-10.95,2.));
#4766 = DIRECTION('',(-2.719262146894E-32,1.,2.22044604925E-16));
#4767 = DIRECTION('',(-1.,0.,-1.224646799147E-16));
#4768 = ORIENTED_EDGE('',*,*,#4754,.T.);
#4769 = ORIENTED_EDGE('',*,*,#3758,.F.);
#4770 = CYLINDRICAL_SURFACE('',#4771,2.35);
#4771 = AXIS2_PLACEMENT_3D('',#4772,#4773,#4774);
#4772 = CARTESIAN_POINT('',(-6.75,-10.95,2.));
#4773 = DIRECTION('',(2.719262146894E-32,-1.,-2.22044604925E-16));
#4774 = DIRECTION('',(-1.,0.,-1.224646799147E-16));
#4775 = ADVANCED_FACE('',(#4776),#4795,.F.);
#4776 = FACE_BOUND('',#4777,.T.);
#4777 = EDGE_LOOP('',(#4778,#4786,#4793,#4794));
#4778 = ORIENTED_EDGE('',*,*,#4779,.F.);
#4779 = EDGE_CURVE('',#4780,#3770,#4782,.T.);
#4780 = VERTEX_POINT('',#4781);
#4781 = CARTESIAN_POINT('',(9.1,-10.95,2.));
#4782 = LINE('',#4783,#4784);
#4783 = CARTESIAN_POINT('',(9.1,-10.95,2.));
#4784 = VECTOR('',#4785,1.);
#4785 = DIRECTION('',(0.,1.,-2.22044604925E-16));
#4786 = ORIENTED_EDGE('',*,*,#4787,.F.);
#4787 = EDGE_CURVE('',#4780,#4780,#4788,.T.);
#4788 = CIRCLE('',#4789,2.35);
#4789 = AXIS2_PLACEMENT_3D('',#4790,#4791,#4792);
#4790 = CARTESIAN_POINT('',(6.75,-10.95,2.));
#4791 = DIRECTION('',(0.,1.,-2.22044604925E-16));
#4792 = DIRECTION('',(1.,0.,0.));
#4793 = ORIENTED_EDGE('',*,*,#4779,.T.);
#4794 = ORIENTED_EDGE('',*,*,#3769,.F.);
#4795 = CYLINDRICAL_SURFACE('',#4796,2.35);
#4796 = AXIS2_PLACEMENT_3D('',#4797,#4798,#4799);
#4797 = CARTESIAN_POINT('',(6.75,-10.95,2.));
#4798 = DIRECTION('',(-0.,-1.,2.22044604925E-16));
#4799 = DIRECTION('',(1.,0.,0.));
#4800 = ADVANCED_FACE('',(#4801,#4804),#4807,.T.);
#4801 = FACE_BOUND('',#4802,.T.);
#4802 = EDGE_LOOP('',(#4803));
#4803 = ORIENTED_EDGE('',*,*,#4762,.T.);
#4804 = FACE_BOUND('',#4805,.T.);
#4805 = EDGE_LOOP('',(#4806));
#4806 = ORIENTED_EDGE('',*,*,#3813,.T.);
#4807 = PLANE('',#4808);
#4808 = AXIS2_PLACEMENT_3D('',#4809,#4810,#4811);
#4809 = CARTESIAN_POINT('',(-6.75,-10.95,2.));
#4810 = DIRECTION('',(-2.719262146894E-32,1.,2.22044604925E-16));
#4811 = DIRECTION('',(-1.,0.,-1.224646799147E-16));
#4812 = ADVANCED_FACE('',(#4813,#4816),#4819,.T.);
#4813 = FACE_BOUND('',#4814,.T.);
#4814 = EDGE_LOOP('',(#4815));
#4815 = ORIENTED_EDGE('',*,*,#4787,.T.);
#4816 = FACE_BOUND('',#4817,.T.);
#4817 = EDGE_LOOP('',(#4818));
#4818 = ORIENTED_EDGE('',*,*,#3838,.T.);
#4819 = PLANE('',#4820);
#4820 = AXIS2_PLACEMENT_3D('',#4821,#4822,#4823);
#4821 = CARTESIAN_POINT('',(6.75,-10.95,2.));
#4822 = DIRECTION('',(0.,1.,-2.22044604925E-16));
#4823 = DIRECTION('',(1.,0.,0.));
#4824 = ADVANCED_FACE('',(#4825),#4844,.F.);
#4825 = FACE_BOUND('',#4826,.T.);
#4826 = EDGE_LOOP('',(#4827,#4828,#4836,#4843));
#4827 = ORIENTED_EDGE('',*,*,#3853,.F.);
#4828 = ORIENTED_EDGE('',*,*,#4829,.T.);
#4829 = EDGE_CURVE('',#3854,#4830,#4832,.T.);
#4830 = VERTEX_POINT('',#4831);
#4831 = CARTESIAN_POINT('',(-10.35,-11.65,14.25));
#4832 = LINE('',#4833,#4834);
#4833 = CARTESIAN_POINT('',(-10.35,-12.65,14.25));
#4834 = VECTOR('',#4835,1.);
#4835 = DIRECTION('',(0.,1.,-2.22044604925E-16));
#4836 = ORIENTED_EDGE('',*,*,#4837,.F.);
#4837 = EDGE_CURVE('',#4830,#4830,#4838,.T.);
#4838 = CIRCLE('',#4839,2.15);
#4839 = AXIS2_PLACEMENT_3D('',#4840,#4841,#4842);
#4840 = CARTESIAN_POINT('',(-12.5,-11.65,14.25));
#4841 = DIRECTION('',(0.,-1.,2.22044604925E-16));
#4842 = DIRECTION('',(1.,0.,0.));
#4843 = ORIENTED_EDGE('',*,*,#4829,.F.);
#4844 = CYLINDRICAL_SURFACE('',#4845,2.15);
#4845 = AXIS2_PLACEMENT_3D('',#4846,#4847,#4848);
#4846 = CARTESIAN_POINT('',(-12.5,-12.65,14.25));
#4847 = DIRECTION('',(-0.,-1.,2.22044604925E-16));
#4848 = DIRECTION('',(1.,0.,0.));
#4849 = ADVANCED_FACE('',(#4850),#4869,.F.);
#4850 = FACE_BOUND('',#4851,.T.);
#4851 = EDGE_LOOP('',(#4852,#4853,#4861,#4868));
#4852 = ORIENTED_EDGE('',*,*,#3873,.F.);
#4853 = ORIENTED_EDGE('',*,*,#4854,.T.);
#4854 = EDGE_CURVE('',#3874,#4855,#4857,.T.);
#4855 = VERTEX_POINT('',#4856);
#4856 = CARTESIAN_POINT('',(14.65,-11.65,14.25));
#4857 = LINE('',#4858,#4859);
#4858 = CARTESIAN_POINT('',(14.65,-12.65,14.25));
#4859 = VECTOR('',#4860,1.);
#4860 = DIRECTION('',(0.,1.,-2.22044604925E-16));
#4861 = ORIENTED_EDGE('',*,*,#4862,.F.);
#4862 = EDGE_CURVE('',#4855,#4855,#4863,.T.);
#4863 = CIRCLE('',#4864,2.15);
#4864 = AXIS2_PLACEMENT_3D('',#4865,#4866,#4867);
#4865 = CARTESIAN_POINT('',(12.5,-11.65,14.25));
#4866 = DIRECTION('',(0.,-1.,2.22044604925E-16));
#4867 = DIRECTION('',(1.,0.,0.));
#4868 = ORIENTED_EDGE('',*,*,#4854,.F.);
#4869 = CYLINDRICAL_SURFACE('',#4870,2.15);
#4870 = AXIS2_PLACEMENT_3D('',#4871,#4872,#4873);
#4871 = CARTESIAN_POINT('',(12.5,-12.65,14.25));
#4872 = DIRECTION('',(-0.,-1.,2.22044604925E-16));
#4873 = DIRECTION('',(1.,0.,0.));
#4874 = ADVANCED_FACE('',(#4875),#4894,.F.);
#4875 = FACE_BOUND('',#4876,.F.);
#4876 = EDGE_LOOP('',(#4877,#4885,#4886,#4887));
#4877 = ORIENTED_EDGE('',*,*,#4878,.T.);
#4878 = EDGE_CURVE('',#4879,#4050,#4881,.T.);
#4879 = VERTEX_POINT('',#4880);
#4880 = CARTESIAN_POINT('',(12.850000006178,4.499999997696,24.174669945)
  );
#4881 = LINE('',#4882,#4883);
#4882 = CARTESIAN_POINT('',(12.850000006178,4.499999997696,24.174669945)
  );
#4883 = VECTOR('',#4884,1.);
#4884 = DIRECTION('',(1.792871406892E-10,1.,0.));
#4885 = ORIENTED_EDGE('',*,*,#4059,.F.);
#4886 = ORIENTED_EDGE('',*,*,#4878,.F.);
#4887 = ORIENTED_EDGE('',*,*,#4888,.T.);
#4888 = EDGE_CURVE('',#4879,#4879,#4889,.T.);
#4889 = CIRCLE('',#4890,2.35);
#4890 = AXIS2_PLACEMENT_3D('',#4891,#4892,#4893);
#4891 = CARTESIAN_POINT('',(12.850000006178,4.499999997696,21.824669945)
  );
#4892 = DIRECTION('',(1.792871406892E-10,1.,0.));
#4893 = DIRECTION('',(0.,0.,-1.));
#4894 = CYLINDRICAL_SURFACE('',#4895,2.35);
#4895 = AXIS2_PLACEMENT_3D('',#4896,#4897,#4898);
#4896 = CARTESIAN_POINT('',(12.850000006178,4.499999997696,21.824669945)
  );
#4897 = DIRECTION('',(1.792871406892E-10,1.,0.));
#4898 = DIRECTION('',(0.,0.,-1.));
#4899 = ADVANCED_FACE('',(#4900),#4919,.F.);
#4900 = FACE_BOUND('',#4901,.F.);
#4901 = EDGE_LOOP('',(#4902,#4910,#4911,#4912));
#4902 = ORIENTED_EDGE('',*,*,#4903,.T.);
#4903 = EDGE_CURVE('',#4904,#4075,#4906,.T.);
#4904 = VERTEX_POINT('',#4905);
#4905 = CARTESIAN_POINT('',(-12.84999999382,4.500000002304,24.174669945)
  );
#4906 = LINE('',#4907,#4908);
#4907 = CARTESIAN_POINT('',(-12.84999999382,4.500000002304,24.174669945)
  );
#4908 = VECTOR('',#4909,1.);
#4909 = DIRECTION('',(1.792871406892E-10,1.,0.));
#4910 = ORIENTED_EDGE('',*,*,#4084,.F.);
#4911 = ORIENTED_EDGE('',*,*,#4903,.F.);
#4912 = ORIENTED_EDGE('',*,*,#4913,.T.);
#4913 = EDGE_CURVE('',#4904,#4904,#4914,.T.);
#4914 = CIRCLE('',#4915,2.35);
#4915 = AXIS2_PLACEMENT_3D('',#4916,#4917,#4918);
#4916 = CARTESIAN_POINT('',(-12.84999999382,4.500000002304,21.824669945)
  );
#4917 = DIRECTION('',(1.792871406892E-10,1.,0.));
#4918 = DIRECTION('',(0.,0.,-1.));
#4919 = CYLINDRICAL_SURFACE('',#4920,2.35);
#4920 = AXIS2_PLACEMENT_3D('',#4921,#4922,#4923);
#4921 = CARTESIAN_POINT('',(-12.84999999382,4.500000002304,21.824669945)
  );
#4922 = DIRECTION('',(1.792871406892E-10,1.,0.));
#4923 = DIRECTION('',(0.,0.,-1.));
#4924 = ADVANCED_FACE('',(#4925,#4928),#4931,.T.);
#4925 = FACE_BOUND('',#4926,.T.);
#4926 = EDGE_LOOP('',(#4927));
#4927 = ORIENTED_EDGE('',*,*,#4304,.F.);
#4928 = FACE_BOUND('',#4929,.T.);
#4929 = EDGE_LOOP('',(#4930));
#4930 = ORIENTED_EDGE('',*,*,#4363,.T.);
#4931 = PLANE('',#4932);
#4932 = AXIS2_PLACEMENT_3D('',#4933,#4934,#4935);
#4933 = CARTESIAN_POINT('',(15.400000006895,8.499999997239,19.5));
#4934 = DIRECTION('',(1.2E-16,-2.15144568827E-26,1.));
#4935 = DIRECTION('',(1.792871406892E-10,1.,0.));
#4936 = ADVANCED_FACE('',(#4937),#4956,.F.);
#4937 = FACE_BOUND('',#4938,.T.);
#4938 = EDGE_LOOP('',(#4939,#4948,#4954,#4955));
#4939 = ORIENTED_EDGE('',*,*,#4940,.F.);
#4940 = EDGE_CURVE('',#4941,#4941,#4943,.T.);
#4941 = VERTEX_POINT('',#4942);
#4942 = CARTESIAN_POINT('',(-10.15,-11.65,14.25));
#4943 = CIRCLE('',#4944,2.35);
#4944 = AXIS2_PLACEMENT_3D('',#4945,#4946,#4947);
#4945 = CARTESIAN_POINT('',(-12.5,-11.65,14.25));
#4946 = DIRECTION('',(0.,1.,-2.22044604925E-16));
#4947 = DIRECTION('',(1.,0.,0.));
#4948 = ORIENTED_EDGE('',*,*,#4949,.T.);
#4949 = EDGE_CURVE('',#4941,#4339,#4950,.T.);
#4950 = LINE('',#4951,#4952);
#4951 = CARTESIAN_POINT('',(-10.15,-11.65,14.25));
#4952 = VECTOR('',#4953,1.);
#4953 = DIRECTION('',(0.,1.,-2.22044604925E-16));
#4954 = ORIENTED_EDGE('',*,*,#4338,.F.);
#4955 = ORIENTED_EDGE('',*,*,#4949,.F.);
#4956 = CYLINDRICAL_SURFACE('',#4957,2.35);
#4957 = AXIS2_PLACEMENT_3D('',#4958,#4959,#4960);
#4958 = CARTESIAN_POINT('',(-12.5,-11.65,14.25));
#4959 = DIRECTION('',(-0.,-1.,2.22044604925E-16));
#4960 = DIRECTION('',(1.,0.,0.));
#4961 = ADVANCED_FACE('',(#4962),#4981,.F.);
#4962 = FACE_BOUND('',#4963,.T.);
#4963 = EDGE_LOOP('',(#4964,#4973,#4979,#4980));
#4964 = ORIENTED_EDGE('',*,*,#4965,.F.);
#4965 = EDGE_CURVE('',#4966,#4966,#4968,.T.);
#4966 = VERTEX_POINT('',#4967);
#4967 = CARTESIAN_POINT('',(14.85,-11.65,14.25));
#4968 = CIRCLE('',#4969,2.35);
#4969 = AXIS2_PLACEMENT_3D('',#4970,#4971,#4972);
#4970 = CARTESIAN_POINT('',(12.5,-11.65,14.25));
#4971 = DIRECTION('',(0.,1.,-2.22044604925E-16));
#4972 = DIRECTION('',(1.,0.,0.));
#4973 = ORIENTED_EDGE('',*,*,#4974,.T.);
#4974 = EDGE_CURVE('',#4966,#4384,#4975,.T.);
#4975 = LINE('',#4976,#4977);
#4976 = CARTESIAN_POINT('',(14.85,-11.65,14.25));
#4977 = VECTOR('',#4978,1.);
#4978 = DIRECTION('',(0.,1.,-2.22044604925E-16));
#4979 = ORIENTED_EDGE('',*,*,#4383,.F.);
#4980 = ORIENTED_EDGE('',*,*,#4974,.F.);
#4981 = CYLINDRICAL_SURFACE('',#4982,2.35);
#4982 = AXIS2_PLACEMENT_3D('',#4983,#4984,#4985);
#4983 = CARTESIAN_POINT('',(12.5,-11.65,14.25));
#4984 = DIRECTION('',(-0.,-1.,2.22044604925E-16));
#4985 = DIRECTION('',(1.,0.,0.));
#4986 = ADVANCED_FACE('',(#4987),#5013,.F.);
#4987 = FACE_BOUND('',#4988,.T.);
#4988 = EDGE_LOOP('',(#4989,#4997,#4998,#4999,#5007));
#4989 = ORIENTED_EDGE('',*,*,#4990,.T.);
#4990 = EDGE_CURVE('',#4991,#4728,#4993,.T.);
#4991 = VERTEX_POINT('',#4992);
#4992 = CARTESIAN_POINT('',(-16.6,-12.5,-18.));
#4993 = LINE('',#4994,#4995);
#4994 = CARTESIAN_POINT('',(-16.7,-12.5,-17.9));
#4995 = VECTOR('',#4996,1.);
#4996 = DIRECTION('',(-0.707106781187,0.,0.707106781187));
#4997 = ORIENTED_EDGE('',*,*,#4727,.F.);
#4998 = ORIENTED_EDGE('',*,*,#4441,.T.);
#4999 = ORIENTED_EDGE('',*,*,#5000,.F.);
#5000 = EDGE_CURVE('',#5001,#4434,#5003,.T.);
#5001 = VERTEX_POINT('',#5002);
#5002 = CARTESIAN_POINT('',(-16.6,-9.9,-18.));
#5003 = LINE('',#5004,#5005);
#5004 = CARTESIAN_POINT('',(-16.7,-9.9,-17.9));
#5005 = VECTOR('',#5006,1.);
#5006 = DIRECTION('',(-0.707106781187,0.,0.707106781187));
#5007 = ORIENTED_EDGE('',*,*,#5008,.F.);
#5008 = EDGE_CURVE('',#4991,#5001,#5009,.T.);
#5009 = LINE('',#5010,#5011);
#5010 = CARTESIAN_POINT('',(-16.6,-16.5,-18.));
#5011 = VECTOR('',#5012,1.);
#5012 = DIRECTION('',(0.,1.,0.));
#5013 = PLANE('',#5014);
#5014 = AXIS2_PLACEMENT_3D('',#5015,#5016,#5017);
#5015 = CARTESIAN_POINT('',(-16.8,-16.5,-17.8));
#5016 = DIRECTION('',(0.707106781187,0.,0.707106781187));
#5017 = DIRECTION('',(0.,-1.,0.));
#5018 = ADVANCED_FACE('',(#5019),#5037,.T.);
#5019 = FACE_BOUND('',#5020,.F.);
#5020 = EDGE_LOOP('',(#5021,#5022,#5023,#5031));
#5021 = ORIENTED_EDGE('',*,*,#4463,.F.);
#5022 = ORIENTED_EDGE('',*,*,#4409,.T.);
#5023 = ORIENTED_EDGE('',*,*,#5024,.T.);
#5024 = EDGE_CURVE('',#4410,#5025,#5027,.T.);
#5025 = VERTEX_POINT('',#5026);
#5026 = CARTESIAN_POINT('',(-16.6,7.1,-10.45));
#5027 = LINE('',#5028,#5029);
#5028 = CARTESIAN_POINT('',(-16.8,7.1,-10.65));
#5029 = VECTOR('',#5030,1.);
#5030 = DIRECTION('',(0.707106781187,-7.787998879853E-15,0.707106781187)
  );
#5031 = ORIENTED_EDGE('',*,*,#5032,.F.);
#5032 = EDGE_CURVE('',#4464,#5025,#5033,.T.);
#5033 = LINE('',#5034,#5035);
#5034 = CARTESIAN_POINT('',(-16.6,-9.5,-10.45));
#5035 = VECTOR('',#5036,1.);
#5036 = DIRECTION('',(0.,1.,0.));
#5037 = PLANE('',#5038);
#5038 = AXIS2_PLACEMENT_3D('',#5039,#5040,#5041);
#5039 = CARTESIAN_POINT('',(-16.8,-9.5,-10.65));
#5040 = DIRECTION('',(-0.707106781187,0.,0.707106781187));
#5041 = DIRECTION('',(-0.,-1.,-0.));
#5042 = ADVANCED_FACE('',(#5043),#5068,.T.);
#5043 = FACE_BOUND('',#5044,.F.);
#5044 = EDGE_LOOP('',(#5045,#5055,#5061,#5062));
#5045 = ORIENTED_EDGE('',*,*,#5046,.T.);
#5046 = EDGE_CURVE('',#5047,#5049,#5051,.T.);
#5047 = VERTEX_POINT('',#5048);
#5048 = CARTESIAN_POINT('',(-16.6,-9.5,-17.6));
#5049 = VERTEX_POINT('',#5050);
#5050 = CARTESIAN_POINT('',(-16.6,-9.5,-13.5));
#5051 = LINE('',#5052,#5053);
#5052 = CARTESIAN_POINT('',(-16.6,-9.5,-18.));
#5053 = VECTOR('',#5054,1.);
#5054 = DIRECTION('',(0.,0.,1.));
#5055 = ORIENTED_EDGE('',*,*,#5056,.T.);
#5056 = EDGE_CURVE('',#5049,#4426,#5057,.T.);
#5057 = LINE('',#5058,#5059);
#5058 = CARTESIAN_POINT('',(-15.98333333333,-8.883333333333,
    -14.11666666666));
#5059 = VECTOR('',#5060,1.);
#5060 = DIRECTION('',(-0.57735026919,-0.57735026919,0.57735026919));
#5061 = ORIENTED_EDGE('',*,*,#4433,.F.);
#5062 = ORIENTED_EDGE('',*,*,#5063,.F.);
#5063 = EDGE_CURVE('',#5047,#4434,#5064,.T.);
#5064 = LINE('',#5065,#5066);
#5065 = CARTESIAN_POINT('',(-16.8,-9.7,-17.6));
#5066 = VECTOR('',#5067,1.);
#5067 = DIRECTION('',(-0.707106781187,-0.707106781187,9.422517163279E-15
    ));
#5068 = PLANE('',#5069);
#5069 = AXIS2_PLACEMENT_3D('',#5070,#5071,#5072);
#5070 = CARTESIAN_POINT('',(-16.8,-9.7,-18.));
#5071 = DIRECTION('',(-0.707106781187,0.707106781187,0.));
#5072 = DIRECTION('',(-0.,-0.,-1.));
#5073 = ADVANCED_FACE('',(#5074),#5099,.T.);
#5074 = FACE_BOUND('',#5075,.T.);
#5075 = EDGE_LOOP('',(#5076,#5084,#5085,#5093));
#5076 = ORIENTED_EDGE('',*,*,#5077,.T.);
#5077 = EDGE_CURVE('',#5078,#4418,#5080,.T.);
#5078 = VERTEX_POINT('',#5079);
#5079 = CARTESIAN_POINT('',(-16.6,7.5,-13.5));
#5080 = LINE('',#5081,#5082);
#5081 = CARTESIAN_POINT('',(-19.56666666666,4.533333333333,
    -10.53333333333));
#5082 = VECTOR('',#5083,1.);
#5083 = DIRECTION('',(-0.57735026919,-0.57735026919,0.57735026919));
#5084 = ORIENTED_EDGE('',*,*,#4417,.T.);
#5085 = ORIENTED_EDGE('',*,*,#5086,.F.);
#5086 = EDGE_CURVE('',#5087,#4410,#5089,.T.);
#5087 = VERTEX_POINT('',#5088);
#5088 = CARTESIAN_POINT('',(-16.6,7.5,-10.85));
#5089 = LINE('',#5090,#5091);
#5090 = CARTESIAN_POINT('',(-16.7,7.4,-10.85));
#5091 = VECTOR('',#5092,1.);
#5092 = DIRECTION('',(-0.707106781187,-0.707106781187,4.71125858164E-15)
  );
#5093 = ORIENTED_EDGE('',*,*,#5094,.F.);
#5094 = EDGE_CURVE('',#5078,#5087,#5095,.T.);
#5095 = LINE('',#5096,#5097);
#5096 = CARTESIAN_POINT('',(-16.6,7.5,-13.5));
#5097 = VECTOR('',#5098,1.);
#5098 = DIRECTION('',(0.,0.,1.));
#5099 = PLANE('',#5100);
#5100 = AXIS2_PLACEMENT_3D('',#5101,#5102,#5103);
#5101 = CARTESIAN_POINT('',(-16.8,7.3,-13.5));
#5102 = DIRECTION('',(-0.707106781187,0.707106781187,0.));
#5103 = DIRECTION('',(0.,0.,1.));
#5104 = ADVANCED_FACE('',(#5105),#5116,.F.);
#5105 = FACE_BOUND('',#5106,.F.);
#5106 = EDGE_LOOP('',(#5107,#5108,#5114,#5115));
#5107 = ORIENTED_EDGE('',*,*,#5056,.F.);
#5108 = ORIENTED_EDGE('',*,*,#5109,.T.);
#5109 = EDGE_CURVE('',#5049,#5078,#5110,.T.);
#5110 = LINE('',#5111,#5112);
#5111 = CARTESIAN_POINT('',(-16.6,-9.5,-13.5));
#5112 = VECTOR('',#5113,1.);
#5113 = DIRECTION('',(0.,1.,0.));
#5114 = ORIENTED_EDGE('',*,*,#5077,.T.);
#5115 = ORIENTED_EDGE('',*,*,#4425,.F.);
#5116 = PLANE('',#5117);
#5117 = AXIS2_PLACEMENT_3D('',#5118,#5119,#5120);
#5118 = CARTESIAN_POINT('',(-16.8,-9.5,-13.3));
#5119 = DIRECTION('',(0.707106781187,0.,0.707106781187));
#5120 = DIRECTION('',(0.,1.,0.));
#5121 = ADVANCED_FACE('',(#5122,#5145,#5156,#5167,#5178),#5189,.T.);
#5122 = FACE_BOUND('',#5123,.T.);
#5123 = EDGE_LOOP('',(#5124,#5130,#5138,#5144));
#5124 = ORIENTED_EDGE('',*,*,#5125,.T.);
#5125 = EDGE_CURVE('',#4464,#4490,#5126,.T.);
#5126 = LINE('',#5127,#5128);
#5127 = CARTESIAN_POINT('',(-17.,-9.5,-10.45));
#5128 = VECTOR('',#5129,1.);
#5129 = DIRECTION('',(1.,0.,0.));
#5130 = ORIENTED_EDGE('',*,*,#5131,.T.);
#5131 = EDGE_CURVE('',#4490,#5132,#5134,.T.);
#5132 = VERTEX_POINT('',#5133);
#5133 = CARTESIAN_POINT('',(16.6,7.1,-10.45));
#5134 = LINE('',#5135,#5136);
#5135 = CARTESIAN_POINT('',(16.6,-9.5,-10.45));
#5136 = VECTOR('',#5137,1.);
#5137 = DIRECTION('',(0.,1.,0.));
#5138 = ORIENTED_EDGE('',*,*,#5139,.F.);
#5139 = EDGE_CURVE('',#5025,#5132,#5140,.T.);
#5140 = LINE('',#5141,#5142);
#5141 = CARTESIAN_POINT('',(-17.,7.1,-10.45));
#5142 = VECTOR('',#5143,1.);
#5143 = DIRECTION('',(1.,0.,0.));
#5144 = ORIENTED_EDGE('',*,*,#5032,.F.);
#5145 = FACE_BOUND('',#5146,.T.);
#5146 = EDGE_LOOP('',(#5147));
#5147 = ORIENTED_EDGE('',*,*,#5148,.T.);
#5148 = EDGE_CURVE('',#5149,#5149,#5151,.T.);
#5149 = VERTEX_POINT('',#5150);
#5150 = CARTESIAN_POINT('',(-5.4,-7.,-10.45));
#5151 = CIRCLE('',#5152,1.1);
#5152 = AXIS2_PLACEMENT_3D('',#5153,#5154,#5155);
#5153 = CARTESIAN_POINT('',(-6.5,-7.,-10.45));
#5154 = DIRECTION('',(0.,0.,-1.));
#5155 = DIRECTION('',(1.,0.,0.));
#5156 = FACE_BOUND('',#5157,.T.);
#5157 = EDGE_LOOP('',(#5158));
#5158 = ORIENTED_EDGE('',*,*,#5159,.T.);
#5159 = EDGE_CURVE('',#5160,#5160,#5162,.T.);
#5160 = VERTEX_POINT('',#5161);
#5161 = CARTESIAN_POINT('',(7.6,-7.,-10.45));
#5162 = CIRCLE('',#5163,1.1);
#5163 = AXIS2_PLACEMENT_3D('',#5164,#5165,#5166);
#5164 = CARTESIAN_POINT('',(6.5,-7.,-10.45));
#5165 = DIRECTION('',(0.,0.,-1.));
#5166 = DIRECTION('',(1.,0.,0.));
#5167 = FACE_BOUND('',#5168,.T.);
#5168 = EDGE_LOOP('',(#5169));
#5169 = ORIENTED_EDGE('',*,*,#5170,.T.);
#5170 = EDGE_CURVE('',#5171,#5171,#5173,.T.);
#5171 = VERTEX_POINT('',#5172);
#5172 = CARTESIAN_POINT('',(-5.4,5.,-10.45));
#5173 = CIRCLE('',#5174,1.1);
#5174 = AXIS2_PLACEMENT_3D('',#5175,#5176,#5177);
#5175 = CARTESIAN_POINT('',(-6.5,5.,-10.45));
#5176 = DIRECTION('',(0.,0.,-1.));
#5177 = DIRECTION('',(1.,0.,0.));
#5178 = FACE_BOUND('',#5179,.T.);
#5179 = EDGE_LOOP('',(#5180));
#5180 = ORIENTED_EDGE('',*,*,#5181,.T.);
#5181 = EDGE_CURVE('',#5182,#5182,#5184,.T.);
#5182 = VERTEX_POINT('',#5183);
#5183 = CARTESIAN_POINT('',(7.6,5.,-10.45));
#5184 = CIRCLE('',#5185,1.1);
#5185 = AXIS2_PLACEMENT_3D('',#5186,#5187,#5188);
#5186 = CARTESIAN_POINT('',(6.5,5.,-10.45));
#5187 = DIRECTION('',(0.,0.,-1.));
#5188 = DIRECTION('',(1.,0.,0.));
#5189 = PLANE('',#5190);
#5190 = AXIS2_PLACEMENT_3D('',#5191,#5192,#5193);
#5191 = CARTESIAN_POINT('',(-17.,-16.5,-10.45));
#5192 = DIRECTION('',(0.,0.,1.));
#5193 = DIRECTION('',(1.,0.,0.));
#5194 = ADVANCED_FACE('',(#5195),#5206,.T.);
#5195 = FACE_BOUND('',#5196,.T.);
#5196 = EDGE_LOOP('',(#5197,#5198,#5199,#5205));
#5197 = ORIENTED_EDGE('',*,*,#4487,.F.);
#5198 = ORIENTED_EDGE('',*,*,#4559,.T.);
#5199 = ORIENTED_EDGE('',*,*,#5200,.F.);
#5200 = EDGE_CURVE('',#5132,#4552,#5201,.T.);
#5201 = LINE('',#5202,#5203);
#5202 = CARTESIAN_POINT('',(16.7,7.1,-10.55));
#5203 = VECTOR('',#5204,1.);
#5204 = DIRECTION('',(0.707106781187,7.884147014173E-15,-0.707106781187)
  );
#5205 = ORIENTED_EDGE('',*,*,#5131,.F.);
#5206 = PLANE('',#5207);
#5207 = AXIS2_PLACEMENT_3D('',#5208,#5209,#5210);
#5208 = CARTESIAN_POINT('',(16.8,-9.5,-10.65));
#5209 = DIRECTION('',(0.707106781187,0.,0.707106781187));
#5210 = DIRECTION('',(0.,1.,0.));
#5211 = ADVANCED_FACE('',(#5212),#5238,.F.);
#5212 = FACE_BOUND('',#5213,.F.);
#5213 = EDGE_LOOP('',(#5214,#5222,#5223,#5224,#5232));
#5214 = ORIENTED_EDGE('',*,*,#5215,.T.);
#5215 = EDGE_CURVE('',#5216,#4575,#5218,.T.);
#5216 = VERTEX_POINT('',#5217);
#5217 = CARTESIAN_POINT('',(16.6,-12.5,-18.));
#5218 = LINE('',#5219,#5220);
#5219 = CARTESIAN_POINT('',(16.7,-12.5,-17.9));
#5220 = VECTOR('',#5221,1.);
#5221 = DIRECTION('',(0.707106781187,0.,0.707106781187));
#5222 = ORIENTED_EDGE('',*,*,#4574,.F.);
#5223 = ORIENTED_EDGE('',*,*,#4527,.T.);
#5224 = ORIENTED_EDGE('',*,*,#5225,.F.);
#5225 = EDGE_CURVE('',#5226,#4528,#5228,.T.);
#5226 = VERTEX_POINT('',#5227);
#5227 = CARTESIAN_POINT('',(16.6,-9.9,-18.));
#5228 = LINE('',#5229,#5230);
#5229 = CARTESIAN_POINT('',(16.7,-9.9,-17.9));
#5230 = VECTOR('',#5231,1.);
#5231 = DIRECTION('',(0.707106781187,0.,0.707106781187));
#5232 = ORIENTED_EDGE('',*,*,#5233,.F.);
#5233 = EDGE_CURVE('',#5216,#5226,#5234,.T.);
#5234 = LINE('',#5235,#5236);
#5235 = CARTESIAN_POINT('',(16.6,-16.5,-18.));
#5236 = VECTOR('',#5237,1.);
#5237 = DIRECTION('',(0.,1.,0.));
#5238 = PLANE('',#5239);
#5239 = AXIS2_PLACEMENT_3D('',#5240,#5241,#5242);
#5240 = CARTESIAN_POINT('',(16.8,-16.5,-17.8));
#5241 = DIRECTION('',(-0.707106781187,0.,0.707106781187));
#5242 = DIRECTION('',(0.,1.,0.));
#5243 = ADVANCED_FACE('',(#5244),#5269,.T.);
#5244 = FACE_BOUND('',#5245,.T.);
#5245 = EDGE_LOOP('',(#5246,#5256,#5262,#5263));
#5246 = ORIENTED_EDGE('',*,*,#5247,.T.);
#5247 = EDGE_CURVE('',#5248,#5250,#5252,.T.);
#5248 = VERTEX_POINT('',#5249);
#5249 = CARTESIAN_POINT('',(16.6,-9.5,-17.6));
#5250 = VERTEX_POINT('',#5251);
#5251 = CARTESIAN_POINT('',(16.6,-9.5,-13.5));
#5252 = LINE('',#5253,#5254);
#5253 = CARTESIAN_POINT('',(16.6,-9.5,-18.));
#5254 = VECTOR('',#5255,1.);
#5255 = DIRECTION('',(0.,0.,1.));
#5256 = ORIENTED_EDGE('',*,*,#5257,.T.);
#5257 = EDGE_CURVE('',#5250,#4536,#5258,.T.);
#5258 = LINE('',#5259,#5260);
#5259 = CARTESIAN_POINT('',(15.983333333333,-8.883333333333,
    -14.11666666666));
#5260 = VECTOR('',#5261,1.);
#5261 = DIRECTION('',(0.57735026919,-0.57735026919,0.57735026919));
#5262 = ORIENTED_EDGE('',*,*,#4535,.F.);
#5263 = ORIENTED_EDGE('',*,*,#5264,.F.);
#5264 = EDGE_CURVE('',#5248,#4528,#5265,.T.);
#5265 = LINE('',#5266,#5267);
#5266 = CARTESIAN_POINT('',(16.8,-9.7,-17.6));
#5267 = VECTOR('',#5268,1.);
#5268 = DIRECTION('',(0.707106781187,-0.707106781187,3.076740298214E-15)
  );
#5269 = PLANE('',#5270);
#5270 = AXIS2_PLACEMENT_3D('',#5271,#5272,#5273);
#5271 = CARTESIAN_POINT('',(16.8,-9.7,-18.));
#5272 = DIRECTION('',(0.707106781187,0.707106781187,0.));
#5273 = DIRECTION('',(0.,0.,1.));
#5274 = ADVANCED_FACE('',(#5275),#5300,.T.);
#5275 = FACE_BOUND('',#5276,.F.);
#5276 = EDGE_LOOP('',(#5277,#5285,#5286,#5294));
#5277 = ORIENTED_EDGE('',*,*,#5278,.F.);
#5278 = EDGE_CURVE('',#4544,#5279,#5281,.T.);
#5279 = VERTEX_POINT('',#5280);
#5280 = CARTESIAN_POINT('',(16.6,7.5,-13.5));
#5281 = LINE('',#5282,#5283);
#5282 = CARTESIAN_POINT('',(19.566666666667,4.533333333333,
    -10.53333333333));
#5283 = VECTOR('',#5284,1.);
#5284 = DIRECTION('',(-0.57735026919,0.57735026919,-0.57735026919));
#5285 = ORIENTED_EDGE('',*,*,#4551,.T.);
#5286 = ORIENTED_EDGE('',*,*,#5287,.T.);
#5287 = EDGE_CURVE('',#4552,#5288,#5290,.T.);
#5288 = VERTEX_POINT('',#5289);
#5289 = CARTESIAN_POINT('',(16.6,7.5,-10.85));
#5290 = LINE('',#5291,#5292);
#5291 = CARTESIAN_POINT('',(16.8,7.3,-10.85));
#5292 = VECTOR('',#5293,1.);
#5293 = DIRECTION('',(-0.707106781187,0.707106781187,-4.71125858164E-15)
  );
#5294 = ORIENTED_EDGE('',*,*,#5295,.F.);
#5295 = EDGE_CURVE('',#5279,#5288,#5296,.T.);
#5296 = LINE('',#5297,#5298);
#5297 = CARTESIAN_POINT('',(16.6,7.5,-13.5));
#5298 = VECTOR('',#5299,1.);
#5299 = DIRECTION('',(0.,0.,1.));
#5300 = PLANE('',#5301);
#5301 = AXIS2_PLACEMENT_3D('',#5302,#5303,#5304);
#5302 = CARTESIAN_POINT('',(16.8,7.3,-13.5));
#5303 = DIRECTION('',(0.707106781187,0.707106781187,0.));
#5304 = DIRECTION('',(0.,0.,-1.));
#5305 = ADVANCED_FACE('',(#5306),#5317,.F.);
#5306 = FACE_BOUND('',#5307,.F.);
#5307 = EDGE_LOOP('',(#5308,#5309,#5310,#5311));
#5308 = ORIENTED_EDGE('',*,*,#5257,.T.);
#5309 = ORIENTED_EDGE('',*,*,#4543,.T.);
#5310 = ORIENTED_EDGE('',*,*,#5278,.T.);
#5311 = ORIENTED_EDGE('',*,*,#5312,.F.);
#5312 = EDGE_CURVE('',#5250,#5279,#5313,.T.);
#5313 = LINE('',#5314,#5315);
#5314 = CARTESIAN_POINT('',(16.6,-9.5,-13.5));
#5315 = VECTOR('',#5316,1.);
#5316 = DIRECTION('',(0.,1.,0.));
#5317 = PLANE('',#5318);
#5318 = AXIS2_PLACEMENT_3D('',#5319,#5320,#5321);
#5319 = CARTESIAN_POINT('',(16.8,-9.5,-13.3));
#5320 = DIRECTION('',(-0.707106781187,0.,0.707106781187));
#5321 = DIRECTION('',(0.,1.,0.));
#5322 = ADVANCED_FACE('',(#5323),#5342,.F.);
#5323 = FACE_BOUND('',#5324,.F.);
#5324 = EDGE_LOOP('',(#5325,#5326,#5334,#5340,#5341));
#5325 = ORIENTED_EDGE('',*,*,#5215,.F.);
#5326 = ORIENTED_EDGE('',*,*,#5327,.T.);
#5327 = EDGE_CURVE('',#5216,#5328,#5330,.T.);
#5328 = VERTEX_POINT('',#5329);
#5329 = CARTESIAN_POINT('',(13.,-16.1,-18.));
#5330 = LINE('',#5331,#5332);
#5331 = CARTESIAN_POINT('',(7.2,-21.9,-18.));
#5332 = VECTOR('',#5333,1.);
#5333 = DIRECTION('',(-0.707106781187,-0.707106781187,0.));
#5334 = ORIENTED_EDGE('',*,*,#5335,.T.);
#5335 = EDGE_CURVE('',#5328,#4609,#5336,.T.);
#5336 = LINE('',#5337,#5338);
#5337 = CARTESIAN_POINT('',(13.,-15.3,-18.8));
#5338 = VECTOR('',#5339,1.);
#5339 = DIRECTION('',(3.845925372767E-16,-0.707106781187,0.707106781187)
  );
#5340 = ORIENTED_EDGE('',*,*,#4608,.F.);
#5341 = ORIENTED_EDGE('',*,*,#4583,.F.);
#5342 = PLANE('',#5343);
#5343 = AXIS2_PLACEMENT_3D('',#5344,#5345,#5346);
#5344 = CARTESIAN_POINT('',(16.6,-12.5,-18.));
#5345 = DIRECTION('',(-0.57735026919,0.57735026919,0.57735026919));
#5346 = DIRECTION('',(-0.707106781187,-0.707106781187,0.));
#5347 = ADVANCED_FACE('',(#5348),#5366,.T.);
#5348 = FACE_BOUND('',#5349,.T.);
#5349 = EDGE_LOOP('',(#5350,#5358,#5364,#5365));
#5350 = ORIENTED_EDGE('',*,*,#5351,.F.);
#5351 = EDGE_CURVE('',#5352,#4635,#5354,.T.);
#5352 = VERTEX_POINT('',#5353);
#5353 = CARTESIAN_POINT('',(-13.,-16.1,-18.));
#5354 = LINE('',#5355,#5356);
#5355 = CARTESIAN_POINT('',(-13.,-15.3,-18.8));
#5356 = VECTOR('',#5357,1.);
#5357 = DIRECTION('',(-2.884444029575E-16,-0.707106781187,0.707106781187
    ));
#5358 = ORIENTED_EDGE('',*,*,#5359,.T.);
#5359 = EDGE_CURVE('',#5352,#5328,#5360,.T.);
#5360 = LINE('',#5361,#5362);
#5361 = CARTESIAN_POINT('',(-17.,-16.1,-18.));
#5362 = VECTOR('',#5363,1.);
#5363 = DIRECTION('',(1.,0.,0.));
#5364 = ORIENTED_EDGE('',*,*,#5335,.T.);
#5365 = ORIENTED_EDGE('',*,*,#4634,.F.);
#5366 = PLANE('',#5367);
#5367 = AXIS2_PLACEMENT_3D('',#5368,#5369,#5370);
#5368 = CARTESIAN_POINT('',(-17.,-16.3,-17.8));
#5369 = DIRECTION('',(0.,-0.707106781187,-0.707106781187));
#5370 = DIRECTION('',(1.,0.,0.));
#5371 = ADVANCED_FACE('',(#5372),#5382,.F.);
#5372 = FACE_BOUND('',#5373,.T.);
#5373 = EDGE_LOOP('',(#5374,#5375));
#5374 = ORIENTED_EDGE('',*,*,#4650,.F.);
#5375 = ORIENTED_EDGE('',*,*,#5376,.T.);
#5376 = EDGE_CURVE('',#4651,#4653,#5377,.T.);
#5377 = CIRCLE('',#5378,1.9);
#5378 = AXIS2_PLACEMENT_3D('',#5379,#5380,#5381);
#5379 = CARTESIAN_POINT('',(-0.739592359914,-15.33959235991,-14.));
#5380 = DIRECTION('',(0.707106781187,0.707106781187,-2.22044604925E-16)
  );
#5381 = DIRECTION('',(0.707106781187,-0.707106781187,0.));
#5382 = CYLINDRICAL_SURFACE('',#5383,1.9);
#5383 = AXIS2_PLACEMENT_3D('',#5384,#5385,#5386);
#5384 = CARTESIAN_POINT('',(-17.0030483272,-31.6030483272,-14.));
#5385 = DIRECTION('',(-0.707106781187,-0.707106781187,2.22044604925E-16)
  );
#5386 = DIRECTION('',(0.707106781187,-0.707106781187,0.));
#5387 = ADVANCED_FACE('',(#5388,#5392),#5403,.F.);
#5388 = FACE_BOUND('',#5389,.F.);
#5389 = EDGE_LOOP('',(#5390,#5391));
#5390 = ORIENTED_EDGE('',*,*,#4661,.T.);
#5391 = ORIENTED_EDGE('',*,*,#5376,.T.);
#5392 = FACE_BOUND('',#5393,.F.);
#5393 = EDGE_LOOP('',(#5394));
#5394 = ORIENTED_EDGE('',*,*,#5395,.T.);
#5395 = EDGE_CURVE('',#5396,#5396,#5398,.T.);
#5396 = VERTEX_POINT('',#5397);
#5397 = CARTESIAN_POINT('',(0.306925676242,-16.38611039607,-14.));
#5398 = CIRCLE('',#5399,1.48);
#5399 = AXIS2_PLACEMENT_3D('',#5400,#5401,#5402);
#5400 = CARTESIAN_POINT('',(-0.739592359914,-15.33959235991,-14.));
#5401 = DIRECTION('',(-0.707106781187,-0.707106781187,2.22044604925E-16)
  );
#5402 = DIRECTION('',(0.707106781187,-0.707106781187,0.));
#5403 = PLANE('',#5404);
#5404 = AXIS2_PLACEMENT_3D('',#5405,#5406,#5407);
#5405 = CARTESIAN_POINT('',(-0.739592359914,-15.33959235991,-14.));
#5406 = DIRECTION('',(0.707106781187,0.707106781187,-2.22044604925E-16)
  );
#5407 = DIRECTION('',(0.707106781187,-0.707106781187,0.));
#5408 = ADVANCED_FACE('',(#5409),#5429,.F.);
#5409 = FACE_BOUND('',#5410,.T.);
#5410 = EDGE_LOOP('',(#5411,#5412,#5421,#5428));
#5411 = ORIENTED_EDGE('',*,*,#4680,.F.);
#5412 = ORIENTED_EDGE('',*,*,#5413,.T.);
#5413 = EDGE_CURVE('',#4681,#5414,#5416,.T.);
#5414 = VERTEX_POINT('',#5415);
#5415 = CARTESIAN_POINT('',(2.083095244169,-13.99608947566,-9.5));
#5416 = CIRCLE('',#5417,1.9);
#5417 = AXIS2_PLACEMENT_3D('',#5418,#5419,#5420);
#5418 = CARTESIAN_POINT('',(0.739592359914,-15.33959235991,-9.5));
#5419 = DIRECTION('',(-0.707106781187,0.707106781187,-2.22044604925E-16)
  );
#5420 = DIRECTION('',(0.707106781187,0.707106781187,0.));
#5421 = ORIENTED_EDGE('',*,*,#5422,.T.);
#5422 = EDGE_CURVE('',#5414,#4672,#5423,.T.);
#5423 = CIRCLE('',#5424,1.9);
#5424 = AXIS2_PLACEMENT_3D('',#5425,#5426,#5427);
#5425 = CARTESIAN_POINT('',(0.739592359914,-15.33959235991,-9.5));
#5426 = DIRECTION('',(-0.707106781187,0.707106781187,-2.22044604925E-16)
  );
#5427 = DIRECTION('',(0.707106781187,0.707106781187,0.));
#5428 = ORIENTED_EDGE('',*,*,#4669,.F.);
#5429 = CYLINDRICAL_SURFACE('',#5430,1.9);
#5430 = AXIS2_PLACEMENT_3D('',#5431,#5432,#5433);
#5431 = CARTESIAN_POINT('',(17.003048327205,-31.6030483272,-9.5));
#5432 = DIRECTION('',(0.707106781187,-0.707106781187,2.22044604925E-16)
  );
#5433 = DIRECTION('',(0.707106781187,0.707106781187,0.));
#5434 = ADVANCED_FACE('',(#5435,#5440),#5451,.F.);
#5435 = FACE_BOUND('',#5436,.F.);
#5436 = EDGE_LOOP('',(#5437,#5438,#5439));
#5437 = ORIENTED_EDGE('',*,*,#5413,.T.);
#5438 = ORIENTED_EDGE('',*,*,#5422,.T.);
#5439 = ORIENTED_EDGE('',*,*,#4689,.T.);
#5440 = FACE_BOUND('',#5441,.F.);
#5441 = EDGE_LOOP('',(#5442));
#5442 = ORIENTED_EDGE('',*,*,#5443,.T.);
#5443 = EDGE_CURVE('',#5444,#5444,#5446,.T.);
#5444 = VERTEX_POINT('',#5445);
#5445 = CARTESIAN_POINT('',(1.78611039607,-14.29307432375,-9.5));
#5446 = CIRCLE('',#5447,1.48);
#5447 = AXIS2_PLACEMENT_3D('',#5448,#5449,#5450);
#5448 = CARTESIAN_POINT('',(0.739592359914,-15.33959235991,-9.5));
#5449 = DIRECTION('',(0.707106781187,-0.707106781187,2.22044604925E-16)
  );
#5450 = DIRECTION('',(0.707106781187,0.707106781187,0.));
#5451 = PLANE('',#5452);
#5452 = AXIS2_PLACEMENT_3D('',#5453,#5454,#5455);
#5453 = CARTESIAN_POINT('',(0.739592359914,-15.33959235991,-9.5));
#5454 = DIRECTION('',(-0.707106781187,0.707106781187,-2.22044604925E-16)
  );
#5455 = DIRECTION('',(0.707106781187,0.707106781187,0.));
#5456 = ADVANCED_FACE('',(#5457),#5469,.T.);
#5457 = FACE_BOUND('',#5458,.T.);
#5458 = EDGE_LOOP('',(#5459,#5460,#5466,#5467,#5468));
#5459 = ORIENTED_EDGE('',*,*,#4990,.F.);
#5460 = ORIENTED_EDGE('',*,*,#5461,.T.);
#5461 = EDGE_CURVE('',#4991,#5352,#5462,.T.);
#5462 = LINE('',#5463,#5464);
#5463 = CARTESIAN_POINT('',(-15.7,-13.4,-18.));
#5464 = VECTOR('',#5465,1.);
#5465 = DIRECTION('',(0.707106781187,-0.707106781187,0.));
#5466 = ORIENTED_EDGE('',*,*,#5351,.T.);
#5467 = ORIENTED_EDGE('',*,*,#4703,.F.);
#5468 = ORIENTED_EDGE('',*,*,#4736,.F.);
#5469 = PLANE('',#5470);
#5470 = AXIS2_PLACEMENT_3D('',#5471,#5472,#5473);
#5471 = CARTESIAN_POINT('',(-16.6,-12.5,-18.));
#5472 = DIRECTION('',(-0.57735026919,-0.57735026919,-0.57735026919));
#5473 = DIRECTION('',(0.707106781187,-0.707106781187,2.775557561563E-17)
  );
#5474 = ADVANCED_FACE('',(#5475,#5478),#5481,.T.);
#5475 = FACE_BOUND('',#5476,.T.);
#5476 = EDGE_LOOP('',(#5477));
#5477 = ORIENTED_EDGE('',*,*,#4940,.T.);
#5478 = FACE_BOUND('',#5479,.T.);
#5479 = EDGE_LOOP('',(#5480));
#5480 = ORIENTED_EDGE('',*,*,#4837,.T.);
#5481 = PLANE('',#5482);
#5482 = AXIS2_PLACEMENT_3D('',#5483,#5484,#5485);
#5483 = CARTESIAN_POINT('',(-12.5,-11.65,14.25));
#5484 = DIRECTION('',(0.,1.,-2.22044604925E-16));
#5485 = DIRECTION('',(1.,0.,0.));
#5486 = ADVANCED_FACE('',(#5487,#5490),#5493,.T.);
#5487 = FACE_BOUND('',#5488,.T.);
#5488 = EDGE_LOOP('',(#5489));
#5489 = ORIENTED_EDGE('',*,*,#4965,.T.);
#5490 = FACE_BOUND('',#5491,.T.);
#5491 = EDGE_LOOP('',(#5492));
#5492 = ORIENTED_EDGE('',*,*,#4862,.T.);
#5493 = PLANE('',#5494);
#5494 = AXIS2_PLACEMENT_3D('',#5495,#5496,#5497);
#5495 = CARTESIAN_POINT('',(12.5,-11.65,14.25));
#5496 = DIRECTION('',(0.,1.,-2.22044604925E-16));
#5497 = DIRECTION('',(1.,0.,0.));
#5498 = ADVANCED_FACE('',(#5499),#5502,.T.);
#5499 = FACE_BOUND('',#5500,.T.);
#5500 = EDGE_LOOP('',(#5501));
#5501 = ORIENTED_EDGE('',*,*,#4888,.T.);
#5502 = PLANE('',#5503);
#5503 = AXIS2_PLACEMENT_3D('',#5504,#5505,#5506);
#5504 = CARTESIAN_POINT('',(12.850000006178,4.499999997696,21.824669945)
  );
#5505 = DIRECTION('',(1.792871406892E-10,1.,0.));
#5506 = DIRECTION('',(-1.,1.792871406892E-10,0.));
#5507 = ADVANCED_FACE('',(#5508),#5511,.T.);
#5508 = FACE_BOUND('',#5509,.T.);
#5509 = EDGE_LOOP('',(#5510));
#5510 = ORIENTED_EDGE('',*,*,#4913,.T.);
#5511 = PLANE('',#5512);
#5512 = AXIS2_PLACEMENT_3D('',#5513,#5514,#5515);
#5513 = CARTESIAN_POINT('',(-12.84999999382,4.500000002304,21.824669945)
  );
#5514 = DIRECTION('',(1.792871406892E-10,1.,0.));
#5515 = DIRECTION('',(-1.,1.792871406892E-10,0.));
#5516 = ADVANCED_FACE('',(#5517),#5530,.F.);
#5517 = FACE_BOUND('',#5518,.F.);
#5518 = EDGE_LOOP('',(#5519,#5525,#5526,#5527,#5528,#5529));
#5519 = ORIENTED_EDGE('',*,*,#5520,.F.);
#5520 = EDGE_CURVE('',#5001,#5226,#5521,.T.);
#5521 = LINE('',#5522,#5523);
#5522 = CARTESIAN_POINT('',(-17.,-9.9,-18.));
#5523 = VECTOR('',#5524,1.);
#5524 = DIRECTION('',(1.,0.,0.));
#5525 = ORIENTED_EDGE('',*,*,#5008,.F.);
#5526 = ORIENTED_EDGE('',*,*,#5461,.T.);
#5527 = ORIENTED_EDGE('',*,*,#5359,.T.);
#5528 = ORIENTED_EDGE('',*,*,#5327,.F.);
#5529 = ORIENTED_EDGE('',*,*,#5233,.T.);
#5530 = PLANE('',#5531);
#5531 = AXIS2_PLACEMENT_3D('',#5532,#5533,#5534);
#5532 = CARTESIAN_POINT('',(-17.,-16.5,-18.));
#5533 = DIRECTION('',(0.,0.,1.));
#5534 = DIRECTION('',(1.,0.,0.));
#5535 = ADVANCED_FACE('',(#5536),#5546,.T.);
#5536 = FACE_BOUND('',#5537,.T.);
#5537 = EDGE_LOOP('',(#5538,#5544,#5545));
#5538 = ORIENTED_EDGE('',*,*,#5539,.F.);
#5539 = EDGE_CURVE('',#5001,#5047,#5540,.T.);
#5540 = LINE('',#5541,#5542);
#5541 = CARTESIAN_POINT('',(-16.6,-9.8,-17.9));
#5542 = VECTOR('',#5543,1.);
#5543 = DIRECTION('',(-9.422517163279E-15,0.707106781187,0.707106781187)
  );
#5544 = ORIENTED_EDGE('',*,*,#5000,.T.);
#5545 = ORIENTED_EDGE('',*,*,#5063,.F.);
#5546 = PLANE('',#5547);
#5547 = AXIS2_PLACEMENT_3D('',#5548,#5549,#5550);
#5548 = CARTESIAN_POINT('',(-16.6,-9.9,-18.));
#5549 = DIRECTION('',(-0.57735026919,0.57735026919,-0.57735026919));
#5550 = DIRECTION('',(-0.707106781187,-0.707106781187,
    -2.775557561563E-17));
#5551 = ADVANCED_FACE('',(#5552),#5562,.F.);
#5552 = FACE_BOUND('',#5553,.F.);
#5553 = EDGE_LOOP('',(#5554,#5555,#5561));
#5554 = ORIENTED_EDGE('',*,*,#5086,.F.);
#5555 = ORIENTED_EDGE('',*,*,#5556,.T.);
#5556 = EDGE_CURVE('',#5087,#5025,#5557,.T.);
#5557 = LINE('',#5558,#5559);
#5558 = CARTESIAN_POINT('',(-16.6,7.4,-10.75));
#5559 = VECTOR('',#5560,1.);
#5560 = DIRECTION('',(3.076740298214E-15,-0.707106781187,0.707106781187)
  );
#5561 = ORIENTED_EDGE('',*,*,#5024,.F.);
#5562 = PLANE('',#5563);
#5563 = AXIS2_PLACEMENT_3D('',#5564,#5565,#5566);
#5564 = CARTESIAN_POINT('',(-16.6,7.5,-10.85));
#5565 = DIRECTION('',(0.57735026919,-0.57735026919,-0.57735026919));
#5566 = DIRECTION('',(0.707106781187,-4.718447854657E-15,0.707106781187)
  );
#5567 = ADVANCED_FACE('',(#5568),#5584,.T.);
#5568 = FACE_BOUND('',#5569,.T.);
#5569 = EDGE_LOOP('',(#5570,#5576,#5577,#5583));
#5570 = ORIENTED_EDGE('',*,*,#5571,.T.);
#5571 = EDGE_CURVE('',#5049,#5250,#5572,.T.);
#5572 = LINE('',#5573,#5574);
#5573 = CARTESIAN_POINT('',(-17.,-9.5,-13.5));
#5574 = VECTOR('',#5575,1.);
#5575 = DIRECTION('',(1.,0.,0.));
#5576 = ORIENTED_EDGE('',*,*,#5247,.F.);
#5577 = ORIENTED_EDGE('',*,*,#5578,.F.);
#5578 = EDGE_CURVE('',#5047,#5248,#5579,.T.);
#5579 = LINE('',#5580,#5581);
#5580 = CARTESIAN_POINT('',(-17.,-9.5,-17.6));
#5581 = VECTOR('',#5582,1.);
#5582 = DIRECTION('',(1.,0.,0.));
#5583 = ORIENTED_EDGE('',*,*,#5046,.T.);
#5584 = PLANE('',#5585);
#5585 = AXIS2_PLACEMENT_3D('',#5586,#5587,#5588);
#5586 = CARTESIAN_POINT('',(-17.,-9.5,-18.));
#5587 = DIRECTION('',(0.,1.,0.));
#5588 = DIRECTION('',(0.,0.,1.));
#5589 = ADVANCED_FACE('',(#5590),#5606,.T.);
#5590 = FACE_BOUND('',#5591,.T.);
#5591 = EDGE_LOOP('',(#5592,#5598,#5599,#5605));
#5592 = ORIENTED_EDGE('',*,*,#5593,.F.);
#5593 = EDGE_CURVE('',#5078,#5279,#5594,.T.);
#5594 = LINE('',#5595,#5596);
#5595 = CARTESIAN_POINT('',(-17.,7.5,-13.5));
#5596 = VECTOR('',#5597,1.);
#5597 = DIRECTION('',(1.,0.,0.));
#5598 = ORIENTED_EDGE('',*,*,#5094,.T.);
#5599 = ORIENTED_EDGE('',*,*,#5600,.T.);
#5600 = EDGE_CURVE('',#5087,#5288,#5601,.T.);
#5601 = LINE('',#5602,#5603);
#5602 = CARTESIAN_POINT('',(-17.,7.5,-10.85));
#5603 = VECTOR('',#5604,1.);
#5604 = DIRECTION('',(1.,0.,0.));
#5605 = ORIENTED_EDGE('',*,*,#5295,.F.);
#5606 = PLANE('',#5607);
#5607 = AXIS2_PLACEMENT_3D('',#5608,#5609,#5610);
#5608 = CARTESIAN_POINT('',(-17.,7.5,-13.5));
#5609 = DIRECTION('',(0.,1.,0.));
#5610 = DIRECTION('',(0.,0.,1.));
#5611 = ADVANCED_FACE('',(#5612,#5618,#5629,#5640,#5651),#5662,.F.);
#5612 = FACE_BOUND('',#5613,.F.);
#5613 = EDGE_LOOP('',(#5614,#5615,#5616,#5617));
#5614 = ORIENTED_EDGE('',*,*,#5571,.T.);
#5615 = ORIENTED_EDGE('',*,*,#5312,.T.);
#5616 = ORIENTED_EDGE('',*,*,#5593,.F.);
#5617 = ORIENTED_EDGE('',*,*,#5109,.F.);
#5618 = FACE_BOUND('',#5619,.F.);
#5619 = EDGE_LOOP('',(#5620));
#5620 = ORIENTED_EDGE('',*,*,#5621,.T.);
#5621 = EDGE_CURVE('',#5622,#5622,#5624,.T.);
#5622 = VERTEX_POINT('',#5623);
#5623 = CARTESIAN_POINT('',(-4.1,-7.,-13.5));
#5624 = CIRCLE('',#5625,2.4);
#5625 = AXIS2_PLACEMENT_3D('',#5626,#5627,#5628);
#5626 = CARTESIAN_POINT('',(-6.5,-7.,-13.5));
#5627 = DIRECTION('',(0.,0.,-1.));
#5628 = DIRECTION('',(1.,0.,0.));
#5629 = FACE_BOUND('',#5630,.F.);
#5630 = EDGE_LOOP('',(#5631));
#5631 = ORIENTED_EDGE('',*,*,#5632,.T.);
#5632 = EDGE_CURVE('',#5633,#5633,#5635,.T.);
#5633 = VERTEX_POINT('',#5634);
#5634 = CARTESIAN_POINT('',(8.9,-7.,-13.5));
#5635 = CIRCLE('',#5636,2.4);
#5636 = AXIS2_PLACEMENT_3D('',#5637,#5638,#5639);
#5637 = CARTESIAN_POINT('',(6.5,-7.,-13.5));
#5638 = DIRECTION('',(0.,0.,-1.));
#5639 = DIRECTION('',(1.,0.,0.));
#5640 = FACE_BOUND('',#5641,.F.);
#5641 = EDGE_LOOP('',(#5642));
#5642 = ORIENTED_EDGE('',*,*,#5643,.T.);
#5643 = EDGE_CURVE('',#5644,#5644,#5646,.T.);
#5644 = VERTEX_POINT('',#5645);
#5645 = CARTESIAN_POINT('',(-4.1,5.,-13.5));
#5646 = CIRCLE('',#5647,2.4);
#5647 = AXIS2_PLACEMENT_3D('',#5648,#5649,#5650);
#5648 = CARTESIAN_POINT('',(-6.5,5.,-13.5));
#5649 = DIRECTION('',(0.,0.,-1.));
#5650 = DIRECTION('',(1.,0.,0.));
#5651 = FACE_BOUND('',#5652,.F.);
#5652 = EDGE_LOOP('',(#5653));
#5653 = ORIENTED_EDGE('',*,*,#5654,.T.);
#5654 = EDGE_CURVE('',#5655,#5655,#5657,.T.);
#5655 = VERTEX_POINT('',#5656);
#5656 = CARTESIAN_POINT('',(8.9,5.,-13.5));
#5657 = CIRCLE('',#5658,2.4);
#5658 = AXIS2_PLACEMENT_3D('',#5659,#5660,#5661);
#5659 = CARTESIAN_POINT('',(6.5,5.,-13.5));
#5660 = DIRECTION('',(0.,0.,-1.));
#5661 = DIRECTION('',(1.,0.,0.));
#5662 = PLANE('',#5663);
#5663 = AXIS2_PLACEMENT_3D('',#5664,#5665,#5666);
#5664 = CARTESIAN_POINT('',(-17.,-16.5,-13.5));
#5665 = DIRECTION('',(0.,0.,1.));
#5666 = DIRECTION('',(1.,0.,0.));
#5667 = ADVANCED_FACE('',(#5668),#5679,.T.);
#5668 = FACE_BOUND('',#5669,.F.);
#5669 = EDGE_LOOP('',(#5670,#5671,#5672,#5678));
#5670 = ORIENTED_EDGE('',*,*,#5556,.F.);
#5671 = ORIENTED_EDGE('',*,*,#5600,.T.);
#5672 = ORIENTED_EDGE('',*,*,#5673,.F.);
#5673 = EDGE_CURVE('',#5132,#5288,#5674,.T.);
#5674 = LINE('',#5675,#5676);
#5675 = CARTESIAN_POINT('',(16.6,7.2,-10.55));
#5676 = VECTOR('',#5677,1.);
#5677 = DIRECTION('',(3.172888432533E-15,0.707106781187,-0.707106781187)
  );
#5678 = ORIENTED_EDGE('',*,*,#5139,.F.);
#5679 = PLANE('',#5680);
#5680 = AXIS2_PLACEMENT_3D('',#5681,#5682,#5683);
#5681 = CARTESIAN_POINT('',(-17.,7.3,-10.65));
#5682 = DIRECTION('',(0.,0.707106781187,0.707106781187));
#5683 = DIRECTION('',(-1.,0.,0.));
#5684 = ADVANCED_FACE('',(#5685),#5704,.F.);
#5685 = FACE_BOUND('',#5686,.T.);
#5686 = EDGE_LOOP('',(#5687,#5695,#5702,#5703));
#5687 = ORIENTED_EDGE('',*,*,#5688,.F.);
#5688 = EDGE_CURVE('',#5689,#5149,#5691,.T.);
#5689 = VERTEX_POINT('',#5690);
#5690 = CARTESIAN_POINT('',(-5.4,-7.,-12.2));
#5691 = LINE('',#5692,#5693);
#5692 = CARTESIAN_POINT('',(-5.4,-7.,-17.));
#5693 = VECTOR('',#5694,1.);
#5694 = DIRECTION('',(0.,0.,1.));
#5695 = ORIENTED_EDGE('',*,*,#5696,.T.);
#5696 = EDGE_CURVE('',#5689,#5689,#5697,.T.);
#5697 = CIRCLE('',#5698,1.1);
#5698 = AXIS2_PLACEMENT_3D('',#5699,#5700,#5701);
#5699 = CARTESIAN_POINT('',(-6.5,-7.,-12.2));
#5700 = DIRECTION('',(0.,0.,-1.));
#5701 = DIRECTION('',(1.,0.,0.));
#5702 = ORIENTED_EDGE('',*,*,#5688,.T.);
#5703 = ORIENTED_EDGE('',*,*,#5148,.F.);
#5704 = CYLINDRICAL_SURFACE('',#5705,1.1);
#5705 = AXIS2_PLACEMENT_3D('',#5706,#5707,#5708);
#5706 = CARTESIAN_POINT('',(-6.5,-7.,-17.));
#5707 = DIRECTION('',(-0.,-0.,-1.));
#5708 = DIRECTION('',(1.,0.,0.));
#5709 = ADVANCED_FACE('',(#5710),#5729,.F.);
#5710 = FACE_BOUND('',#5711,.T.);
#5711 = EDGE_LOOP('',(#5712,#5720,#5727,#5728));
#5712 = ORIENTED_EDGE('',*,*,#5713,.F.);
#5713 = EDGE_CURVE('',#5714,#5160,#5716,.T.);
#5714 = VERTEX_POINT('',#5715);
#5715 = CARTESIAN_POINT('',(7.6,-7.,-12.2));
#5716 = LINE('',#5717,#5718);
#5717 = CARTESIAN_POINT('',(7.6,-7.,-17.));
#5718 = VECTOR('',#5719,1.);
#5719 = DIRECTION('',(0.,0.,1.));
#5720 = ORIENTED_EDGE('',*,*,#5721,.T.);
#5721 = EDGE_CURVE('',#5714,#5714,#5722,.T.);
#5722 = CIRCLE('',#5723,1.1);
#5723 = AXIS2_PLACEMENT_3D('',#5724,#5725,#5726);
#5724 = CARTESIAN_POINT('',(6.5,-7.,-12.2));
#5725 = DIRECTION('',(0.,0.,-1.));
#5726 = DIRECTION('',(1.,0.,0.));
#5727 = ORIENTED_EDGE('',*,*,#5713,.T.);
#5728 = ORIENTED_EDGE('',*,*,#5159,.F.);
#5729 = CYLINDRICAL_SURFACE('',#5730,1.1);
#5730 = AXIS2_PLACEMENT_3D('',#5731,#5732,#5733);
#5731 = CARTESIAN_POINT('',(6.5,-7.,-17.));
#5732 = DIRECTION('',(-0.,-0.,-1.));
#5733 = DIRECTION('',(1.,0.,0.));
#5734 = ADVANCED_FACE('',(#5735),#5754,.F.);
#5735 = FACE_BOUND('',#5736,.T.);
#5736 = EDGE_LOOP('',(#5737,#5745,#5752,#5753));
#5737 = ORIENTED_EDGE('',*,*,#5738,.F.);
#5738 = EDGE_CURVE('',#5739,#5171,#5741,.T.);
#5739 = VERTEX_POINT('',#5740);
#5740 = CARTESIAN_POINT('',(-5.4,5.,-12.2));
#5741 = LINE('',#5742,#5743);
#5742 = CARTESIAN_POINT('',(-5.4,5.,-17.));
#5743 = VECTOR('',#5744,1.);
#5744 = DIRECTION('',(0.,0.,1.));
#5745 = ORIENTED_EDGE('',*,*,#5746,.T.);
#5746 = EDGE_CURVE('',#5739,#5739,#5747,.T.);
#5747 = CIRCLE('',#5748,1.1);
#5748 = AXIS2_PLACEMENT_3D('',#5749,#5750,#5751);
#5749 = CARTESIAN_POINT('',(-6.5,5.,-12.2));
#5750 = DIRECTION('',(0.,0.,-1.));
#5751 = DIRECTION('',(1.,0.,0.));
#5752 = ORIENTED_EDGE('',*,*,#5738,.T.);
#5753 = ORIENTED_EDGE('',*,*,#5170,.F.);
#5754 = CYLINDRICAL_SURFACE('',#5755,1.1);
#5755 = AXIS2_PLACEMENT_3D('',#5756,#5757,#5758);
#5756 = CARTESIAN_POINT('',(-6.5,5.,-17.));
#5757 = DIRECTION('',(-0.,-0.,-1.));
#5758 = DIRECTION('',(1.,0.,0.));
#5759 = ADVANCED_FACE('',(#5760),#5779,.F.);
#5760 = FACE_BOUND('',#5761,.T.);
#5761 = EDGE_LOOP('',(#5762,#5770,#5777,#5778));
#5762 = ORIENTED_EDGE('',*,*,#5763,.F.);
#5763 = EDGE_CURVE('',#5764,#5182,#5766,.T.);
#5764 = VERTEX_POINT('',#5765);
#5765 = CARTESIAN_POINT('',(7.6,5.,-12.2));
#5766 = LINE('',#5767,#5768);
#5767 = CARTESIAN_POINT('',(7.6,5.,-17.));
#5768 = VECTOR('',#5769,1.);
#5769 = DIRECTION('',(0.,0.,1.));
#5770 = ORIENTED_EDGE('',*,*,#5771,.T.);
#5771 = EDGE_CURVE('',#5764,#5764,#5772,.T.);
#5772 = CIRCLE('',#5773,1.1);
#5773 = AXIS2_PLACEMENT_3D('',#5774,#5775,#5776);
#5774 = CARTESIAN_POINT('',(6.5,5.,-12.2));
#5775 = DIRECTION('',(0.,0.,-1.));
#5776 = DIRECTION('',(1.,0.,0.));
#5777 = ORIENTED_EDGE('',*,*,#5763,.T.);
#5778 = ORIENTED_EDGE('',*,*,#5181,.F.);
#5779 = CYLINDRICAL_SURFACE('',#5780,1.1);
#5780 = AXIS2_PLACEMENT_3D('',#5781,#5782,#5783);
#5781 = CARTESIAN_POINT('',(6.5,5.,-17.));
#5782 = DIRECTION('',(-0.,-0.,-1.));
#5783 = DIRECTION('',(1.,0.,0.));
#5784 = ADVANCED_FACE('',(#5785),#5790,.F.);
#5785 = FACE_BOUND('',#5786,.F.);
#5786 = EDGE_LOOP('',(#5787,#5788,#5789));
#5787 = ORIENTED_EDGE('',*,*,#5200,.F.);
#5788 = ORIENTED_EDGE('',*,*,#5673,.T.);
#5789 = ORIENTED_EDGE('',*,*,#5287,.F.);
#5790 = PLANE('',#5791);
#5791 = AXIS2_PLACEMENT_3D('',#5792,#5793,#5794);
#5792 = CARTESIAN_POINT('',(16.6,7.1,-10.45));
#5793 = DIRECTION('',(-0.57735026919,-0.57735026919,-0.57735026919));
#5794 = DIRECTION('',(-0.707106781187,0.707106781187,-3.164135620182E-15
    ));
#5795 = ADVANCED_FACE('',(#5796),#5806,.F.);
#5796 = FACE_BOUND('',#5797,.F.);
#5797 = EDGE_LOOP('',(#5798,#5804,#5805));
#5798 = ORIENTED_EDGE('',*,*,#5799,.F.);
#5799 = EDGE_CURVE('',#5226,#5248,#5800,.T.);
#5800 = LINE('',#5801,#5802);
#5801 = CARTESIAN_POINT('',(16.6,-9.8,-17.9));
#5802 = VECTOR('',#5803,1.);
#5803 = DIRECTION('',(3.076740298214E-15,0.707106781187,0.707106781187)
  );
#5804 = ORIENTED_EDGE('',*,*,#5225,.T.);
#5805 = ORIENTED_EDGE('',*,*,#5264,.F.);
#5806 = PLANE('',#5807);
#5807 = AXIS2_PLACEMENT_3D('',#5808,#5809,#5810);
#5808 = CARTESIAN_POINT('',(16.6,-9.9,-18.));
#5809 = DIRECTION('',(-0.57735026919,-0.57735026919,0.57735026919));
#5810 = DIRECTION('',(0.707106781187,-0.707106781187,0.));
#5811 = ADVANCED_FACE('',(#5812),#5831,.F.);
#5812 = FACE_BOUND('',#5813,.T.);
#5813 = EDGE_LOOP('',(#5814,#5815,#5823,#5830));
#5814 = ORIENTED_EDGE('',*,*,#5395,.T.);
#5815 = ORIENTED_EDGE('',*,*,#5816,.T.);
#5816 = EDGE_CURVE('',#5396,#5817,#5819,.T.);
#5817 = VERTEX_POINT('',#5818);
#5818 = CARTESIAN_POINT('',(4.761698397717,-11.93133767459,-14.));
#5819 = LINE('',#5820,#5821);
#5820 = CARTESIAN_POINT('',(-16.1686623254,-32.86169839771,-14.));
#5821 = VECTOR('',#5822,1.);
#5822 = DIRECTION('',(0.707106781187,0.707106781187,-2.22044604925E-16)
  );
#5823 = ORIENTED_EDGE('',*,*,#5824,.T.);
#5824 = EDGE_CURVE('',#5817,#5817,#5825,.T.);
#5825 = CIRCLE('',#5826,1.48);
#5826 = AXIS2_PLACEMENT_3D('',#5827,#5828,#5829);
#5827 = CARTESIAN_POINT('',(3.715180361561,-10.88481963843,-14.));
#5828 = DIRECTION('',(0.707106781187,0.707106781187,-2.22044604925E-16)
  );
#5829 = DIRECTION('',(0.707106781187,-0.707106781187,0.));
#5830 = ORIENTED_EDGE('',*,*,#5816,.F.);
#5831 = CYLINDRICAL_SURFACE('',#5832,1.48);
#5832 = AXIS2_PLACEMENT_3D('',#5833,#5834,#5835);
#5833 = CARTESIAN_POINT('',(-17.21518036156,-31.81518036156,-14.));
#5834 = DIRECTION('',(-0.707106781187,-0.707106781187,2.22044604925E-16)
  );
#5835 = DIRECTION('',(0.707106781187,-0.707106781187,0.));
#5836 = ADVANCED_FACE('',(#5837),#5856,.F.);
#5837 = FACE_BOUND('',#5838,.T.);
#5838 = EDGE_LOOP('',(#5839,#5840,#5848,#5855));
#5839 = ORIENTED_EDGE('',*,*,#5443,.T.);
#5840 = ORIENTED_EDGE('',*,*,#5841,.T.);
#5841 = EDGE_CURVE('',#5444,#5842,#5844,.T.);
#5842 = VERTEX_POINT('',#5843);
#5843 = CARTESIAN_POINT('',(-2.668662325405,-9.838301602283,-9.5));
#5844 = LINE('',#5845,#5846);
#5845 = CARTESIAN_POINT('',(18.261698397717,-30.7686623254,-9.5));
#5846 = VECTOR('',#5847,1.);
#5847 = DIRECTION('',(-0.707106781187,0.707106781187,-2.22044604925E-16)
  );
#5848 = ORIENTED_EDGE('',*,*,#5849,.T.);
#5849 = EDGE_CURVE('',#5842,#5842,#5850,.T.);
#5850 = CIRCLE('',#5851,1.48);
#5851 = AXIS2_PLACEMENT_3D('',#5852,#5853,#5854);
#5852 = CARTESIAN_POINT('',(-3.715180361561,-10.88481963843,-9.5));
#5853 = DIRECTION('',(-0.707106781187,0.707106781187,-2.22044604925E-16)
  );
#5854 = DIRECTION('',(0.707106781187,0.707106781187,0.));
#5855 = ORIENTED_EDGE('',*,*,#5841,.F.);
#5856 = CYLINDRICAL_SURFACE('',#5857,1.48);
#5857 = AXIS2_PLACEMENT_3D('',#5858,#5859,#5860);
#5858 = CARTESIAN_POINT('',(17.215180361561,-31.81518036156,-9.5));
#5859 = DIRECTION('',(0.707106781187,-0.707106781187,2.22044604925E-16)
  );
#5860 = DIRECTION('',(0.707106781187,0.707106781187,0.));
#5861 = ADVANCED_FACE('',(#5862),#5868,.F.);
#5862 = FACE_BOUND('',#5863,.T.);
#5863 = EDGE_LOOP('',(#5864,#5865,#5866,#5867));
#5864 = ORIENTED_EDGE('',*,*,#5539,.T.);
#5865 = ORIENTED_EDGE('',*,*,#5578,.T.);
#5866 = ORIENTED_EDGE('',*,*,#5799,.F.);
#5867 = ORIENTED_EDGE('',*,*,#5520,.F.);
#5868 = PLANE('',#5869);
#5869 = AXIS2_PLACEMENT_3D('',#5870,#5871,#5872);
#5870 = CARTESIAN_POINT('',(-17.,-9.7,-17.8));
#5871 = DIRECTION('',(0.,-0.707106781187,0.707106781187));
#5872 = DIRECTION('',(-1.,-0.,-0.));
#5873 = ADVANCED_FACE('',(#5874),#5885,.F.);
#5874 = FACE_BOUND('',#5875,.T.);
#5875 = EDGE_LOOP('',(#5876,#5882,#5883,#5884));
#5876 = ORIENTED_EDGE('',*,*,#5877,.F.);
#5877 = EDGE_CURVE('',#5622,#5689,#5878,.T.);
#5878 = LINE('',#5879,#5880);
#5879 = CARTESIAN_POINT('',(-5.4,-7.,-12.2));
#5880 = VECTOR('',#5881,1.);
#5881 = DIRECTION('',(-0.707106781187,0.,0.707106781187));
#5882 = ORIENTED_EDGE('',*,*,#5621,.T.);
#5883 = ORIENTED_EDGE('',*,*,#5877,.T.);
#5884 = ORIENTED_EDGE('',*,*,#5696,.F.);
#5885 = CONICAL_SURFACE('',#5886,1.1,0.785398163397);
#5886 = AXIS2_PLACEMENT_3D('',#5887,#5888,#5889);
#5887 = CARTESIAN_POINT('',(-6.5,-7.,-12.2));
#5888 = DIRECTION('',(-0.,-0.,-1.));
#5889 = DIRECTION('',(1.,0.,0.));
#5890 = ADVANCED_FACE('',(#5891),#5902,.F.);
#5891 = FACE_BOUND('',#5892,.T.);
#5892 = EDGE_LOOP('',(#5893,#5899,#5900,#5901));
#5893 = ORIENTED_EDGE('',*,*,#5894,.F.);
#5894 = EDGE_CURVE('',#5633,#5714,#5895,.T.);
#5895 = LINE('',#5896,#5897);
#5896 = CARTESIAN_POINT('',(7.6,-7.,-12.2));
#5897 = VECTOR('',#5898,1.);
#5898 = DIRECTION('',(-0.707106781187,0.,0.707106781187));
#5899 = ORIENTED_EDGE('',*,*,#5632,.T.);
#5900 = ORIENTED_EDGE('',*,*,#5894,.T.);
#5901 = ORIENTED_EDGE('',*,*,#5721,.F.);
#5902 = CONICAL_SURFACE('',#5903,1.1,0.785398163397);
#5903 = AXIS2_PLACEMENT_3D('',#5904,#5905,#5906);
#5904 = CARTESIAN_POINT('',(6.5,-7.,-12.2));
#5905 = DIRECTION('',(-0.,-0.,-1.));
#5906 = DIRECTION('',(1.,0.,0.));
#5907 = ADVANCED_FACE('',(#5908),#5919,.F.);
#5908 = FACE_BOUND('',#5909,.T.);
#5909 = EDGE_LOOP('',(#5910,#5916,#5917,#5918));
#5910 = ORIENTED_EDGE('',*,*,#5911,.F.);
#5911 = EDGE_CURVE('',#5644,#5739,#5912,.T.);
#5912 = LINE('',#5913,#5914);
#5913 = CARTESIAN_POINT('',(-5.4,5.,-12.2));
#5914 = VECTOR('',#5915,1.);
#5915 = DIRECTION('',(-0.707106781187,0.,0.707106781187));
#5916 = ORIENTED_EDGE('',*,*,#5643,.T.);
#5917 = ORIENTED_EDGE('',*,*,#5911,.T.);
#5918 = ORIENTED_EDGE('',*,*,#5746,.F.);
#5919 = CONICAL_SURFACE('',#5920,1.1,0.785398163397);
#5920 = AXIS2_PLACEMENT_3D('',#5921,#5922,#5923);
#5921 = CARTESIAN_POINT('',(-6.5,5.,-12.2));
#5922 = DIRECTION('',(-0.,-0.,-1.));
#5923 = DIRECTION('',(1.,0.,0.));
#5924 = ADVANCED_FACE('',(#5925),#5936,.F.);
#5925 = FACE_BOUND('',#5926,.T.);
#5926 = EDGE_LOOP('',(#5927,#5933,#5934,#5935));
#5927 = ORIENTED_EDGE('',*,*,#5928,.F.);
#5928 = EDGE_CURVE('',#5655,#5764,#5929,.T.);
#5929 = LINE('',#5930,#5931);
#5930 = CARTESIAN_POINT('',(7.6,5.,-12.2));
#5931 = VECTOR('',#5932,1.);
#5932 = DIRECTION('',(-0.707106781187,0.,0.707106781187));
#5933 = ORIENTED_EDGE('',*,*,#5654,.T.);
#5934 = ORIENTED_EDGE('',*,*,#5928,.T.);
#5935 = ORIENTED_EDGE('',*,*,#5771,.F.);
#5936 = CONICAL_SURFACE('',#5937,1.1,0.785398163397);
#5937 = AXIS2_PLACEMENT_3D('',#5938,#5939,#5940);
#5938 = CARTESIAN_POINT('',(6.5,5.,-12.2));
#5939 = DIRECTION('',(-0.,-0.,-1.));
#5940 = DIRECTION('',(1.,0.,0.));
#5941 = ADVANCED_FACE('',(#5942),#5945,.F.);
#5942 = FACE_BOUND('',#5943,.T.);
#5943 = EDGE_LOOP('',(#5944));
#5944 = ORIENTED_EDGE('',*,*,#5824,.F.);
#5945 = PLANE('',#5946);
#5946 = AXIS2_PLACEMENT_3D('',#5947,#5948,#5949);
#5947 = CARTESIAN_POINT('',(3.715180361561,-10.88481963843,-14.));
#5948 = DIRECTION('',(0.707106781187,0.707106781187,-2.22044604925E-16)
  );
#5949 = DIRECTION('',(0.707106781187,-0.707106781187,0.));
#5950 = ADVANCED_FACE('',(#5951),#5954,.F.);
#5951 = FACE_BOUND('',#5952,.T.);
#5952 = EDGE_LOOP('',(#5953));
#5953 = ORIENTED_EDGE('',*,*,#5849,.F.);
#5954 = PLANE('',#5955);
#5955 = AXIS2_PLACEMENT_3D('',#5956,#5957,#5958);
#5956 = CARTESIAN_POINT('',(-3.715180361561,-10.88481963843,-9.5));
#5957 = DIRECTION('',(-0.707106781187,0.707106781187,-2.22044604925E-16)
  );
#5958 = DIRECTION('',(0.707106781187,0.707106781187,0.));
#5959 = ADVANCED_FACE('',(#5960),#5982,.T.);
#5960 = FACE_BOUND('',#5961,.T.);
#5961 = EDGE_LOOP('',(#5962,#5963,#5964,#5965,#5966,#5967,#5968,#5969,
    #5970,#5971,#5972,#5973,#5974,#5975,#5976,#5977,#5978,#5979,#5980,
    #5981));
#5962 = ORIENTED_EDGE('',*,*,#21,.F.);
#5963 = ORIENTED_EDGE('',*,*,#48,.F.);
#5964 = ORIENTED_EDGE('',*,*,#90,.F.);
#5965 = ORIENTED_EDGE('',*,*,#166,.F.);
#5966 = ORIENTED_EDGE('',*,*,#191,.F.);
#5967 = ORIENTED_EDGE('',*,*,#226,.F.);
#5968 = ORIENTED_EDGE('',*,*,#3525,.F.);
#5969 = ORIENTED_EDGE('',*,*,#2726,.T.);
#5970 = ORIENTED_EDGE('',*,*,#1584,.T.);
#5971 = ORIENTED_EDGE('',*,*,#2457,.T.);
#5972 = ORIENTED_EDGE('',*,*,#1190,.T.);
#5973 = ORIENTED_EDGE('',*,*,#2522,.F.);
#5974 = ORIENTED_EDGE('',*,*,#3787,.T.);
#5975 = ORIENTED_EDGE('',*,*,#2584,.T.);
#5976 = ORIENTED_EDGE('',*,*,#1158,.T.);
#5977 = ORIENTED_EDGE('',*,*,#2650,.T.);
#5978 = ORIENTED_EDGE('',*,*,#3511,.T.);
#5979 = ORIENTED_EDGE('',*,*,#3559,.T.);
#5980 = ORIENTED_EDGE('',*,*,#3581,.F.);
#5981 = ORIENTED_EDGE('',*,*,#3612,.F.);
#5982 = PLANE('',#5983);
#5983 = AXIS2_PLACEMENT_3D('',#5984,#5985,#5986);
#5984 = CARTESIAN_POINT('',(1.245960419049E-02,-8.5,12.167723365309));
#5985 = DIRECTION('',(1.330920373589E-10,1.,-7.98328822826E-13));
#5986 = DIRECTION('',(1.,-1.330920373589E-10,0.));
#5987 = ADVANCED_FACE('',(#5988),#5998,.T.);
#5988 = FACE_BOUND('',#5989,.T.);
#5989 = EDGE_LOOP('',(#5990,#5991,#5992,#5993,#5994,#5995,#5996,#5997));
#5990 = ORIENTED_EDGE('',*,*,#2490,.F.);
#5991 = ORIENTED_EDGE('',*,*,#3694,.T.);
#5992 = ORIENTED_EDGE('',*,*,#4504,.F.);
#5993 = ORIENTED_EDGE('',*,*,#5125,.F.);
#5994 = ORIENTED_EDGE('',*,*,#4473,.T.);
#5995 = ORIENTED_EDGE('',*,*,#3703,.T.);
#5996 = ORIENTED_EDGE('',*,*,#2616,.T.);
#5997 = ORIENTED_EDGE('',*,*,#3726,.F.);
#5998 = PLANE('',#5999);
#5999 = AXIS2_PLACEMENT_3D('',#6000,#6001,#6002);
#6000 = CARTESIAN_POINT('',(-7.061294268423E-16,-9.5,-7.202142857143));
#6001 = DIRECTION('',(0.,1.,0.));
#6002 = DIRECTION('',(0.,-0.,1.));
#6003 = MANIFOLD_SOLID_BREP('',#6004);
#6004 = CLOSED_SHELL('',(#6005,#6045,#6076,#6107,#6138,#6169,#6191,#6205
    ));
#6005 = ADVANCED_FACE('',(#6006),#6040,.T.);
#6006 = FACE_BOUND('',#6007,.T.);
#6007 = EDGE_LOOP('',(#6008,#6018,#6026,#6034));
#6008 = ORIENTED_EDGE('',*,*,#6009,.F.);
#6009 = EDGE_CURVE('',#6010,#6012,#6014,.T.);
#6010 = VERTEX_POINT('',#6011);
#6011 = CARTESIAN_POINT('',(-2.092724764878,-16.49999999962,
    20.724658602366));
#6012 = VERTEX_POINT('',#6013);
#6013 = CARTESIAN_POINT('',(-2.712398336475,-13.54986768519,
    19.65074688266));
#6014 = LINE('',#6015,#6016);
#6015 = CARTESIAN_POINT('',(-2.712398336475,-13.54986768519,
    19.65074688266));
#6016 = VECTOR('',#6017,1.);
#6017 = DIRECTION('',(-0.193642673685,0.921891033078,-0.335588197137));
#6018 = ORIENTED_EDGE('',*,*,#6019,.T.);
#6019 = EDGE_CURVE('',#6010,#6020,#6022,.T.);
#6020 = VERTEX_POINT('',#6021);
#6021 = CARTESIAN_POINT('',(-4.187220749528,-16.49999999924,
    24.350386838392));
#6022 = LINE('',#6023,#6024);
#6023 = CARTESIAN_POINT('',(-4.49731977184,-16.49999999919,
    24.887191296076));
#6024 = VECTOR('',#6025,1.);
#6025 = DIRECTION('',(-0.500211487827,8.96815073923E-11,0.865903266795)
  );
#6026 = ORIENTED_EDGE('',*,*,#6027,.T.);
#6027 = EDGE_CURVE('',#6020,#6028,#6030,.T.);
#6028 = VERTEX_POINT('',#6029);
#6029 = CARTESIAN_POINT('',(-5.42709236575,-13.5498676847,
    24.350084034053));
#6030 = LINE('',#6031,#6032);
#6031 = CARTESIAN_POINT('',(-5.42709236575,-13.5498676847,
    24.350084034053));
#6032 = VECTOR('',#6033,1.);
#6033 = DIRECTION('',(-0.387449240691,0.921891033113,-9.462375730717E-05
    ));
#6034 = ORIENTED_EDGE('',*,*,#6035,.T.);
#6035 = EDGE_CURVE('',#6028,#6012,#6036,.T.);
#6036 = LINE('',#6037,#6038);
#6037 = CARTESIAN_POINT('',(-5.42709236575,-13.5498676847,
    24.350084034053));
#6038 = VECTOR('',#6039,1.);
#6039 = DIRECTION('',(0.500211487827,-8.96814873923E-11,-0.865903266795)
  );
#6040 = PLANE('',#6041);
#6041 = AXIS2_PLACEMENT_3D('',#6042,#6043,#6044);
#6042 = CARTESIAN_POINT('',(-5.42709236575,-13.5498676847,
    24.350084034053));
#6043 = DIRECTION('',(-0.813682910183,-0.34202014318,-0.470045043943));
#6044 = DIRECTION('',(-1.449713193576E-10,-0.808597606426,0.58836205765)
  );
#6045 = ADVANCED_FACE('',(#6046),#6071,.T.);
#6046 = FACE_BOUND('',#6047,.T.);
#6047 = EDGE_LOOP('',(#6048,#6058,#6064,#6065));
#6048 = ORIENTED_EDGE('',*,*,#6049,.F.);
#6049 = EDGE_CURVE('',#6050,#6052,#6054,.T.);
#6050 = VERTEX_POINT('',#6051);
#6051 = CARTESIAN_POINT('',(2.094495987063,-16.50000000037,
    20.725681215185));
#6052 = VERTEX_POINT('',#6053);
#6053 = CARTESIAN_POINT('',(2.714694032216,-13.54986768616,
    19.652072299817));
#6054 = LINE('',#6055,#6056);
#6055 = CARTESIAN_POINT('',(2.714694032216,-13.54986768616,
    19.652072299817));
#6056 = VECTOR('',#6057,1.);
#6057 = DIRECTION('',(0.193806567171,0.921891033009,-0.33549357338));
#6058 = ORIENTED_EDGE('',*,*,#6059,.T.);
#6059 = EDGE_CURVE('',#6050,#6010,#6060,.T.);
#6060 = LINE('',#6061,#6062);
#6061 = CARTESIAN_POINT('',(-2.712660573254,-16.49999999951,
    20.724507200197));
#6062 = VECTOR('',#6063,1.);
#6063 = DIRECTION('',(-0.999999970178,1.792871653424E-10,
    -2.442223251638E-04));
#6064 = ORIENTED_EDGE('',*,*,#6009,.T.);
#6065 = ORIENTED_EDGE('',*,*,#6066,.T.);
#6066 = EDGE_CURVE('',#6012,#6052,#6067,.T.);
#6067 = LINE('',#6068,#6069);
#6068 = CARTESIAN_POINT('',(-2.712398336475,-13.54986768519,
    19.65074688266));
#6069 = VECTOR('',#6070,1.);
#6070 = DIRECTION('',(0.999999970178,-1.792871353424E-10,
    2.442223251638E-04));
#6071 = PLANE('',#6072);
#6072 = AXIS2_PLACEMENT_3D('',#6073,#6074,#6075);
#6073 = CARTESIAN_POINT('',(-2.712398336475,-13.54986768519,
    19.65074688266));
#6074 = DIRECTION('',(2.294938554678E-04,-0.342020143326,-0.939692592762
    ));
#6075 = DIRECTION('',(-1.684748025332E-10,-0.939692617508,0.342020152332
    ));
#6076 = ADVANCED_FACE('',(#6077),#6102,.T.);
#6077 = FACE_BOUND('',#6078,.T.);
#6078 = EDGE_LOOP('',(#6079,#6089,#6095,#6096));
#6079 = ORIENTED_EDGE('',*,*,#6080,.F.);
#6080 = EDGE_CURVE('',#6081,#6083,#6085,.T.);
#6081 = VERTEX_POINT('',#6082);
#6082 = CARTESIAN_POINT('',(4.187220754354,-16.50000000075,
    24.352432064029));
#6083 = VERTEX_POINT('',#6084);
#6084 = CARTESIAN_POINT('',(5.427092371634,-13.54986768665,
    24.352734868367));
#6085 = LINE('',#6086,#6087);
#6086 = CARTESIAN_POINT('',(5.427092371634,-13.54986768665,
    24.352734868367));
#6087 = VECTOR('',#6088,1.);
#6088 = DIRECTION('',(0.387449241021,0.921891032974,9.462375730686E-05)
  );
#6089 = ORIENTED_EDGE('',*,*,#6090,.T.);
#6090 = EDGE_CURVE('',#6081,#6050,#6091,.T.);
#6091 = LINE('',#6092,#6093);
#6092 = CARTESIAN_POINT('',(1.784659201,-16.50000000032,20.188725355332)
  );
#6093 = VECTOR('',#6094,1.);
#6094 = DIRECTION('',(-0.499788482351,8.96056679501E-11,-0.86614748912)
  );
#6095 = ORIENTED_EDGE('',*,*,#6049,.T.);
#6096 = ORIENTED_EDGE('',*,*,#6097,.T.);
#6097 = EDGE_CURVE('',#6052,#6083,#6098,.T.);
#6098 = LINE('',#6099,#6100);
#6099 = CARTESIAN_POINT('',(2.714694032216,-13.54986768616,
    19.652072299817));
#6100 = VECTOR('',#6101,1.);
#6101 = DIRECTION('',(0.499788482351,-8.96056479501E-11,0.86614748912));
#6102 = PLANE('',#6103);
#6103 = AXIS2_PLACEMENT_3D('',#6104,#6105,#6106);
#6104 = CARTESIAN_POINT('',(2.714694032216,-13.54986768616,
    19.652072299817));
#6105 = DIRECTION('',(0.813912403977,-0.342020143472,-0.469647548819));
#6106 = DIRECTION('',(-0.499788482351,8.96057589724E-11,-0.86614748912)
  );
#6107 = ADVANCED_FACE('',(#6108),#6133,.T.);
#6108 = FACE_BOUND('',#6109,.T.);
#6109 = EDGE_LOOP('',(#6110,#6120,#6126,#6127));
#6110 = ORIENTED_EDGE('',*,*,#6111,.F.);
#6111 = EDGE_CURVE('',#6112,#6114,#6116,.T.);
#6112 = VERTEX_POINT('',#6113);
#6113 = CARTESIAN_POINT('',(2.092724769705,-16.50000000037,
    27.978160300054));
#6114 = VERTEX_POINT('',#6115);
#6115 = CARTESIAN_POINT('',(2.71239834236,-13.54986768616,29.05207201976
    ));
#6116 = LINE('',#6117,#6118);
#6117 = CARTESIAN_POINT('',(2.71239834236,-13.54986768616,29.05207201976
    ));
#6118 = VECTOR('',#6119,1.);
#6119 = DIRECTION('',(0.193642674016,0.921891033009,0.335588197137));
#6120 = ORIENTED_EDGE('',*,*,#6121,.T.);
#6121 = EDGE_CURVE('',#6112,#6081,#6122,.T.);
#6122 = LINE('',#6123,#6124);
#6123 = CARTESIAN_POINT('',(4.497319776667,-16.5000000008,
    23.815627606344));
#6124 = VECTOR('',#6125,1.);
#6125 = DIRECTION('',(0.500211487827,-8.96815073923E-11,-0.865903266795)
  );
#6126 = ORIENTED_EDGE('',*,*,#6080,.T.);
#6127 = ORIENTED_EDGE('',*,*,#6128,.T.);
#6128 = EDGE_CURVE('',#6083,#6114,#6129,.T.);
#6129 = LINE('',#6130,#6131);
#6130 = CARTESIAN_POINT('',(5.427092371634,-13.54986768665,
    24.352734868367));
#6131 = VECTOR('',#6132,1.);
#6132 = DIRECTION('',(-0.500211487827,8.96814873923E-11,0.865903266795)
  );
#6133 = PLANE('',#6134);
#6134 = AXIS2_PLACEMENT_3D('',#6135,#6136,#6137);
#6135 = CARTESIAN_POINT('',(5.427092371634,-13.54986768665,
    24.352734868367));
#6136 = DIRECTION('',(0.81368291006,-0.342020143472,0.470045043943));
#6137 = DIRECTION('',(-0.387495697477,-0.921871511891,
    -1.942890293094E-16));
#6138 = ADVANCED_FACE('',(#6139),#6164,.T.);
#6139 = FACE_BOUND('',#6140,.T.);
#6140 = EDGE_LOOP('',(#6141,#6151,#6157,#6158));
#6141 = ORIENTED_EDGE('',*,*,#6142,.F.);
#6142 = EDGE_CURVE('',#6143,#6145,#6147,.T.);
#6143 = VERTEX_POINT('',#6144);
#6144 = CARTESIAN_POINT('',(-2.094495982236,-16.49999999962,
    27.977137687235));
#6145 = VERTEX_POINT('',#6146);
#6146 = CARTESIAN_POINT('',(-2.714694026332,-13.54986768519,
    29.050746602603));
#6147 = LINE('',#6148,#6149);
#6148 = CARTESIAN_POINT('',(-2.714694026332,-13.54986768519,
    29.050746602603));
#6149 = VECTOR('',#6150,1.);
#6150 = DIRECTION('',(-0.19380656684,0.921891033079,0.33549357338));
#6151 = ORIENTED_EDGE('',*,*,#6152,.T.);
#6152 = EDGE_CURVE('',#6143,#6112,#6153,.T.);
#6153 = LINE('',#6154,#6155);
#6154 = CARTESIAN_POINT('',(2.71266057808,-16.50000000048,
    27.978311702223));
#6155 = VECTOR('',#6156,1.);
#6156 = DIRECTION('',(0.999999970178,-1.792871653424E-10,
    2.442223251651E-04));
#6157 = ORIENTED_EDGE('',*,*,#6111,.T.);
#6158 = ORIENTED_EDGE('',*,*,#6159,.T.);
#6159 = EDGE_CURVE('',#6114,#6145,#6160,.T.);
#6160 = LINE('',#6161,#6162);
#6161 = CARTESIAN_POINT('',(2.71239834236,-13.54986768616,29.05207201976
    ));
#6162 = VECTOR('',#6163,1.);
#6163 = DIRECTION('',(-0.999999970178,1.792871353424E-10,
    -2.442223251651E-04));
#6164 = PLANE('',#6165);
#6165 = AXIS2_PLACEMENT_3D('',#6166,#6167,#6168);
#6166 = CARTESIAN_POINT('',(2.71239834236,-13.54986768616,29.05207201976
    ));
#6167 = DIRECTION('',(-2.294939781086E-04,-0.342020143326,0.939692592762
    ));
#6168 = DIRECTION('',(-0.999999774883,6.709953519522E-04,
    -2.358139725156E-18));
#6169 = ADVANCED_FACE('',(#6170),#6186,.T.);
#6170 = FACE_BOUND('',#6171,.T.);
#6171 = EDGE_LOOP('',(#6172,#6173,#6179,#6180));
#6172 = ORIENTED_EDGE('',*,*,#6027,.F.);
#6173 = ORIENTED_EDGE('',*,*,#6174,.T.);
#6174 = EDGE_CURVE('',#6020,#6143,#6175,.T.);
#6175 = LINE('',#6176,#6177);
#6176 = CARTESIAN_POINT('',(-1.784659196173,-16.49999999968,
    28.514093547088));
#6177 = VECTOR('',#6178,1.);
#6178 = DIRECTION('',(0.499788482351,-8.96056679501E-11,0.86614748912));
#6179 = ORIENTED_EDGE('',*,*,#6142,.T.);
#6180 = ORIENTED_EDGE('',*,*,#6181,.T.);
#6181 = EDGE_CURVE('',#6145,#6028,#6182,.T.);
#6182 = LINE('',#6183,#6184);
#6183 = CARTESIAN_POINT('',(-2.714694026332,-13.54986768519,
    29.050746602603));
#6184 = VECTOR('',#6185,1.);
#6185 = DIRECTION('',(-0.499788482351,8.96056479501E-11,-0.86614748912)
  );
#6186 = PLANE('',#6187);
#6187 = AXIS2_PLACEMENT_3D('',#6188,#6189,#6190);
#6188 = CARTESIAN_POINT('',(-2.714694026332,-13.54986768519,
    29.050746602603));
#6189 = DIRECTION('',(-0.8139124041,-0.34202014318,0.469647548819));
#6190 = DIRECTION('',(1.449290118573E-10,0.808360701349,0.588687503277)
  );
#6191 = ADVANCED_FACE('',(#6192),#6200,.F.);
#6192 = FACE_BOUND('',#6193,.T.);
#6193 = EDGE_LOOP('',(#6194,#6195,#6196,#6197,#6198,#6199));
#6194 = ORIENTED_EDGE('',*,*,#6035,.F.);
#6195 = ORIENTED_EDGE('',*,*,#6181,.F.);
#6196 = ORIENTED_EDGE('',*,*,#6159,.F.);
#6197 = ORIENTED_EDGE('',*,*,#6128,.F.);
#6198 = ORIENTED_EDGE('',*,*,#6097,.F.);
#6199 = ORIENTED_EDGE('',*,*,#6066,.F.);
#6200 = PLANE('',#6201);
#6201 = AXIS2_PLACEMENT_3D('',#6202,#6203,#6204);
#6202 = CARTESIAN_POINT('',(2.942125700965E-09,-13.54986768568,-19.));
#6203 = DIRECTION('',(-1.792871406892E-10,-1.,0.));
#6204 = DIRECTION('',(0.,0.,1.));
#6205 = ADVANCED_FACE('',(#6206),#6214,.F.);
#6206 = FACE_BOUND('',#6207,.T.);
#6207 = EDGE_LOOP('',(#6208,#6209,#6210,#6211,#6212,#6213));
#6208 = ORIENTED_EDGE('',*,*,#6059,.F.);
#6209 = ORIENTED_EDGE('',*,*,#6090,.F.);
#6210 = ORIENTED_EDGE('',*,*,#6121,.F.);
#6211 = ORIENTED_EDGE('',*,*,#6152,.F.);
#6212 = ORIENTED_EDGE('',*,*,#6174,.F.);
#6213 = ORIENTED_EDGE('',*,*,#6019,.F.);
#6214 = PLANE('',#6215);
#6215 = AXIS2_PLACEMENT_3D('',#6216,#6217,#6218);
#6216 = CARTESIAN_POINT('',(15.400000002413,-16.50000000276,-8.4));
#6217 = DIRECTION('',(1.792871706892E-10,1.,0.));
#6218 = DIRECTION('',(0.,0.,1.));
#6219 = ( GEOMETRIC_REPRESENTATION_CONTEXT(3) 
GLOBAL_UNCERTAINTY_ASSIGNED_CONTEXT((#6223)) 
GLOBAL_UNIT_ASSIGNED_CONTEXT((#6220,#6221,#6222)) REPRESENTATION_CONTEXT
('Context #1','3D Context with UNIT and UNCERTAINTY') );
#6220 = ( LENGTH_UNIT() NAMED_UNIT(*) SI_UNIT(.MILLI.,.METRE.) );
#6221 = ( NAMED_UNIT(*) PLANE_ANGLE_UNIT() SI_UNIT($,.RADIAN.) );
#6222 = ( NAMED_UNIT(*) SI_UNIT($,.STERADIAN.) SOLID_ANGLE_UNIT() );
#6223 = UNCERTAINTY_MEASURE_WITH_UNIT(LENGTH_MEASURE(5.E-04),#6220,
  'distance_accuracy_value','confusion accuracy');
#6224 = PRODUCT_RELATED_PRODUCT_CATEGORY('part',$,(#7));
#6225 = MECHANICAL_DESIGN_GEOMETRIC_PRESENTATION_REPRESENTATION('',(
    #6226,#6239,#6248,#6257,#6266,#6275,#6284,#6293,#6302,#6311,#6320,
    #6329,#6338,#6347,#6356,#6365,#6374,#6383,#6392,#6401,#6410,#6419,
    #6428,#6437,#6446,#6455,#6464,#6473,#6482,#6491,#6500,#6509,#6518,
    #6527,#6536,#6545,#6554,#6563,#6572,#6581,#6590,#6599,#6608,#6617,
    #6626,#6635,#6644,#6653,#6662,#6671,#6680,#6689,#6698,#6705,#6712,
    #6719,#6728,#6737,#6746,#6755,#6764,#6773,#6782,#6791,#6800,#6809,
    #6818,#6827,#6836,#6845,#6854,#6863,#6872,#6881,#6890,#6899,#6908,
    #6917,#6926,#6935,#6944,#6953,#6962,#6971,#6980,#6989,#6998,#7005,
    #7012,#7019,#7026,#7033,#7042,#7051,#7060,#7069,#7078,#7087,#7096,
    #7105,#7114,#7123,#7132,#7141,#7150,#7159,#7168,#7177,#7186,#7195,
    #7204,#7213,#7222,#7231,#7240,#7249,#7258,#7267,#7276,#7285,#7294,
    #7303,#7312,#7321,#7330,#7337,#7344,#7351,#7360,#7369,#7378,#7387,
    #7396,#7405,#7414,#7423,#7432,#7441,#7450,#7459,#7468,#7477,#7486,
    #7495,#7504,#7513,#7522,#7531,#7540,#7549,#7558,#7567,#7576,#7585,
    #7594,#7603,#7612,#7621,#7630,#7639,#7648,#7657,#7666,#7675,#7684,
    #7693,#7702,#7711,#7720,#7729,#7738,#7747,#7756,#7765,#7774,#7783,
    #7792,#7801,#7810,#7819,#7826,#7833,#7844,#7853,#7862,#7871,#7880,
    #7889,#7898,#7907),#6219);
#6226 = STYLED_ITEM('color',(#6227),#15);
#6227 = PRESENTATION_STYLE_ASSIGNMENT((#6228,#6236));
#6228 = SURFACE_STYLE_USAGE(.BOTH.,#6229);
#6229 = SURFACE_SIDE_STYLE('',(#6230,#6234));
#6230 = SURFACE_STYLE_FILL_AREA(#6231);
#6231 = FILL_AREA_STYLE('',(#6232));
#6232 = FILL_AREA_STYLE_COLOUR('',#6233);
#6233 = COLOUR_RGB('',0.800000010877,0.800000010877,0.800000010877);
#6234 = SURFACE_STYLE_RENDERING_WITH_PROPERTIES(.NORMAL_SHADING.,#6233,(
    #6235));
#6235 = SURFACE_STYLE_TRANSPARENT(0.5);
#6236 = CURVE_STYLE('',#6237,POSITIVE_LENGTH_MEASURE(0.1),#6238);
#6237 = DRAUGHTING_PRE_DEFINED_CURVE_FONT('continuous');
#6238 = COLOUR_RGB('',9.803921802644E-02,9.803921802644E-02,
  9.803921802644E-02);
#6239 = OVER_RIDING_STYLED_ITEM('overriding color',(#6240),#17,#6226);
#6240 = PRESENTATION_STYLE_ASSIGNMENT((#6241));
#6241 = SURFACE_STYLE_USAGE(.BOTH.,#6242);
#6242 = SURFACE_SIDE_STYLE('',(#6243,#6246));
#6243 = SURFACE_STYLE_FILL_AREA(#6244);
#6244 = FILL_AREA_STYLE('',(#6245));
#6245 = FILL_AREA_STYLE_COLOUR('',#6233);
#6246 = SURFACE_STYLE_RENDERING_WITH_PROPERTIES(.NORMAL_SHADING.,#6233,(
    #6247));
#6247 = SURFACE_STYLE_TRANSPARENT(1.);
#6248 = OVER_RIDING_STYLED_ITEM('overriding color',(#6249),#86,#6226);
#6249 = PRESENTATION_STYLE_ASSIGNMENT((#6250));
#6250 = SURFACE_STYLE_USAGE(.BOTH.,#6251);
#6251 = SURFACE_SIDE_STYLE('',(#6252,#6255));
#6252 = SURFACE_STYLE_FILL_AREA(#6253);
#6253 = FILL_AREA_STYLE('',(#6254));
#6254 = FILL_AREA_STYLE_COLOUR('',#6233);
#6255 = SURFACE_STYLE_RENDERING_WITH_PROPERTIES(.NORMAL_SHADING.,#6233,(
    #6256));
#6256 = SURFACE_STYLE_TRANSPARENT(1.);
#6257 = OVER_RIDING_STYLED_ITEM('overriding color',(#6258),#162,#6226);
#6258 = PRESENTATION_STYLE_ASSIGNMENT((#6259));
#6259 = SURFACE_STYLE_USAGE(.BOTH.,#6260);
#6260 = SURFACE_SIDE_STYLE('',(#6261,#6264));
#6261 = SURFACE_STYLE_FILL_AREA(#6262);
#6262 = FILL_AREA_STYLE('',(#6263));
#6263 = FILL_AREA_STYLE_COLOUR('',#6233);
#6264 = SURFACE_STYLE_RENDERING_WITH_PROPERTIES(.NORMAL_SHADING.,#6233,(
    #6265));
#6265 = SURFACE_STYLE_TRANSPARENT(1.);
#6266 = OVER_RIDING_STYLED_ITEM('overriding color',(#6267),#221,#6226);
#6267 = PRESENTATION_STYLE_ASSIGNMENT((#6268));
#6268 = SURFACE_STYLE_USAGE(.BOTH.,#6269);
#6269 = SURFACE_SIDE_STYLE('',(#6270,#6273));
#6270 = SURFACE_STYLE_FILL_AREA(#6271);
#6271 = FILL_AREA_STYLE('',(#6272));
#6272 = FILL_AREA_STYLE_COLOUR('',#6233);
#6273 = SURFACE_STYLE_RENDERING_WITH_PROPERTIES(.NORMAL_SHADING.,#6233,(
    #6274));
#6274 = SURFACE_STYLE_TRANSPARENT(1.);
#6275 = OVER_RIDING_STYLED_ITEM('overriding color',(#6276),#260,#6226);
#6276 = PRESENTATION_STYLE_ASSIGNMENT((#6277));
#6277 = SURFACE_STYLE_USAGE(.BOTH.,#6278);
#6278 = SURFACE_SIDE_STYLE('',(#6279,#6282));
#6279 = SURFACE_STYLE_FILL_AREA(#6280);
#6280 = FILL_AREA_STYLE('',(#6281));
#6281 = FILL_AREA_STYLE_COLOUR('',#6233);
#6282 = SURFACE_STYLE_RENDERING_WITH_PROPERTIES(.NORMAL_SHADING.,#6233,(
    #6283));
#6283 = SURFACE_STYLE_TRANSPARENT(1.);
#6284 = OVER_RIDING_STYLED_ITEM('overriding color',(#6285),#308,#6226);
#6285 = PRESENTATION_STYLE_ASSIGNMENT((#6286));
#6286 = SURFACE_STYLE_USAGE(.BOTH.,#6287);
#6287 = SURFACE_SIDE_STYLE('',(#6288,#6291));
#6288 = SURFACE_STYLE_FILL_AREA(#6289);
#6289 = FILL_AREA_STYLE('',(#6290));
#6290 = FILL_AREA_STYLE_COLOUR('',#6233);
#6291 = SURFACE_STYLE_RENDERING_WITH_PROPERTIES(.NORMAL_SHADING.,#6233,(
    #6292));
#6292 = SURFACE_STYLE_TRANSPARENT(1.);
#6293 = OVER_RIDING_STYLED_ITEM('overriding color',(#6294),#347,#6226);
#6294 = PRESENTATION_STYLE_ASSIGNMENT((#6295));
#6295 = SURFACE_STYLE_USAGE(.BOTH.,#6296);
#6296 = SURFACE_SIDE_STYLE('',(#6297,#6300));
#6297 = SURFACE_STYLE_FILL_AREA(#6298);
#6298 = FILL_AREA_STYLE('',(#6299));
#6299 = FILL_AREA_STYLE_COLOUR('',#6233);
#6300 = SURFACE_STYLE_RENDERING_WITH_PROPERTIES(.NORMAL_SHADING.,#6233,(
    #6301));
#6301 = SURFACE_STYLE_TRANSPARENT(1.);
#6302 = OVER_RIDING_STYLED_ITEM('overriding color',(#6303),#379,#6226);
#6303 = PRESENTATION_STYLE_ASSIGNMENT((#6304));
#6304 = SURFACE_STYLE_USAGE(.BOTH.,#6305);
#6305 = SURFACE_SIDE_STYLE('',(#6306,#6309));
#6306 = SURFACE_STYLE_FILL_AREA(#6307);
#6307 = FILL_AREA_STYLE('',(#6308));
#6308 = FILL_AREA_STYLE_COLOUR('',#6233);
#6309 = SURFACE_STYLE_RENDERING_WITH_PROPERTIES(.NORMAL_SHADING.,#6233,(
    #6310));
#6310 = SURFACE_STYLE_TRANSPARENT(1.);
#6311 = OVER_RIDING_STYLED_ITEM('overriding color',(#6312),#479,#6226);
#6312 = PRESENTATION_STYLE_ASSIGNMENT((#6313));
#6313 = SURFACE_STYLE_USAGE(.BOTH.,#6314);
#6314 = SURFACE_SIDE_STYLE('',(#6315,#6318));
#6315 = SURFACE_STYLE_FILL_AREA(#6316);
#6316 = FILL_AREA_STYLE('',(#6317));
#6317 = FILL_AREA_STYLE_COLOUR('',#6233);
#6318 = SURFACE_STYLE_RENDERING_WITH_PROPERTIES(.NORMAL_SHADING.,#6233,(
    #6319));
#6319 = SURFACE_STYLE_TRANSPARENT(1.);
#6320 = OVER_RIDING_STYLED_ITEM('overriding color',(#6321),#510,#6226);
#6321 = PRESENTATION_STYLE_ASSIGNMENT((#6322));
#6322 = SURFACE_STYLE_USAGE(.BOTH.,#6323);
#6323 = SURFACE_SIDE_STYLE('',(#6324,#6327));
#6324 = SURFACE_STYLE_FILL_AREA(#6325);
#6325 = FILL_AREA_STYLE('',(#6326));
#6326 = FILL_AREA_STYLE_COLOUR('',#6233);
#6327 = SURFACE_STYLE_RENDERING_WITH_PROPERTIES(.NORMAL_SHADING.,#6233,(
    #6328));
#6328 = SURFACE_STYLE_TRANSPARENT(1.);
#6329 = OVER_RIDING_STYLED_ITEM('overriding color',(#6330),#615,#6226);
#6330 = PRESENTATION_STYLE_ASSIGNMENT((#6331));
#6331 = SURFACE_STYLE_USAGE(.BOTH.,#6332);
#6332 = SURFACE_SIDE_STYLE('',(#6333,#6336));
#6333 = SURFACE_STYLE_FILL_AREA(#6334);
#6334 = FILL_AREA_STYLE('',(#6335));
#6335 = FILL_AREA_STYLE_COLOUR('',#6233);
#6336 = SURFACE_STYLE_RENDERING_WITH_PROPERTIES(.NORMAL_SHADING.,#6233,(
    #6337));
#6337 = SURFACE_STYLE_TRANSPARENT(1.);
#6338 = OVER_RIDING_STYLED_ITEM('overriding color',(#6339),#689,#6226);
#6339 = PRESENTATION_STYLE_ASSIGNMENT((#6340));
#6340 = SURFACE_STYLE_USAGE(.BOTH.,#6341);
#6341 = SURFACE_SIDE_STYLE('',(#6342,#6345));
#6342 = SURFACE_STYLE_FILL_AREA(#6343);
#6343 = FILL_AREA_STYLE('',(#6344));
#6344 = FILL_AREA_STYLE_COLOUR('',#6233);
#6345 = SURFACE_STYLE_RENDERING_WITH_PROPERTIES(.NORMAL_SHADING.,#6233,(
    #6346));
#6346 = SURFACE_STYLE_TRANSPARENT(1.);
#6347 = OVER_RIDING_STYLED_ITEM('overriding color',(#6348),#715,#6226);
#6348 = PRESENTATION_STYLE_ASSIGNMENT((#6349));
#6349 = SURFACE_STYLE_USAGE(.BOTH.,#6350);
#6350 = SURFACE_SIDE_STYLE('',(#6351,#6354));
#6351 = SURFACE_STYLE_FILL_AREA(#6352);
#6352 = FILL_AREA_STYLE('',(#6353));
#6353 = FILL_AREA_STYLE_COLOUR('',#6233);
#6354 = SURFACE_STYLE_RENDERING_WITH_PROPERTIES(.NORMAL_SHADING.,#6233,(
    #6355));
#6355 = SURFACE_STYLE_TRANSPARENT(1.);
#6356 = OVER_RIDING_STYLED_ITEM('overriding color',(#6357),#739,#6226);
#6357 = PRESENTATION_STYLE_ASSIGNMENT((#6358));
#6358 = SURFACE_STYLE_USAGE(.BOTH.,#6359);
#6359 = SURFACE_SIDE_STYLE('',(#6360,#6363));
#6360 = SURFACE_STYLE_FILL_AREA(#6361);
#6361 = FILL_AREA_STYLE('',(#6362));
#6362 = FILL_AREA_STYLE_COLOUR('',#6233);
#6363 = SURFACE_STYLE_RENDERING_WITH_PROPERTIES(.NORMAL_SHADING.,#6233,(
    #6364));
#6364 = SURFACE_STYLE_TRANSPARENT(1.);
#6365 = OVER_RIDING_STYLED_ITEM('overriding color',(#6366),#804,#6226);
#6366 = PRESENTATION_STYLE_ASSIGNMENT((#6367));
#6367 = SURFACE_STYLE_USAGE(.BOTH.,#6368);
#6368 = SURFACE_SIDE_STYLE('',(#6369,#6372));
#6369 = SURFACE_STYLE_FILL_AREA(#6370);
#6370 = FILL_AREA_STYLE('',(#6371));
#6371 = FILL_AREA_STYLE_COLOUR('',#6233);
#6372 = SURFACE_STYLE_RENDERING_WITH_PROPERTIES(.NORMAL_SHADING.,#6233,(
    #6373));
#6373 = SURFACE_STYLE_TRANSPARENT(1.);
#6374 = OVER_RIDING_STYLED_ITEM('overriding color',(#6375),#852,#6226);
#6375 = PRESENTATION_STYLE_ASSIGNMENT((#6376));
#6376 = SURFACE_STYLE_USAGE(.BOTH.,#6377);
#6377 = SURFACE_SIDE_STYLE('',(#6378,#6381));
#6378 = SURFACE_STYLE_FILL_AREA(#6379);
#6379 = FILL_AREA_STYLE('',(#6380));
#6380 = FILL_AREA_STYLE_COLOUR('',#6233);
#6381 = SURFACE_STYLE_RENDERING_WITH_PROPERTIES(.NORMAL_SHADING.,#6233,(
    #6382));
#6382 = SURFACE_STYLE_TRANSPARENT(1.);
#6383 = OVER_RIDING_STYLED_ITEM('overriding color',(#6384),#894,#6226);
#6384 = PRESENTATION_STYLE_ASSIGNMENT((#6385));
#6385 = SURFACE_STYLE_USAGE(.BOTH.,#6386);
#6386 = SURFACE_SIDE_STYLE('',(#6387,#6390));
#6387 = SURFACE_STYLE_FILL_AREA(#6388);
#6388 = FILL_AREA_STYLE('',(#6389));
#6389 = FILL_AREA_STYLE_COLOUR('',#6233);
#6390 = SURFACE_STYLE_RENDERING_WITH_PROPERTIES(.NORMAL_SHADING.,#6233,(
    #6391));
#6391 = SURFACE_STYLE_TRANSPARENT(1.);
#6392 = OVER_RIDING_STYLED_ITEM('overriding color',(#6393),#961,#6226);
#6393 = PRESENTATION_STYLE_ASSIGNMENT((#6394));
#6394 = SURFACE_STYLE_USAGE(.BOTH.,#6395);
#6395 = SURFACE_SIDE_STYLE('',(#6396,#6399));
#6396 = SURFACE_STYLE_FILL_AREA(#6397);
#6397 = FILL_AREA_STYLE('',(#6398));
#6398 = FILL_AREA_STYLE_COLOUR('',#6233);
#6399 = SURFACE_STYLE_RENDERING_WITH_PROPERTIES(.NORMAL_SHADING.,#6233,(
    #6400));
#6400 = SURFACE_STYLE_TRANSPARENT(1.);
#6401 = OVER_RIDING_STYLED_ITEM('overriding color',(#6402),#978,#6226);
#6402 = PRESENTATION_STYLE_ASSIGNMENT((#6403));
#6403 = SURFACE_STYLE_USAGE(.BOTH.,#6404);
#6404 = SURFACE_SIDE_STYLE('',(#6405,#6408));
#6405 = SURFACE_STYLE_FILL_AREA(#6406);
#6406 = FILL_AREA_STYLE('',(#6407));
#6407 = FILL_AREA_STYLE_COLOUR('',#6233);
#6408 = SURFACE_STYLE_RENDERING_WITH_PROPERTIES(.NORMAL_SHADING.,#6233,(
    #6409));
#6409 = SURFACE_STYLE_TRANSPARENT(1.);
#6410 = OVER_RIDING_STYLED_ITEM('overriding color',(#6411),#990,#6226);
#6411 = PRESENTATION_STYLE_ASSIGNMENT((#6412));
#6412 = SURFACE_STYLE_USAGE(.BOTH.,#6413);
#6413 = SURFACE_SIDE_STYLE('',(#6414,#6417));
#6414 = SURFACE_STYLE_FILL_AREA(#6415);
#6415 = FILL_AREA_STYLE('',(#6416));
#6416 = FILL_AREA_STYLE_COLOUR('',#6233);
#6417 = SURFACE_STYLE_RENDERING_WITH_PROPERTIES(.NORMAL_SHADING.,#6233,(
    #6418));
#6418 = SURFACE_STYLE_TRANSPARENT(1.);
#6419 = OVER_RIDING_STYLED_ITEM('overriding color',(#6420),#1014,#6226);
#6420 = PRESENTATION_STYLE_ASSIGNMENT((#6421));
#6421 = SURFACE_STYLE_USAGE(.BOTH.,#6422);
#6422 = SURFACE_SIDE_STYLE('',(#6423,#6426));
#6423 = SURFACE_STYLE_FILL_AREA(#6424);
#6424 = FILL_AREA_STYLE('',(#6425));
#6425 = FILL_AREA_STYLE_COLOUR('',#6233);
#6426 = SURFACE_STYLE_RENDERING_WITH_PROPERTIES(.NORMAL_SHADING.,#6233,(
    #6427));
#6427 = SURFACE_STYLE_TRANSPARENT(1.);
#6428 = OVER_RIDING_STYLED_ITEM('overriding color',(#6429),#1038,#6226);
#6429 = PRESENTATION_STYLE_ASSIGNMENT((#6430));
#6430 = SURFACE_STYLE_USAGE(.BOTH.,#6431);
#6431 = SURFACE_SIDE_STYLE('',(#6432,#6435));
#6432 = SURFACE_STYLE_FILL_AREA(#6433);
#6433 = FILL_AREA_STYLE('',(#6434));
#6434 = FILL_AREA_STYLE_COLOUR('',#6233);
#6435 = SURFACE_STYLE_RENDERING_WITH_PROPERTIES(.NORMAL_SHADING.,#6233,(
    #6436));
#6436 = SURFACE_STYLE_TRANSPARENT(1.);
#6437 = OVER_RIDING_STYLED_ITEM('overriding color',(#6438),#1070,#6226);
#6438 = PRESENTATION_STYLE_ASSIGNMENT((#6439));
#6439 = SURFACE_STYLE_USAGE(.BOTH.,#6440);
#6440 = SURFACE_SIDE_STYLE('',(#6441,#6444));
#6441 = SURFACE_STYLE_FILL_AREA(#6442);
#6442 = FILL_AREA_STYLE('',(#6443));
#6443 = FILL_AREA_STYLE_COLOUR('',#6233);
#6444 = SURFACE_STYLE_RENDERING_WITH_PROPERTIES(.NORMAL_SHADING.,#6233,(
    #6445));
#6445 = SURFACE_STYLE_TRANSPARENT(1.);
#6446 = OVER_RIDING_STYLED_ITEM('overriding color',(#6447),#1102,#6226);
#6447 = PRESENTATION_STYLE_ASSIGNMENT((#6448));
#6448 = SURFACE_STYLE_USAGE(.BOTH.,#6449);
#6449 = SURFACE_SIDE_STYLE('',(#6450,#6453));
#6450 = SURFACE_STYLE_FILL_AREA(#6451);
#6451 = FILL_AREA_STYLE('',(#6452));
#6452 = FILL_AREA_STYLE_COLOUR('',#6233);
#6453 = SURFACE_STYLE_RENDERING_WITH_PROPERTIES(.NORMAL_SHADING.,#6233,(
    #6454));
#6454 = SURFACE_STYLE_TRANSPARENT(1.);
#6455 = OVER_RIDING_STYLED_ITEM('overriding color',(#6456),#1128,#6226);
#6456 = PRESENTATION_STYLE_ASSIGNMENT((#6457));
#6457 = SURFACE_STYLE_USAGE(.BOTH.,#6458);
#6458 = SURFACE_SIDE_STYLE('',(#6459,#6462));
#6459 = SURFACE_STYLE_FILL_AREA(#6460);
#6460 = FILL_AREA_STYLE('',(#6461));
#6461 = FILL_AREA_STYLE_COLOUR('',#6233);
#6462 = SURFACE_STYLE_RENDERING_WITH_PROPERTIES(.NORMAL_SHADING.,#6233,(
    #6463));
#6463 = SURFACE_STYLE_TRANSPARENT(1.);
#6464 = OVER_RIDING_STYLED_ITEM('overriding color',(#6465),#1225,#6226);
#6465 = PRESENTATION_STYLE_ASSIGNMENT((#6466));
#6466 = SURFACE_STYLE_USAGE(.BOTH.,#6467);
#6467 = SURFACE_SIDE_STYLE('',(#6468,#6471));
#6468 = SURFACE_STYLE_FILL_AREA(#6469);
#6469 = FILL_AREA_STYLE('',(#6470));
#6470 = FILL_AREA_STYLE_COLOUR('',#6233);
#6471 = SURFACE_STYLE_RENDERING_WITH_PROPERTIES(.NORMAL_SHADING.,#6233,(
    #6472));
#6472 = SURFACE_STYLE_TRANSPARENT(1.);
#6473 = OVER_RIDING_STYLED_ITEM('overriding color',(#6474),#1389,#6226);
#6474 = PRESENTATION_STYLE_ASSIGNMENT((#6475));
#6475 = SURFACE_STYLE_USAGE(.BOTH.,#6476);
#6476 = SURFACE_SIDE_STYLE('',(#6477,#6480));
#6477 = SURFACE_STYLE_FILL_AREA(#6478);
#6478 = FILL_AREA_STYLE('',(#6479));
#6479 = FILL_AREA_STYLE_COLOUR('',#6233);
#6480 = SURFACE_STYLE_RENDERING_WITH_PROPERTIES(.NORMAL_SHADING.,#6233,(
    #6481));
#6481 = SURFACE_STYLE_TRANSPARENT(1.);
#6482 = OVER_RIDING_STYLED_ITEM('overriding color',(#6483),#1553,#6226);
#6483 = PRESENTATION_STYLE_ASSIGNMENT((#6484));
#6484 = SURFACE_STYLE_USAGE(.BOTH.,#6485);
#6485 = SURFACE_SIDE_STYLE('',(#6486,#6489));
#6486 = SURFACE_STYLE_FILL_AREA(#6487);
#6487 = FILL_AREA_STYLE('',(#6488));
#6488 = FILL_AREA_STYLE_COLOUR('',#6233);
#6489 = SURFACE_STYLE_RENDERING_WITH_PROPERTIES(.NORMAL_SHADING.,#6233,(
    #6490));
#6490 = SURFACE_STYLE_TRANSPARENT(1.);
#6491 = OVER_RIDING_STYLED_ITEM('overriding color',(#6492),#1571,#6226);
#6492 = PRESENTATION_STYLE_ASSIGNMENT((#6493));
#6493 = SURFACE_STYLE_USAGE(.BOTH.,#6494);
#6494 = SURFACE_SIDE_STYLE('',(#6495,#6498));
#6495 = SURFACE_STYLE_FILL_AREA(#6496);
#6496 = FILL_AREA_STYLE('',(#6497));
#6497 = FILL_AREA_STYLE_COLOUR('',#6233);
#6498 = SURFACE_STYLE_RENDERING_WITH_PROPERTIES(.NORMAL_SHADING.,#6233,(
    #6499));
#6499 = SURFACE_STYLE_TRANSPARENT(1.);
#6500 = OVER_RIDING_STYLED_ITEM('overriding color',(#6501),#1604,#6226);
#6501 = PRESENTATION_STYLE_ASSIGNMENT((#6502));
#6502 = SURFACE_STYLE_USAGE(.BOTH.,#6503);
#6503 = SURFACE_SIDE_STYLE('',(#6504,#6507));
#6504 = SURFACE_STYLE_FILL_AREA(#6505);
#6505 = FILL_AREA_STYLE('',(#6506));
#6506 = FILL_AREA_STYLE_COLOUR('',#6233);
#6507 = SURFACE_STYLE_RENDERING_WITH_PROPERTIES(.NORMAL_SHADING.,#6233,(
    #6508));
#6508 = SURFACE_STYLE_TRANSPARENT(1.);
#6509 = OVER_RIDING_STYLED_ITEM('overriding color',(#6510),#1740,#6226);
#6510 = PRESENTATION_STYLE_ASSIGNMENT((#6511));
#6511 = SURFACE_STYLE_USAGE(.BOTH.,#6512);
#6512 = SURFACE_SIDE_STYLE('',(#6513,#6516));
#6513 = SURFACE_STYLE_FILL_AREA(#6514);
#6514 = FILL_AREA_STYLE('',(#6515));
#6515 = FILL_AREA_STYLE_COLOUR('',#6233);
#6516 = SURFACE_STYLE_RENDERING_WITH_PROPERTIES(.NORMAL_SHADING.,#6233,(
    #6517));
#6517 = SURFACE_STYLE_TRANSPARENT(1.);
#6518 = OVER_RIDING_STYLED_ITEM('overriding color',(#6519),#1765,#6226);
#6519 = PRESENTATION_STYLE_ASSIGNMENT((#6520));
#6520 = SURFACE_STYLE_USAGE(.BOTH.,#6521);
#6521 = SURFACE_SIDE_STYLE('',(#6522,#6525));
#6522 = SURFACE_STYLE_FILL_AREA(#6523);
#6523 = FILL_AREA_STYLE('',(#6524));
#6524 = FILL_AREA_STYLE_COLOUR('',#6233);
#6525 = SURFACE_STYLE_RENDERING_WITH_PROPERTIES(.NORMAL_SHADING.,#6233,(
    #6526));
#6526 = SURFACE_STYLE_TRANSPARENT(1.);
#6527 = OVER_RIDING_STYLED_ITEM('overriding color',(#6528),#1804,#6226);
#6528 = PRESENTATION_STYLE_ASSIGNMENT((#6529));
#6529 = SURFACE_STYLE_USAGE(.BOTH.,#6530);
#6530 = SURFACE_SIDE_STYLE('',(#6531,#6534));
#6531 = SURFACE_STYLE_FILL_AREA(#6532);
#6532 = FILL_AREA_STYLE('',(#6533));
#6533 = FILL_AREA_STYLE_COLOUR('',#6233);
#6534 = SURFACE_STYLE_RENDERING_WITH_PROPERTIES(.NORMAL_SHADING.,#6233,(
    #6535));
#6535 = SURFACE_STYLE_TRANSPARENT(1.);
#6536 = OVER_RIDING_STYLED_ITEM('overriding color',(#6537),#1829,#6226);
#6537 = PRESENTATION_STYLE_ASSIGNMENT((#6538));
#6538 = SURFACE_STYLE_USAGE(.BOTH.,#6539);
#6539 = SURFACE_SIDE_STYLE('',(#6540,#6543));
#6540 = SURFACE_STYLE_FILL_AREA(#6541);
#6541 = FILL_AREA_STYLE('',(#6542));
#6542 = FILL_AREA_STYLE_COLOUR('',#6233);
#6543 = SURFACE_STYLE_RENDERING_WITH_PROPERTIES(.NORMAL_SHADING.,#6233,(
    #6544));
#6544 = SURFACE_STYLE_TRANSPARENT(1.);
#6545 = OVER_RIDING_STYLED_ITEM('overriding color',(#6546),#1931,#6226);
#6546 = PRESENTATION_STYLE_ASSIGNMENT((#6547));
#6547 = SURFACE_STYLE_USAGE(.BOTH.,#6548);
#6548 = SURFACE_SIDE_STYLE('',(#6549,#6552));
#6549 = SURFACE_STYLE_FILL_AREA(#6550);
#6550 = FILL_AREA_STYLE('',(#6551));
#6551 = FILL_AREA_STYLE_COLOUR('',#6233);
#6552 = SURFACE_STYLE_RENDERING_WITH_PROPERTIES(.NORMAL_SHADING.,#6233,(
    #6553));
#6553 = SURFACE_STYLE_TRANSPARENT(1.);
#6554 = OVER_RIDING_STYLED_ITEM('overriding color',(#6555),#1948,#6226);
#6555 = PRESENTATION_STYLE_ASSIGNMENT((#6556));
#6556 = SURFACE_STYLE_USAGE(.BOTH.,#6557);
#6557 = SURFACE_SIDE_STYLE('',(#6558,#6561));
#6558 = SURFACE_STYLE_FILL_AREA(#6559);
#6559 = FILL_AREA_STYLE('',(#6560));
#6560 = FILL_AREA_STYLE_COLOUR('',#6233);
#6561 = SURFACE_STYLE_RENDERING_WITH_PROPERTIES(.NORMAL_SHADING.,#6233,(
    #6562));
#6562 = SURFACE_STYLE_TRANSPARENT(1.);
#6563 = OVER_RIDING_STYLED_ITEM('overriding color',(#6564),#1972,#6226);
#6564 = PRESENTATION_STYLE_ASSIGNMENT((#6565));
#6565 = SURFACE_STYLE_USAGE(.BOTH.,#6566);
#6566 = SURFACE_SIDE_STYLE('',(#6567,#6570));
#6567 = SURFACE_STYLE_FILL_AREA(#6568);
#6568 = FILL_AREA_STYLE('',(#6569));
#6569 = FILL_AREA_STYLE_COLOUR('',#6233);
#6570 = SURFACE_STYLE_RENDERING_WITH_PROPERTIES(.NORMAL_SHADING.,#6233,(
    #6571));
#6571 = SURFACE_STYLE_TRANSPARENT(1.);
#6572 = OVER_RIDING_STYLED_ITEM('overriding color',(#6573),#2012,#6226);
#6573 = PRESENTATION_STYLE_ASSIGNMENT((#6574));
#6574 = SURFACE_STYLE_USAGE(.BOTH.,#6575);
#6575 = SURFACE_SIDE_STYLE('',(#6576,#6579));
#6576 = SURFACE_STYLE_FILL_AREA(#6577);
#6577 = FILL_AREA_STYLE('',(#6578));
#6578 = FILL_AREA_STYLE_COLOUR('',#6233);
#6579 = SURFACE_STYLE_RENDERING_WITH_PROPERTIES(.NORMAL_SHADING.,#6233,(
    #6580));
#6580 = SURFACE_STYLE_TRANSPARENT(1.);
#6581 = OVER_RIDING_STYLED_ITEM('overriding color',(#6582),#2029,#6226);
#6582 = PRESENTATION_STYLE_ASSIGNMENT((#6583));
#6583 = SURFACE_STYLE_USAGE(.BOTH.,#6584);
#6584 = SURFACE_SIDE_STYLE('',(#6585,#6588));
#6585 = SURFACE_STYLE_FILL_AREA(#6586);
#6586 = FILL_AREA_STYLE('',(#6587));
#6587 = FILL_AREA_STYLE_COLOUR('',#6233);
#6588 = SURFACE_STYLE_RENDERING_WITH_PROPERTIES(.NORMAL_SHADING.,#6233,(
    #6589));
#6589 = SURFACE_STYLE_TRANSPARENT(1.);
#6590 = OVER_RIDING_STYLED_ITEM('overriding color',(#6591),#2096,#6226);
#6591 = PRESENTATION_STYLE_ASSIGNMENT((#6592));
#6592 = SURFACE_STYLE_USAGE(.BOTH.,#6593);
#6593 = SURFACE_SIDE_STYLE('',(#6594,#6597));
#6594 = SURFACE_STYLE_FILL_AREA(#6595);
#6595 = FILL_AREA_STYLE('',(#6596));
#6596 = FILL_AREA_STYLE_COLOUR('',#6233);
#6597 = SURFACE_STYLE_RENDERING_WITH_PROPERTIES(.NORMAL_SHADING.,#6233,(
    #6598));
#6598 = SURFACE_STYLE_TRANSPARENT(1.);
#6599 = OVER_RIDING_STYLED_ITEM('overriding color',(#6600),#2113,#6226);
#6600 = PRESENTATION_STYLE_ASSIGNMENT((#6601));
#6601 = SURFACE_STYLE_USAGE(.BOTH.,#6602);
#6602 = SURFACE_SIDE_STYLE('',(#6603,#6606));
#6603 = SURFACE_STYLE_FILL_AREA(#6604);
#6604 = FILL_AREA_STYLE('',(#6605));
#6605 = FILL_AREA_STYLE_COLOUR('',#6233);
#6606 = SURFACE_STYLE_RENDERING_WITH_PROPERTIES(.NORMAL_SHADING.,#6233,(
    #6607));
#6607 = SURFACE_STYLE_TRANSPARENT(1.);
#6608 = OVER_RIDING_STYLED_ITEM('overriding color',(#6609),#2123,#6226);
#6609 = PRESENTATION_STYLE_ASSIGNMENT((#6610));
#6610 = SURFACE_STYLE_USAGE(.BOTH.,#6611);
#6611 = SURFACE_SIDE_STYLE('',(#6612,#6615));
#6612 = SURFACE_STYLE_FILL_AREA(#6613);
#6613 = FILL_AREA_STYLE('',(#6614));
#6614 = FILL_AREA_STYLE_COLOUR('',#6233);
#6615 = SURFACE_STYLE_RENDERING_WITH_PROPERTIES(.NORMAL_SHADING.,#6233,(
    #6616));
#6616 = SURFACE_STYLE_TRANSPARENT(1.);
#6617 = OVER_RIDING_STYLED_ITEM('overriding color',(#6618),#2149,#6226);
#6618 = PRESENTATION_STYLE_ASSIGNMENT((#6619));
#6619 = SURFACE_STYLE_USAGE(.BOTH.,#6620);
#6620 = SURFACE_SIDE_STYLE('',(#6621,#6624));
#6621 = SURFACE_STYLE_FILL_AREA(#6622);
#6622 = FILL_AREA_STYLE('',(#6623));
#6623 = FILL_AREA_STYLE_COLOUR('',#6233);
#6624 = SURFACE_STYLE_RENDERING_WITH_PROPERTIES(.NORMAL_SHADING.,#6233,(
    #6625));
#6625 = SURFACE_STYLE_TRANSPARENT(1.);
#6626 = OVER_RIDING_STYLED_ITEM('overriding color',(#6627),#2199,#6226);
#6627 = PRESENTATION_STYLE_ASSIGNMENT((#6628));
#6628 = SURFACE_STYLE_USAGE(.BOTH.,#6629);
#6629 = SURFACE_SIDE_STYLE('',(#6630,#6633));
#6630 = SURFACE_STYLE_FILL_AREA(#6631);
#6631 = FILL_AREA_STYLE('',(#6632));
#6632 = FILL_AREA_STYLE_COLOUR('',#6233);
#6633 = SURFACE_STYLE_RENDERING_WITH_PROPERTIES(.NORMAL_SHADING.,#6233,(
    #6634));
#6634 = SURFACE_STYLE_TRANSPARENT(1.);
#6635 = OVER_RIDING_STYLED_ITEM('overriding color',(#6636),#2281,#6226);
#6636 = PRESENTATION_STYLE_ASSIGNMENT((#6637));
#6637 = SURFACE_STYLE_USAGE(.BOTH.,#6638);
#6638 = SURFACE_SIDE_STYLE('',(#6639,#6642));
#6639 = SURFACE_STYLE_FILL_AREA(#6640);
#6640 = FILL_AREA_STYLE('',(#6641));
#6641 = FILL_AREA_STYLE_COLOUR('',#6233);
#6642 = SURFACE_STYLE_RENDERING_WITH_PROPERTIES(.NORMAL_SHADING.,#6233,(
    #6643));
#6643 = SURFACE_STYLE_TRANSPARENT(1.);
#6644 = OVER_RIDING_STYLED_ITEM('overriding color',(#6645),#2298,#6226);
#6645 = PRESENTATION_STYLE_ASSIGNMENT((#6646));
#6646 = SURFACE_STYLE_USAGE(.BOTH.,#6647);
#6647 = SURFACE_SIDE_STYLE('',(#6648,#6651));
#6648 = SURFACE_STYLE_FILL_AREA(#6649);
#6649 = FILL_AREA_STYLE('',(#6650));
#6650 = FILL_AREA_STYLE_COLOUR('',#6233);
#6651 = SURFACE_STYLE_RENDERING_WITH_PROPERTIES(.NORMAL_SHADING.,#6233,(
    #6652));
#6652 = SURFACE_STYLE_TRANSPARENT(1.);
#6653 = OVER_RIDING_STYLED_ITEM('overriding color',(#6654),#2310,#6226);
#6654 = PRESENTATION_STYLE_ASSIGNMENT((#6655));
#6655 = SURFACE_STYLE_USAGE(.BOTH.,#6656);
#6656 = SURFACE_SIDE_STYLE('',(#6657,#6660));
#6657 = SURFACE_STYLE_FILL_AREA(#6658);
#6658 = FILL_AREA_STYLE('',(#6659));
#6659 = FILL_AREA_STYLE_COLOUR('',#6233);
#6660 = SURFACE_STYLE_RENDERING_WITH_PROPERTIES(.NORMAL_SHADING.,#6233,(
    #6661));
#6661 = SURFACE_STYLE_TRANSPARENT(1.);
#6662 = OVER_RIDING_STYLED_ITEM('overriding color',(#6663),#2335,#6226);
#6663 = PRESENTATION_STYLE_ASSIGNMENT((#6664));
#6664 = SURFACE_STYLE_USAGE(.BOTH.,#6665);
#6665 = SURFACE_SIDE_STYLE('',(#6666,#6669));
#6666 = SURFACE_STYLE_FILL_AREA(#6667);
#6667 = FILL_AREA_STYLE('',(#6668));
#6668 = FILL_AREA_STYLE_COLOUR('',#6233);
#6669 = SURFACE_STYLE_RENDERING_WITH_PROPERTIES(.NORMAL_SHADING.,#6233,(
    #6670));
#6670 = SURFACE_STYLE_TRANSPARENT(1.);
#6671 = OVER_RIDING_STYLED_ITEM('overriding color',(#6672),#2360,#6226);
#6672 = PRESENTATION_STYLE_ASSIGNMENT((#6673));
#6673 = SURFACE_STYLE_USAGE(.BOTH.,#6674);
#6674 = SURFACE_SIDE_STYLE('',(#6675,#6678));
#6675 = SURFACE_STYLE_FILL_AREA(#6676);
#6676 = FILL_AREA_STYLE('',(#6677));
#6677 = FILL_AREA_STYLE_COLOUR('',#6233);
#6678 = SURFACE_STYLE_RENDERING_WITH_PROPERTIES(.NORMAL_SHADING.,#6233,(
    #6679));
#6679 = SURFACE_STYLE_TRANSPARENT(1.);
#6680 = OVER_RIDING_STYLED_ITEM('overriding color',(#6681),#2434,#6226);
#6681 = PRESENTATION_STYLE_ASSIGNMENT((#6682));
#6682 = SURFACE_STYLE_USAGE(.BOTH.,#6683);
#6683 = SURFACE_SIDE_STYLE('',(#6684,#6687));
#6684 = SURFACE_STYLE_FILL_AREA(#6685);
#6685 = FILL_AREA_STYLE('',(#6686));
#6686 = FILL_AREA_STYLE_COLOUR('',#6233);
#6687 = SURFACE_STYLE_RENDERING_WITH_PROPERTIES(.NORMAL_SHADING.,#6233,(
    #6688));
#6688 = SURFACE_STYLE_TRANSPARENT(1.);
#6689 = OVER_RIDING_STYLED_ITEM('overriding color',(#6690),#2452,#6226);
#6690 = PRESENTATION_STYLE_ASSIGNMENT((#6691));
#6691 = SURFACE_STYLE_USAGE(.BOTH.,#6692);
#6692 = SURFACE_SIDE_STYLE('',(#6693,#6696));
#6693 = SURFACE_STYLE_FILL_AREA(#6694);
#6694 = FILL_AREA_STYLE('',(#6695));
#6695 = FILL_AREA_STYLE_COLOUR('',#6233);
#6696 = SURFACE_STYLE_RENDERING_WITH_PROPERTIES(.NORMAL_SHADING.,#6233,(
    #6697));
#6697 = SURFACE_STYLE_TRANSPARENT(1.);
#6698 = OVER_RIDING_STYLED_ITEM('overriding color',(#6699),#2470,#6226);
#6699 = PRESENTATION_STYLE_ASSIGNMENT((#6700));
#6700 = SURFACE_STYLE_USAGE(.BOTH.,#6701);
#6701 = SURFACE_SIDE_STYLE('',(#6702));
#6702 = SURFACE_STYLE_FILL_AREA(#6703);
#6703 = FILL_AREA_STYLE('',(#6704));
#6704 = FILL_AREA_STYLE_COLOUR('',#6233);
#6705 = OVER_RIDING_STYLED_ITEM('overriding color',(#6706),#2533,#6226);
#6706 = PRESENTATION_STYLE_ASSIGNMENT((#6707));
#6707 = SURFACE_STYLE_USAGE(.BOTH.,#6708);
#6708 = SURFACE_SIDE_STYLE('',(#6709));
#6709 = SURFACE_STYLE_FILL_AREA(#6710);
#6710 = FILL_AREA_STYLE('',(#6711));
#6711 = FILL_AREA_STYLE_COLOUR('',#6233);
#6712 = OVER_RIDING_STYLED_ITEM('overriding color',(#6713),#2579,#6226);
#6713 = PRESENTATION_STYLE_ASSIGNMENT((#6714));
#6714 = SURFACE_STYLE_USAGE(.BOTH.,#6715);
#6715 = SURFACE_SIDE_STYLE('',(#6716));
#6716 = SURFACE_STYLE_FILL_AREA(#6717);
#6717 = FILL_AREA_STYLE('',(#6718));
#6718 = FILL_AREA_STYLE_COLOUR('',#6233);
#6719 = OVER_RIDING_STYLED_ITEM('overriding color',(#6720),#2635,#6226);
#6720 = PRESENTATION_STYLE_ASSIGNMENT((#6721));
#6721 = SURFACE_STYLE_USAGE(.BOTH.,#6722);
#6722 = SURFACE_SIDE_STYLE('',(#6723,#6726));
#6723 = SURFACE_STYLE_FILL_AREA(#6724);
#6724 = FILL_AREA_STYLE('',(#6725));
#6725 = FILL_AREA_STYLE_COLOUR('',#6233);
#6726 = SURFACE_STYLE_RENDERING_WITH_PROPERTIES(.NORMAL_SHADING.,#6233,(
    #6727));
#6727 = SURFACE_STYLE_TRANSPARENT(1.);
#6728 = OVER_RIDING_STYLED_ITEM('overriding color',(#6729),#2661,#6226);
#6729 = PRESENTATION_STYLE_ASSIGNMENT((#6730));
#6730 = SURFACE_STYLE_USAGE(.BOTH.,#6731);
#6731 = SURFACE_SIDE_STYLE('',(#6732,#6735));
#6732 = SURFACE_STYLE_FILL_AREA(#6733);
#6733 = FILL_AREA_STYLE('',(#6734));
#6734 = FILL_AREA_STYLE_COLOUR('',#6233);
#6735 = SURFACE_STYLE_RENDERING_WITH_PROPERTIES(.NORMAL_SHADING.,#6233,(
    #6736));
#6736 = SURFACE_STYLE_TRANSPARENT(1.);
#6737 = OVER_RIDING_STYLED_ITEM('overriding color',(#6738),#2687,#6226);
#6738 = PRESENTATION_STYLE_ASSIGNMENT((#6739));
#6739 = SURFACE_STYLE_USAGE(.BOTH.,#6740);
#6740 = SURFACE_SIDE_STYLE('',(#6741,#6744));
#6741 = SURFACE_STYLE_FILL_AREA(#6742);
#6742 = FILL_AREA_STYLE('',(#6743));
#6743 = FILL_AREA_STYLE_COLOUR('',#6233);
#6744 = SURFACE_STYLE_RENDERING_WITH_PROPERTIES(.NORMAL_SHADING.,#6233,(
    #6745));
#6745 = SURFACE_STYLE_TRANSPARENT(1.);
#6746 = OVER_RIDING_STYLED_ITEM('overriding color',(#6747),#2713,#6226);
#6747 = PRESENTATION_STYLE_ASSIGNMENT((#6748));
#6748 = SURFACE_STYLE_USAGE(.BOTH.,#6749);
#6749 = SURFACE_SIDE_STYLE('',(#6750,#6753));
#6750 = SURFACE_STYLE_FILL_AREA(#6751);
#6751 = FILL_AREA_STYLE('',(#6752));
#6752 = FILL_AREA_STYLE_COLOUR('',#6233);
#6753 = SURFACE_STYLE_RENDERING_WITH_PROPERTIES(.NORMAL_SHADING.,#6233,(
    #6754));
#6754 = SURFACE_STYLE_TRANSPARENT(1.);
#6755 = OVER_RIDING_STYLED_ITEM('overriding color',(#6756),#2743,#6226);
#6756 = PRESENTATION_STYLE_ASSIGNMENT((#6757));
#6757 = SURFACE_STYLE_USAGE(.BOTH.,#6758);
#6758 = SURFACE_SIDE_STYLE('',(#6759,#6762));
#6759 = SURFACE_STYLE_FILL_AREA(#6760);
#6760 = FILL_AREA_STYLE('',(#6761));
#6761 = FILL_AREA_STYLE_COLOUR('',#6233);
#6762 = SURFACE_STYLE_RENDERING_WITH_PROPERTIES(.NORMAL_SHADING.,#6233,(
    #6763));
#6763 = SURFACE_STYLE_TRANSPARENT(1.);
#6764 = OVER_RIDING_STYLED_ITEM('overriding color',(#6765),#2768,#6226);
#6765 = PRESENTATION_STYLE_ASSIGNMENT((#6766));
#6766 = SURFACE_STYLE_USAGE(.BOTH.,#6767);
#6767 = SURFACE_SIDE_STYLE('',(#6768,#6771));
#6768 = SURFACE_STYLE_FILL_AREA(#6769);
#6769 = FILL_AREA_STYLE('',(#6770));
#6770 = FILL_AREA_STYLE_COLOUR('',#6233);
#6771 = SURFACE_STYLE_RENDERING_WITH_PROPERTIES(.NORMAL_SHADING.,#6233,(
    #6772));
#6772 = SURFACE_STYLE_TRANSPARENT(1.);
#6773 = OVER_RIDING_STYLED_ITEM('overriding color',(#6774),#2793,#6226);
#6774 = PRESENTATION_STYLE_ASSIGNMENT((#6775));
#6775 = SURFACE_STYLE_USAGE(.BOTH.,#6776);
#6776 = SURFACE_SIDE_STYLE('',(#6777,#6780));
#6777 = SURFACE_STYLE_FILL_AREA(#6778);
#6778 = FILL_AREA_STYLE('',(#6779));
#6779 = FILL_AREA_STYLE_COLOUR('',#6233);
#6780 = SURFACE_STYLE_RENDERING_WITH_PROPERTIES(.NORMAL_SHADING.,#6233,(
    #6781));
#6781 = SURFACE_STYLE_TRANSPARENT(1.);
#6782 = OVER_RIDING_STYLED_ITEM('overriding color',(#6783),#2904,#6226);
#6783 = PRESENTATION_STYLE_ASSIGNMENT((#6784));
#6784 = SURFACE_STYLE_USAGE(.BOTH.,#6785);
#6785 = SURFACE_SIDE_STYLE('',(#6786,#6789));
#6786 = SURFACE_STYLE_FILL_AREA(#6787);
#6787 = FILL_AREA_STYLE('',(#6788));
#6788 = FILL_AREA_STYLE_COLOUR('',#6233);
#6789 = SURFACE_STYLE_RENDERING_WITH_PROPERTIES(.NORMAL_SHADING.,#6233,(
    #6790));
#6790 = SURFACE_STYLE_TRANSPARENT(1.);
#6791 = OVER_RIDING_STYLED_ITEM('overriding color',(#6792),#2923,#6226);
#6792 = PRESENTATION_STYLE_ASSIGNMENT((#6793));
#6793 = SURFACE_STYLE_USAGE(.BOTH.,#6794);
#6794 = SURFACE_SIDE_STYLE('',(#6795,#6798));
#6795 = SURFACE_STYLE_FILL_AREA(#6796);
#6796 = FILL_AREA_STYLE('',(#6797));
#6797 = FILL_AREA_STYLE_COLOUR('',#6233);
#6798 = SURFACE_STYLE_RENDERING_WITH_PROPERTIES(.NORMAL_SHADING.,#6233,(
    #6799));
#6799 = SURFACE_STYLE_TRANSPARENT(1.);
#6800 = OVER_RIDING_STYLED_ITEM('overriding color',(#6801),#2948,#6226);
#6801 = PRESENTATION_STYLE_ASSIGNMENT((#6802));
#6802 = SURFACE_STYLE_USAGE(.BOTH.,#6803);
#6803 = SURFACE_SIDE_STYLE('',(#6804,#6807));
#6804 = SURFACE_STYLE_FILL_AREA(#6805);
#6805 = FILL_AREA_STYLE('',(#6806));
#6806 = FILL_AREA_STYLE_COLOUR('',#6233);
#6807 = SURFACE_STYLE_RENDERING_WITH_PROPERTIES(.NORMAL_SHADING.,#6233,(
    #6808));
#6808 = SURFACE_STYLE_TRANSPARENT(1.);
#6809 = OVER_RIDING_STYLED_ITEM('overriding color',(#6810),#2973,#6226);
#6810 = PRESENTATION_STYLE_ASSIGNMENT((#6811));
#6811 = SURFACE_STYLE_USAGE(.BOTH.,#6812);
#6812 = SURFACE_SIDE_STYLE('',(#6813,#6816));
#6813 = SURFACE_STYLE_FILL_AREA(#6814);
#6814 = FILL_AREA_STYLE('',(#6815));
#6815 = FILL_AREA_STYLE_COLOUR('',#6233);
#6816 = SURFACE_STYLE_RENDERING_WITH_PROPERTIES(.NORMAL_SHADING.,#6233,(
    #6817));
#6817 = SURFACE_STYLE_TRANSPARENT(1.);
#6818 = OVER_RIDING_STYLED_ITEM('overriding color',(#6819),#2991,#6226);
#6819 = PRESENTATION_STYLE_ASSIGNMENT((#6820));
#6820 = SURFACE_STYLE_USAGE(.BOTH.,#6821);
#6821 = SURFACE_SIDE_STYLE('',(#6822,#6825));
#6822 = SURFACE_STYLE_FILL_AREA(#6823);
#6823 = FILL_AREA_STYLE('',(#6824));
#6824 = FILL_AREA_STYLE_COLOUR('',#6233);
#6825 = SURFACE_STYLE_RENDERING_WITH_PROPERTIES(.NORMAL_SHADING.,#6233,(
    #6826));
#6826 = SURFACE_STYLE_TRANSPARENT(1.);
#6827 = OVER_RIDING_STYLED_ITEM('overriding color',(#6828),#3047,#6226);
#6828 = PRESENTATION_STYLE_ASSIGNMENT((#6829));
#6829 = SURFACE_STYLE_USAGE(.BOTH.,#6830);
#6830 = SURFACE_SIDE_STYLE('',(#6831,#6834));
#6831 = SURFACE_STYLE_FILL_AREA(#6832);
#6832 = FILL_AREA_STYLE('',(#6833));
#6833 = FILL_AREA_STYLE_COLOUR('',#6233);
#6834 = SURFACE_STYLE_RENDERING_WITH_PROPERTIES(.NORMAL_SHADING.,#6233,(
    #6835));
#6835 = SURFACE_STYLE_TRANSPARENT(1.);
#6836 = OVER_RIDING_STYLED_ITEM('overriding color',(#6837),#3086,#6226);
#6837 = PRESENTATION_STYLE_ASSIGNMENT((#6838));
#6838 = SURFACE_STYLE_USAGE(.BOTH.,#6839);
#6839 = SURFACE_SIDE_STYLE('',(#6840,#6843));
#6840 = SURFACE_STYLE_FILL_AREA(#6841);
#6841 = FILL_AREA_STYLE('',(#6842));
#6842 = FILL_AREA_STYLE_COLOUR('',#6233);
#6843 = SURFACE_STYLE_RENDERING_WITH_PROPERTIES(.NORMAL_SHADING.,#6233,(
    #6844));
#6844 = SURFACE_STYLE_TRANSPARENT(1.);
#6845 = OVER_RIDING_STYLED_ITEM('overriding color',(#6846),#3110,#6226);
#6846 = PRESENTATION_STYLE_ASSIGNMENT((#6847));
#6847 = SURFACE_STYLE_USAGE(.BOTH.,#6848);
#6848 = SURFACE_SIDE_STYLE('',(#6849,#6852));
#6849 = SURFACE_STYLE_FILL_AREA(#6850);
#6850 = FILL_AREA_STYLE('',(#6851));
#6851 = FILL_AREA_STYLE_COLOUR('',#6233);
#6852 = SURFACE_STYLE_RENDERING_WITH_PROPERTIES(.NORMAL_SHADING.,#6233,(
    #6853));
#6853 = SURFACE_STYLE_TRANSPARENT(1.);
#6854 = OVER_RIDING_STYLED_ITEM('overriding color',(#6855),#3127,#6226);
#6855 = PRESENTATION_STYLE_ASSIGNMENT((#6856));
#6856 = SURFACE_STYLE_USAGE(.BOTH.,#6857);
#6857 = SURFACE_SIDE_STYLE('',(#6858,#6861));
#6858 = SURFACE_STYLE_FILL_AREA(#6859);
#6859 = FILL_AREA_STYLE('',(#6860));
#6860 = FILL_AREA_STYLE_COLOUR('',#6233);
#6861 = SURFACE_STYLE_RENDERING_WITH_PROPERTIES(.NORMAL_SHADING.,#6233,(
    #6862));
#6862 = SURFACE_STYLE_TRANSPARENT(1.);
#6863 = OVER_RIDING_STYLED_ITEM('overriding color',(#6864),#3147,#6226);
#6864 = PRESENTATION_STYLE_ASSIGNMENT((#6865));
#6865 = SURFACE_STYLE_USAGE(.BOTH.,#6866);
#6866 = SURFACE_SIDE_STYLE('',(#6867,#6870));
#6867 = SURFACE_STYLE_FILL_AREA(#6868);
#6868 = FILL_AREA_STYLE('',(#6869));
#6869 = FILL_AREA_STYLE_COLOUR('',#6233);
#6870 = SURFACE_STYLE_RENDERING_WITH_PROPERTIES(.NORMAL_SHADING.,#6233,(
    #6871));
#6871 = SURFACE_STYLE_TRANSPARENT(1.);
#6872 = OVER_RIDING_STYLED_ITEM('overriding color',(#6873),#3205,#6226);
#6873 = PRESENTATION_STYLE_ASSIGNMENT((#6874));
#6874 = SURFACE_STYLE_USAGE(.BOTH.,#6875);
#6875 = SURFACE_SIDE_STYLE('',(#6876,#6879));
#6876 = SURFACE_STYLE_FILL_AREA(#6877);
#6877 = FILL_AREA_STYLE('',(#6878));
#6878 = FILL_AREA_STYLE_COLOUR('',#6233);
#6879 = SURFACE_STYLE_RENDERING_WITH_PROPERTIES(.NORMAL_SHADING.,#6233,(
    #6880));
#6880 = SURFACE_STYLE_TRANSPARENT(1.);
#6881 = OVER_RIDING_STYLED_ITEM('overriding color',(#6882),#3221,#6226);
#6882 = PRESENTATION_STYLE_ASSIGNMENT((#6883));
#6883 = SURFACE_STYLE_USAGE(.BOTH.,#6884);
#6884 = SURFACE_SIDE_STYLE('',(#6885,#6888));
#6885 = SURFACE_STYLE_FILL_AREA(#6886);
#6886 = FILL_AREA_STYLE('',(#6887));
#6887 = FILL_AREA_STYLE_COLOUR('',#6233);
#6888 = SURFACE_STYLE_RENDERING_WITH_PROPERTIES(.NORMAL_SHADING.,#6233,(
    #6889));
#6889 = SURFACE_STYLE_TRANSPARENT(1.);
#6890 = OVER_RIDING_STYLED_ITEM('overriding color',(#6891),#3257,#6226);
#6891 = PRESENTATION_STYLE_ASSIGNMENT((#6892));
#6892 = SURFACE_STYLE_USAGE(.BOTH.,#6893);
#6893 = SURFACE_SIDE_STYLE('',(#6894,#6897));
#6894 = SURFACE_STYLE_FILL_AREA(#6895);
#6895 = FILL_AREA_STYLE('',(#6896));
#6896 = FILL_AREA_STYLE_COLOUR('',#6233);
#6897 = SURFACE_STYLE_RENDERING_WITH_PROPERTIES(.NORMAL_SHADING.,#6233,(
    #6898));
#6898 = SURFACE_STYLE_TRANSPARENT(1.);
#6899 = OVER_RIDING_STYLED_ITEM('overriding color',(#6900),#3269,#6226);
#6900 = PRESENTATION_STYLE_ASSIGNMENT((#6901));
#6901 = SURFACE_STYLE_USAGE(.BOTH.,#6902);
#6902 = SURFACE_SIDE_STYLE('',(#6903,#6906));
#6903 = SURFACE_STYLE_FILL_AREA(#6904);
#6904 = FILL_AREA_STYLE('',(#6905));
#6905 = FILL_AREA_STYLE_COLOUR('',#6233);
#6906 = SURFACE_STYLE_RENDERING_WITH_PROPERTIES(.NORMAL_SHADING.,#6233,(
    #6907));
#6907 = SURFACE_STYLE_TRANSPARENT(1.);
#6908 = OVER_RIDING_STYLED_ITEM('overriding color',(#6909),#3286,#6226);
#6909 = PRESENTATION_STYLE_ASSIGNMENT((#6910));
#6910 = SURFACE_STYLE_USAGE(.BOTH.,#6911);
#6911 = SURFACE_SIDE_STYLE('',(#6912,#6915));
#6912 = SURFACE_STYLE_FILL_AREA(#6913);
#6913 = FILL_AREA_STYLE('',(#6914));
#6914 = FILL_AREA_STYLE_COLOUR('',#6233);
#6915 = SURFACE_STYLE_RENDERING_WITH_PROPERTIES(.NORMAL_SHADING.,#6233,(
    #6916));
#6916 = SURFACE_STYLE_TRANSPARENT(1.);
#6917 = OVER_RIDING_STYLED_ITEM('overriding color',(#6918),#3318,#6226);
#6918 = PRESENTATION_STYLE_ASSIGNMENT((#6919));
#6919 = SURFACE_STYLE_USAGE(.BOTH.,#6920);
#6920 = SURFACE_SIDE_STYLE('',(#6921,#6924));
#6921 = SURFACE_STYLE_FILL_AREA(#6922);
#6922 = FILL_AREA_STYLE('',(#6923));
#6923 = FILL_AREA_STYLE_COLOUR('',#6233);
#6924 = SURFACE_STYLE_RENDERING_WITH_PROPERTIES(.NORMAL_SHADING.,#6233,(
    #6925));
#6925 = SURFACE_STYLE_TRANSPARENT(1.);
#6926 = OVER_RIDING_STYLED_ITEM('overriding color',(#6927),#3341,#6226);
#6927 = PRESENTATION_STYLE_ASSIGNMENT((#6928));
#6928 = SURFACE_STYLE_USAGE(.BOTH.,#6929);
#6929 = SURFACE_SIDE_STYLE('',(#6930,#6933));
#6930 = SURFACE_STYLE_FILL_AREA(#6931);
#6931 = FILL_AREA_STYLE('',(#6932));
#6932 = FILL_AREA_STYLE_COLOUR('',#6233);
#6933 = SURFACE_STYLE_RENDERING_WITH_PROPERTIES(.NORMAL_SHADING.,#6233,(
    #6934));
#6934 = SURFACE_STYLE_TRANSPARENT(1.);
#6935 = OVER_RIDING_STYLED_ITEM('overriding color',(#6936),#3374,#6226);
#6936 = PRESENTATION_STYLE_ASSIGNMENT((#6937));
#6937 = SURFACE_STYLE_USAGE(.BOTH.,#6938);
#6938 = SURFACE_SIDE_STYLE('',(#6939,#6942));
#6939 = SURFACE_STYLE_FILL_AREA(#6940);
#6940 = FILL_AREA_STYLE('',(#6941));
#6941 = FILL_AREA_STYLE_COLOUR('',#6233);
#6942 = SURFACE_STYLE_RENDERING_WITH_PROPERTIES(.NORMAL_SHADING.,#6233,(
    #6943));
#6943 = SURFACE_STYLE_TRANSPARENT(1.);
#6944 = OVER_RIDING_STYLED_ITEM('overriding color',(#6945),#3504,#6226);
#6945 = PRESENTATION_STYLE_ASSIGNMENT((#6946));
#6946 = SURFACE_STYLE_USAGE(.BOTH.,#6947);
#6947 = SURFACE_SIDE_STYLE('',(#6948,#6951));
#6948 = SURFACE_STYLE_FILL_AREA(#6949);
#6949 = FILL_AREA_STYLE('',(#6950));
#6950 = FILL_AREA_STYLE_COLOUR('',#6233);
#6951 = SURFACE_STYLE_RENDERING_WITH_PROPERTIES(.NORMAL_SHADING.,#6233,(
    #6952));
#6952 = SURFACE_STYLE_TRANSPARENT(1.);
#6953 = OVER_RIDING_STYLED_ITEM('overriding color',(#6954),#3521,#6226);
#6954 = PRESENTATION_STYLE_ASSIGNMENT((#6955));
#6955 = SURFACE_STYLE_USAGE(.BOTH.,#6956);
#6956 = SURFACE_SIDE_STYLE('',(#6957,#6960));
#6957 = SURFACE_STYLE_FILL_AREA(#6958);
#6958 = FILL_AREA_STYLE('',(#6959));
#6959 = FILL_AREA_STYLE_COLOUR('',#6233);
#6960 = SURFACE_STYLE_RENDERING_WITH_PROPERTIES(.NORMAL_SHADING.,#6233,(
    #6961));
#6961 = SURFACE_STYLE_TRANSPARENT(1.);
#6962 = OVER_RIDING_STYLED_ITEM('overriding color',(#6963),#3537,#6226);
#6963 = PRESENTATION_STYLE_ASSIGNMENT((#6964));
#6964 = SURFACE_STYLE_USAGE(.BOTH.,#6965);
#6965 = SURFACE_SIDE_STYLE('',(#6966,#6969));
#6966 = SURFACE_STYLE_FILL_AREA(#6967);
#6967 = FILL_AREA_STYLE('',(#6968));
#6968 = FILL_AREA_STYLE_COLOUR('',#6233);
#6969 = SURFACE_STYLE_RENDERING_WITH_PROPERTIES(.NORMAL_SHADING.,#6233,(
    #6970));
#6970 = SURFACE_STYLE_TRANSPARENT(1.);
#6971 = OVER_RIDING_STYLED_ITEM('overriding color',(#6972),#3569,#6226);
#6972 = PRESENTATION_STYLE_ASSIGNMENT((#6973));
#6973 = SURFACE_STYLE_USAGE(.BOTH.,#6974);
#6974 = SURFACE_SIDE_STYLE('',(#6975,#6978));
#6975 = SURFACE_STYLE_FILL_AREA(#6976);
#6976 = FILL_AREA_STYLE('',(#6977));
#6977 = FILL_AREA_STYLE_COLOUR('',#6233);
#6978 = SURFACE_STYLE_RENDERING_WITH_PROPERTIES(.NORMAL_SHADING.,#6233,(
    #6979));
#6979 = SURFACE_STYLE_TRANSPARENT(1.);
#6980 = OVER_RIDING_STYLED_ITEM('overriding color',(#6981),#3592,#6226);
#6981 = PRESENTATION_STYLE_ASSIGNMENT((#6982));
#6982 = SURFACE_STYLE_USAGE(.BOTH.,#6983);
#6983 = SURFACE_SIDE_STYLE('',(#6984,#6987));
#6984 = SURFACE_STYLE_FILL_AREA(#6985);
#6985 = FILL_AREA_STYLE('',(#6986));
#6986 = FILL_AREA_STYLE_COLOUR('',#6233);
#6987 = SURFACE_STYLE_RENDERING_WITH_PROPERTIES(.NORMAL_SHADING.,#6233,(
    #6988));
#6988 = SURFACE_STYLE_TRANSPARENT(1.);
#6989 = OVER_RIDING_STYLED_ITEM('overriding color',(#6990),#3622,#6226);
#6990 = PRESENTATION_STYLE_ASSIGNMENT((#6991));
#6991 = SURFACE_STYLE_USAGE(.BOTH.,#6992);
#6992 = SURFACE_SIDE_STYLE('',(#6993,#6996));
#6993 = SURFACE_STYLE_FILL_AREA(#6994);
#6994 = FILL_AREA_STYLE('',(#6995));
#6995 = FILL_AREA_STYLE_COLOUR('',#6233);
#6996 = SURFACE_STYLE_RENDERING_WITH_PROPERTIES(.NORMAL_SHADING.,#6233,(
    #6997));
#6997 = SURFACE_STYLE_TRANSPARENT(1.);
#6998 = OVER_RIDING_STYLED_ITEM('overriding color',(#6999),#3721,#6226);
#6999 = PRESENTATION_STYLE_ASSIGNMENT((#7000));
#7000 = SURFACE_STYLE_USAGE(.BOTH.,#7001);
#7001 = SURFACE_SIDE_STYLE('',(#7002));
#7002 = SURFACE_STYLE_FILL_AREA(#7003);
#7003 = FILL_AREA_STYLE('',(#7004));
#7004 = FILL_AREA_STYLE_COLOUR('',#6233);
#7005 = OVER_RIDING_STYLED_ITEM('overriding color',(#7006),#3743,#6226);
#7006 = PRESENTATION_STYLE_ASSIGNMENT((#7007));
#7007 = SURFACE_STYLE_USAGE(.BOTH.,#7008);
#7008 = SURFACE_SIDE_STYLE('',(#7009));
#7009 = SURFACE_STYLE_FILL_AREA(#7010);
#7010 = FILL_AREA_STYLE('',(#7011));
#7011 = FILL_AREA_STYLE_COLOUR('',#6233);
#7012 = OVER_RIDING_STYLED_ITEM('overriding color',(#7013),#3782,#6226);
#7013 = PRESENTATION_STYLE_ASSIGNMENT((#7014));
#7014 = SURFACE_STYLE_USAGE(.BOTH.,#7015);
#7015 = SURFACE_SIDE_STYLE('',(#7016));
#7016 = SURFACE_STYLE_FILL_AREA(#7017);
#7017 = FILL_AREA_STYLE('',(#7018));
#7018 = FILL_AREA_STYLE_COLOUR('',#6233);
#7019 = OVER_RIDING_STYLED_ITEM('overriding color',(#7020),#3799,#6226);
#7020 = PRESENTATION_STYLE_ASSIGNMENT((#7021));
#7021 = SURFACE_STYLE_USAGE(.BOTH.,#7022);
#7022 = SURFACE_SIDE_STYLE('',(#7023));
#7023 = SURFACE_STYLE_FILL_AREA(#7024);
#7024 = FILL_AREA_STYLE('',(#7025));
#7025 = FILL_AREA_STYLE_COLOUR('',#6233);
#7026 = OVER_RIDING_STYLED_ITEM('overriding color',(#7027),#3824,#6226);
#7027 = PRESENTATION_STYLE_ASSIGNMENT((#7028));
#7028 = SURFACE_STYLE_USAGE(.BOTH.,#7029);
#7029 = SURFACE_SIDE_STYLE('',(#7030));
#7030 = SURFACE_STYLE_FILL_AREA(#7031);
#7031 = FILL_AREA_STYLE('',(#7032));
#7032 = FILL_AREA_STYLE_COLOUR('',#6233);
#7033 = OVER_RIDING_STYLED_ITEM('overriding color',(#7034),#3849,#6226);
#7034 = PRESENTATION_STYLE_ASSIGNMENT((#7035));
#7035 = SURFACE_STYLE_USAGE(.BOTH.,#7036);
#7036 = SURFACE_SIDE_STYLE('',(#7037,#7040));
#7037 = SURFACE_STYLE_FILL_AREA(#7038);
#7038 = FILL_AREA_STYLE('',(#7039));
#7039 = FILL_AREA_STYLE_COLOUR('',#6233);
#7040 = SURFACE_STYLE_RENDERING_WITH_PROPERTIES(.NORMAL_SHADING.,#6233,(
    #7041));
#7041 = SURFACE_STYLE_TRANSPARENT(1.);
#7042 = OVER_RIDING_STYLED_ITEM('overriding color',(#7043),#3849,#6226);
#7043 = PRESENTATION_STYLE_ASSIGNMENT((#7044));
#7044 = SURFACE_STYLE_USAGE(.BOTH.,#7045);
#7045 = SURFACE_SIDE_STYLE('',(#7046,#7049));
#7046 = SURFACE_STYLE_FILL_AREA(#7047);
#7047 = FILL_AREA_STYLE('',(#7048));
#7048 = FILL_AREA_STYLE_COLOUR('',#6233);
#7049 = SURFACE_STYLE_RENDERING_WITH_PROPERTIES(.NORMAL_SHADING.,#6233,(
    #7050));
#7050 = SURFACE_STYLE_TRANSPARENT(1.);
#7051 = OVER_RIDING_STYLED_ITEM('overriding color',(#7052),#3889,#6226);
#7052 = PRESENTATION_STYLE_ASSIGNMENT((#7053));
#7053 = SURFACE_STYLE_USAGE(.BOTH.,#7054);
#7054 = SURFACE_SIDE_STYLE('',(#7055,#7058));
#7055 = SURFACE_STYLE_FILL_AREA(#7056);
#7056 = FILL_AREA_STYLE('',(#7057));
#7057 = FILL_AREA_STYLE_COLOUR('',#6233);
#7058 = SURFACE_STYLE_RENDERING_WITH_PROPERTIES(.NORMAL_SHADING.,#6233,(
    #7059));
#7059 = SURFACE_STYLE_TRANSPARENT(1.);
#7060 = OVER_RIDING_STYLED_ITEM('overriding color',(#7061),#3924,#6226);
#7061 = PRESENTATION_STYLE_ASSIGNMENT((#7062));
#7062 = SURFACE_STYLE_USAGE(.BOTH.,#7063);
#7063 = SURFACE_SIDE_STYLE('',(#7064,#7067));
#7064 = SURFACE_STYLE_FILL_AREA(#7065);
#7065 = FILL_AREA_STYLE('',(#7066));
#7066 = FILL_AREA_STYLE_COLOUR('',#6233);
#7067 = SURFACE_STYLE_RENDERING_WITH_PROPERTIES(.NORMAL_SHADING.,#6233,(
    #7068));
#7068 = SURFACE_STYLE_TRANSPARENT(1.);
#7069 = OVER_RIDING_STYLED_ITEM('overriding color',(#7070),#3936,#6226);
#7070 = PRESENTATION_STYLE_ASSIGNMENT((#7071));
#7071 = SURFACE_STYLE_USAGE(.BOTH.,#7072);
#7072 = SURFACE_SIDE_STYLE('',(#7073,#7076));
#7073 = SURFACE_STYLE_FILL_AREA(#7074);
#7074 = FILL_AREA_STYLE('',(#7075));
#7075 = FILL_AREA_STYLE_COLOUR('',#6233);
#7076 = SURFACE_STYLE_RENDERING_WITH_PROPERTIES(.NORMAL_SHADING.,#6233,(
    #7077));
#7077 = SURFACE_STYLE_TRANSPARENT(1.);
#7078 = OVER_RIDING_STYLED_ITEM('overriding color',(#7079),#3969,#6226);
#7079 = PRESENTATION_STYLE_ASSIGNMENT((#7080));
#7080 = SURFACE_STYLE_USAGE(.BOTH.,#7081);
#7081 = SURFACE_SIDE_STYLE('',(#7082,#7085));
#7082 = SURFACE_STYLE_FILL_AREA(#7083);
#7083 = FILL_AREA_STYLE('',(#7084));
#7084 = FILL_AREA_STYLE_COLOUR('',#6233);
#7085 = SURFACE_STYLE_RENDERING_WITH_PROPERTIES(.NORMAL_SHADING.,#6233,(
    #7086));
#7086 = SURFACE_STYLE_TRANSPARENT(1.);
#7087 = OVER_RIDING_STYLED_ITEM('overriding color',(#7088),#3999,#6226);
#7088 = PRESENTATION_STYLE_ASSIGNMENT((#7089));
#7089 = SURFACE_STYLE_USAGE(.BOTH.,#7090);
#7090 = SURFACE_SIDE_STYLE('',(#7091,#7094));
#7091 = SURFACE_STYLE_FILL_AREA(#7092);
#7092 = FILL_AREA_STYLE('',(#7093));
#7093 = FILL_AREA_STYLE_COLOUR('',#6233);
#7094 = SURFACE_STYLE_RENDERING_WITH_PROPERTIES(.NORMAL_SHADING.,#6233,(
    #7095));
#7095 = SURFACE_STYLE_TRANSPARENT(1.);
#7096 = OVER_RIDING_STYLED_ITEM('overriding color',(#7097),#4011,#6226);
#7097 = PRESENTATION_STYLE_ASSIGNMENT((#7098));
#7098 = SURFACE_STYLE_USAGE(.BOTH.,#7099);
#7099 = SURFACE_SIDE_STYLE('',(#7100,#7103));
#7100 = SURFACE_STYLE_FILL_AREA(#7101);
#7101 = FILL_AREA_STYLE('',(#7102));
#7102 = FILL_AREA_STYLE_COLOUR('',#6233);
#7103 = SURFACE_STYLE_RENDERING_WITH_PROPERTIES(.NORMAL_SHADING.,#6233,(
    #7104));
#7104 = SURFACE_STYLE_TRANSPARENT(1.);
#7105 = OVER_RIDING_STYLED_ITEM('overriding color',(#7106),#4033,#6226);
#7106 = PRESENTATION_STYLE_ASSIGNMENT((#7107));
#7107 = SURFACE_STYLE_USAGE(.BOTH.,#7108);
#7108 = SURFACE_SIDE_STYLE('',(#7109,#7112));
#7109 = SURFACE_STYLE_FILL_AREA(#7110);
#7110 = FILL_AREA_STYLE('',(#7111));
#7111 = FILL_AREA_STYLE_COLOUR('',#6233);
#7112 = SURFACE_STYLE_RENDERING_WITH_PROPERTIES(.NORMAL_SHADING.,#6233,(
    #7113));
#7113 = SURFACE_STYLE_TRANSPARENT(1.);
#7114 = OVER_RIDING_STYLED_ITEM('overriding color',(#7115),#4045,#6226);
#7115 = PRESENTATION_STYLE_ASSIGNMENT((#7116));
#7116 = SURFACE_STYLE_USAGE(.BOTH.,#7117);
#7117 = SURFACE_SIDE_STYLE('',(#7118,#7121));
#7118 = SURFACE_STYLE_FILL_AREA(#7119);
#7119 = FILL_AREA_STYLE('',(#7120));
#7120 = FILL_AREA_STYLE_COLOUR('',#6233);
#7121 = SURFACE_STYLE_RENDERING_WITH_PROPERTIES(.NORMAL_SHADING.,#6233,(
    #7122));
#7122 = SURFACE_STYLE_TRANSPARENT(1.);
#7123 = OVER_RIDING_STYLED_ITEM('overriding color',(#7124),#4070,#6226);
#7124 = PRESENTATION_STYLE_ASSIGNMENT((#7125));
#7125 = SURFACE_STYLE_USAGE(.BOTH.,#7126);
#7126 = SURFACE_SIDE_STYLE('',(#7127,#7130));
#7127 = SURFACE_STYLE_FILL_AREA(#7128);
#7128 = FILL_AREA_STYLE('',(#7129));
#7129 = FILL_AREA_STYLE_COLOUR('',#6233);
#7130 = SURFACE_STYLE_RENDERING_WITH_PROPERTIES(.NORMAL_SHADING.,#6233,(
    #7131));
#7131 = SURFACE_STYLE_TRANSPARENT(1.);
#7132 = OVER_RIDING_STYLED_ITEM('overriding color',(#7133),#4095,#6226);
#7133 = PRESENTATION_STYLE_ASSIGNMENT((#7134));
#7134 = SURFACE_STYLE_USAGE(.BOTH.,#7135);
#7135 = SURFACE_SIDE_STYLE('',(#7136,#7139));
#7136 = SURFACE_STYLE_FILL_AREA(#7137);
#7137 = FILL_AREA_STYLE('',(#7138));
#7138 = FILL_AREA_STYLE_COLOUR('',#6233);
#7139 = SURFACE_STYLE_RENDERING_WITH_PROPERTIES(.NORMAL_SHADING.,#6233,(
    #7140));
#7140 = SURFACE_STYLE_TRANSPARENT(1.);
#7141 = OVER_RIDING_STYLED_ITEM('overriding color',(#7142),#4120,#6226);
#7142 = PRESENTATION_STYLE_ASSIGNMENT((#7143));
#7143 = SURFACE_STYLE_USAGE(.BOTH.,#7144);
#7144 = SURFACE_SIDE_STYLE('',(#7145,#7148));
#7145 = SURFACE_STYLE_FILL_AREA(#7146);
#7146 = FILL_AREA_STYLE('',(#7147));
#7147 = FILL_AREA_STYLE_COLOUR('',#6233);
#7148 = SURFACE_STYLE_RENDERING_WITH_PROPERTIES(.NORMAL_SHADING.,#6233,(
    #7149));
#7149 = SURFACE_STYLE_TRANSPARENT(1.);
#7150 = OVER_RIDING_STYLED_ITEM('overriding color',(#7151),#4137,#6226);
#7151 = PRESENTATION_STYLE_ASSIGNMENT((#7152));
#7152 = SURFACE_STYLE_USAGE(.BOTH.,#7153);
#7153 = SURFACE_SIDE_STYLE('',(#7154,#7157));
#7154 = SURFACE_STYLE_FILL_AREA(#7155);
#7155 = FILL_AREA_STYLE('',(#7156));
#7156 = FILL_AREA_STYLE_COLOUR('',#6233);
#7157 = SURFACE_STYLE_RENDERING_WITH_PROPERTIES(.NORMAL_SHADING.,#6233,(
    #7158));
#7158 = SURFACE_STYLE_TRANSPARENT(1.);
#7159 = OVER_RIDING_STYLED_ITEM('overriding color',(#7160),#4154,#6226);
#7160 = PRESENTATION_STYLE_ASSIGNMENT((#7161));
#7161 = SURFACE_STYLE_USAGE(.BOTH.,#7162);
#7162 = SURFACE_SIDE_STYLE('',(#7163,#7166));
#7163 = SURFACE_STYLE_FILL_AREA(#7164);
#7164 = FILL_AREA_STYLE('',(#7165));
#7165 = FILL_AREA_STYLE_COLOUR('',#6233);
#7166 = SURFACE_STYLE_RENDERING_WITH_PROPERTIES(.NORMAL_SHADING.,#6233,(
    #7167));
#7167 = SURFACE_STYLE_TRANSPARENT(1.);
#7168 = OVER_RIDING_STYLED_ITEM('overriding color',(#7169),#4227,#6226);
#7169 = PRESENTATION_STYLE_ASSIGNMENT((#7170));
#7170 = SURFACE_STYLE_USAGE(.BOTH.,#7171);
#7171 = SURFACE_SIDE_STYLE('',(#7172,#7175));
#7172 = SURFACE_STYLE_FILL_AREA(#7173);
#7173 = FILL_AREA_STYLE('',(#7174));
#7174 = FILL_AREA_STYLE_COLOUR('',#6233);
#7175 = SURFACE_STYLE_RENDERING_WITH_PROPERTIES(.NORMAL_SHADING.,#6233,(
    #7176));
#7176 = SURFACE_STYLE_TRANSPARENT(1.);
#7177 = OVER_RIDING_STYLED_ITEM('overriding color',(#7178),#4244,#6226);
#7178 = PRESENTATION_STYLE_ASSIGNMENT((#7179));
#7179 = SURFACE_STYLE_USAGE(.BOTH.,#7180);
#7180 = SURFACE_SIDE_STYLE('',(#7181,#7184));
#7181 = SURFACE_STYLE_FILL_AREA(#7182);
#7182 = FILL_AREA_STYLE('',(#7183));
#7183 = FILL_AREA_STYLE_COLOUR('',#6233);
#7184 = SURFACE_STYLE_RENDERING_WITH_PROPERTIES(.NORMAL_SHADING.,#6233,(
    #7185));
#7185 = SURFACE_STYLE_TRANSPARENT(1.);
#7186 = OVER_RIDING_STYLED_ITEM('overriding color',(#7187),#4261,#6226);
#7187 = PRESENTATION_STYLE_ASSIGNMENT((#7188));
#7188 = SURFACE_STYLE_USAGE(.BOTH.,#7189);
#7189 = SURFACE_SIDE_STYLE('',(#7190,#7193));
#7190 = SURFACE_STYLE_FILL_AREA(#7191);
#7191 = FILL_AREA_STYLE('',(#7192));
#7192 = FILL_AREA_STYLE_COLOUR('',#6233);
#7193 = SURFACE_STYLE_RENDERING_WITH_PROPERTIES(.NORMAL_SHADING.,#6233,(
    #7194));
#7194 = SURFACE_STYLE_TRANSPARENT(1.);
#7195 = OVER_RIDING_STYLED_ITEM('overriding color',(#7196),#4280,#6226);
#7196 = PRESENTATION_STYLE_ASSIGNMENT((#7197));
#7197 = SURFACE_STYLE_USAGE(.BOTH.,#7198);
#7198 = SURFACE_SIDE_STYLE('',(#7199,#7202));
#7199 = SURFACE_STYLE_FILL_AREA(#7200);
#7200 = FILL_AREA_STYLE('',(#7201));
#7201 = FILL_AREA_STYLE_COLOUR('',#6233);
#7202 = SURFACE_STYLE_RENDERING_WITH_PROPERTIES(.NORMAL_SHADING.,#6233,(
    #7203));
#7203 = SURFACE_STYLE_TRANSPARENT(1.);
#7204 = OVER_RIDING_STYLED_ITEM('overriding color',(#7205),#4292,#6226);
#7205 = PRESENTATION_STYLE_ASSIGNMENT((#7206));
#7206 = SURFACE_STYLE_USAGE(.BOTH.,#7207);
#7207 = SURFACE_SIDE_STYLE('',(#7208,#7211));
#7208 = SURFACE_STYLE_FILL_AREA(#7209);
#7209 = FILL_AREA_STYLE('',(#7210));
#7210 = FILL_AREA_STYLE_COLOUR('',#6233);
#7211 = SURFACE_STYLE_RENDERING_WITH_PROPERTIES(.NORMAL_SHADING.,#6233,(
    #7212));
#7212 = SURFACE_STYLE_TRANSPARENT(1.);
#7213 = OVER_RIDING_STYLED_ITEM('overriding color',(#7214),#4318,#6226);
#7214 = PRESENTATION_STYLE_ASSIGNMENT((#7215));
#7215 = SURFACE_STYLE_USAGE(.BOTH.,#7216);
#7216 = SURFACE_SIDE_STYLE('',(#7217,#7220));
#7217 = SURFACE_STYLE_FILL_AREA(#7218);
#7218 = FILL_AREA_STYLE('',(#7219));
#7219 = FILL_AREA_STYLE_COLOUR('',#6233);
#7220 = SURFACE_STYLE_RENDERING_WITH_PROPERTIES(.NORMAL_SHADING.,#6233,(
    #7221));
#7221 = SURFACE_STYLE_TRANSPARENT(1.);
#7222 = OVER_RIDING_STYLED_ITEM('overriding color',(#7223),#4331,#6226);
#7223 = PRESENTATION_STYLE_ASSIGNMENT((#7224));
#7224 = SURFACE_STYLE_USAGE(.BOTH.,#7225);
#7225 = SURFACE_SIDE_STYLE('',(#7226,#7229));
#7226 = SURFACE_STYLE_FILL_AREA(#7227);
#7227 = FILL_AREA_STYLE('',(#7228));
#7228 = FILL_AREA_STYLE_COLOUR('',#6233);
#7229 = SURFACE_STYLE_RENDERING_WITH_PROPERTIES(.NORMAL_SHADING.,#6233,(
    #7230));
#7230 = SURFACE_STYLE_TRANSPARENT(1.);
#7231 = OVER_RIDING_STYLED_ITEM('overriding color',(#7232),#4351,#6226);
#7232 = PRESENTATION_STYLE_ASSIGNMENT((#7233));
#7233 = SURFACE_STYLE_USAGE(.BOTH.,#7234);
#7234 = SURFACE_SIDE_STYLE('',(#7235,#7238));
#7235 = SURFACE_STYLE_FILL_AREA(#7236);
#7236 = FILL_AREA_STYLE('',(#7237));
#7237 = FILL_AREA_STYLE_COLOUR('',#6233);
#7238 = SURFACE_STYLE_RENDERING_WITH_PROPERTIES(.NORMAL_SHADING.,#6233,(
    #7239));
#7239 = SURFACE_STYLE_TRANSPARENT(1.);
#7240 = OVER_RIDING_STYLED_ITEM('overriding color',(#7241),#4331,#6226);
#7241 = PRESENTATION_STYLE_ASSIGNMENT((#7242));
#7242 = SURFACE_STYLE_USAGE(.BOTH.,#7243);
#7243 = SURFACE_SIDE_STYLE('',(#7244,#7247));
#7244 = SURFACE_STYLE_FILL_AREA(#7245);
#7245 = FILL_AREA_STYLE('',(#7246));
#7246 = FILL_AREA_STYLE_COLOUR('',#6233);
#7247 = SURFACE_STYLE_RENDERING_WITH_PROPERTIES(.NORMAL_SHADING.,#6233,(
    #7248));
#7248 = SURFACE_STYLE_TRANSPARENT(1.);
#7249 = OVER_RIDING_STYLED_ITEM('overriding color',(#7250),#4396,#6226);
#7250 = PRESENTATION_STYLE_ASSIGNMENT((#7251));
#7251 = SURFACE_STYLE_USAGE(.BOTH.,#7252);
#7252 = SURFACE_SIDE_STYLE('',(#7253,#7256));
#7253 = SURFACE_STYLE_FILL_AREA(#7254);
#7254 = FILL_AREA_STYLE('',(#7255));
#7255 = FILL_AREA_STYLE_COLOUR('',#6233);
#7256 = SURFACE_STYLE_RENDERING_WITH_PROPERTIES(.NORMAL_SHADING.,#6233,(
    #7257));
#7257 = SURFACE_STYLE_TRANSPARENT(1.);
#7258 = OVER_RIDING_STYLED_ITEM('overriding color',(#7259),#4459,#6226);
#7259 = PRESENTATION_STYLE_ASSIGNMENT((#7260));
#7260 = SURFACE_STYLE_USAGE(.BOTH.,#7261);
#7261 = SURFACE_SIDE_STYLE('',(#7262,#7265));
#7262 = SURFACE_STYLE_FILL_AREA(#7263);
#7263 = FILL_AREA_STYLE('',(#7264));
#7264 = FILL_AREA_STYLE_COLOUR('',#6233);
#7265 = SURFACE_STYLE_RENDERING_WITH_PROPERTIES(.NORMAL_SHADING.,#6233,(
    #7266));
#7266 = SURFACE_STYLE_TRANSPARENT(1.);
#7267 = OVER_RIDING_STYLED_ITEM('overriding color',(#7268),#4483,#6226);
#7268 = PRESENTATION_STYLE_ASSIGNMENT((#7269));
#7269 = SURFACE_STYLE_USAGE(.BOTH.,#7270);
#7270 = SURFACE_SIDE_STYLE('',(#7271,#7274));
#7271 = SURFACE_STYLE_FILL_AREA(#7272);
#7272 = FILL_AREA_STYLE('',(#7273));
#7273 = FILL_AREA_STYLE_COLOUR('',#6233);
#7274 = SURFACE_STYLE_RENDERING_WITH_PROPERTIES(.NORMAL_SHADING.,#6233,(
    #7275));
#7275 = SURFACE_STYLE_TRANSPARENT(1.);
#7276 = OVER_RIDING_STYLED_ITEM('overriding color',(#7277),#4514,#6226);
#7277 = PRESENTATION_STYLE_ASSIGNMENT((#7278));
#7278 = SURFACE_STYLE_USAGE(.BOTH.,#7279);
#7279 = SURFACE_SIDE_STYLE('',(#7280,#7283));
#7280 = SURFACE_STYLE_FILL_AREA(#7281);
#7281 = FILL_AREA_STYLE('',(#7282));
#7282 = FILL_AREA_STYLE_COLOUR('',#6233);
#7283 = SURFACE_STYLE_RENDERING_WITH_PROPERTIES(.NORMAL_SHADING.,#6233,(
    #7284));
#7284 = SURFACE_STYLE_TRANSPARENT(1.);
#7285 = OVER_RIDING_STYLED_ITEM('overriding color',(#7286),#4570,#6226);
#7286 = PRESENTATION_STYLE_ASSIGNMENT((#7287));
#7287 = SURFACE_STYLE_USAGE(.BOTH.,#7288);
#7288 = SURFACE_SIDE_STYLE('',(#7289,#7292));
#7289 = SURFACE_STYLE_FILL_AREA(#7290);
#7290 = FILL_AREA_STYLE('',(#7291));
#7291 = FILL_AREA_STYLE_COLOUR('',#6233);
#7292 = SURFACE_STYLE_RENDERING_WITH_PROPERTIES(.NORMAL_SHADING.,#6233,(
    #7293));
#7293 = SURFACE_STYLE_TRANSPARENT(1.);
#7294 = OVER_RIDING_STYLED_ITEM('overriding color',(#7295),#4604,#6226);
#7295 = PRESENTATION_STYLE_ASSIGNMENT((#7296));
#7296 = SURFACE_STYLE_USAGE(.BOTH.,#7297);
#7297 = SURFACE_SIDE_STYLE('',(#7298,#7301));
#7298 = SURFACE_STYLE_FILL_AREA(#7299);
#7299 = FILL_AREA_STYLE('',(#7300));
#7300 = FILL_AREA_STYLE_COLOUR('',#6233);
#7301 = SURFACE_STYLE_RENDERING_WITH_PROPERTIES(.NORMAL_SHADING.,#6233,(
    #7302));
#7302 = SURFACE_STYLE_TRANSPARENT(1.);
#7303 = OVER_RIDING_STYLED_ITEM('overriding color',(#7304),#4628,#6226);
#7304 = PRESENTATION_STYLE_ASSIGNMENT((#7305));
#7305 = SURFACE_STYLE_USAGE(.BOTH.,#7306);
#7306 = SURFACE_SIDE_STYLE('',(#7307,#7310));
#7307 = SURFACE_STYLE_FILL_AREA(#7308);
#7308 = FILL_AREA_STYLE('',(#7309));
#7309 = FILL_AREA_STYLE_COLOUR('',#6233);
#7310 = SURFACE_STYLE_RENDERING_WITH_PROPERTIES(.NORMAL_SHADING.,#6233,(
    #7311));
#7311 = SURFACE_STYLE_TRANSPARENT(1.);
#7312 = OVER_RIDING_STYLED_ITEM('overriding color',(#7313),#4699,#6226);
#7313 = PRESENTATION_STYLE_ASSIGNMENT((#7314));
#7314 = SURFACE_STYLE_USAGE(.BOTH.,#7315);
#7315 = SURFACE_SIDE_STYLE('',(#7316,#7319));
#7316 = SURFACE_STYLE_FILL_AREA(#7317);
#7317 = FILL_AREA_STYLE('',(#7318));
#7318 = FILL_AREA_STYLE_COLOUR('',#6233);
#7319 = SURFACE_STYLE_RENDERING_WITH_PROPERTIES(.NORMAL_SHADING.,#6233,(
    #7320));
#7320 = SURFACE_STYLE_TRANSPARENT(1.);
#7321 = OVER_RIDING_STYLED_ITEM('overriding color',(#7322),#4723,#6226);
#7322 = PRESENTATION_STYLE_ASSIGNMENT((#7323));
#7323 = SURFACE_STYLE_USAGE(.BOTH.,#7324);
#7324 = SURFACE_SIDE_STYLE('',(#7325,#7328));
#7325 = SURFACE_STYLE_FILL_AREA(#7326);
#7326 = FILL_AREA_STYLE('',(#7327));
#7327 = FILL_AREA_STYLE_COLOUR('',#6233);
#7328 = SURFACE_STYLE_RENDERING_WITH_PROPERTIES(.NORMAL_SHADING.,#6233,(
    #7329));
#7329 = SURFACE_STYLE_TRANSPARENT(1.);
#7330 = OVER_RIDING_STYLED_ITEM('overriding color',(#7331),#4750,#6226);
#7331 = PRESENTATION_STYLE_ASSIGNMENT((#7332));
#7332 = SURFACE_STYLE_USAGE(.BOTH.,#7333);
#7333 = SURFACE_SIDE_STYLE('',(#7334));
#7334 = SURFACE_STYLE_FILL_AREA(#7335);
#7335 = FILL_AREA_STYLE('',(#7336));
#7336 = FILL_AREA_STYLE_COLOUR('',#6233);
#7337 = OVER_RIDING_STYLED_ITEM('overriding color',(#7338),#4775,#6226);
#7338 = PRESENTATION_STYLE_ASSIGNMENT((#7339));
#7339 = SURFACE_STYLE_USAGE(.BOTH.,#7340);
#7340 = SURFACE_SIDE_STYLE('',(#7341));
#7341 = SURFACE_STYLE_FILL_AREA(#7342);
#7342 = FILL_AREA_STYLE('',(#7343));
#7343 = FILL_AREA_STYLE_COLOUR('',#6233);
#7344 = OVER_RIDING_STYLED_ITEM('overriding color',(#7345),#4800,#6226);
#7345 = PRESENTATION_STYLE_ASSIGNMENT((#7346));
#7346 = SURFACE_STYLE_USAGE(.BOTH.,#7347);
#7347 = SURFACE_SIDE_STYLE('',(#7348));
#7348 = SURFACE_STYLE_FILL_AREA(#7349);
#7349 = FILL_AREA_STYLE('',(#7350));
#7350 = FILL_AREA_STYLE_COLOUR('',#6233);
#7351 = OVER_RIDING_STYLED_ITEM('overriding color',(#7352),#4800,#6226);
#7352 = PRESENTATION_STYLE_ASSIGNMENT((#7353));
#7353 = SURFACE_STYLE_USAGE(.BOTH.,#7354);
#7354 = SURFACE_SIDE_STYLE('',(#7355,#7358));
#7355 = SURFACE_STYLE_FILL_AREA(#7356);
#7356 = FILL_AREA_STYLE('',(#7357));
#7357 = FILL_AREA_STYLE_COLOUR('',#6233);
#7358 = SURFACE_STYLE_RENDERING_WITH_PROPERTIES(.NORMAL_SHADING.,#6233,(
    #7359));
#7359 = SURFACE_STYLE_TRANSPARENT(1.);
#7360 = OVER_RIDING_STYLED_ITEM('overriding color',(#7361),#4824,#6226);
#7361 = PRESENTATION_STYLE_ASSIGNMENT((#7362));
#7362 = SURFACE_STYLE_USAGE(.BOTH.,#7363);
#7363 = SURFACE_SIDE_STYLE('',(#7364,#7367));
#7364 = SURFACE_STYLE_FILL_AREA(#7365);
#7365 = FILL_AREA_STYLE('',(#7366));
#7366 = FILL_AREA_STYLE_COLOUR('',#6233);
#7367 = SURFACE_STYLE_RENDERING_WITH_PROPERTIES(.NORMAL_SHADING.,#6233,(
    #7368));
#7368 = SURFACE_STYLE_TRANSPARENT(1.);
#7369 = OVER_RIDING_STYLED_ITEM('overriding color',(#7370),#4824,#6226);
#7370 = PRESENTATION_STYLE_ASSIGNMENT((#7371));
#7371 = SURFACE_STYLE_USAGE(.BOTH.,#7372);
#7372 = SURFACE_SIDE_STYLE('',(#7373,#7376));
#7373 = SURFACE_STYLE_FILL_AREA(#7374);
#7374 = FILL_AREA_STYLE('',(#7375));
#7375 = FILL_AREA_STYLE_COLOUR('',#6233);
#7376 = SURFACE_STYLE_RENDERING_WITH_PROPERTIES(.NORMAL_SHADING.,#6233,(
    #7377));
#7377 = SURFACE_STYLE_TRANSPARENT(1.);
#7378 = OVER_RIDING_STYLED_ITEM('overriding color',(#7379),#4874,#6226);
#7379 = PRESENTATION_STYLE_ASSIGNMENT((#7380));
#7380 = SURFACE_STYLE_USAGE(.BOTH.,#7381);
#7381 = SURFACE_SIDE_STYLE('',(#7382,#7385));
#7382 = SURFACE_STYLE_FILL_AREA(#7383);
#7383 = FILL_AREA_STYLE('',(#7384));
#7384 = FILL_AREA_STYLE_COLOUR('',#6233);
#7385 = SURFACE_STYLE_RENDERING_WITH_PROPERTIES(.NORMAL_SHADING.,#6233,(
    #7386));
#7386 = SURFACE_STYLE_TRANSPARENT(1.);
#7387 = OVER_RIDING_STYLED_ITEM('overriding color',(#7388),#4899,#6226);
#7388 = PRESENTATION_STYLE_ASSIGNMENT((#7389));
#7389 = SURFACE_STYLE_USAGE(.BOTH.,#7390);
#7390 = SURFACE_SIDE_STYLE('',(#7391,#7394));
#7391 = SURFACE_STYLE_FILL_AREA(#7392);
#7392 = FILL_AREA_STYLE('',(#7393));
#7393 = FILL_AREA_STYLE_COLOUR('',#6233);
#7394 = SURFACE_STYLE_RENDERING_WITH_PROPERTIES(.NORMAL_SHADING.,#6233,(
    #7395));
#7395 = SURFACE_STYLE_TRANSPARENT(1.);
#7396 = OVER_RIDING_STYLED_ITEM('overriding color',(#7397),#4924,#6226);
#7397 = PRESENTATION_STYLE_ASSIGNMENT((#7398));
#7398 = SURFACE_STYLE_USAGE(.BOTH.,#7399);
#7399 = SURFACE_SIDE_STYLE('',(#7400,#7403));
#7400 = SURFACE_STYLE_FILL_AREA(#7401);
#7401 = FILL_AREA_STYLE('',(#7402));
#7402 = FILL_AREA_STYLE_COLOUR('',#6233);
#7403 = SURFACE_STYLE_RENDERING_WITH_PROPERTIES(.NORMAL_SHADING.,#6233,(
    #7404));
#7404 = SURFACE_STYLE_TRANSPARENT(1.);
#7405 = OVER_RIDING_STYLED_ITEM('overriding color',(#7406),#4936,#6226);
#7406 = PRESENTATION_STYLE_ASSIGNMENT((#7407));
#7407 = SURFACE_STYLE_USAGE(.BOTH.,#7408);
#7408 = SURFACE_SIDE_STYLE('',(#7409,#7412));
#7409 = SURFACE_STYLE_FILL_AREA(#7410);
#7410 = FILL_AREA_STYLE('',(#7411));
#7411 = FILL_AREA_STYLE_COLOUR('',#6233);
#7412 = SURFACE_STYLE_RENDERING_WITH_PROPERTIES(.NORMAL_SHADING.,#6233,(
    #7413));
#7413 = SURFACE_STYLE_TRANSPARENT(1.);
#7414 = OVER_RIDING_STYLED_ITEM('overriding color',(#7415),#4936,#6226);
#7415 = PRESENTATION_STYLE_ASSIGNMENT((#7416));
#7416 = SURFACE_STYLE_USAGE(.BOTH.,#7417);
#7417 = SURFACE_SIDE_STYLE('',(#7418,#7421));
#7418 = SURFACE_STYLE_FILL_AREA(#7419);
#7419 = FILL_AREA_STYLE('',(#7420));
#7420 = FILL_AREA_STYLE_COLOUR('',#6233);
#7421 = SURFACE_STYLE_RENDERING_WITH_PROPERTIES(.NORMAL_SHADING.,#6233,(
    #7422));
#7422 = SURFACE_STYLE_TRANSPARENT(1.);
#7423 = OVER_RIDING_STYLED_ITEM('overriding color',(#7424),#4986,#6226);
#7424 = PRESENTATION_STYLE_ASSIGNMENT((#7425));
#7425 = SURFACE_STYLE_USAGE(.BOTH.,#7426);
#7426 = SURFACE_SIDE_STYLE('',(#7427,#7430));
#7427 = SURFACE_STYLE_FILL_AREA(#7428);
#7428 = FILL_AREA_STYLE('',(#7429));
#7429 = FILL_AREA_STYLE_COLOUR('',#6233);
#7430 = SURFACE_STYLE_RENDERING_WITH_PROPERTIES(.NORMAL_SHADING.,#6233,(
    #7431));
#7431 = SURFACE_STYLE_TRANSPARENT(1.);
#7432 = OVER_RIDING_STYLED_ITEM('overriding color',(#7433),#5018,#6226);
#7433 = PRESENTATION_STYLE_ASSIGNMENT((#7434));
#7434 = SURFACE_STYLE_USAGE(.BOTH.,#7435);
#7435 = SURFACE_SIDE_STYLE('',(#7436,#7439));
#7436 = SURFACE_STYLE_FILL_AREA(#7437);
#7437 = FILL_AREA_STYLE('',(#7438));
#7438 = FILL_AREA_STYLE_COLOUR('',#6233);
#7439 = SURFACE_STYLE_RENDERING_WITH_PROPERTIES(.NORMAL_SHADING.,#6233,(
    #7440));
#7440 = SURFACE_STYLE_TRANSPARENT(1.);
#7441 = OVER_RIDING_STYLED_ITEM('overriding color',(#7442),#5042,#6226);
#7442 = PRESENTATION_STYLE_ASSIGNMENT((#7443));
#7443 = SURFACE_STYLE_USAGE(.BOTH.,#7444);
#7444 = SURFACE_SIDE_STYLE('',(#7445,#7448));
#7445 = SURFACE_STYLE_FILL_AREA(#7446);
#7446 = FILL_AREA_STYLE('',(#7447));
#7447 = FILL_AREA_STYLE_COLOUR('',#6233);
#7448 = SURFACE_STYLE_RENDERING_WITH_PROPERTIES(.NORMAL_SHADING.,#6233,(
    #7449));
#7449 = SURFACE_STYLE_TRANSPARENT(1.);
#7450 = OVER_RIDING_STYLED_ITEM('overriding color',(#7451),#5073,#6226);
#7451 = PRESENTATION_STYLE_ASSIGNMENT((#7452));
#7452 = SURFACE_STYLE_USAGE(.BOTH.,#7453);
#7453 = SURFACE_SIDE_STYLE('',(#7454,#7457));
#7454 = SURFACE_STYLE_FILL_AREA(#7455);
#7455 = FILL_AREA_STYLE('',(#7456));
#7456 = FILL_AREA_STYLE_COLOUR('',#6233);
#7457 = SURFACE_STYLE_RENDERING_WITH_PROPERTIES(.NORMAL_SHADING.,#6233,(
    #7458));
#7458 = SURFACE_STYLE_TRANSPARENT(1.);
#7459 = OVER_RIDING_STYLED_ITEM('overriding color',(#7460),#5104,#6226);
#7460 = PRESENTATION_STYLE_ASSIGNMENT((#7461));
#7461 = SURFACE_STYLE_USAGE(.BOTH.,#7462);
#7462 = SURFACE_SIDE_STYLE('',(#7463,#7466));
#7463 = SURFACE_STYLE_FILL_AREA(#7464);
#7464 = FILL_AREA_STYLE('',(#7465));
#7465 = FILL_AREA_STYLE_COLOUR('',#6233);
#7466 = SURFACE_STYLE_RENDERING_WITH_PROPERTIES(.NORMAL_SHADING.,#6233,(
    #7467));
#7467 = SURFACE_STYLE_TRANSPARENT(1.);
#7468 = OVER_RIDING_STYLED_ITEM('overriding color',(#7469),#5121,#6226);
#7469 = PRESENTATION_STYLE_ASSIGNMENT((#7470));
#7470 = SURFACE_STYLE_USAGE(.BOTH.,#7471);
#7471 = SURFACE_SIDE_STYLE('',(#7472,#7475));
#7472 = SURFACE_STYLE_FILL_AREA(#7473);
#7473 = FILL_AREA_STYLE('',(#7474));
#7474 = FILL_AREA_STYLE_COLOUR('',#6233);
#7475 = SURFACE_STYLE_RENDERING_WITH_PROPERTIES(.NORMAL_SHADING.,#6233,(
    #7476));
#7476 = SURFACE_STYLE_TRANSPARENT(1.);
#7477 = OVER_RIDING_STYLED_ITEM('overriding color',(#7478),#5194,#6226);
#7478 = PRESENTATION_STYLE_ASSIGNMENT((#7479));
#7479 = SURFACE_STYLE_USAGE(.BOTH.,#7480);
#7480 = SURFACE_SIDE_STYLE('',(#7481,#7484));
#7481 = SURFACE_STYLE_FILL_AREA(#7482);
#7482 = FILL_AREA_STYLE('',(#7483));
#7483 = FILL_AREA_STYLE_COLOUR('',#6233);
#7484 = SURFACE_STYLE_RENDERING_WITH_PROPERTIES(.NORMAL_SHADING.,#6233,(
    #7485));
#7485 = SURFACE_STYLE_TRANSPARENT(1.);
#7486 = OVER_RIDING_STYLED_ITEM('overriding color',(#7487),#5211,#6226);
#7487 = PRESENTATION_STYLE_ASSIGNMENT((#7488));
#7488 = SURFACE_STYLE_USAGE(.BOTH.,#7489);
#7489 = SURFACE_SIDE_STYLE('',(#7490,#7493));
#7490 = SURFACE_STYLE_FILL_AREA(#7491);
#7491 = FILL_AREA_STYLE('',(#7492));
#7492 = FILL_AREA_STYLE_COLOUR('',#6233);
#7493 = SURFACE_STYLE_RENDERING_WITH_PROPERTIES(.NORMAL_SHADING.,#6233,(
    #7494));
#7494 = SURFACE_STYLE_TRANSPARENT(1.);
#7495 = OVER_RIDING_STYLED_ITEM('overriding color',(#7496),#5243,#6226);
#7496 = PRESENTATION_STYLE_ASSIGNMENT((#7497));
#7497 = SURFACE_STYLE_USAGE(.BOTH.,#7498);
#7498 = SURFACE_SIDE_STYLE('',(#7499,#7502));
#7499 = SURFACE_STYLE_FILL_AREA(#7500);
#7500 = FILL_AREA_STYLE('',(#7501));
#7501 = FILL_AREA_STYLE_COLOUR('',#6233);
#7502 = SURFACE_STYLE_RENDERING_WITH_PROPERTIES(.NORMAL_SHADING.,#6233,(
    #7503));
#7503 = SURFACE_STYLE_TRANSPARENT(1.);
#7504 = OVER_RIDING_STYLED_ITEM('overriding color',(#7505),#5274,#6226);
#7505 = PRESENTATION_STYLE_ASSIGNMENT((#7506));
#7506 = SURFACE_STYLE_USAGE(.BOTH.,#7507);
#7507 = SURFACE_SIDE_STYLE('',(#7508,#7511));
#7508 = SURFACE_STYLE_FILL_AREA(#7509);
#7509 = FILL_AREA_STYLE('',(#7510));
#7510 = FILL_AREA_STYLE_COLOUR('',#6233);
#7511 = SURFACE_STYLE_RENDERING_WITH_PROPERTIES(.NORMAL_SHADING.,#6233,(
    #7512));
#7512 = SURFACE_STYLE_TRANSPARENT(1.);
#7513 = OVER_RIDING_STYLED_ITEM('overriding color',(#7514),#5305,#6226);
#7514 = PRESENTATION_STYLE_ASSIGNMENT((#7515));
#7515 = SURFACE_STYLE_USAGE(.BOTH.,#7516);
#7516 = SURFACE_SIDE_STYLE('',(#7517,#7520));
#7517 = SURFACE_STYLE_FILL_AREA(#7518);
#7518 = FILL_AREA_STYLE('',(#7519));
#7519 = FILL_AREA_STYLE_COLOUR('',#6233);
#7520 = SURFACE_STYLE_RENDERING_WITH_PROPERTIES(.NORMAL_SHADING.,#6233,(
    #7521));
#7521 = SURFACE_STYLE_TRANSPARENT(1.);
#7522 = OVER_RIDING_STYLED_ITEM('overriding color',(#7523),#5322,#6226);
#7523 = PRESENTATION_STYLE_ASSIGNMENT((#7524));
#7524 = SURFACE_STYLE_USAGE(.BOTH.,#7525);
#7525 = SURFACE_SIDE_STYLE('',(#7526,#7529));
#7526 = SURFACE_STYLE_FILL_AREA(#7527);
#7527 = FILL_AREA_STYLE('',(#7528));
#7528 = FILL_AREA_STYLE_COLOUR('',#6233);
#7529 = SURFACE_STYLE_RENDERING_WITH_PROPERTIES(.NORMAL_SHADING.,#6233,(
    #7530));
#7530 = SURFACE_STYLE_TRANSPARENT(1.);
#7531 = OVER_RIDING_STYLED_ITEM('overriding color',(#7532),#5347,#6226);
#7532 = PRESENTATION_STYLE_ASSIGNMENT((#7533));
#7533 = SURFACE_STYLE_USAGE(.BOTH.,#7534);
#7534 = SURFACE_SIDE_STYLE('',(#7535,#7538));
#7535 = SURFACE_STYLE_FILL_AREA(#7536);
#7536 = FILL_AREA_STYLE('',(#7537));
#7537 = FILL_AREA_STYLE_COLOUR('',#6233);
#7538 = SURFACE_STYLE_RENDERING_WITH_PROPERTIES(.NORMAL_SHADING.,#6233,(
    #7539));
#7539 = SURFACE_STYLE_TRANSPARENT(1.);
#7540 = OVER_RIDING_STYLED_ITEM('overriding color',(#7541),#5371,#6226);
#7541 = PRESENTATION_STYLE_ASSIGNMENT((#7542));
#7542 = SURFACE_STYLE_USAGE(.BOTH.,#7543);
#7543 = SURFACE_SIDE_STYLE('',(#7544,#7547));
#7544 = SURFACE_STYLE_FILL_AREA(#7545);
#7545 = FILL_AREA_STYLE('',(#7546));
#7546 = FILL_AREA_STYLE_COLOUR('',#6233);
#7547 = SURFACE_STYLE_RENDERING_WITH_PROPERTIES(.NORMAL_SHADING.,#6233,(
    #7548));
#7548 = SURFACE_STYLE_TRANSPARENT(1.);
#7549 = OVER_RIDING_STYLED_ITEM('overriding color',(#7550),#5387,#6226);
#7550 = PRESENTATION_STYLE_ASSIGNMENT((#7551));
#7551 = SURFACE_STYLE_USAGE(.BOTH.,#7552);
#7552 = SURFACE_SIDE_STYLE('',(#7553,#7556));
#7553 = SURFACE_STYLE_FILL_AREA(#7554);
#7554 = FILL_AREA_STYLE('',(#7555));
#7555 = FILL_AREA_STYLE_COLOUR('',#6233);
#7556 = SURFACE_STYLE_RENDERING_WITH_PROPERTIES(.NORMAL_SHADING.,#6233,(
    #7557));
#7557 = SURFACE_STYLE_TRANSPARENT(1.);
#7558 = OVER_RIDING_STYLED_ITEM('overriding color',(#7559),#5408,#6226);
#7559 = PRESENTATION_STYLE_ASSIGNMENT((#7560));
#7560 = SURFACE_STYLE_USAGE(.BOTH.,#7561);
#7561 = SURFACE_SIDE_STYLE('',(#7562,#7565));
#7562 = SURFACE_STYLE_FILL_AREA(#7563);
#7563 = FILL_AREA_STYLE('',(#7564));
#7564 = FILL_AREA_STYLE_COLOUR('',#6233);
#7565 = SURFACE_STYLE_RENDERING_WITH_PROPERTIES(.NORMAL_SHADING.,#6233,(
    #7566));
#7566 = SURFACE_STYLE_TRANSPARENT(1.);
#7567 = OVER_RIDING_STYLED_ITEM('overriding color',(#7568),#5434,#6226);
#7568 = PRESENTATION_STYLE_ASSIGNMENT((#7569));
#7569 = SURFACE_STYLE_USAGE(.BOTH.,#7570);
#7570 = SURFACE_SIDE_STYLE('',(#7571,#7574));
#7571 = SURFACE_STYLE_FILL_AREA(#7572);
#7572 = FILL_AREA_STYLE('',(#7573));
#7573 = FILL_AREA_STYLE_COLOUR('',#6233);
#7574 = SURFACE_STYLE_RENDERING_WITH_PROPERTIES(.NORMAL_SHADING.,#6233,(
    #7575));
#7575 = SURFACE_STYLE_TRANSPARENT(1.);
#7576 = OVER_RIDING_STYLED_ITEM('overriding color',(#7577),#5456,#6226);
#7577 = PRESENTATION_STYLE_ASSIGNMENT((#7578));
#7578 = SURFACE_STYLE_USAGE(.BOTH.,#7579);
#7579 = SURFACE_SIDE_STYLE('',(#7580,#7583));
#7580 = SURFACE_STYLE_FILL_AREA(#7581);
#7581 = FILL_AREA_STYLE('',(#7582));
#7582 = FILL_AREA_STYLE_COLOUR('',#6233);
#7583 = SURFACE_STYLE_RENDERING_WITH_PROPERTIES(.NORMAL_SHADING.,#6233,(
    #7584));
#7584 = SURFACE_STYLE_TRANSPARENT(1.);
#7585 = OVER_RIDING_STYLED_ITEM('overriding color',(#7586),#5474,#6226);
#7586 = PRESENTATION_STYLE_ASSIGNMENT((#7587));
#7587 = SURFACE_STYLE_USAGE(.BOTH.,#7588);
#7588 = SURFACE_SIDE_STYLE('',(#7589,#7592));
#7589 = SURFACE_STYLE_FILL_AREA(#7590);
#7590 = FILL_AREA_STYLE('',(#7591));
#7591 = FILL_AREA_STYLE_COLOUR('',#6233);
#7592 = SURFACE_STYLE_RENDERING_WITH_PROPERTIES(.NORMAL_SHADING.,#6233,(
    #7593));
#7593 = SURFACE_STYLE_TRANSPARENT(1.);
#7594 = OVER_RIDING_STYLED_ITEM('overriding color',(#7595),#5474,#6226);
#7595 = PRESENTATION_STYLE_ASSIGNMENT((#7596));
#7596 = SURFACE_STYLE_USAGE(.BOTH.,#7597);
#7597 = SURFACE_SIDE_STYLE('',(#7598,#7601));
#7598 = SURFACE_STYLE_FILL_AREA(#7599);
#7599 = FILL_AREA_STYLE('',(#7600));
#7600 = FILL_AREA_STYLE_COLOUR('',#6233);
#7601 = SURFACE_STYLE_RENDERING_WITH_PROPERTIES(.NORMAL_SHADING.,#6233,(
    #7602));
#7602 = SURFACE_STYLE_TRANSPARENT(1.);
#7603 = OVER_RIDING_STYLED_ITEM('overriding color',(#7604),#5498,#6226);
#7604 = PRESENTATION_STYLE_ASSIGNMENT((#7605));
#7605 = SURFACE_STYLE_USAGE(.BOTH.,#7606);
#7606 = SURFACE_SIDE_STYLE('',(#7607,#7610));
#7607 = SURFACE_STYLE_FILL_AREA(#7608);
#7608 = FILL_AREA_STYLE('',(#7609));
#7609 = FILL_AREA_STYLE_COLOUR('',#6233);
#7610 = SURFACE_STYLE_RENDERING_WITH_PROPERTIES(.NORMAL_SHADING.,#6233,(
    #7611));
#7611 = SURFACE_STYLE_TRANSPARENT(1.);
#7612 = OVER_RIDING_STYLED_ITEM('overriding color',(#7613),#5507,#6226);
#7613 = PRESENTATION_STYLE_ASSIGNMENT((#7614));
#7614 = SURFACE_STYLE_USAGE(.BOTH.,#7615);
#7615 = SURFACE_SIDE_STYLE('',(#7616,#7619));
#7616 = SURFACE_STYLE_FILL_AREA(#7617);
#7617 = FILL_AREA_STYLE('',(#7618));
#7618 = FILL_AREA_STYLE_COLOUR('',#6233);
#7619 = SURFACE_STYLE_RENDERING_WITH_PROPERTIES(.NORMAL_SHADING.,#6233,(
    #7620));
#7620 = SURFACE_STYLE_TRANSPARENT(1.);
#7621 = OVER_RIDING_STYLED_ITEM('overriding color',(#7622),#5516,#6226);
#7622 = PRESENTATION_STYLE_ASSIGNMENT((#7623));
#7623 = SURFACE_STYLE_USAGE(.BOTH.,#7624);
#7624 = SURFACE_SIDE_STYLE('',(#7625,#7628));
#7625 = SURFACE_STYLE_FILL_AREA(#7626);
#7626 = FILL_AREA_STYLE('',(#7627));
#7627 = FILL_AREA_STYLE_COLOUR('',#6233);
#7628 = SURFACE_STYLE_RENDERING_WITH_PROPERTIES(.NORMAL_SHADING.,#6233,(
    #7629));
#7629 = SURFACE_STYLE_TRANSPARENT(1.);
#7630 = OVER_RIDING_STYLED_ITEM('overriding color',(#7631),#5535,#6226);
#7631 = PRESENTATION_STYLE_ASSIGNMENT((#7632));
#7632 = SURFACE_STYLE_USAGE(.BOTH.,#7633);
#7633 = SURFACE_SIDE_STYLE('',(#7634,#7637));
#7634 = SURFACE_STYLE_FILL_AREA(#7635);
#7635 = FILL_AREA_STYLE('',(#7636));
#7636 = FILL_AREA_STYLE_COLOUR('',#6233);
#7637 = SURFACE_STYLE_RENDERING_WITH_PROPERTIES(.NORMAL_SHADING.,#6233,(
    #7638));
#7638 = SURFACE_STYLE_TRANSPARENT(1.);
#7639 = OVER_RIDING_STYLED_ITEM('overriding color',(#7640),#5551,#6226);
#7640 = PRESENTATION_STYLE_ASSIGNMENT((#7641));
#7641 = SURFACE_STYLE_USAGE(.BOTH.,#7642);
#7642 = SURFACE_SIDE_STYLE('',(#7643,#7646));
#7643 = SURFACE_STYLE_FILL_AREA(#7644);
#7644 = FILL_AREA_STYLE('',(#7645));
#7645 = FILL_AREA_STYLE_COLOUR('',#6233);
#7646 = SURFACE_STYLE_RENDERING_WITH_PROPERTIES(.NORMAL_SHADING.,#6233,(
    #7647));
#7647 = SURFACE_STYLE_TRANSPARENT(1.);
#7648 = OVER_RIDING_STYLED_ITEM('overriding color',(#7649),#5567,#6226);
#7649 = PRESENTATION_STYLE_ASSIGNMENT((#7650));
#7650 = SURFACE_STYLE_USAGE(.BOTH.,#7651);
#7651 = SURFACE_SIDE_STYLE('',(#7652,#7655));
#7652 = SURFACE_STYLE_FILL_AREA(#7653);
#7653 = FILL_AREA_STYLE('',(#7654));
#7654 = FILL_AREA_STYLE_COLOUR('',#6233);
#7655 = SURFACE_STYLE_RENDERING_WITH_PROPERTIES(.NORMAL_SHADING.,#6233,(
    #7656));
#7656 = SURFACE_STYLE_TRANSPARENT(1.);
#7657 = OVER_RIDING_STYLED_ITEM('overriding color',(#7658),#5589,#6226);
#7658 = PRESENTATION_STYLE_ASSIGNMENT((#7659));
#7659 = SURFACE_STYLE_USAGE(.BOTH.,#7660);
#7660 = SURFACE_SIDE_STYLE('',(#7661,#7664));
#7661 = SURFACE_STYLE_FILL_AREA(#7662);
#7662 = FILL_AREA_STYLE('',(#7663));
#7663 = FILL_AREA_STYLE_COLOUR('',#6233);
#7664 = SURFACE_STYLE_RENDERING_WITH_PROPERTIES(.NORMAL_SHADING.,#6233,(
    #7665));
#7665 = SURFACE_STYLE_TRANSPARENT(1.);
#7666 = OVER_RIDING_STYLED_ITEM('overriding color',(#7667),#5611,#6226);
#7667 = PRESENTATION_STYLE_ASSIGNMENT((#7668));
#7668 = SURFACE_STYLE_USAGE(.BOTH.,#7669);
#7669 = SURFACE_SIDE_STYLE('',(#7670,#7673));
#7670 = SURFACE_STYLE_FILL_AREA(#7671);
#7671 = FILL_AREA_STYLE('',(#7672));
#7672 = FILL_AREA_STYLE_COLOUR('',#6233);
#7673 = SURFACE_STYLE_RENDERING_WITH_PROPERTIES(.NORMAL_SHADING.,#6233,(
    #7674));
#7674 = SURFACE_STYLE_TRANSPARENT(1.);
#7675 = OVER_RIDING_STYLED_ITEM('overriding color',(#7676),#5667,#6226);
#7676 = PRESENTATION_STYLE_ASSIGNMENT((#7677));
#7677 = SURFACE_STYLE_USAGE(.BOTH.,#7678);
#7678 = SURFACE_SIDE_STYLE('',(#7679,#7682));
#7679 = SURFACE_STYLE_FILL_AREA(#7680);
#7680 = FILL_AREA_STYLE('',(#7681));
#7681 = FILL_AREA_STYLE_COLOUR('',#6233);
#7682 = SURFACE_STYLE_RENDERING_WITH_PROPERTIES(.NORMAL_SHADING.,#6233,(
    #7683));
#7683 = SURFACE_STYLE_TRANSPARENT(1.);
#7684 = OVER_RIDING_STYLED_ITEM('overriding color',(#7685),#5684,#6226);
#7685 = PRESENTATION_STYLE_ASSIGNMENT((#7686));
#7686 = SURFACE_STYLE_USAGE(.BOTH.,#7687);
#7687 = SURFACE_SIDE_STYLE('',(#7688,#7691));
#7688 = SURFACE_STYLE_FILL_AREA(#7689);
#7689 = FILL_AREA_STYLE('',(#7690));
#7690 = FILL_AREA_STYLE_COLOUR('',#6233);
#7691 = SURFACE_STYLE_RENDERING_WITH_PROPERTIES(.NORMAL_SHADING.,#6233,(
    #7692));
#7692 = SURFACE_STYLE_TRANSPARENT(1.);
#7693 = OVER_RIDING_STYLED_ITEM('overriding color',(#7694),#5709,#6226);
#7694 = PRESENTATION_STYLE_ASSIGNMENT((#7695));
#7695 = SURFACE_STYLE_USAGE(.BOTH.,#7696);
#7696 = SURFACE_SIDE_STYLE('',(#7697,#7700));
#7697 = SURFACE_STYLE_FILL_AREA(#7698);
#7698 = FILL_AREA_STYLE('',(#7699));
#7699 = FILL_AREA_STYLE_COLOUR('',#6233);
#7700 = SURFACE_STYLE_RENDERING_WITH_PROPERTIES(.NORMAL_SHADING.,#6233,(
    #7701));
#7701 = SURFACE_STYLE_TRANSPARENT(1.);
#7702 = OVER_RIDING_STYLED_ITEM('overriding color',(#7703),#5734,#6226);
#7703 = PRESENTATION_STYLE_ASSIGNMENT((#7704));
#7704 = SURFACE_STYLE_USAGE(.BOTH.,#7705);
#7705 = SURFACE_SIDE_STYLE('',(#7706,#7709));
#7706 = SURFACE_STYLE_FILL_AREA(#7707);
#7707 = FILL_AREA_STYLE('',(#7708));
#7708 = FILL_AREA_STYLE_COLOUR('',#6233);
#7709 = SURFACE_STYLE_RENDERING_WITH_PROPERTIES(.NORMAL_SHADING.,#6233,(
    #7710));
#7710 = SURFACE_STYLE_TRANSPARENT(1.);
#7711 = OVER_RIDING_STYLED_ITEM('overriding color',(#7712),#5759,#6226);
#7712 = PRESENTATION_STYLE_ASSIGNMENT((#7713));
#7713 = SURFACE_STYLE_USAGE(.BOTH.,#7714);
#7714 = SURFACE_SIDE_STYLE('',(#7715,#7718));
#7715 = SURFACE_STYLE_FILL_AREA(#7716);
#7716 = FILL_AREA_STYLE('',(#7717));
#7717 = FILL_AREA_STYLE_COLOUR('',#6233);
#7718 = SURFACE_STYLE_RENDERING_WITH_PROPERTIES(.NORMAL_SHADING.,#6233,(
    #7719));
#7719 = SURFACE_STYLE_TRANSPARENT(1.);
#7720 = OVER_RIDING_STYLED_ITEM('overriding color',(#7721),#5784,#6226);
#7721 = PRESENTATION_STYLE_ASSIGNMENT((#7722));
#7722 = SURFACE_STYLE_USAGE(.BOTH.,#7723);
#7723 = SURFACE_SIDE_STYLE('',(#7724,#7727));
#7724 = SURFACE_STYLE_FILL_AREA(#7725);
#7725 = FILL_AREA_STYLE('',(#7726));
#7726 = FILL_AREA_STYLE_COLOUR('',#6233);
#7727 = SURFACE_STYLE_RENDERING_WITH_PROPERTIES(.NORMAL_SHADING.,#6233,(
    #7728));
#7728 = SURFACE_STYLE_TRANSPARENT(1.);
#7729 = OVER_RIDING_STYLED_ITEM('overriding color',(#7730),#5795,#6226);
#7730 = PRESENTATION_STYLE_ASSIGNMENT((#7731));
#7731 = SURFACE_STYLE_USAGE(.BOTH.,#7732);
#7732 = SURFACE_SIDE_STYLE('',(#7733,#7736));
#7733 = SURFACE_STYLE_FILL_AREA(#7734);
#7734 = FILL_AREA_STYLE('',(#7735));
#7735 = FILL_AREA_STYLE_COLOUR('',#6233);
#7736 = SURFACE_STYLE_RENDERING_WITH_PROPERTIES(.NORMAL_SHADING.,#6233,(
    #7737));
#7737 = SURFACE_STYLE_TRANSPARENT(1.);
#7738 = OVER_RIDING_STYLED_ITEM('overriding color',(#7739),#5811,#6226);
#7739 = PRESENTATION_STYLE_ASSIGNMENT((#7740));
#7740 = SURFACE_STYLE_USAGE(.BOTH.,#7741);
#7741 = SURFACE_SIDE_STYLE('',(#7742,#7745));
#7742 = SURFACE_STYLE_FILL_AREA(#7743);
#7743 = FILL_AREA_STYLE('',(#7744));
#7744 = FILL_AREA_STYLE_COLOUR('',#6233);
#7745 = SURFACE_STYLE_RENDERING_WITH_PROPERTIES(.NORMAL_SHADING.,#6233,(
    #7746));
#7746 = SURFACE_STYLE_TRANSPARENT(1.);
#7747 = OVER_RIDING_STYLED_ITEM('overriding color',(#7748),#5811,#6226);
#7748 = PRESENTATION_STYLE_ASSIGNMENT((#7749));
#7749 = SURFACE_STYLE_USAGE(.BOTH.,#7750);
#7750 = SURFACE_SIDE_STYLE('',(#7751,#7754));
#7751 = SURFACE_STYLE_FILL_AREA(#7752);
#7752 = FILL_AREA_STYLE('',(#7753));
#7753 = FILL_AREA_STYLE_COLOUR('',#6233);
#7754 = SURFACE_STYLE_RENDERING_WITH_PROPERTIES(.NORMAL_SHADING.,#6233,(
    #7755));
#7755 = SURFACE_STYLE_TRANSPARENT(1.);
#7756 = OVER_RIDING_STYLED_ITEM('overriding color',(#7757),#5861,#6226);
#7757 = PRESENTATION_STYLE_ASSIGNMENT((#7758));
#7758 = SURFACE_STYLE_USAGE(.BOTH.,#7759);
#7759 = SURFACE_SIDE_STYLE('',(#7760,#7763));
#7760 = SURFACE_STYLE_FILL_AREA(#7761);
#7761 = FILL_AREA_STYLE('',(#7762));
#7762 = FILL_AREA_STYLE_COLOUR('',#6233);
#7763 = SURFACE_STYLE_RENDERING_WITH_PROPERTIES(.NORMAL_SHADING.,#6233,(
    #7764));
#7764 = SURFACE_STYLE_TRANSPARENT(1.);
#7765 = OVER_RIDING_STYLED_ITEM('overriding color',(#7766),#5873,#6226);
#7766 = PRESENTATION_STYLE_ASSIGNMENT((#7767));
#7767 = SURFACE_STYLE_USAGE(.BOTH.,#7768);
#7768 = SURFACE_SIDE_STYLE('',(#7769,#7772));
#7769 = SURFACE_STYLE_FILL_AREA(#7770);
#7770 = FILL_AREA_STYLE('',(#7771));
#7771 = FILL_AREA_STYLE_COLOUR('',#6233);
#7772 = SURFACE_STYLE_RENDERING_WITH_PROPERTIES(.NORMAL_SHADING.,#6233,(
    #7773));
#7773 = SURFACE_STYLE_TRANSPARENT(1.);
#7774 = OVER_RIDING_STYLED_ITEM('overriding color',(#7775),#5890,#6226);
#7775 = PRESENTATION_STYLE_ASSIGNMENT((#7776));
#7776 = SURFACE_STYLE_USAGE(.BOTH.,#7777);
#7777 = SURFACE_SIDE_STYLE('',(#7778,#7781));
#7778 = SURFACE_STYLE_FILL_AREA(#7779);
#7779 = FILL_AREA_STYLE('',(#7780));
#7780 = FILL_AREA_STYLE_COLOUR('',#6233);
#7781 = SURFACE_STYLE_RENDERING_WITH_PROPERTIES(.NORMAL_SHADING.,#6233,(
    #7782));
#7782 = SURFACE_STYLE_TRANSPARENT(1.);
#7783 = OVER_RIDING_STYLED_ITEM('overriding color',(#7784),#5907,#6226);
#7784 = PRESENTATION_STYLE_ASSIGNMENT((#7785));
#7785 = SURFACE_STYLE_USAGE(.BOTH.,#7786);
#7786 = SURFACE_SIDE_STYLE('',(#7787,#7790));
#7787 = SURFACE_STYLE_FILL_AREA(#7788);
#7788 = FILL_AREA_STYLE('',(#7789));
#7789 = FILL_AREA_STYLE_COLOUR('',#6233);
#7790 = SURFACE_STYLE_RENDERING_WITH_PROPERTIES(.NORMAL_SHADING.,#6233,(
    #7791));
#7791 = SURFACE_STYLE_TRANSPARENT(1.);
#7792 = OVER_RIDING_STYLED_ITEM('overriding color',(#7793),#5924,#6226);
#7793 = PRESENTATION_STYLE_ASSIGNMENT((#7794));
#7794 = SURFACE_STYLE_USAGE(.BOTH.,#7795);
#7795 = SURFACE_SIDE_STYLE('',(#7796,#7799));
#7796 = SURFACE_STYLE_FILL_AREA(#7797);
#7797 = FILL_AREA_STYLE('',(#7798));
#7798 = FILL_AREA_STYLE_COLOUR('',#6233);
#7799 = SURFACE_STYLE_RENDERING_WITH_PROPERTIES(.NORMAL_SHADING.,#6233,(
    #7800));
#7800 = SURFACE_STYLE_TRANSPARENT(1.);
#7801 = OVER_RIDING_STYLED_ITEM('overriding color',(#7802),#5941,#6226);
#7802 = PRESENTATION_STYLE_ASSIGNMENT((#7803));
#7803 = SURFACE_STYLE_USAGE(.BOTH.,#7804);
#7804 = SURFACE_SIDE_STYLE('',(#7805,#7808));
#7805 = SURFACE_STYLE_FILL_AREA(#7806);
#7806 = FILL_AREA_STYLE('',(#7807));
#7807 = FILL_AREA_STYLE_COLOUR('',#6233);
#7808 = SURFACE_STYLE_RENDERING_WITH_PROPERTIES(.NORMAL_SHADING.,#6233,(
    #7809));
#7809 = SURFACE_STYLE_TRANSPARENT(1.);
#7810 = OVER_RIDING_STYLED_ITEM('overriding color',(#7811),#5941,#6226);
#7811 = PRESENTATION_STYLE_ASSIGNMENT((#7812));
#7812 = SURFACE_STYLE_USAGE(.BOTH.,#7813);
#7813 = SURFACE_SIDE_STYLE('',(#7814,#7817));
#7814 = SURFACE_STYLE_FILL_AREA(#7815);
#7815 = FILL_AREA_STYLE('',(#7816));
#7816 = FILL_AREA_STYLE_COLOUR('',#6233);
#7817 = SURFACE_STYLE_RENDERING_WITH_PROPERTIES(.NORMAL_SHADING.,#6233,(
    #7818));
#7818 = SURFACE_STYLE_TRANSPARENT(1.);
#7819 = OVER_RIDING_STYLED_ITEM('overriding color',(#7820),#5959,#6226);
#7820 = PRESENTATION_STYLE_ASSIGNMENT((#7821));
#7821 = SURFACE_STYLE_USAGE(.BOTH.,#7822);
#7822 = SURFACE_SIDE_STYLE('',(#7823));
#7823 = SURFACE_STYLE_FILL_AREA(#7824);
#7824 = FILL_AREA_STYLE('',(#7825));
#7825 = FILL_AREA_STYLE_COLOUR('',#6233);
#7826 = OVER_RIDING_STYLED_ITEM('overriding color',(#7827),#5987,#6226);
#7827 = PRESENTATION_STYLE_ASSIGNMENT((#7828));
#7828 = SURFACE_STYLE_USAGE(.BOTH.,#7829);
#7829 = SURFACE_SIDE_STYLE('',(#7830));
#7830 = SURFACE_STYLE_FILL_AREA(#7831);
#7831 = FILL_AREA_STYLE('',(#7832));
#7832 = FILL_AREA_STYLE_COLOUR('',#6233);
#7833 = STYLED_ITEM('color',(#7834),#6003);
#7834 = PRESENTATION_STYLE_ASSIGNMENT((#7835,#7842));
#7835 = SURFACE_STYLE_USAGE(.BOTH.,#7836);
#7836 = SURFACE_SIDE_STYLE('',(#7837,#7840));
#7837 = SURFACE_STYLE_FILL_AREA(#7838);
#7838 = FILL_AREA_STYLE('',(#7839));
#7839 = FILL_AREA_STYLE_COLOUR('',#6233);
#7840 = SURFACE_STYLE_RENDERING_WITH_PROPERTIES(.NORMAL_SHADING.,#6233,(
    #7841));
#7841 = SURFACE_STYLE_TRANSPARENT(0.5);
#7842 = CURVE_STYLE('',#7843,POSITIVE_LENGTH_MEASURE(0.1),#6238);
#7843 = DRAUGHTING_PRE_DEFINED_CURVE_FONT('continuous');
#7844 = OVER_RIDING_STYLED_ITEM('overriding color',(#7845),#6005,#7833);
#7845 = PRESENTATION_STYLE_ASSIGNMENT((#7846));
#7846 = SURFACE_STYLE_USAGE(.BOTH.,#7847);
#7847 = SURFACE_SIDE_STYLE('',(#7848,#7851));
#7848 = SURFACE_STYLE_FILL_AREA(#7849);
#7849 = FILL_AREA_STYLE('',(#7850));
#7850 = FILL_AREA_STYLE_COLOUR('',#6233);
#7851 = SURFACE_STYLE_RENDERING_WITH_PROPERTIES(.NORMAL_SHADING.,#6233,(
    #7852));
#7852 = SURFACE_STYLE_TRANSPARENT(1.);
#7853 = OVER_RIDING_STYLED_ITEM('overriding color',(#7854),#6045,#7833);
#7854 = PRESENTATION_STYLE_ASSIGNMENT((#7855));
#7855 = SURFACE_STYLE_USAGE(.BOTH.,#7856);
#7856 = SURFACE_SIDE_STYLE('',(#7857,#7860));
#7857 = SURFACE_STYLE_FILL_AREA(#7858);
#7858 = FILL_AREA_STYLE('',(#7859));
#7859 = FILL_AREA_STYLE_COLOUR('',#6233);
#7860 = SURFACE_STYLE_RENDERING_WITH_PROPERTIES(.NORMAL_SHADING.,#6233,(
    #7861));
#7861 = SURFACE_STYLE_TRANSPARENT(1.);
#7862 = OVER_RIDING_STYLED_ITEM('overriding color',(#7863),#6076,#7833);
#7863 = PRESENTATION_STYLE_ASSIGNMENT((#7864));
#7864 = SURFACE_STYLE_USAGE(.BOTH.,#7865);
#7865 = SURFACE_SIDE_STYLE('',(#7866,#7869));
#7866 = SURFACE_STYLE_FILL_AREA(#7867);
#7867 = FILL_AREA_STYLE('',(#7868));
#7868 = FILL_AREA_STYLE_COLOUR('',#6233);
#7869 = SURFACE_STYLE_RENDERING_WITH_PROPERTIES(.NORMAL_SHADING.,#6233,(
    #7870));
#7870 = SURFACE_STYLE_TRANSPARENT(1.);
#7871 = OVER_RIDING_STYLED_ITEM('overriding color',(#7872),#6107,#7833);
#7872 = PRESENTATION_STYLE_ASSIGNMENT((#7873));
#7873 = SURFACE_STYLE_USAGE(.BOTH.,#7874);
#7874 = SURFACE_SIDE_STYLE('',(#7875,#7878));
#7875 = SURFACE_STYLE_FILL_AREA(#7876);
#7876 = FILL_AREA_STYLE('',(#7877));
#7877 = FILL_AREA_STYLE_COLOUR('',#6233);
#7878 = SURFACE_STYLE_RENDERING_WITH_PROPERTIES(.NORMAL_SHADING.,#6233,(
    #7879));
#7879 = SURFACE_STYLE_TRANSPARENT(1.);
#7880 = OVER_RIDING_STYLED_ITEM('overriding color',(#7881),#6138,#7833);
#7881 = PRESENTATION_STYLE_ASSIGNMENT((#7882));
#7882 = SURFACE_STYLE_USAGE(.BOTH.,#7883);
#7883 = SURFACE_SIDE_STYLE('',(#7884,#7887));
#7884 = SURFACE_STYLE_FILL_AREA(#7885);
#7885 = FILL_AREA_STYLE('',(#7886));
#7886 = FILL_AREA_STYLE_COLOUR('',#6233);
#7887 = SURFACE_STYLE_RENDERING_WITH_PROPERTIES(.NORMAL_SHADING.,#6233,(
    #7888));
#7888 = SURFACE_STYLE_TRANSPARENT(1.);
#7889 = OVER_RIDING_STYLED_ITEM('overriding color',(#7890),#6169,#7833);
#7890 = PRESENTATION_STYLE_ASSIGNMENT((#7891));
#7891 = SURFACE_STYLE_USAGE(.BOTH.,#7892);
#7892 = SURFACE_SIDE_STYLE('',(#7893,#7896));
#7893 = SURFACE_STYLE_FILL_AREA(#7894);
#7894 = FILL_AREA_STYLE('',(#7895));
#7895 = FILL_AREA_STYLE_COLOUR('',#6233);
#7896 = SURFACE_STYLE_RENDERING_WITH_PROPERTIES(.NORMAL_SHADING.,#6233,(
    #7897));
#7897 = SURFACE_STYLE_TRANSPARENT(1.);
#7898 = OVER_RIDING_STYLED_ITEM('overriding color',(#7899),#6191,#7833);
#7899 = PRESENTATION_STYLE_ASSIGNMENT((#7900));
#7900 = SURFACE_STYLE_USAGE(.BOTH.,#7901);
#7901 = SURFACE_SIDE_STYLE('',(#7902,#7905));
#7902 = SURFACE_STYLE_FILL_AREA(#7903);
#7903 = FILL_AREA_STYLE('',(#7904));
#7904 = FILL_AREA_STYLE_COLOUR('',#6233);
#7905 = SURFACE_STYLE_RENDERING_WITH_PROPERTIES(.NORMAL_SHADING.,#6233,(
    #7906));
#7906 = SURFACE_STYLE_TRANSPARENT(1.);
#7907 = OVER_RIDING_STYLED_ITEM('overriding color',(#7908),#6205,#7833);
#7908 = PRESENTATION_STYLE_ASSIGNMENT((#7909));
#7909 = SURFACE_STYLE_USAGE(.BOTH.,#7910);
#7910 = SURFACE_SIDE_STYLE('',(#7911,#7914));
#7911 = SURFACE_STYLE_FILL_AREA(#7912);
#7912 = FILL_AREA_STYLE('',(#7913));
#7913 = FILL_AREA_STYLE_COLOUR('',#6233);
#7914 = SURFACE_STYLE_RENDERING_WITH_PROPERTIES(.NORMAL_SHADING.,#6233,(
    #7915));
#7915 = SURFACE_STYLE_TRANSPARENT(1.);
ENDSEC;
END-ISO-10303-21;
