ISO-10303-21;
HEADER;
FILE_DESCRIPTION(('FreeCAD Model'),'2;1');
FILE_NAME('Open CASCADE Shape Model','2025-11-17T08:23:26',(''),(''),
  'Open CASCADE STEP processor 7.8','FreeCAD','Unknown');
FILE_SCHEMA(('AUTOMOTIVE_DESIGN { 1 0 10303 214 1 1 1 1 }'));
ENDSEC;
DATA;
#1 = APPLICATION_PROTOCOL_DEFINITION('international standard',
  'automotive_design',2000,#2);
#2 = APPLICATION_CONTEXT(
  'core data for automotive mechanical design processes');
#3 = SHAPE_DEFINITION_REPRESENTATION(#4,#10);
#4 = PRODUCT_DEFINITION_SHAPE('','',#5);
#5 = PRODUCT_DEFINITION('design','',#6,#9);
#6 = PRODUCT_DEFINITION_FORMATION('','',#7);
#7 = PRODUCT('Belt fastener 1p5mm','Belt fastener 1p5mm','',(#8));
#8 = PRODUCT_CONTEXT('',#2,'mechanical');
#9 = PRODUCT_DEFINITION_CONTEXT('part definition',#2,'design');
#10 = ADVANCED_BREP_SHAPE_REPRESENTATION('',(#11,#15),#3698);
#11 = AXIS2_PLACEMENT_3D('',#12,#13,#14);
#12 = CARTESIAN_POINT('',(0.,0.,0.));
#13 = DIRECTION('',(0.,0.,1.));
#14 = DIRECTION('',(1.,0.,-0.));
#15 = MANIFOLD_SOLID_BREP('',#16);
#16 = CLOSED_SHELL('',(#17,#458,#500,#524,#548,#572,#597,#653,#677,#701,
    #725,#749,#773,#797,#821,#845,#869,#893,#917,#941,#965,#989,#1013,
    #1037,#1061,#1085,#1109,#1133,#1157,#1181,#1214,#1238,#1263,#1288,
    #1313,#1337,#1370,#1394,#1418,#1442,#1466,#1490,#1514,#1538,#1562,
    #1586,#1610,#1634,#1658,#1682,#1706,#1730,#1754,#1778,#1802,#1851,
    #2240,#2265,#2289,#2497,#2521,#2568,#2693,#2728,#2752,#2911,#2923,
    #2940,#2957,#2974,#2991,#3008,#3025,#3042,#3059,#3076,#3093,#3110,
    #3127,#3144,#3161,#3178,#3195,#3212,#3230,#3247,#3264,#3281,#3298,
    #3315,#3333,#3350,#3367,#3384,#3401,#3418,#3435,#3452,#3469,#3486,
    #3503,#3520,#3537,#3554,#3571,#3588,#3605,#3622,#3639,#3656,#3673,
    #3685));
#17 = ADVANCED_FACE('',(#18),#453,.T.);
#18 = FACE_BOUND('',#19,.T.);
#19 = EDGE_LOOP('',(#20,#30,#38,#46,#54,#62,#70,#78,#86,#94,#102,#110,
    #118,#126,#134,#142,#150,#158,#166,#174,#182,#190,#198,#206,#214,
    #222,#230,#238,#246,#254,#262,#270,#278,#286,#294,#302,#310,#318,
    #326,#334,#342,#350,#358,#366,#374,#382,#390,#398,#406,#414,#422,
    #431,#439,#447));
#20 = ORIENTED_EDGE('',*,*,#21,.F.);
#21 = EDGE_CURVE('',#22,#24,#26,.T.);
#22 = VERTEX_POINT('',#23);
#23 = CARTESIAN_POINT('',(1.,-16.5,-5.6));
#24 = VERTEX_POINT('',#25);
#25 = CARTESIAN_POINT('',(13.75,-16.5,-5.6));
#26 = LINE('',#27,#28);
#27 = CARTESIAN_POINT('',(12.5,-16.5,-5.6));
#28 = VECTOR('',#29,1.);
#29 = DIRECTION('',(1.,0.,0.));
#30 = ORIENTED_EDGE('',*,*,#31,.F.);
#31 = EDGE_CURVE('',#32,#22,#34,.T.);
#32 = VERTEX_POINT('',#33);
#33 = CARTESIAN_POINT('',(1.,-13.4,-5.6));
#34 = LINE('',#35,#36);
#35 = CARTESIAN_POINT('',(1.,-17.48600374049,-5.6));
#36 = VECTOR('',#37,1.);
#37 = DIRECTION('',(0.,-1.,0.));
#38 = ORIENTED_EDGE('',*,*,#39,.T.);
#39 = EDGE_CURVE('',#32,#40,#42,.T.);
#40 = VERTEX_POINT('',#41);
#41 = CARTESIAN_POINT('',(2.,-13.4,-5.6));
#42 = LINE('',#43,#44);
#43 = CARTESIAN_POINT('',(-12.75,-13.4,-5.6));
#44 = VECTOR('',#45,1.);
#45 = DIRECTION('',(1.,0.,0.));
#46 = ORIENTED_EDGE('',*,*,#47,.T.);
#47 = EDGE_CURVE('',#40,#48,#50,.T.);
#48 = VERTEX_POINT('',#49);
#49 = CARTESIAN_POINT('',(2.,-12.95,-5.6));
#50 = LINE('',#51,#52);
#51 = CARTESIAN_POINT('',(2.,-16.5,-5.6));
#52 = VECTOR('',#53,1.);
#53 = DIRECTION('',(0.,1.,0.));
#54 = ORIENTED_EDGE('',*,*,#55,.T.);
#55 = EDGE_CURVE('',#48,#56,#58,.T.);
#56 = VERTEX_POINT('',#57);
#57 = CARTESIAN_POINT('',(2.15,-12.8,-5.6));
#58 = LINE('',#59,#60);
#59 = CARTESIAN_POINT('',(1.15,-13.8,-5.6));
#60 = VECTOR('',#61,1.);
#61 = DIRECTION('',(0.707106781187,0.707106781187,0.));
#62 = ORIENTED_EDGE('',*,*,#63,.T.);
#63 = EDGE_CURVE('',#56,#64,#66,.T.);
#64 = VERTEX_POINT('',#65);
#65 = CARTESIAN_POINT('',(2.45,-12.8,-5.6));
#66 = LINE('',#67,#68);
#67 = CARTESIAN_POINT('',(2.,-12.8,-5.6));
#68 = VECTOR('',#69,1.);
#69 = DIRECTION('',(1.,0.,0.));
#70 = ORIENTED_EDGE('',*,*,#71,.F.);
#71 = EDGE_CURVE('',#72,#64,#74,.T.);
#72 = VERTEX_POINT('',#73);
#73 = CARTESIAN_POINT('',(2.6,-12.95,-5.6));
#74 = LINE('',#75,#76);
#75 = CARTESIAN_POINT('',(3.3,-13.65,-5.6));
#76 = VECTOR('',#77,1.);
#77 = DIRECTION('',(-0.707106781187,0.707106781187,0.));
#78 = ORIENTED_EDGE('',*,*,#79,.F.);
#79 = EDGE_CURVE('',#80,#72,#82,.T.);
#80 = VERTEX_POINT('',#81);
#81 = CARTESIAN_POINT('',(2.6,-13.4,-5.6));
#82 = LINE('',#83,#84);
#83 = CARTESIAN_POINT('',(2.6,-16.5,-5.6));
#84 = VECTOR('',#85,1.);
#85 = DIRECTION('',(0.,1.,0.));
#86 = ORIENTED_EDGE('',*,*,#87,.T.);
#87 = EDGE_CURVE('',#80,#88,#90,.T.);
#88 = VERTEX_POINT('',#89);
#89 = CARTESIAN_POINT('',(3.5,-13.4,-5.6));
#90 = LINE('',#91,#92);
#91 = CARTESIAN_POINT('',(-12.75,-13.4,-5.6));
#92 = VECTOR('',#93,1.);
#93 = DIRECTION('',(1.,0.,0.));
#94 = ORIENTED_EDGE('',*,*,#95,.T.);
#95 = EDGE_CURVE('',#88,#96,#98,.T.);
#96 = VERTEX_POINT('',#97);
#97 = CARTESIAN_POINT('',(3.5,-12.95,-5.6));
#98 = LINE('',#99,#100);
#99 = CARTESIAN_POINT('',(3.5,-16.5,-5.6));
#100 = VECTOR('',#101,1.);
#101 = DIRECTION('',(0.,1.,0.));
#102 = ORIENTED_EDGE('',*,*,#103,.T.);
#103 = EDGE_CURVE('',#96,#104,#106,.T.);
#104 = VERTEX_POINT('',#105);
#105 = CARTESIAN_POINT('',(3.65,-12.8,-5.6));
#106 = LINE('',#107,#108);
#107 = CARTESIAN_POINT('',(2.65,-13.8,-5.6));
#108 = VECTOR('',#109,1.);
#109 = DIRECTION('',(0.707106781187,0.707106781187,0.));
#110 = ORIENTED_EDGE('',*,*,#111,.T.);
#111 = EDGE_CURVE('',#104,#112,#114,.T.);
#112 = VERTEX_POINT('',#113);
#113 = CARTESIAN_POINT('',(3.95,-12.8,-5.6));
#114 = LINE('',#115,#116);
#115 = CARTESIAN_POINT('',(3.5,-12.8,-5.6));
#116 = VECTOR('',#117,1.);
#117 = DIRECTION('',(1.,0.,0.));
#118 = ORIENTED_EDGE('',*,*,#119,.F.);
#119 = EDGE_CURVE('',#120,#112,#122,.T.);
#120 = VERTEX_POINT('',#121);
#121 = CARTESIAN_POINT('',(4.1,-12.95,-5.6));
#122 = LINE('',#123,#124);
#123 = CARTESIAN_POINT('',(4.8,-13.65,-5.6));
#124 = VECTOR('',#125,1.);
#125 = DIRECTION('',(-0.707106781187,0.707106781187,0.));
#126 = ORIENTED_EDGE('',*,*,#127,.F.);
#127 = EDGE_CURVE('',#128,#120,#130,.T.);
#128 = VERTEX_POINT('',#129);
#129 = CARTESIAN_POINT('',(4.1,-13.4,-5.6));
#130 = LINE('',#131,#132);
#131 = CARTESIAN_POINT('',(4.1,-16.5,-5.6));
#132 = VECTOR('',#133,1.);
#133 = DIRECTION('',(0.,1.,0.));
#134 = ORIENTED_EDGE('',*,*,#135,.T.);
#135 = EDGE_CURVE('',#128,#136,#138,.T.);
#136 = VERTEX_POINT('',#137);
#137 = CARTESIAN_POINT('',(5.,-13.4,-5.6));
#138 = LINE('',#139,#140);
#139 = CARTESIAN_POINT('',(-12.75,-13.4,-5.6));
#140 = VECTOR('',#141,1.);
#141 = DIRECTION('',(1.,0.,0.));
#142 = ORIENTED_EDGE('',*,*,#143,.T.);
#143 = EDGE_CURVE('',#136,#144,#146,.T.);
#144 = VERTEX_POINT('',#145);
#145 = CARTESIAN_POINT('',(5.,-12.95,-5.6));
#146 = LINE('',#147,#148);
#147 = CARTESIAN_POINT('',(5.,-16.5,-5.6));
#148 = VECTOR('',#149,1.);
#149 = DIRECTION('',(0.,1.,0.));
#150 = ORIENTED_EDGE('',*,*,#151,.T.);
#151 = EDGE_CURVE('',#144,#152,#154,.T.);
#152 = VERTEX_POINT('',#153);
#153 = CARTESIAN_POINT('',(5.15,-12.8,-5.6));
#154 = LINE('',#155,#156);
#155 = CARTESIAN_POINT('',(4.15,-13.8,-5.6));
#156 = VECTOR('',#157,1.);
#157 = DIRECTION('',(0.707106781187,0.707106781187,0.));
#158 = ORIENTED_EDGE('',*,*,#159,.T.);
#159 = EDGE_CURVE('',#152,#160,#162,.T.);
#160 = VERTEX_POINT('',#161);
#161 = CARTESIAN_POINT('',(5.45,-12.8,-5.6));
#162 = LINE('',#163,#164);
#163 = CARTESIAN_POINT('',(5.,-12.8,-5.6));
#164 = VECTOR('',#165,1.);
#165 = DIRECTION('',(1.,0.,0.));
#166 = ORIENTED_EDGE('',*,*,#167,.F.);
#167 = EDGE_CURVE('',#168,#160,#170,.T.);
#168 = VERTEX_POINT('',#169);
#169 = CARTESIAN_POINT('',(5.6,-12.95,-5.6));
#170 = LINE('',#171,#172);
#171 = CARTESIAN_POINT('',(6.3,-13.65,-5.6));
#172 = VECTOR('',#173,1.);
#173 = DIRECTION('',(-0.707106781187,0.707106781187,0.));
#174 = ORIENTED_EDGE('',*,*,#175,.F.);
#175 = EDGE_CURVE('',#176,#168,#178,.T.);
#176 = VERTEX_POINT('',#177);
#177 = CARTESIAN_POINT('',(5.6,-13.4,-5.6));
#178 = LINE('',#179,#180);
#179 = CARTESIAN_POINT('',(5.6,-16.5,-5.6));
#180 = VECTOR('',#181,1.);
#181 = DIRECTION('',(0.,1.,0.));
#182 = ORIENTED_EDGE('',*,*,#183,.T.);
#183 = EDGE_CURVE('',#176,#184,#186,.T.);
#184 = VERTEX_POINT('',#185);
#185 = CARTESIAN_POINT('',(6.5,-13.4,-5.6));
#186 = LINE('',#187,#188);
#187 = CARTESIAN_POINT('',(-12.75,-13.4,-5.6));
#188 = VECTOR('',#189,1.);
#189 = DIRECTION('',(1.,0.,0.));
#190 = ORIENTED_EDGE('',*,*,#191,.T.);
#191 = EDGE_CURVE('',#184,#192,#194,.T.);
#192 = VERTEX_POINT('',#193);
#193 = CARTESIAN_POINT('',(6.5,-12.95,-5.6));
#194 = LINE('',#195,#196);
#195 = CARTESIAN_POINT('',(6.5,-16.5,-5.6));
#196 = VECTOR('',#197,1.);
#197 = DIRECTION('',(0.,1.,0.));
#198 = ORIENTED_EDGE('',*,*,#199,.T.);
#199 = EDGE_CURVE('',#192,#200,#202,.T.);
#200 = VERTEX_POINT('',#201);
#201 = CARTESIAN_POINT('',(6.65,-12.8,-5.6));
#202 = LINE('',#203,#204);
#203 = CARTESIAN_POINT('',(5.65,-13.8,-5.6));
#204 = VECTOR('',#205,1.);
#205 = DIRECTION('',(0.707106781187,0.707106781187,0.));
#206 = ORIENTED_EDGE('',*,*,#207,.T.);
#207 = EDGE_CURVE('',#200,#208,#210,.T.);
#208 = VERTEX_POINT('',#209);
#209 = CARTESIAN_POINT('',(6.95,-12.8,-5.6));
#210 = LINE('',#211,#212);
#211 = CARTESIAN_POINT('',(6.5,-12.8,-5.6));
#212 = VECTOR('',#213,1.);
#213 = DIRECTION('',(1.,0.,0.));
#214 = ORIENTED_EDGE('',*,*,#215,.F.);
#215 = EDGE_CURVE('',#216,#208,#218,.T.);
#216 = VERTEX_POINT('',#217);
#217 = CARTESIAN_POINT('',(7.1,-12.95,-5.6));
#218 = LINE('',#219,#220);
#219 = CARTESIAN_POINT('',(7.8,-13.65,-5.6));
#220 = VECTOR('',#221,1.);
#221 = DIRECTION('',(-0.707106781187,0.707106781187,0.));
#222 = ORIENTED_EDGE('',*,*,#223,.F.);
#223 = EDGE_CURVE('',#224,#216,#226,.T.);
#224 = VERTEX_POINT('',#225);
#225 = CARTESIAN_POINT('',(7.1,-13.4,-5.6));
#226 = LINE('',#227,#228);
#227 = CARTESIAN_POINT('',(7.1,-16.5,-5.6));
#228 = VECTOR('',#229,1.);
#229 = DIRECTION('',(0.,1.,0.));
#230 = ORIENTED_EDGE('',*,*,#231,.T.);
#231 = EDGE_CURVE('',#224,#232,#234,.T.);
#232 = VERTEX_POINT('',#233);
#233 = CARTESIAN_POINT('',(8.,-13.4,-5.6));
#234 = LINE('',#235,#236);
#235 = CARTESIAN_POINT('',(-12.75,-13.4,-5.6));
#236 = VECTOR('',#237,1.);
#237 = DIRECTION('',(1.,0.,0.));
#238 = ORIENTED_EDGE('',*,*,#239,.T.);
#239 = EDGE_CURVE('',#232,#240,#242,.T.);
#240 = VERTEX_POINT('',#241);
#241 = CARTESIAN_POINT('',(8.,-12.95,-5.6));
#242 = LINE('',#243,#244);
#243 = CARTESIAN_POINT('',(8.,-16.5,-5.6));
#244 = VECTOR('',#245,1.);
#245 = DIRECTION('',(0.,1.,0.));
#246 = ORIENTED_EDGE('',*,*,#247,.T.);
#247 = EDGE_CURVE('',#240,#248,#250,.T.);
#248 = VERTEX_POINT('',#249);
#249 = CARTESIAN_POINT('',(8.15,-12.8,-5.6));
#250 = LINE('',#251,#252);
#251 = CARTESIAN_POINT('',(7.15,-13.8,-5.6));
#252 = VECTOR('',#253,1.);
#253 = DIRECTION('',(0.707106781187,0.707106781187,0.));
#254 = ORIENTED_EDGE('',*,*,#255,.T.);
#255 = EDGE_CURVE('',#248,#256,#258,.T.);
#256 = VERTEX_POINT('',#257);
#257 = CARTESIAN_POINT('',(8.45,-12.8,-5.6));
#258 = LINE('',#259,#260);
#259 = CARTESIAN_POINT('',(8.,-12.8,-5.6));
#260 = VECTOR('',#261,1.);
#261 = DIRECTION('',(1.,0.,0.));
#262 = ORIENTED_EDGE('',*,*,#263,.F.);
#263 = EDGE_CURVE('',#264,#256,#266,.T.);
#264 = VERTEX_POINT('',#265);
#265 = CARTESIAN_POINT('',(8.6,-12.95,-5.6));
#266 = LINE('',#267,#268);
#267 = CARTESIAN_POINT('',(9.3,-13.65,-5.6));
#268 = VECTOR('',#269,1.);
#269 = DIRECTION('',(-0.707106781187,0.707106781187,0.));
#270 = ORIENTED_EDGE('',*,*,#271,.F.);
#271 = EDGE_CURVE('',#272,#264,#274,.T.);
#272 = VERTEX_POINT('',#273);
#273 = CARTESIAN_POINT('',(8.6,-13.4,-5.6));
#274 = LINE('',#275,#276);
#275 = CARTESIAN_POINT('',(8.6,-16.5,-5.6));
#276 = VECTOR('',#277,1.);
#277 = DIRECTION('',(0.,1.,0.));
#278 = ORIENTED_EDGE('',*,*,#279,.T.);
#279 = EDGE_CURVE('',#272,#280,#282,.T.);
#280 = VERTEX_POINT('',#281);
#281 = CARTESIAN_POINT('',(9.5,-13.4,-5.6));
#282 = LINE('',#283,#284);
#283 = CARTESIAN_POINT('',(-12.75,-13.4,-5.6));
#284 = VECTOR('',#285,1.);
#285 = DIRECTION('',(1.,0.,0.));
#286 = ORIENTED_EDGE('',*,*,#287,.T.);
#287 = EDGE_CURVE('',#280,#288,#290,.T.);
#288 = VERTEX_POINT('',#289);
#289 = CARTESIAN_POINT('',(9.5,-12.95,-5.6));
#290 = LINE('',#291,#292);
#291 = CARTESIAN_POINT('',(9.5,-16.5,-5.6));
#292 = VECTOR('',#293,1.);
#293 = DIRECTION('',(0.,1.,0.));
#294 = ORIENTED_EDGE('',*,*,#295,.T.);
#295 = EDGE_CURVE('',#288,#296,#298,.T.);
#296 = VERTEX_POINT('',#297);
#297 = CARTESIAN_POINT('',(9.65,-12.8,-5.6));
#298 = LINE('',#299,#300);
#299 = CARTESIAN_POINT('',(8.65,-13.8,-5.6));
#300 = VECTOR('',#301,1.);
#301 = DIRECTION('',(0.707106781187,0.707106781187,0.));
#302 = ORIENTED_EDGE('',*,*,#303,.T.);
#303 = EDGE_CURVE('',#296,#304,#306,.T.);
#304 = VERTEX_POINT('',#305);
#305 = CARTESIAN_POINT('',(9.95,-12.8,-5.6));
#306 = LINE('',#307,#308);
#307 = CARTESIAN_POINT('',(9.5,-12.8,-5.6));
#308 = VECTOR('',#309,1.);
#309 = DIRECTION('',(1.,0.,0.));
#310 = ORIENTED_EDGE('',*,*,#311,.F.);
#311 = EDGE_CURVE('',#312,#304,#314,.T.);
#312 = VERTEX_POINT('',#313);
#313 = CARTESIAN_POINT('',(10.1,-12.95,-5.6));
#314 = LINE('',#315,#316);
#315 = CARTESIAN_POINT('',(10.8,-13.65,-5.6));
#316 = VECTOR('',#317,1.);
#317 = DIRECTION('',(-0.707106781187,0.707106781187,0.));
#318 = ORIENTED_EDGE('',*,*,#319,.F.);
#319 = EDGE_CURVE('',#320,#312,#322,.T.);
#320 = VERTEX_POINT('',#321);
#321 = CARTESIAN_POINT('',(10.1,-13.4,-5.6));
#322 = LINE('',#323,#324);
#323 = CARTESIAN_POINT('',(10.1,-16.5,-5.6));
#324 = VECTOR('',#325,1.);
#325 = DIRECTION('',(0.,1.,0.));
#326 = ORIENTED_EDGE('',*,*,#327,.T.);
#327 = EDGE_CURVE('',#320,#328,#330,.T.);
#328 = VERTEX_POINT('',#329);
#329 = CARTESIAN_POINT('',(11.,-13.4,-5.6));
#330 = LINE('',#331,#332);
#331 = CARTESIAN_POINT('',(-12.75,-13.4,-5.6));
#332 = VECTOR('',#333,1.);
#333 = DIRECTION('',(1.,0.,0.));
#334 = ORIENTED_EDGE('',*,*,#335,.T.);
#335 = EDGE_CURVE('',#328,#336,#338,.T.);
#336 = VERTEX_POINT('',#337);
#337 = CARTESIAN_POINT('',(11.,-12.95,-5.6));
#338 = LINE('',#339,#340);
#339 = CARTESIAN_POINT('',(11.,-16.5,-5.6));
#340 = VECTOR('',#341,1.);
#341 = DIRECTION('',(0.,1.,0.));
#342 = ORIENTED_EDGE('',*,*,#343,.T.);
#343 = EDGE_CURVE('',#336,#344,#346,.T.);
#344 = VERTEX_POINT('',#345);
#345 = CARTESIAN_POINT('',(11.15,-12.8,-5.6));
#346 = LINE('',#347,#348);
#347 = CARTESIAN_POINT('',(10.15,-13.8,-5.6));
#348 = VECTOR('',#349,1.);
#349 = DIRECTION('',(0.707106781187,0.707106781187,0.));
#350 = ORIENTED_EDGE('',*,*,#351,.T.);
#351 = EDGE_CURVE('',#344,#352,#354,.T.);
#352 = VERTEX_POINT('',#353);
#353 = CARTESIAN_POINT('',(11.45,-12.8,-5.6));
#354 = LINE('',#355,#356);
#355 = CARTESIAN_POINT('',(11.,-12.8,-5.6));
#356 = VECTOR('',#357,1.);
#357 = DIRECTION('',(1.,0.,0.));
#358 = ORIENTED_EDGE('',*,*,#359,.F.);
#359 = EDGE_CURVE('',#360,#352,#362,.T.);
#360 = VERTEX_POINT('',#361);
#361 = CARTESIAN_POINT('',(11.6,-12.95,-5.6));
#362 = LINE('',#363,#364);
#363 = CARTESIAN_POINT('',(12.3,-13.65,-5.6));
#364 = VECTOR('',#365,1.);
#365 = DIRECTION('',(-0.707106781187,0.707106781187,0.));
#366 = ORIENTED_EDGE('',*,*,#367,.F.);
#367 = EDGE_CURVE('',#368,#360,#370,.T.);
#368 = VERTEX_POINT('',#369);
#369 = CARTESIAN_POINT('',(11.6,-13.4,-5.6));
#370 = LINE('',#371,#372);
#371 = CARTESIAN_POINT('',(11.6,-16.5,-5.6));
#372 = VECTOR('',#373,1.);
#373 = DIRECTION('',(0.,1.,0.));
#374 = ORIENTED_EDGE('',*,*,#375,.T.);
#375 = EDGE_CURVE('',#368,#376,#378,.T.);
#376 = VERTEX_POINT('',#377);
#377 = CARTESIAN_POINT('',(12.5,-13.4,-5.6));
#378 = LINE('',#379,#380);
#379 = CARTESIAN_POINT('',(-12.75,-13.4,-5.6));
#380 = VECTOR('',#381,1.);
#381 = DIRECTION('',(1.,0.,0.));
#382 = ORIENTED_EDGE('',*,*,#383,.T.);
#383 = EDGE_CURVE('',#376,#384,#386,.T.);
#384 = VERTEX_POINT('',#385);
#385 = CARTESIAN_POINT('',(12.5,-12.95,-5.6));
#386 = LINE('',#387,#388);
#387 = CARTESIAN_POINT('',(12.5,-16.5,-5.6));
#388 = VECTOR('',#389,1.);
#389 = DIRECTION('',(0.,1.,0.));
#390 = ORIENTED_EDGE('',*,*,#391,.T.);
#391 = EDGE_CURVE('',#384,#392,#394,.T.);
#392 = VERTEX_POINT('',#393);
#393 = CARTESIAN_POINT('',(12.65,-12.8,-5.6));
#394 = LINE('',#395,#396);
#395 = CARTESIAN_POINT('',(11.65,-13.8,-5.6));
#396 = VECTOR('',#397,1.);
#397 = DIRECTION('',(0.707106781187,0.707106781187,0.));
#398 = ORIENTED_EDGE('',*,*,#399,.T.);
#399 = EDGE_CURVE('',#392,#400,#402,.T.);
#400 = VERTEX_POINT('',#401);
#401 = CARTESIAN_POINT('',(12.95,-12.8,-5.6));
#402 = LINE('',#403,#404);
#403 = CARTESIAN_POINT('',(12.5,-12.8,-5.6));
#404 = VECTOR('',#405,1.);
#405 = DIRECTION('',(1.,0.,0.));
#406 = ORIENTED_EDGE('',*,*,#407,.F.);
#407 = EDGE_CURVE('',#408,#400,#410,.T.);
#408 = VERTEX_POINT('',#409);
#409 = CARTESIAN_POINT('',(13.,-12.85,-5.6));
#410 = LINE('',#411,#412);
#411 = CARTESIAN_POINT('',(13.8,-13.65,-5.6));
#412 = VECTOR('',#413,1.);
#413 = DIRECTION('',(-0.707106781187,0.707106781187,0.));
#414 = ORIENTED_EDGE('',*,*,#415,.T.);
#415 = EDGE_CURVE('',#408,#416,#418,.T.);
#416 = VERTEX_POINT('',#417);
#417 = CARTESIAN_POINT('',(14.864213562373,-10.98578643762,-5.6));
#418 = LINE('',#419,#420);
#419 = CARTESIAN_POINT('',(12.575,-13.275,-5.6));
#420 = VECTOR('',#421,1.);
#421 = DIRECTION('',(0.707106781187,0.707106781187,0.));
#422 = ORIENTED_EDGE('',*,*,#423,.T.);
#423 = EDGE_CURVE('',#416,#424,#426,.T.);
#424 = VERTEX_POINT('',#425);
#425 = CARTESIAN_POINT('',(16.278427124746,-10.4,-5.6));
#426 = CIRCLE('',#427,2.);
#427 = AXIS2_PLACEMENT_3D('',#428,#429,#430);
#428 = CARTESIAN_POINT('',(16.278427124746,-12.4,-5.6));
#429 = DIRECTION('',(-0.,-0.,-1.));
#430 = DIRECTION('',(0.,-1.,0.));
#431 = ORIENTED_EDGE('',*,*,#432,.T.);
#432 = EDGE_CURVE('',#424,#433,#435,.T.);
#433 = VERTEX_POINT('',#434);
#434 = CARTESIAN_POINT('',(17.75,-10.4,-5.6));
#435 = LINE('',#436,#437);
#436 = CARTESIAN_POINT('',(12.75,-10.4,-5.6));
#437 = VECTOR('',#438,1.);
#438 = DIRECTION('',(1.,0.,0.));
#439 = ORIENTED_EDGE('',*,*,#440,.F.);
#440 = EDGE_CURVE('',#441,#433,#443,.T.);
#441 = VERTEX_POINT('',#442);
#442 = CARTESIAN_POINT('',(17.75,-12.5,-5.6));
#443 = LINE('',#444,#445);
#444 = CARTESIAN_POINT('',(17.75,-16.5,-5.6));
#445 = VECTOR('',#446,1.);
#446 = DIRECTION('',(0.,1.,0.));
#447 = ORIENTED_EDGE('',*,*,#448,.T.);
#448 = EDGE_CURVE('',#441,#24,#449,.T.);
#449 = LINE('',#450,#451);
#450 = CARTESIAN_POINT('',(14.5,-15.75,-5.6));
#451 = VECTOR('',#452,1.);
#452 = DIRECTION('',(-0.707106781187,-0.707106781187,0.));
#453 = PLANE('',#454);
#454 = AXIS2_PLACEMENT_3D('',#455,#456,#457);
#455 = CARTESIAN_POINT('',(-2.346399046962E-15,-13.97200748098,-5.6));
#456 = DIRECTION('',(-0.,-0.,-1.));
#457 = DIRECTION('',(-1.,0.,0.));
#458 = ADVANCED_FACE('',(#459,#484),#495,.T.);
#459 = FACE_BOUND('',#460,.T.);
#460 = EDGE_LOOP('',(#461,#469,#470,#478));
#461 = ORIENTED_EDGE('',*,*,#462,.F.);
#462 = EDGE_CURVE('',#22,#463,#465,.T.);
#463 = VERTEX_POINT('',#464);
#464 = CARTESIAN_POINT('',(1.,-16.5,9.6));
#465 = LINE('',#466,#467);
#466 = CARTESIAN_POINT('',(1.,-16.5,-2.5));
#467 = VECTOR('',#468,1.);
#468 = DIRECTION('',(0.,0.,1.));
#469 = ORIENTED_EDGE('',*,*,#21,.T.);
#470 = ORIENTED_EDGE('',*,*,#471,.T.);
#471 = EDGE_CURVE('',#24,#472,#474,.T.);
#472 = VERTEX_POINT('',#473);
#473 = CARTESIAN_POINT('',(13.75,-16.5,9.6));
#474 = LINE('',#475,#476);
#475 = CARTESIAN_POINT('',(13.75,-16.5,-5.6));
#476 = VECTOR('',#477,1.);
#477 = DIRECTION('',(0.,0.,1.));
#478 = ORIENTED_EDGE('',*,*,#479,.F.);
#479 = EDGE_CURVE('',#463,#472,#480,.T.);
#480 = LINE('',#481,#482);
#481 = CARTESIAN_POINT('',(12.5,-16.5,9.6));
#482 = VECTOR('',#483,1.);
#483 = DIRECTION('',(1.,0.,0.));
#484 = FACE_BOUND('',#485,.T.);
#485 = EDGE_LOOP('',(#486));
#486 = ORIENTED_EDGE('',*,*,#487,.T.);
#487 = EDGE_CURVE('',#488,#488,#490,.T.);
#488 = VERTEX_POINT('',#489);
#489 = CARTESIAN_POINT('',(10.5,-16.5,2.));
#490 = CIRCLE('',#491,3.75);
#491 = AXIS2_PLACEMENT_3D('',#492,#493,#494);
#492 = CARTESIAN_POINT('',(6.75,-16.5,2.));
#493 = DIRECTION('',(0.,1.,-2.22044604925E-16));
#494 = DIRECTION('',(1.,0.,0.));
#495 = PLANE('',#496);
#496 = AXIS2_PLACEMENT_3D('',#497,#498,#499);
#497 = CARTESIAN_POINT('',(-5.408112157425E-16,-16.5,2.));
#498 = DIRECTION('',(-0.,-1.,-0.));
#499 = DIRECTION('',(0.,0.,-1.));
#500 = ADVANCED_FACE('',(#501),#519,.F.);
#501 = FACE_BOUND('',#502,.T.);
#502 = EDGE_LOOP('',(#503,#504,#512,#518));
#503 = ORIENTED_EDGE('',*,*,#448,.F.);
#504 = ORIENTED_EDGE('',*,*,#505,.T.);
#505 = EDGE_CURVE('',#441,#506,#508,.T.);
#506 = VERTEX_POINT('',#507);
#507 = CARTESIAN_POINT('',(17.75,-12.5,9.6));
#508 = LINE('',#509,#510);
#509 = CARTESIAN_POINT('',(17.75,-12.5,-5.6));
#510 = VECTOR('',#511,1.);
#511 = DIRECTION('',(0.,0.,1.));
#512 = ORIENTED_EDGE('',*,*,#513,.T.);
#513 = EDGE_CURVE('',#506,#472,#514,.T.);
#514 = LINE('',#515,#516);
#515 = CARTESIAN_POINT('',(14.5,-15.75,9.6));
#516 = VECTOR('',#517,1.);
#517 = DIRECTION('',(-0.707106781187,-0.707106781187,0.));
#518 = ORIENTED_EDGE('',*,*,#471,.F.);
#519 = PLANE('',#520);
#520 = AXIS2_PLACEMENT_3D('',#521,#522,#523);
#521 = CARTESIAN_POINT('',(15.75,-14.5,-5.6));
#522 = DIRECTION('',(-0.707106781187,0.707106781187,0.));
#523 = DIRECTION('',(-0.,-0.,-1.));
#524 = ADVANCED_FACE('',(#525),#543,.T.);
#525 = FACE_BOUND('',#526,.T.);
#526 = EDGE_LOOP('',(#527,#535,#536,#537));
#527 = ORIENTED_EDGE('',*,*,#528,.F.);
#528 = EDGE_CURVE('',#506,#529,#531,.T.);
#529 = VERTEX_POINT('',#530);
#530 = CARTESIAN_POINT('',(17.75,-10.4,9.6));
#531 = LINE('',#532,#533);
#532 = CARTESIAN_POINT('',(17.75,-16.5,9.6));
#533 = VECTOR('',#534,1.);
#534 = DIRECTION('',(0.,1.,0.));
#535 = ORIENTED_EDGE('',*,*,#505,.F.);
#536 = ORIENTED_EDGE('',*,*,#440,.T.);
#537 = ORIENTED_EDGE('',*,*,#538,.T.);
#538 = EDGE_CURVE('',#433,#529,#539,.T.);
#539 = LINE('',#540,#541);
#540 = CARTESIAN_POINT('',(17.75,-10.4,-5.6));
#541 = VECTOR('',#542,1.);
#542 = DIRECTION('',(0.,0.,1.));
#543 = PLANE('',#544);
#544 = AXIS2_PLACEMENT_3D('',#545,#546,#547);
#545 = CARTESIAN_POINT('',(17.75,-16.5,-5.6));
#546 = DIRECTION('',(1.,0.,0.));
#547 = DIRECTION('',(0.,0.,1.));
#548 = ADVANCED_FACE('',(#549),#567,.T.);
#549 = FACE_BOUND('',#550,.T.);
#550 = EDGE_LOOP('',(#551,#552,#560,#566));
#551 = ORIENTED_EDGE('',*,*,#432,.F.);
#552 = ORIENTED_EDGE('',*,*,#553,.T.);
#553 = EDGE_CURVE('',#424,#554,#556,.T.);
#554 = VERTEX_POINT('',#555);
#555 = CARTESIAN_POINT('',(16.278427124746,-10.4,9.6));
#556 = LINE('',#557,#558);
#557 = CARTESIAN_POINT('',(16.278427124746,-10.4,-5.6));
#558 = VECTOR('',#559,1.);
#559 = DIRECTION('',(0.,0.,1.));
#560 = ORIENTED_EDGE('',*,*,#561,.T.);
#561 = EDGE_CURVE('',#554,#529,#562,.T.);
#562 = LINE('',#563,#564);
#563 = CARTESIAN_POINT('',(12.75,-10.4,9.6));
#564 = VECTOR('',#565,1.);
#565 = DIRECTION('',(1.,0.,0.));
#566 = ORIENTED_EDGE('',*,*,#538,.F.);
#567 = PLANE('',#568);
#568 = AXIS2_PLACEMENT_3D('',#569,#570,#571);
#569 = CARTESIAN_POINT('',(12.75,-10.4,-5.6));
#570 = DIRECTION('',(0.,1.,0.));
#571 = DIRECTION('',(0.,0.,1.));
#572 = ADVANCED_FACE('',(#573),#592,.T.);
#573 = FACE_BOUND('',#574,.F.);
#574 = EDGE_LOOP('',(#575,#576,#577,#586));
#575 = ORIENTED_EDGE('',*,*,#423,.T.);
#576 = ORIENTED_EDGE('',*,*,#553,.T.);
#577 = ORIENTED_EDGE('',*,*,#578,.F.);
#578 = EDGE_CURVE('',#579,#554,#581,.T.);
#579 = VERTEX_POINT('',#580);
#580 = CARTESIAN_POINT('',(14.864213562373,-10.98578643762,9.6));
#581 = CIRCLE('',#582,2.);
#582 = AXIS2_PLACEMENT_3D('',#583,#584,#585);
#583 = CARTESIAN_POINT('',(16.278427124746,-12.4,9.6));
#584 = DIRECTION('',(-0.,-0.,-1.));
#585 = DIRECTION('',(0.,-1.,0.));
#586 = ORIENTED_EDGE('',*,*,#587,.F.);
#587 = EDGE_CURVE('',#416,#579,#588,.T.);
#588 = LINE('',#589,#590);
#589 = CARTESIAN_POINT('',(14.864213562373,-10.98578643762,-5.6));
#590 = VECTOR('',#591,1.);
#591 = DIRECTION('',(0.,0.,1.));
#592 = CYLINDRICAL_SURFACE('',#593,2.);
#593 = AXIS2_PLACEMENT_3D('',#594,#595,#596);
#594 = CARTESIAN_POINT('',(16.278427124746,-12.4,-5.6));
#595 = DIRECTION('',(0.,0.,1.));
#596 = DIRECTION('',(-0.707106781187,0.707106781187,0.));
#597 = ADVANCED_FACE('',(#598),#648,.F.);
#598 = FACE_BOUND('',#599,.T.);
#599 = EDGE_LOOP('',(#600,#601,#609,#617,#625,#633,#641,#647));
#600 = ORIENTED_EDGE('',*,*,#415,.F.);
#601 = ORIENTED_EDGE('',*,*,#602,.F.);
#602 = EDGE_CURVE('',#603,#408,#605,.T.);
#603 = VERTEX_POINT('',#604);
#604 = CARTESIAN_POINT('',(13.,-12.85,0.5));
#605 = LINE('',#606,#607);
#606 = CARTESIAN_POINT('',(13.,-12.85,-5.6));
#607 = VECTOR('',#608,1.);
#608 = DIRECTION('',(-1.226910695119E-18,-1.226910695119E-18,-1.));
#609 = ORIENTED_EDGE('',*,*,#610,.T.);
#610 = EDGE_CURVE('',#603,#611,#613,.T.);
#611 = VERTEX_POINT('',#612);
#612 = CARTESIAN_POINT('',(13.75,-12.1,0.5));
#613 = LINE('',#614,#615);
#614 = CARTESIAN_POINT('',(5.95,-19.9,0.5));
#615 = VECTOR('',#616,1.);
#616 = DIRECTION('',(0.707106781187,0.707106781187,0.));
#617 = ORIENTED_EDGE('',*,*,#618,.F.);
#618 = EDGE_CURVE('',#619,#611,#621,.T.);
#619 = VERTEX_POINT('',#620);
#620 = CARTESIAN_POINT('',(13.75,-12.1,3.5));
#621 = LINE('',#622,#623);
#622 = CARTESIAN_POINT('',(13.75,-12.1,-2.55));
#623 = VECTOR('',#624,1.);
#624 = DIRECTION('',(0.,0.,-1.));
#625 = ORIENTED_EDGE('',*,*,#626,.F.);
#626 = EDGE_CURVE('',#627,#619,#629,.T.);
#627 = VERTEX_POINT('',#628);
#628 = CARTESIAN_POINT('',(13.,-12.85,3.5));
#629 = LINE('',#630,#631);
#630 = CARTESIAN_POINT('',(5.95,-19.9,3.5));
#631 = VECTOR('',#632,1.);
#632 = DIRECTION('',(0.707106781187,0.707106781187,0.));
#633 = ORIENTED_EDGE('',*,*,#634,.F.);
#634 = EDGE_CURVE('',#635,#627,#637,.T.);
#635 = VERTEX_POINT('',#636);
#636 = CARTESIAN_POINT('',(13.,-12.85,9.6));
#637 = LINE('',#638,#639);
#638 = CARTESIAN_POINT('',(13.,-12.85,-5.6));
#639 = VECTOR('',#640,1.);
#640 = DIRECTION('',(-1.226910695119E-18,-1.226910695119E-18,-1.));
#641 = ORIENTED_EDGE('',*,*,#642,.T.);
#642 = EDGE_CURVE('',#635,#579,#643,.T.);
#643 = LINE('',#644,#645);
#644 = CARTESIAN_POINT('',(12.575,-13.275,9.6));
#645 = VECTOR('',#646,1.);
#646 = DIRECTION('',(0.707106781187,0.707106781187,0.));
#647 = ORIENTED_EDGE('',*,*,#587,.F.);
#648 = PLANE('',#649);
#649 = AXIS2_PLACEMENT_3D('',#650,#651,#652);
#650 = CARTESIAN_POINT('',(14.1,-11.75,-5.6));
#651 = DIRECTION('',(0.707106781187,-0.707106781187,0.));
#652 = DIRECTION('',(-0.,-0.,-1.));
#653 = ADVANCED_FACE('',(#654),#672,.T.);
#654 = FACE_BOUND('',#655,.F.);
#655 = EDGE_LOOP('',(#656,#657,#658,#666));
#656 = ORIENTED_EDGE('',*,*,#407,.F.);
#657 = ORIENTED_EDGE('',*,*,#602,.F.);
#658 = ORIENTED_EDGE('',*,*,#659,.T.);
#659 = EDGE_CURVE('',#603,#660,#662,.T.);
#660 = VERTEX_POINT('',#661);
#661 = CARTESIAN_POINT('',(12.95,-12.8,0.5));
#662 = LINE('',#663,#664);
#663 = CARTESIAN_POINT('',(7.2375,-7.0875,0.5));
#664 = VECTOR('',#665,1.);
#665 = DIRECTION('',(-0.707106781187,0.707106781187,0.));
#666 = ORIENTED_EDGE('',*,*,#667,.F.);
#667 = EDGE_CURVE('',#400,#660,#668,.T.);
#668 = LINE('',#669,#670);
#669 = CARTESIAN_POINT('',(12.95,-12.8,-5.6));
#670 = VECTOR('',#671,1.);
#671 = DIRECTION('',(0.,0.,1.));
#672 = PLANE('',#673);
#673 = AXIS2_PLACEMENT_3D('',#674,#675,#676);
#674 = CARTESIAN_POINT('',(13.025,-12.875,-5.6));
#675 = DIRECTION('',(0.707106781187,0.707106781187,-1.735113744859E-18)
  );
#676 = DIRECTION('',(-1.226910695119E-18,-1.226910695119E-18,-1.));
#677 = ADVANCED_FACE('',(#678),#696,.T.);
#678 = FACE_BOUND('',#679,.T.);
#679 = EDGE_LOOP('',(#680,#681,#689,#695));
#680 = ORIENTED_EDGE('',*,*,#399,.F.);
#681 = ORIENTED_EDGE('',*,*,#682,.T.);
#682 = EDGE_CURVE('',#392,#683,#685,.T.);
#683 = VERTEX_POINT('',#684);
#684 = CARTESIAN_POINT('',(12.65,-12.8,0.5));
#685 = LINE('',#686,#687);
#686 = CARTESIAN_POINT('',(12.65,-12.8,-5.6));
#687 = VECTOR('',#688,1.);
#688 = DIRECTION('',(0.,0.,1.));
#689 = ORIENTED_EDGE('',*,*,#690,.T.);
#690 = EDGE_CURVE('',#683,#660,#691,.T.);
#691 = LINE('',#692,#693);
#692 = CARTESIAN_POINT('',(-0.625,-12.8,0.5));
#693 = VECTOR('',#694,1.);
#694 = DIRECTION('',(1.,0.,0.));
#695 = ORIENTED_EDGE('',*,*,#667,.F.);
#696 = PLANE('',#697);
#697 = AXIS2_PLACEMENT_3D('',#698,#699,#700);
#698 = CARTESIAN_POINT('',(12.5,-12.8,-5.6));
#699 = DIRECTION('',(0.,1.,0.));
#700 = DIRECTION('',(0.,0.,1.));
#701 = ADVANCED_FACE('',(#702),#720,.F.);
#702 = FACE_BOUND('',#703,.T.);
#703 = EDGE_LOOP('',(#704,#705,#713,#719));
#704 = ORIENTED_EDGE('',*,*,#391,.F.);
#705 = ORIENTED_EDGE('',*,*,#706,.T.);
#706 = EDGE_CURVE('',#384,#707,#709,.T.);
#707 = VERTEX_POINT('',#708);
#708 = CARTESIAN_POINT('',(12.5,-12.95,0.5));
#709 = LINE('',#710,#711);
#710 = CARTESIAN_POINT('',(12.5,-12.95,-5.6));
#711 = VECTOR('',#712,1.);
#712 = DIRECTION('',(0.,0.,1.));
#713 = ORIENTED_EDGE('',*,*,#714,.T.);
#714 = EDGE_CURVE('',#707,#683,#715,.T.);
#715 = LINE('',#716,#717);
#716 = CARTESIAN_POINT('',(5.0875,-20.3625,0.5));
#717 = VECTOR('',#718,1.);
#718 = DIRECTION('',(0.707106781187,0.707106781187,0.));
#719 = ORIENTED_EDGE('',*,*,#682,.F.);
#720 = PLANE('',#721);
#721 = AXIS2_PLACEMENT_3D('',#722,#723,#724);
#722 = CARTESIAN_POINT('',(12.575,-12.875,-5.6));
#723 = DIRECTION('',(0.707106781187,-0.707106781187,1.735113744859E-18)
  );
#724 = DIRECTION('',(1.226910695119E-18,-1.226910695119E-18,-1.));
#725 = ADVANCED_FACE('',(#726),#744,.F.);
#726 = FACE_BOUND('',#727,.F.);
#727 = EDGE_LOOP('',(#728,#736,#742,#743));
#728 = ORIENTED_EDGE('',*,*,#729,.T.);
#729 = EDGE_CURVE('',#707,#730,#732,.T.);
#730 = VERTEX_POINT('',#731);
#731 = CARTESIAN_POINT('',(12.5,-13.4,0.5));
#732 = LINE('',#733,#734);
#733 = CARTESIAN_POINT('',(12.5,-16.5,0.5));
#734 = VECTOR('',#735,1.);
#735 = DIRECTION('',(0.,-1.,0.));
#736 = ORIENTED_EDGE('',*,*,#737,.F.);
#737 = EDGE_CURVE('',#376,#730,#738,.T.);
#738 = LINE('',#739,#740);
#739 = CARTESIAN_POINT('',(12.5,-13.4,-5.6));
#740 = VECTOR('',#741,1.);
#741 = DIRECTION('',(0.,0.,1.));
#742 = ORIENTED_EDGE('',*,*,#383,.T.);
#743 = ORIENTED_EDGE('',*,*,#706,.T.);
#744 = PLANE('',#745);
#745 = AXIS2_PLACEMENT_3D('',#746,#747,#748);
#746 = CARTESIAN_POINT('',(12.5,-16.5,-5.6));
#747 = DIRECTION('',(1.,0.,0.));
#748 = DIRECTION('',(0.,0.,1.));
#749 = ADVANCED_FACE('',(#750),#768,.T.);
#750 = FACE_BOUND('',#751,.T.);
#751 = EDGE_LOOP('',(#752,#753,#761,#767));
#752 = ORIENTED_EDGE('',*,*,#375,.F.);
#753 = ORIENTED_EDGE('',*,*,#754,.T.);
#754 = EDGE_CURVE('',#368,#755,#757,.T.);
#755 = VERTEX_POINT('',#756);
#756 = CARTESIAN_POINT('',(11.6,-13.4,0.5));
#757 = LINE('',#758,#759);
#758 = CARTESIAN_POINT('',(11.6,-13.4,-5.6));
#759 = VECTOR('',#760,1.);
#760 = DIRECTION('',(0.,0.,1.));
#761 = ORIENTED_EDGE('',*,*,#762,.T.);
#762 = EDGE_CURVE('',#755,#730,#763,.T.);
#763 = LINE('',#764,#765);
#764 = CARTESIAN_POINT('',(-13.25,-13.4,0.5));
#765 = VECTOR('',#766,1.);
#766 = DIRECTION('',(1.,0.,0.));
#767 = ORIENTED_EDGE('',*,*,#737,.F.);
#768 = PLANE('',#769);
#769 = AXIS2_PLACEMENT_3D('',#770,#771,#772);
#770 = CARTESIAN_POINT('',(-12.75,-13.4,-5.6));
#771 = DIRECTION('',(0.,1.,0.));
#772 = DIRECTION('',(0.,0.,1.));
#773 = ADVANCED_FACE('',(#774),#792,.T.);
#774 = FACE_BOUND('',#775,.T.);
#775 = EDGE_LOOP('',(#776,#784,#785,#786));
#776 = ORIENTED_EDGE('',*,*,#777,.T.);
#777 = EDGE_CURVE('',#778,#755,#780,.T.);
#778 = VERTEX_POINT('',#779);
#779 = CARTESIAN_POINT('',(11.6,-12.95,0.5));
#780 = LINE('',#781,#782);
#781 = CARTESIAN_POINT('',(11.6,-16.5,0.5));
#782 = VECTOR('',#783,1.);
#783 = DIRECTION('',(0.,-1.,0.));
#784 = ORIENTED_EDGE('',*,*,#754,.F.);
#785 = ORIENTED_EDGE('',*,*,#367,.T.);
#786 = ORIENTED_EDGE('',*,*,#787,.T.);
#787 = EDGE_CURVE('',#360,#778,#788,.T.);
#788 = LINE('',#789,#790);
#789 = CARTESIAN_POINT('',(11.6,-12.95,-5.6));
#790 = VECTOR('',#791,1.);
#791 = DIRECTION('',(0.,0.,1.));
#792 = PLANE('',#793);
#793 = AXIS2_PLACEMENT_3D('',#794,#795,#796);
#794 = CARTESIAN_POINT('',(11.6,-16.5,-5.6));
#795 = DIRECTION('',(1.,0.,0.));
#796 = DIRECTION('',(0.,0.,1.));
#797 = ADVANCED_FACE('',(#798),#816,.T.);
#798 = FACE_BOUND('',#799,.F.);
#799 = EDGE_LOOP('',(#800,#801,#802,#810));
#800 = ORIENTED_EDGE('',*,*,#359,.F.);
#801 = ORIENTED_EDGE('',*,*,#787,.T.);
#802 = ORIENTED_EDGE('',*,*,#803,.T.);
#803 = EDGE_CURVE('',#778,#804,#806,.T.);
#804 = VERTEX_POINT('',#805);
#805 = CARTESIAN_POINT('',(11.45,-12.8,0.5));
#806 = LINE('',#807,#808);
#807 = CARTESIAN_POINT('',(6.1125,-7.4625,0.5));
#808 = VECTOR('',#809,1.);
#809 = DIRECTION('',(-0.707106781187,0.707106781187,0.));
#810 = ORIENTED_EDGE('',*,*,#811,.F.);
#811 = EDGE_CURVE('',#352,#804,#812,.T.);
#812 = LINE('',#813,#814);
#813 = CARTESIAN_POINT('',(11.45,-12.8,-5.6));
#814 = VECTOR('',#815,1.);
#815 = DIRECTION('',(0.,0.,1.));
#816 = PLANE('',#817);
#817 = AXIS2_PLACEMENT_3D('',#818,#819,#820);
#818 = CARTESIAN_POINT('',(11.525,-12.875,-5.6));
#819 = DIRECTION('',(0.707106781187,0.707106781187,-1.735113744859E-18)
  );
#820 = DIRECTION('',(-1.226910695119E-18,-1.226910695119E-18,-1.));
#821 = ADVANCED_FACE('',(#822),#840,.T.);
#822 = FACE_BOUND('',#823,.T.);
#823 = EDGE_LOOP('',(#824,#825,#833,#839));
#824 = ORIENTED_EDGE('',*,*,#351,.F.);
#825 = ORIENTED_EDGE('',*,*,#826,.T.);
#826 = EDGE_CURVE('',#344,#827,#829,.T.);
#827 = VERTEX_POINT('',#828);
#828 = CARTESIAN_POINT('',(11.15,-12.8,0.5));
#829 = LINE('',#830,#831);
#830 = CARTESIAN_POINT('',(11.15,-12.8,-5.6));
#831 = VECTOR('',#832,1.);
#832 = DIRECTION('',(0.,0.,1.));
#833 = ORIENTED_EDGE('',*,*,#834,.T.);
#834 = EDGE_CURVE('',#827,#804,#835,.T.);
#835 = LINE('',#836,#837);
#836 = CARTESIAN_POINT('',(-1.375,-12.8,0.5));
#837 = VECTOR('',#838,1.);
#838 = DIRECTION('',(1.,0.,0.));
#839 = ORIENTED_EDGE('',*,*,#811,.F.);
#840 = PLANE('',#841);
#841 = AXIS2_PLACEMENT_3D('',#842,#843,#844);
#842 = CARTESIAN_POINT('',(11.,-12.8,-5.6));
#843 = DIRECTION('',(0.,1.,0.));
#844 = DIRECTION('',(0.,0.,1.));
#845 = ADVANCED_FACE('',(#846),#864,.F.);
#846 = FACE_BOUND('',#847,.T.);
#847 = EDGE_LOOP('',(#848,#849,#857,#863));
#848 = ORIENTED_EDGE('',*,*,#343,.F.);
#849 = ORIENTED_EDGE('',*,*,#850,.T.);
#850 = EDGE_CURVE('',#336,#851,#853,.T.);
#851 = VERTEX_POINT('',#852);
#852 = CARTESIAN_POINT('',(11.,-12.95,0.5));
#853 = LINE('',#854,#855);
#854 = CARTESIAN_POINT('',(11.,-12.95,-5.6));
#855 = VECTOR('',#856,1.);
#856 = DIRECTION('',(0.,0.,1.));
#857 = ORIENTED_EDGE('',*,*,#858,.T.);
#858 = EDGE_CURVE('',#851,#827,#859,.T.);
#859 = LINE('',#860,#861);
#860 = CARTESIAN_POINT('',(3.9625,-19.9875,0.5));
#861 = VECTOR('',#862,1.);
#862 = DIRECTION('',(0.707106781187,0.707106781187,0.));
#863 = ORIENTED_EDGE('',*,*,#826,.F.);
#864 = PLANE('',#865);
#865 = AXIS2_PLACEMENT_3D('',#866,#867,#868);
#866 = CARTESIAN_POINT('',(11.075,-12.875,-5.6));
#867 = DIRECTION('',(0.707106781187,-0.707106781187,1.735113744859E-18)
  );
#868 = DIRECTION('',(1.226910695119E-18,-1.226910695119E-18,-1.));
#869 = ADVANCED_FACE('',(#870),#888,.F.);
#870 = FACE_BOUND('',#871,.F.);
#871 = EDGE_LOOP('',(#872,#880,#886,#887));
#872 = ORIENTED_EDGE('',*,*,#873,.T.);
#873 = EDGE_CURVE('',#851,#874,#876,.T.);
#874 = VERTEX_POINT('',#875);
#875 = CARTESIAN_POINT('',(11.,-13.4,0.5));
#876 = LINE('',#877,#878);
#877 = CARTESIAN_POINT('',(11.,-16.5,0.5));
#878 = VECTOR('',#879,1.);
#879 = DIRECTION('',(0.,-1.,0.));
#880 = ORIENTED_EDGE('',*,*,#881,.F.);
#881 = EDGE_CURVE('',#328,#874,#882,.T.);
#882 = LINE('',#883,#884);
#883 = CARTESIAN_POINT('',(11.,-13.4,-5.6));
#884 = VECTOR('',#885,1.);
#885 = DIRECTION('',(0.,0.,1.));
#886 = ORIENTED_EDGE('',*,*,#335,.T.);
#887 = ORIENTED_EDGE('',*,*,#850,.T.);
#888 = PLANE('',#889);
#889 = AXIS2_PLACEMENT_3D('',#890,#891,#892);
#890 = CARTESIAN_POINT('',(11.,-16.5,-5.6));
#891 = DIRECTION('',(1.,0.,0.));
#892 = DIRECTION('',(0.,0.,1.));
#893 = ADVANCED_FACE('',(#894),#912,.T.);
#894 = FACE_BOUND('',#895,.T.);
#895 = EDGE_LOOP('',(#896,#897,#905,#911));
#896 = ORIENTED_EDGE('',*,*,#327,.F.);
#897 = ORIENTED_EDGE('',*,*,#898,.T.);
#898 = EDGE_CURVE('',#320,#899,#901,.T.);
#899 = VERTEX_POINT('',#900);
#900 = CARTESIAN_POINT('',(10.1,-13.4,0.5));
#901 = LINE('',#902,#903);
#902 = CARTESIAN_POINT('',(10.1,-13.4,-5.6));
#903 = VECTOR('',#904,1.);
#904 = DIRECTION('',(0.,0.,1.));
#905 = ORIENTED_EDGE('',*,*,#906,.T.);
#906 = EDGE_CURVE('',#899,#874,#907,.T.);
#907 = LINE('',#908,#909);
#908 = CARTESIAN_POINT('',(-13.25,-13.4,0.5));
#909 = VECTOR('',#910,1.);
#910 = DIRECTION('',(1.,0.,0.));
#911 = ORIENTED_EDGE('',*,*,#881,.F.);
#912 = PLANE('',#913);
#913 = AXIS2_PLACEMENT_3D('',#914,#915,#916);
#914 = CARTESIAN_POINT('',(-12.75,-13.4,-5.6));
#915 = DIRECTION('',(0.,1.,0.));
#916 = DIRECTION('',(0.,0.,1.));
#917 = ADVANCED_FACE('',(#918),#936,.T.);
#918 = FACE_BOUND('',#919,.T.);
#919 = EDGE_LOOP('',(#920,#928,#929,#930));
#920 = ORIENTED_EDGE('',*,*,#921,.T.);
#921 = EDGE_CURVE('',#922,#899,#924,.T.);
#922 = VERTEX_POINT('',#923);
#923 = CARTESIAN_POINT('',(10.1,-12.95,0.5));
#924 = LINE('',#925,#926);
#925 = CARTESIAN_POINT('',(10.1,-16.5,0.5));
#926 = VECTOR('',#927,1.);
#927 = DIRECTION('',(0.,-1.,0.));
#928 = ORIENTED_EDGE('',*,*,#898,.F.);
#929 = ORIENTED_EDGE('',*,*,#319,.T.);
#930 = ORIENTED_EDGE('',*,*,#931,.T.);
#931 = EDGE_CURVE('',#312,#922,#932,.T.);
#932 = LINE('',#933,#934);
#933 = CARTESIAN_POINT('',(10.1,-12.95,-5.6));
#934 = VECTOR('',#935,1.);
#935 = DIRECTION('',(0.,0.,1.));
#936 = PLANE('',#937);
#937 = AXIS2_PLACEMENT_3D('',#938,#939,#940);
#938 = CARTESIAN_POINT('',(10.1,-16.5,-5.6));
#939 = DIRECTION('',(1.,0.,0.));
#940 = DIRECTION('',(0.,0.,1.));
#941 = ADVANCED_FACE('',(#942),#960,.T.);
#942 = FACE_BOUND('',#943,.F.);
#943 = EDGE_LOOP('',(#944,#945,#946,#954));
#944 = ORIENTED_EDGE('',*,*,#311,.F.);
#945 = ORIENTED_EDGE('',*,*,#931,.T.);
#946 = ORIENTED_EDGE('',*,*,#947,.T.);
#947 = EDGE_CURVE('',#922,#948,#950,.T.);
#948 = VERTEX_POINT('',#949);
#949 = CARTESIAN_POINT('',(9.95,-12.8,0.5));
#950 = LINE('',#951,#952);
#951 = CARTESIAN_POINT('',(4.9875,-7.8375,0.5));
#952 = VECTOR('',#953,1.);
#953 = DIRECTION('',(-0.707106781187,0.707106781187,0.));
#954 = ORIENTED_EDGE('',*,*,#955,.F.);
#955 = EDGE_CURVE('',#304,#948,#956,.T.);
#956 = LINE('',#957,#958);
#957 = CARTESIAN_POINT('',(9.95,-12.8,-5.6));
#958 = VECTOR('',#959,1.);
#959 = DIRECTION('',(0.,0.,1.));
#960 = PLANE('',#961);
#961 = AXIS2_PLACEMENT_3D('',#962,#963,#964);
#962 = CARTESIAN_POINT('',(10.025,-12.875,-5.6));
#963 = DIRECTION('',(0.707106781187,0.707106781187,-1.735113744859E-18)
  );
#964 = DIRECTION('',(-1.226910695119E-18,-1.226910695119E-18,-1.));
#965 = ADVANCED_FACE('',(#966),#984,.T.);
#966 = FACE_BOUND('',#967,.T.);
#967 = EDGE_LOOP('',(#968,#969,#977,#983));
#968 = ORIENTED_EDGE('',*,*,#303,.F.);
#969 = ORIENTED_EDGE('',*,*,#970,.T.);
#970 = EDGE_CURVE('',#296,#971,#973,.T.);
#971 = VERTEX_POINT('',#972);
#972 = CARTESIAN_POINT('',(9.65,-12.8,0.5));
#973 = LINE('',#974,#975);
#974 = CARTESIAN_POINT('',(9.65,-12.8,-5.6));
#975 = VECTOR('',#976,1.);
#976 = DIRECTION('',(0.,0.,1.));
#977 = ORIENTED_EDGE('',*,*,#978,.T.);
#978 = EDGE_CURVE('',#971,#948,#979,.T.);
#979 = LINE('',#980,#981);
#980 = CARTESIAN_POINT('',(-2.125,-12.8,0.5));
#981 = VECTOR('',#982,1.);
#982 = DIRECTION('',(1.,0.,0.));
#983 = ORIENTED_EDGE('',*,*,#955,.F.);
#984 = PLANE('',#985);
#985 = AXIS2_PLACEMENT_3D('',#986,#987,#988);
#986 = CARTESIAN_POINT('',(9.5,-12.8,-5.6));
#987 = DIRECTION('',(0.,1.,0.));
#988 = DIRECTION('',(0.,0.,1.));
#989 = ADVANCED_FACE('',(#990),#1008,.F.);
#990 = FACE_BOUND('',#991,.T.);
#991 = EDGE_LOOP('',(#992,#993,#1001,#1007));
#992 = ORIENTED_EDGE('',*,*,#295,.F.);
#993 = ORIENTED_EDGE('',*,*,#994,.T.);
#994 = EDGE_CURVE('',#288,#995,#997,.T.);
#995 = VERTEX_POINT('',#996);
#996 = CARTESIAN_POINT('',(9.5,-12.95,0.5));
#997 = LINE('',#998,#999);
#998 = CARTESIAN_POINT('',(9.5,-12.95,-5.6));
#999 = VECTOR('',#1000,1.);
#1000 = DIRECTION('',(0.,0.,1.));
#1001 = ORIENTED_EDGE('',*,*,#1002,.T.);
#1002 = EDGE_CURVE('',#995,#971,#1003,.T.);
#1003 = LINE('',#1004,#1005);
#1004 = CARTESIAN_POINT('',(2.8375,-19.6125,0.5));
#1005 = VECTOR('',#1006,1.);
#1006 = DIRECTION('',(0.707106781187,0.707106781187,0.));
#1007 = ORIENTED_EDGE('',*,*,#970,.F.);
#1008 = PLANE('',#1009);
#1009 = AXIS2_PLACEMENT_3D('',#1010,#1011,#1012);
#1010 = CARTESIAN_POINT('',(9.575,-12.875,-5.6));
#1011 = DIRECTION('',(0.707106781187,-0.707106781187,1.735113744859E-18)
  );
#1012 = DIRECTION('',(1.226910695119E-18,-1.226910695119E-18,-1.));
#1013 = ADVANCED_FACE('',(#1014),#1032,.F.);
#1014 = FACE_BOUND('',#1015,.F.);
#1015 = EDGE_LOOP('',(#1016,#1024,#1030,#1031));
#1016 = ORIENTED_EDGE('',*,*,#1017,.T.);
#1017 = EDGE_CURVE('',#995,#1018,#1020,.T.);
#1018 = VERTEX_POINT('',#1019);
#1019 = CARTESIAN_POINT('',(9.5,-13.4,0.5));
#1020 = LINE('',#1021,#1022);
#1021 = CARTESIAN_POINT('',(9.5,-16.5,0.5));
#1022 = VECTOR('',#1023,1.);
#1023 = DIRECTION('',(0.,-1.,0.));
#1024 = ORIENTED_EDGE('',*,*,#1025,.F.);
#1025 = EDGE_CURVE('',#280,#1018,#1026,.T.);
#1026 = LINE('',#1027,#1028);
#1027 = CARTESIAN_POINT('',(9.5,-13.4,-5.6));
#1028 = VECTOR('',#1029,1.);
#1029 = DIRECTION('',(0.,0.,1.));
#1030 = ORIENTED_EDGE('',*,*,#287,.T.);
#1031 = ORIENTED_EDGE('',*,*,#994,.T.);
#1032 = PLANE('',#1033);
#1033 = AXIS2_PLACEMENT_3D('',#1034,#1035,#1036);
#1034 = CARTESIAN_POINT('',(9.5,-16.5,-5.6));
#1035 = DIRECTION('',(1.,0.,0.));
#1036 = DIRECTION('',(0.,0.,1.));
#1037 = ADVANCED_FACE('',(#1038),#1056,.T.);
#1038 = FACE_BOUND('',#1039,.T.);
#1039 = EDGE_LOOP('',(#1040,#1041,#1049,#1055));
#1040 = ORIENTED_EDGE('',*,*,#279,.F.);
#1041 = ORIENTED_EDGE('',*,*,#1042,.T.);
#1042 = EDGE_CURVE('',#272,#1043,#1045,.T.);
#1043 = VERTEX_POINT('',#1044);
#1044 = CARTESIAN_POINT('',(8.6,-13.4,0.5));
#1045 = LINE('',#1046,#1047);
#1046 = CARTESIAN_POINT('',(8.6,-13.4,-5.6));
#1047 = VECTOR('',#1048,1.);
#1048 = DIRECTION('',(0.,0.,1.));
#1049 = ORIENTED_EDGE('',*,*,#1050,.T.);
#1050 = EDGE_CURVE('',#1043,#1018,#1051,.T.);
#1051 = LINE('',#1052,#1053);
#1052 = CARTESIAN_POINT('',(-13.25,-13.4,0.5));
#1053 = VECTOR('',#1054,1.);
#1054 = DIRECTION('',(1.,0.,0.));
#1055 = ORIENTED_EDGE('',*,*,#1025,.F.);
#1056 = PLANE('',#1057);
#1057 = AXIS2_PLACEMENT_3D('',#1058,#1059,#1060);
#1058 = CARTESIAN_POINT('',(-12.75,-13.4,-5.6));
#1059 = DIRECTION('',(0.,1.,0.));
#1060 = DIRECTION('',(0.,0.,1.));
#1061 = ADVANCED_FACE('',(#1062),#1080,.T.);
#1062 = FACE_BOUND('',#1063,.T.);
#1063 = EDGE_LOOP('',(#1064,#1072,#1073,#1074));
#1064 = ORIENTED_EDGE('',*,*,#1065,.T.);
#1065 = EDGE_CURVE('',#1066,#1043,#1068,.T.);
#1066 = VERTEX_POINT('',#1067);
#1067 = CARTESIAN_POINT('',(8.6,-12.95,0.5));
#1068 = LINE('',#1069,#1070);
#1069 = CARTESIAN_POINT('',(8.6,-16.5,0.5));
#1070 = VECTOR('',#1071,1.);
#1071 = DIRECTION('',(0.,-1.,0.));
#1072 = ORIENTED_EDGE('',*,*,#1042,.F.);
#1073 = ORIENTED_EDGE('',*,*,#271,.T.);
#1074 = ORIENTED_EDGE('',*,*,#1075,.T.);
#1075 = EDGE_CURVE('',#264,#1066,#1076,.T.);
#1076 = LINE('',#1077,#1078);
#1077 = CARTESIAN_POINT('',(8.6,-12.95,-5.6));
#1078 = VECTOR('',#1079,1.);
#1079 = DIRECTION('',(0.,0.,1.));
#1080 = PLANE('',#1081);
#1081 = AXIS2_PLACEMENT_3D('',#1082,#1083,#1084);
#1082 = CARTESIAN_POINT('',(8.6,-16.5,-5.6));
#1083 = DIRECTION('',(1.,0.,0.));
#1084 = DIRECTION('',(0.,0.,1.));
#1085 = ADVANCED_FACE('',(#1086),#1104,.T.);
#1086 = FACE_BOUND('',#1087,.F.);
#1087 = EDGE_LOOP('',(#1088,#1089,#1090,#1098));
#1088 = ORIENTED_EDGE('',*,*,#263,.F.);
#1089 = ORIENTED_EDGE('',*,*,#1075,.T.);
#1090 = ORIENTED_EDGE('',*,*,#1091,.T.);
#1091 = EDGE_CURVE('',#1066,#1092,#1094,.T.);
#1092 = VERTEX_POINT('',#1093);
#1093 = CARTESIAN_POINT('',(8.45,-12.8,0.5));
#1094 = LINE('',#1095,#1096);
#1095 = CARTESIAN_POINT('',(3.8625,-8.2125,0.5));
#1096 = VECTOR('',#1097,1.);
#1097 = DIRECTION('',(-0.707106781187,0.707106781187,0.));
#1098 = ORIENTED_EDGE('',*,*,#1099,.F.);
#1099 = EDGE_CURVE('',#256,#1092,#1100,.T.);
#1100 = LINE('',#1101,#1102);
#1101 = CARTESIAN_POINT('',(8.45,-12.8,-5.6));
#1102 = VECTOR('',#1103,1.);
#1103 = DIRECTION('',(0.,0.,1.));
#1104 = PLANE('',#1105);
#1105 = AXIS2_PLACEMENT_3D('',#1106,#1107,#1108);
#1106 = CARTESIAN_POINT('',(8.525,-12.875,-5.6));
#1107 = DIRECTION('',(0.707106781187,0.707106781187,-1.735113744859E-18)
  );
#1108 = DIRECTION('',(-1.226910695119E-18,-1.226910695119E-18,-1.));
#1109 = ADVANCED_FACE('',(#1110),#1128,.T.);
#1110 = FACE_BOUND('',#1111,.T.);
#1111 = EDGE_LOOP('',(#1112,#1113,#1121,#1127));
#1112 = ORIENTED_EDGE('',*,*,#255,.F.);
#1113 = ORIENTED_EDGE('',*,*,#1114,.T.);
#1114 = EDGE_CURVE('',#248,#1115,#1117,.T.);
#1115 = VERTEX_POINT('',#1116);
#1116 = CARTESIAN_POINT('',(8.15,-12.8,0.5));
#1117 = LINE('',#1118,#1119);
#1118 = CARTESIAN_POINT('',(8.15,-12.8,-5.6));
#1119 = VECTOR('',#1120,1.);
#1120 = DIRECTION('',(0.,0.,1.));
#1121 = ORIENTED_EDGE('',*,*,#1122,.T.);
#1122 = EDGE_CURVE('',#1115,#1092,#1123,.T.);
#1123 = LINE('',#1124,#1125);
#1124 = CARTESIAN_POINT('',(-2.875,-12.8,0.5));
#1125 = VECTOR('',#1126,1.);
#1126 = DIRECTION('',(1.,0.,0.));
#1127 = ORIENTED_EDGE('',*,*,#1099,.F.);
#1128 = PLANE('',#1129);
#1129 = AXIS2_PLACEMENT_3D('',#1130,#1131,#1132);
#1130 = CARTESIAN_POINT('',(8.,-12.8,-5.6));
#1131 = DIRECTION('',(0.,1.,0.));
#1132 = DIRECTION('',(0.,0.,1.));
#1133 = ADVANCED_FACE('',(#1134),#1152,.F.);
#1134 = FACE_BOUND('',#1135,.T.);
#1135 = EDGE_LOOP('',(#1136,#1137,#1145,#1151));
#1136 = ORIENTED_EDGE('',*,*,#247,.F.);
#1137 = ORIENTED_EDGE('',*,*,#1138,.T.);
#1138 = EDGE_CURVE('',#240,#1139,#1141,.T.);
#1139 = VERTEX_POINT('',#1140);
#1140 = CARTESIAN_POINT('',(8.,-12.95,0.5));
#1141 = LINE('',#1142,#1143);
#1142 = CARTESIAN_POINT('',(8.,-12.95,-5.6));
#1143 = VECTOR('',#1144,1.);
#1144 = DIRECTION('',(0.,0.,1.));
#1145 = ORIENTED_EDGE('',*,*,#1146,.T.);
#1146 = EDGE_CURVE('',#1139,#1115,#1147,.T.);
#1147 = LINE('',#1148,#1149);
#1148 = CARTESIAN_POINT('',(1.7125,-19.2375,0.5));
#1149 = VECTOR('',#1150,1.);
#1150 = DIRECTION('',(0.707106781187,0.707106781187,0.));
#1151 = ORIENTED_EDGE('',*,*,#1114,.F.);
#1152 = PLANE('',#1153);
#1153 = AXIS2_PLACEMENT_3D('',#1154,#1155,#1156);
#1154 = CARTESIAN_POINT('',(8.075,-12.875,-5.6));
#1155 = DIRECTION('',(0.707106781187,-0.707106781187,1.735113744859E-18)
  );
#1156 = DIRECTION('',(1.226910695119E-18,-1.226910695119E-18,-1.));
#1157 = ADVANCED_FACE('',(#1158),#1176,.F.);
#1158 = FACE_BOUND('',#1159,.F.);
#1159 = EDGE_LOOP('',(#1160,#1168,#1174,#1175));
#1160 = ORIENTED_EDGE('',*,*,#1161,.T.);
#1161 = EDGE_CURVE('',#1139,#1162,#1164,.T.);
#1162 = VERTEX_POINT('',#1163);
#1163 = CARTESIAN_POINT('',(8.,-13.4,0.5));
#1164 = LINE('',#1165,#1166);
#1165 = CARTESIAN_POINT('',(8.,-16.5,0.5));
#1166 = VECTOR('',#1167,1.);
#1167 = DIRECTION('',(0.,-1.,0.));
#1168 = ORIENTED_EDGE('',*,*,#1169,.F.);
#1169 = EDGE_CURVE('',#232,#1162,#1170,.T.);
#1170 = LINE('',#1171,#1172);
#1171 = CARTESIAN_POINT('',(8.,-13.4,-5.6));
#1172 = VECTOR('',#1173,1.);
#1173 = DIRECTION('',(0.,0.,1.));
#1174 = ORIENTED_EDGE('',*,*,#239,.T.);
#1175 = ORIENTED_EDGE('',*,*,#1138,.T.);
#1176 = PLANE('',#1177);
#1177 = AXIS2_PLACEMENT_3D('',#1178,#1179,#1180);
#1178 = CARTESIAN_POINT('',(8.,-16.5,-5.6));
#1179 = DIRECTION('',(1.,0.,0.));
#1180 = DIRECTION('',(0.,0.,1.));
#1181 = ADVANCED_FACE('',(#1182),#1209,.T.);
#1182 = FACE_BOUND('',#1183,.T.);
#1183 = EDGE_LOOP('',(#1184,#1185,#1193,#1202,#1208));
#1184 = ORIENTED_EDGE('',*,*,#231,.F.);
#1185 = ORIENTED_EDGE('',*,*,#1186,.T.);
#1186 = EDGE_CURVE('',#224,#1187,#1189,.T.);
#1187 = VERTEX_POINT('',#1188);
#1188 = CARTESIAN_POINT('',(7.1,-13.4,0.4387505004));
#1189 = LINE('',#1190,#1191);
#1190 = CARTESIAN_POINT('',(7.1,-13.4,-5.6));
#1191 = VECTOR('',#1192,1.);
#1192 = DIRECTION('',(0.,0.,1.));
#1193 = ORIENTED_EDGE('',*,*,#1194,.T.);
#1194 = EDGE_CURVE('',#1187,#1195,#1197,.T.);
#1195 = VERTEX_POINT('',#1196);
#1196 = CARTESIAN_POINT('',(7.306776436283,-13.4,0.5));
#1197 = CIRCLE('',#1198,1.6);
#1198 = AXIS2_PLACEMENT_3D('',#1199,#1200,#1201);
#1199 = CARTESIAN_POINT('',(6.75,-13.4,2.));
#1200 = DIRECTION('',(0.,-1.,2.22044604925E-16));
#1201 = DIRECTION('',(1.,0.,0.));
#1202 = ORIENTED_EDGE('',*,*,#1203,.T.);
#1203 = EDGE_CURVE('',#1195,#1162,#1204,.T.);
#1204 = LINE('',#1205,#1206);
#1205 = CARTESIAN_POINT('',(-13.25,-13.4,0.5));
#1206 = VECTOR('',#1207,1.);
#1207 = DIRECTION('',(1.,0.,0.));
#1208 = ORIENTED_EDGE('',*,*,#1169,.F.);
#1209 = PLANE('',#1210);
#1210 = AXIS2_PLACEMENT_3D('',#1211,#1212,#1213);
#1211 = CARTESIAN_POINT('',(-12.75,-13.4,-5.6));
#1212 = DIRECTION('',(0.,1.,0.));
#1213 = DIRECTION('',(0.,0.,1.));
#1214 = ADVANCED_FACE('',(#1215),#1233,.T.);
#1215 = FACE_BOUND('',#1216,.T.);
#1216 = EDGE_LOOP('',(#1217,#1225,#1231,#1232));
#1217 = ORIENTED_EDGE('',*,*,#1218,.T.);
#1218 = EDGE_CURVE('',#216,#1219,#1221,.T.);
#1219 = VERTEX_POINT('',#1220);
#1220 = CARTESIAN_POINT('',(7.1,-12.95,0.4387505004));
#1221 = LINE('',#1222,#1223);
#1222 = CARTESIAN_POINT('',(7.1,-12.95,-5.6));
#1223 = VECTOR('',#1224,1.);
#1224 = DIRECTION('',(0.,0.,1.));
#1225 = ORIENTED_EDGE('',*,*,#1226,.T.);
#1226 = EDGE_CURVE('',#1219,#1187,#1227,.T.);
#1227 = LINE('',#1228,#1229);
#1228 = CARTESIAN_POINT('',(7.1,-20.,0.4387505004));
#1229 = VECTOR('',#1230,1.);
#1230 = DIRECTION('',(0.,-1.,2.22044604925E-16));
#1231 = ORIENTED_EDGE('',*,*,#1186,.F.);
#1232 = ORIENTED_EDGE('',*,*,#223,.T.);
#1233 = PLANE('',#1234);
#1234 = AXIS2_PLACEMENT_3D('',#1235,#1236,#1237);
#1235 = CARTESIAN_POINT('',(7.1,-16.5,-5.6));
#1236 = DIRECTION('',(1.,0.,0.));
#1237 = DIRECTION('',(0.,0.,1.));
#1238 = ADVANCED_FACE('',(#1239),#1258,.T.);
#1239 = FACE_BOUND('',#1240,.F.);
#1240 = EDGE_LOOP('',(#1241,#1242,#1243,#1252));
#1241 = ORIENTED_EDGE('',*,*,#215,.F.);
#1242 = ORIENTED_EDGE('',*,*,#1218,.T.);
#1243 = ORIENTED_EDGE('',*,*,#1244,.T.);
#1244 = EDGE_CURVE('',#1219,#1245,#1247,.T.);
#1245 = VERTEX_POINT('',#1246);
#1246 = CARTESIAN_POINT('',(6.95,-12.8,0.412549213361));
#1247 = ELLIPSE('',#1248,2.262741699797,1.6);
#1248 = AXIS2_PLACEMENT_3D('',#1249,#1250,#1251);
#1249 = CARTESIAN_POINT('',(6.75,-12.6,2.));
#1250 = DIRECTION('',(0.707106781187,0.707106781187,-1.735113744859E-18)
  );
#1251 = DIRECTION('',(0.707106781187,-0.707106781187,3.122833779919E-16)
  );
#1252 = ORIENTED_EDGE('',*,*,#1253,.F.);
#1253 = EDGE_CURVE('',#208,#1245,#1254,.T.);
#1254 = LINE('',#1255,#1256);
#1255 = CARTESIAN_POINT('',(6.95,-12.8,-5.6));
#1256 = VECTOR('',#1257,1.);
#1257 = DIRECTION('',(0.,0.,1.));
#1258 = PLANE('',#1259);
#1259 = AXIS2_PLACEMENT_3D('',#1260,#1261,#1262);
#1260 = CARTESIAN_POINT('',(7.025,-12.875,-5.6));
#1261 = DIRECTION('',(0.707106781187,0.707106781187,-1.735113744859E-18)
  );
#1262 = DIRECTION('',(-1.226910695119E-18,-1.226910695119E-18,-1.));
#1263 = ADVANCED_FACE('',(#1264),#1283,.T.);
#1264 = FACE_BOUND('',#1265,.T.);
#1265 = EDGE_LOOP('',(#1266,#1267,#1275,#1282));
#1266 = ORIENTED_EDGE('',*,*,#207,.F.);
#1267 = ORIENTED_EDGE('',*,*,#1268,.T.);
#1268 = EDGE_CURVE('',#200,#1269,#1271,.T.);
#1269 = VERTEX_POINT('',#1270);
#1270 = CARTESIAN_POINT('',(6.65,-12.8,0.403128057733));
#1271 = LINE('',#1272,#1273);
#1272 = CARTESIAN_POINT('',(6.65,-12.8,-5.6));
#1273 = VECTOR('',#1274,1.);
#1274 = DIRECTION('',(0.,0.,1.));
#1275 = ORIENTED_EDGE('',*,*,#1276,.T.);
#1276 = EDGE_CURVE('',#1269,#1245,#1277,.T.);
#1277 = CIRCLE('',#1278,1.6);
#1278 = AXIS2_PLACEMENT_3D('',#1279,#1280,#1281);
#1279 = CARTESIAN_POINT('',(6.75,-12.8,2.));
#1280 = DIRECTION('',(0.,-1.,2.22044604925E-16));
#1281 = DIRECTION('',(1.,0.,0.));
#1282 = ORIENTED_EDGE('',*,*,#1253,.F.);
#1283 = PLANE('',#1284);
#1284 = AXIS2_PLACEMENT_3D('',#1285,#1286,#1287);
#1285 = CARTESIAN_POINT('',(6.5,-12.8,-5.6));
#1286 = DIRECTION('',(0.,1.,0.));
#1287 = DIRECTION('',(0.,0.,1.));
#1288 = ADVANCED_FACE('',(#1289),#1308,.F.);
#1289 = FACE_BOUND('',#1290,.T.);
#1290 = EDGE_LOOP('',(#1291,#1292,#1300,#1307));
#1291 = ORIENTED_EDGE('',*,*,#199,.F.);
#1292 = ORIENTED_EDGE('',*,*,#1293,.T.);
#1293 = EDGE_CURVE('',#192,#1294,#1296,.T.);
#1294 = VERTEX_POINT('',#1295);
#1295 = CARTESIAN_POINT('',(6.5,-12.95,0.419651937072));
#1296 = LINE('',#1297,#1298);
#1297 = CARTESIAN_POINT('',(6.5,-12.95,-5.6));
#1298 = VECTOR('',#1299,1.);
#1299 = DIRECTION('',(0.,0.,1.));
#1300 = ORIENTED_EDGE('',*,*,#1301,.T.);
#1301 = EDGE_CURVE('',#1294,#1269,#1302,.T.);
#1302 = ELLIPSE('',#1303,2.262741699797,1.6);
#1303 = AXIS2_PLACEMENT_3D('',#1304,#1305,#1306);
#1304 = CARTESIAN_POINT('',(6.75,-12.7,2.));
#1305 = DIRECTION('',(0.707106781187,-0.707106781187,1.735113744859E-18)
  );
#1306 = DIRECTION('',(-0.707106781187,-0.707106781187,3.122833779919E-16
    ));
#1307 = ORIENTED_EDGE('',*,*,#1268,.F.);
#1308 = PLANE('',#1309);
#1309 = AXIS2_PLACEMENT_3D('',#1310,#1311,#1312);
#1310 = CARTESIAN_POINT('',(6.575,-12.875,-5.6));
#1311 = DIRECTION('',(0.707106781187,-0.707106781187,1.735113744859E-18)
  );
#1312 = DIRECTION('',(1.226910695119E-18,-1.226910695119E-18,-1.));
#1313 = ADVANCED_FACE('',(#1314),#1332,.F.);
#1314 = FACE_BOUND('',#1315,.F.);
#1315 = EDGE_LOOP('',(#1316,#1317,#1325,#1331));
#1316 = ORIENTED_EDGE('',*,*,#1293,.T.);
#1317 = ORIENTED_EDGE('',*,*,#1318,.T.);
#1318 = EDGE_CURVE('',#1294,#1319,#1321,.T.);
#1319 = VERTEX_POINT('',#1320);
#1320 = CARTESIAN_POINT('',(6.5,-13.4,0.419651937072));
#1321 = LINE('',#1322,#1323);
#1322 = CARTESIAN_POINT('',(6.5,-20.,0.419651937072));
#1323 = VECTOR('',#1324,1.);
#1324 = DIRECTION('',(0.,-1.,2.22044604925E-16));
#1325 = ORIENTED_EDGE('',*,*,#1326,.F.);
#1326 = EDGE_CURVE('',#184,#1319,#1327,.T.);
#1327 = LINE('',#1328,#1329);
#1328 = CARTESIAN_POINT('',(6.5,-13.4,-5.6));
#1329 = VECTOR('',#1330,1.);
#1330 = DIRECTION('',(0.,0.,1.));
#1331 = ORIENTED_EDGE('',*,*,#191,.T.);
#1332 = PLANE('',#1333);
#1333 = AXIS2_PLACEMENT_3D('',#1334,#1335,#1336);
#1334 = CARTESIAN_POINT('',(6.5,-16.5,-5.6));
#1335 = DIRECTION('',(1.,0.,0.));
#1336 = DIRECTION('',(0.,0.,1.));
#1337 = ADVANCED_FACE('',(#1338),#1365,.T.);
#1338 = FACE_BOUND('',#1339,.T.);
#1339 = EDGE_LOOP('',(#1340,#1341,#1349,#1357,#1364));
#1340 = ORIENTED_EDGE('',*,*,#183,.F.);
#1341 = ORIENTED_EDGE('',*,*,#1342,.T.);
#1342 = EDGE_CURVE('',#176,#1343,#1345,.T.);
#1343 = VERTEX_POINT('',#1344);
#1344 = CARTESIAN_POINT('',(5.6,-13.4,0.5));
#1345 = LINE('',#1346,#1347);
#1346 = CARTESIAN_POINT('',(5.6,-13.4,-5.6));
#1347 = VECTOR('',#1348,1.);
#1348 = DIRECTION('',(0.,0.,1.));
#1349 = ORIENTED_EDGE('',*,*,#1350,.T.);
#1350 = EDGE_CURVE('',#1343,#1351,#1353,.T.);
#1351 = VERTEX_POINT('',#1352);
#1352 = CARTESIAN_POINT('',(6.193223563717,-13.4,0.5));
#1353 = LINE('',#1354,#1355);
#1354 = CARTESIAN_POINT('',(-13.25,-13.4,0.5));
#1355 = VECTOR('',#1356,1.);
#1356 = DIRECTION('',(1.,0.,0.));
#1357 = ORIENTED_EDGE('',*,*,#1358,.T.);
#1358 = EDGE_CURVE('',#1351,#1319,#1359,.T.);
#1359 = CIRCLE('',#1360,1.6);
#1360 = AXIS2_PLACEMENT_3D('',#1361,#1362,#1363);
#1361 = CARTESIAN_POINT('',(6.75,-13.4,2.));
#1362 = DIRECTION('',(0.,-1.,2.22044604925E-16));
#1363 = DIRECTION('',(1.,0.,0.));
#1364 = ORIENTED_EDGE('',*,*,#1326,.F.);
#1365 = PLANE('',#1366);
#1366 = AXIS2_PLACEMENT_3D('',#1367,#1368,#1369);
#1367 = CARTESIAN_POINT('',(-12.75,-13.4,-5.6));
#1368 = DIRECTION('',(0.,1.,0.));
#1369 = DIRECTION('',(0.,0.,1.));
#1370 = ADVANCED_FACE('',(#1371),#1389,.T.);
#1371 = FACE_BOUND('',#1372,.T.);
#1372 = EDGE_LOOP('',(#1373,#1381,#1382,#1383));
#1373 = ORIENTED_EDGE('',*,*,#1374,.T.);
#1374 = EDGE_CURVE('',#1375,#1343,#1377,.T.);
#1375 = VERTEX_POINT('',#1376);
#1376 = CARTESIAN_POINT('',(5.6,-12.95,0.5));
#1377 = LINE('',#1378,#1379);
#1378 = CARTESIAN_POINT('',(5.6,-16.5,0.5));
#1379 = VECTOR('',#1380,1.);
#1380 = DIRECTION('',(0.,-1.,0.));
#1381 = ORIENTED_EDGE('',*,*,#1342,.F.);
#1382 = ORIENTED_EDGE('',*,*,#175,.T.);
#1383 = ORIENTED_EDGE('',*,*,#1384,.T.);
#1384 = EDGE_CURVE('',#168,#1375,#1385,.T.);
#1385 = LINE('',#1386,#1387);
#1386 = CARTESIAN_POINT('',(5.6,-12.95,-5.6));
#1387 = VECTOR('',#1388,1.);
#1388 = DIRECTION('',(0.,0.,1.));
#1389 = PLANE('',#1390);
#1390 = AXIS2_PLACEMENT_3D('',#1391,#1392,#1393);
#1391 = CARTESIAN_POINT('',(5.6,-16.5,-5.6));
#1392 = DIRECTION('',(1.,0.,0.));
#1393 = DIRECTION('',(0.,0.,1.));
#1394 = ADVANCED_FACE('',(#1395),#1413,.T.);
#1395 = FACE_BOUND('',#1396,.F.);
#1396 = EDGE_LOOP('',(#1397,#1398,#1399,#1407));
#1397 = ORIENTED_EDGE('',*,*,#167,.F.);
#1398 = ORIENTED_EDGE('',*,*,#1384,.T.);
#1399 = ORIENTED_EDGE('',*,*,#1400,.T.);
#1400 = EDGE_CURVE('',#1375,#1401,#1403,.T.);
#1401 = VERTEX_POINT('',#1402);
#1402 = CARTESIAN_POINT('',(5.45,-12.8,0.5));
#1403 = LINE('',#1404,#1405);
#1404 = CARTESIAN_POINT('',(1.6125,-8.9625,0.5));
#1405 = VECTOR('',#1406,1.);
#1406 = DIRECTION('',(-0.707106781187,0.707106781187,0.));
#1407 = ORIENTED_EDGE('',*,*,#1408,.F.);
#1408 = EDGE_CURVE('',#160,#1401,#1409,.T.);
#1409 = LINE('',#1410,#1411);
#1410 = CARTESIAN_POINT('',(5.45,-12.8,-5.6));
#1411 = VECTOR('',#1412,1.);
#1412 = DIRECTION('',(0.,0.,1.));
#1413 = PLANE('',#1414);
#1414 = AXIS2_PLACEMENT_3D('',#1415,#1416,#1417);
#1415 = CARTESIAN_POINT('',(5.525,-12.875,-5.6));
#1416 = DIRECTION('',(0.707106781187,0.707106781187,-1.735113744859E-18)
  );
#1417 = DIRECTION('',(-1.226910695119E-18,-1.226910695119E-18,-1.));
#1418 = ADVANCED_FACE('',(#1419),#1437,.T.);
#1419 = FACE_BOUND('',#1420,.T.);
#1420 = EDGE_LOOP('',(#1421,#1422,#1430,#1436));
#1421 = ORIENTED_EDGE('',*,*,#159,.F.);
#1422 = ORIENTED_EDGE('',*,*,#1423,.T.);
#1423 = EDGE_CURVE('',#152,#1424,#1426,.T.);
#1424 = VERTEX_POINT('',#1425);
#1425 = CARTESIAN_POINT('',(5.15,-12.8,0.5));
#1426 = LINE('',#1427,#1428);
#1427 = CARTESIAN_POINT('',(5.15,-12.8,-5.6));
#1428 = VECTOR('',#1429,1.);
#1429 = DIRECTION('',(0.,0.,1.));
#1430 = ORIENTED_EDGE('',*,*,#1431,.T.);
#1431 = EDGE_CURVE('',#1424,#1401,#1432,.T.);
#1432 = LINE('',#1433,#1434);
#1433 = CARTESIAN_POINT('',(-4.375,-12.8,0.5));
#1434 = VECTOR('',#1435,1.);
#1435 = DIRECTION('',(1.,0.,0.));
#1436 = ORIENTED_EDGE('',*,*,#1408,.F.);
#1437 = PLANE('',#1438);
#1438 = AXIS2_PLACEMENT_3D('',#1439,#1440,#1441);
#1439 = CARTESIAN_POINT('',(5.,-12.8,-5.6));
#1440 = DIRECTION('',(0.,1.,0.));
#1441 = DIRECTION('',(0.,0.,1.));
#1442 = ADVANCED_FACE('',(#1443),#1461,.F.);
#1443 = FACE_BOUND('',#1444,.T.);
#1444 = EDGE_LOOP('',(#1445,#1446,#1454,#1460));
#1445 = ORIENTED_EDGE('',*,*,#151,.F.);
#1446 = ORIENTED_EDGE('',*,*,#1447,.T.);
#1447 = EDGE_CURVE('',#144,#1448,#1450,.T.);
#1448 = VERTEX_POINT('',#1449);
#1449 = CARTESIAN_POINT('',(5.,-12.95,0.5));
#1450 = LINE('',#1451,#1452);
#1451 = CARTESIAN_POINT('',(5.,-12.95,-5.6));
#1452 = VECTOR('',#1453,1.);
#1453 = DIRECTION('',(0.,0.,1.));
#1454 = ORIENTED_EDGE('',*,*,#1455,.T.);
#1455 = EDGE_CURVE('',#1448,#1424,#1456,.T.);
#1456 = LINE('',#1457,#1458);
#1457 = CARTESIAN_POINT('',(-0.5375,-18.4875,0.5));
#1458 = VECTOR('',#1459,1.);
#1459 = DIRECTION('',(0.707106781187,0.707106781187,0.));
#1460 = ORIENTED_EDGE('',*,*,#1423,.F.);
#1461 = PLANE('',#1462);
#1462 = AXIS2_PLACEMENT_3D('',#1463,#1464,#1465);
#1463 = CARTESIAN_POINT('',(5.075,-12.875,-5.6));
#1464 = DIRECTION('',(0.707106781187,-0.707106781187,1.735113744859E-18)
  );
#1465 = DIRECTION('',(1.226910695119E-18,-1.226910695119E-18,-1.));
#1466 = ADVANCED_FACE('',(#1467),#1485,.F.);
#1467 = FACE_BOUND('',#1468,.F.);
#1468 = EDGE_LOOP('',(#1469,#1477,#1483,#1484));
#1469 = ORIENTED_EDGE('',*,*,#1470,.T.);
#1470 = EDGE_CURVE('',#1448,#1471,#1473,.T.);
#1471 = VERTEX_POINT('',#1472);
#1472 = CARTESIAN_POINT('',(5.,-13.4,0.5));
#1473 = LINE('',#1474,#1475);
#1474 = CARTESIAN_POINT('',(5.,-16.5,0.5));
#1475 = VECTOR('',#1476,1.);
#1476 = DIRECTION('',(0.,-1.,0.));
#1477 = ORIENTED_EDGE('',*,*,#1478,.F.);
#1478 = EDGE_CURVE('',#136,#1471,#1479,.T.);
#1479 = LINE('',#1480,#1481);
#1480 = CARTESIAN_POINT('',(5.,-13.4,-5.6));
#1481 = VECTOR('',#1482,1.);
#1482 = DIRECTION('',(0.,0.,1.));
#1483 = ORIENTED_EDGE('',*,*,#143,.T.);
#1484 = ORIENTED_EDGE('',*,*,#1447,.T.);
#1485 = PLANE('',#1486);
#1486 = AXIS2_PLACEMENT_3D('',#1487,#1488,#1489);
#1487 = CARTESIAN_POINT('',(5.,-16.5,-5.6));
#1488 = DIRECTION('',(1.,0.,0.));
#1489 = DIRECTION('',(0.,0.,1.));
#1490 = ADVANCED_FACE('',(#1491),#1509,.T.);
#1491 = FACE_BOUND('',#1492,.T.);
#1492 = EDGE_LOOP('',(#1493,#1494,#1502,#1508));
#1493 = ORIENTED_EDGE('',*,*,#135,.F.);
#1494 = ORIENTED_EDGE('',*,*,#1495,.T.);
#1495 = EDGE_CURVE('',#128,#1496,#1498,.T.);
#1496 = VERTEX_POINT('',#1497);
#1497 = CARTESIAN_POINT('',(4.1,-13.4,0.5));
#1498 = LINE('',#1499,#1500);
#1499 = CARTESIAN_POINT('',(4.1,-13.4,-5.6));
#1500 = VECTOR('',#1501,1.);
#1501 = DIRECTION('',(0.,0.,1.));
#1502 = ORIENTED_EDGE('',*,*,#1503,.T.);
#1503 = EDGE_CURVE('',#1496,#1471,#1504,.T.);
#1504 = LINE('',#1505,#1506);
#1505 = CARTESIAN_POINT('',(-13.25,-13.4,0.5));
#1506 = VECTOR('',#1507,1.);
#1507 = DIRECTION('',(1.,0.,0.));
#1508 = ORIENTED_EDGE('',*,*,#1478,.F.);
#1509 = PLANE('',#1510);
#1510 = AXIS2_PLACEMENT_3D('',#1511,#1512,#1513);
#1511 = CARTESIAN_POINT('',(-12.75,-13.4,-5.6));
#1512 = DIRECTION('',(0.,1.,0.));
#1513 = DIRECTION('',(0.,0.,1.));
#1514 = ADVANCED_FACE('',(#1515),#1533,.T.);
#1515 = FACE_BOUND('',#1516,.T.);
#1516 = EDGE_LOOP('',(#1517,#1525,#1526,#1527));
#1517 = ORIENTED_EDGE('',*,*,#1518,.T.);
#1518 = EDGE_CURVE('',#1519,#1496,#1521,.T.);
#1519 = VERTEX_POINT('',#1520);
#1520 = CARTESIAN_POINT('',(4.1,-12.95,0.5));
#1521 = LINE('',#1522,#1523);
#1522 = CARTESIAN_POINT('',(4.1,-16.5,0.5));
#1523 = VECTOR('',#1524,1.);
#1524 = DIRECTION('',(0.,-1.,0.));
#1525 = ORIENTED_EDGE('',*,*,#1495,.F.);
#1526 = ORIENTED_EDGE('',*,*,#127,.T.);
#1527 = ORIENTED_EDGE('',*,*,#1528,.T.);
#1528 = EDGE_CURVE('',#120,#1519,#1529,.T.);
#1529 = LINE('',#1530,#1531);
#1530 = CARTESIAN_POINT('',(4.1,-12.95,-5.6));
#1531 = VECTOR('',#1532,1.);
#1532 = DIRECTION('',(0.,0.,1.));
#1533 = PLANE('',#1534);
#1534 = AXIS2_PLACEMENT_3D('',#1535,#1536,#1537);
#1535 = CARTESIAN_POINT('',(4.1,-16.5,-5.6));
#1536 = DIRECTION('',(1.,0.,0.));
#1537 = DIRECTION('',(0.,0.,1.));
#1538 = ADVANCED_FACE('',(#1539),#1557,.T.);
#1539 = FACE_BOUND('',#1540,.F.);
#1540 = EDGE_LOOP('',(#1541,#1542,#1543,#1551));
#1541 = ORIENTED_EDGE('',*,*,#119,.F.);
#1542 = ORIENTED_EDGE('',*,*,#1528,.T.);
#1543 = ORIENTED_EDGE('',*,*,#1544,.T.);
#1544 = EDGE_CURVE('',#1519,#1545,#1547,.T.);
#1545 = VERTEX_POINT('',#1546);
#1546 = CARTESIAN_POINT('',(3.95,-12.8,0.5));
#1547 = LINE('',#1548,#1549);
#1548 = CARTESIAN_POINT('',(0.4875,-9.3375,0.5));
#1549 = VECTOR('',#1550,1.);
#1550 = DIRECTION('',(-0.707106781187,0.707106781187,0.));
#1551 = ORIENTED_EDGE('',*,*,#1552,.F.);
#1552 = EDGE_CURVE('',#112,#1545,#1553,.T.);
#1553 = LINE('',#1554,#1555);
#1554 = CARTESIAN_POINT('',(3.95,-12.8,-5.6));
#1555 = VECTOR('',#1556,1.);
#1556 = DIRECTION('',(0.,0.,1.));
#1557 = PLANE('',#1558);
#1558 = AXIS2_PLACEMENT_3D('',#1559,#1560,#1561);
#1559 = CARTESIAN_POINT('',(4.025,-12.875,-5.6));
#1560 = DIRECTION('',(0.707106781187,0.707106781187,-1.735113744859E-18)
  );
#1561 = DIRECTION('',(-1.226910695119E-18,-1.226910695119E-18,-1.));
#1562 = ADVANCED_FACE('',(#1563),#1581,.T.);
#1563 = FACE_BOUND('',#1564,.T.);
#1564 = EDGE_LOOP('',(#1565,#1566,#1574,#1580));
#1565 = ORIENTED_EDGE('',*,*,#111,.F.);
#1566 = ORIENTED_EDGE('',*,*,#1567,.T.);
#1567 = EDGE_CURVE('',#104,#1568,#1570,.T.);
#1568 = VERTEX_POINT('',#1569);
#1569 = CARTESIAN_POINT('',(3.65,-12.8,0.5));
#1570 = LINE('',#1571,#1572);
#1571 = CARTESIAN_POINT('',(3.65,-12.8,-5.6));
#1572 = VECTOR('',#1573,1.);
#1573 = DIRECTION('',(0.,0.,1.));
#1574 = ORIENTED_EDGE('',*,*,#1575,.T.);
#1575 = EDGE_CURVE('',#1568,#1545,#1576,.T.);
#1576 = LINE('',#1577,#1578);
#1577 = CARTESIAN_POINT('',(-5.125,-12.8,0.5));
#1578 = VECTOR('',#1579,1.);
#1579 = DIRECTION('',(1.,0.,0.));
#1580 = ORIENTED_EDGE('',*,*,#1552,.F.);
#1581 = PLANE('',#1582);
#1582 = AXIS2_PLACEMENT_3D('',#1583,#1584,#1585);
#1583 = CARTESIAN_POINT('',(3.5,-12.8,-5.6));
#1584 = DIRECTION('',(0.,1.,0.));
#1585 = DIRECTION('',(0.,0.,1.));
#1586 = ADVANCED_FACE('',(#1587),#1605,.F.);
#1587 = FACE_BOUND('',#1588,.T.);
#1588 = EDGE_LOOP('',(#1589,#1590,#1598,#1604));
#1589 = ORIENTED_EDGE('',*,*,#103,.F.);
#1590 = ORIENTED_EDGE('',*,*,#1591,.T.);
#1591 = EDGE_CURVE('',#96,#1592,#1594,.T.);
#1592 = VERTEX_POINT('',#1593);
#1593 = CARTESIAN_POINT('',(3.5,-12.95,0.5));
#1594 = LINE('',#1595,#1596);
#1595 = CARTESIAN_POINT('',(3.5,-12.95,-5.6));
#1596 = VECTOR('',#1597,1.);
#1597 = DIRECTION('',(0.,0.,1.));
#1598 = ORIENTED_EDGE('',*,*,#1599,.T.);
#1599 = EDGE_CURVE('',#1592,#1568,#1600,.T.);
#1600 = LINE('',#1601,#1602);
#1601 = CARTESIAN_POINT('',(-1.6625,-18.1125,0.5));
#1602 = VECTOR('',#1603,1.);
#1603 = DIRECTION('',(0.707106781187,0.707106781187,0.));
#1604 = ORIENTED_EDGE('',*,*,#1567,.F.);
#1605 = PLANE('',#1606);
#1606 = AXIS2_PLACEMENT_3D('',#1607,#1608,#1609);
#1607 = CARTESIAN_POINT('',(3.575,-12.875,-5.6));
#1608 = DIRECTION('',(0.707106781187,-0.707106781187,1.735113744859E-18)
  );
#1609 = DIRECTION('',(1.226910695119E-18,-1.226910695119E-18,-1.));
#1610 = ADVANCED_FACE('',(#1611),#1629,.F.);
#1611 = FACE_BOUND('',#1612,.F.);
#1612 = EDGE_LOOP('',(#1613,#1621,#1627,#1628));
#1613 = ORIENTED_EDGE('',*,*,#1614,.T.);
#1614 = EDGE_CURVE('',#1592,#1615,#1617,.T.);
#1615 = VERTEX_POINT('',#1616);
#1616 = CARTESIAN_POINT('',(3.5,-13.4,0.5));
#1617 = LINE('',#1618,#1619);
#1618 = CARTESIAN_POINT('',(3.5,-16.5,0.5));
#1619 = VECTOR('',#1620,1.);
#1620 = DIRECTION('',(0.,-1.,0.));
#1621 = ORIENTED_EDGE('',*,*,#1622,.F.);
#1622 = EDGE_CURVE('',#88,#1615,#1623,.T.);
#1623 = LINE('',#1624,#1625);
#1624 = CARTESIAN_POINT('',(3.5,-13.4,-5.6));
#1625 = VECTOR('',#1626,1.);
#1626 = DIRECTION('',(0.,0.,1.));
#1627 = ORIENTED_EDGE('',*,*,#95,.T.);
#1628 = ORIENTED_EDGE('',*,*,#1591,.T.);
#1629 = PLANE('',#1630);
#1630 = AXIS2_PLACEMENT_3D('',#1631,#1632,#1633);
#1631 = CARTESIAN_POINT('',(3.5,-16.5,-5.6));
#1632 = DIRECTION('',(1.,0.,0.));
#1633 = DIRECTION('',(0.,0.,1.));
#1634 = ADVANCED_FACE('',(#1635),#1653,.T.);
#1635 = FACE_BOUND('',#1636,.T.);
#1636 = EDGE_LOOP('',(#1637,#1638,#1646,#1652));
#1637 = ORIENTED_EDGE('',*,*,#87,.F.);
#1638 = ORIENTED_EDGE('',*,*,#1639,.T.);
#1639 = EDGE_CURVE('',#80,#1640,#1642,.T.);
#1640 = VERTEX_POINT('',#1641);
#1641 = CARTESIAN_POINT('',(2.6,-13.4,0.5));
#1642 = LINE('',#1643,#1644);
#1643 = CARTESIAN_POINT('',(2.6,-13.4,-5.6));
#1644 = VECTOR('',#1645,1.);
#1645 = DIRECTION('',(0.,0.,1.));
#1646 = ORIENTED_EDGE('',*,*,#1647,.T.);
#1647 = EDGE_CURVE('',#1640,#1615,#1648,.T.);
#1648 = LINE('',#1649,#1650);
#1649 = CARTESIAN_POINT('',(-13.25,-13.4,0.5));
#1650 = VECTOR('',#1651,1.);
#1651 = DIRECTION('',(1.,0.,0.));
#1652 = ORIENTED_EDGE('',*,*,#1622,.F.);
#1653 = PLANE('',#1654);
#1654 = AXIS2_PLACEMENT_3D('',#1655,#1656,#1657);
#1655 = CARTESIAN_POINT('',(-12.75,-13.4,-5.6));
#1656 = DIRECTION('',(0.,1.,0.));
#1657 = DIRECTION('',(0.,0.,1.));
#1658 = ADVANCED_FACE('',(#1659),#1677,.T.);
#1659 = FACE_BOUND('',#1660,.T.);
#1660 = EDGE_LOOP('',(#1661,#1669,#1670,#1671));
#1661 = ORIENTED_EDGE('',*,*,#1662,.T.);
#1662 = EDGE_CURVE('',#1663,#1640,#1665,.T.);
#1663 = VERTEX_POINT('',#1664);
#1664 = CARTESIAN_POINT('',(2.6,-12.95,0.5));
#1665 = LINE('',#1666,#1667);
#1666 = CARTESIAN_POINT('',(2.6,-16.5,0.5));
#1667 = VECTOR('',#1668,1.);
#1668 = DIRECTION('',(0.,-1.,0.));
#1669 = ORIENTED_EDGE('',*,*,#1639,.F.);
#1670 = ORIENTED_EDGE('',*,*,#79,.T.);
#1671 = ORIENTED_EDGE('',*,*,#1672,.T.);
#1672 = EDGE_CURVE('',#72,#1663,#1673,.T.);
#1673 = LINE('',#1674,#1675);
#1674 = CARTESIAN_POINT('',(2.6,-12.95,-5.6));
#1675 = VECTOR('',#1676,1.);
#1676 = DIRECTION('',(0.,0.,1.));
#1677 = PLANE('',#1678);
#1678 = AXIS2_PLACEMENT_3D('',#1679,#1680,#1681);
#1679 = CARTESIAN_POINT('',(2.6,-16.5,-5.6));
#1680 = DIRECTION('',(1.,0.,0.));
#1681 = DIRECTION('',(0.,0.,1.));
#1682 = ADVANCED_FACE('',(#1683),#1701,.T.);
#1683 = FACE_BOUND('',#1684,.F.);
#1684 = EDGE_LOOP('',(#1685,#1686,#1687,#1695));
#1685 = ORIENTED_EDGE('',*,*,#71,.F.);
#1686 = ORIENTED_EDGE('',*,*,#1672,.T.);
#1687 = ORIENTED_EDGE('',*,*,#1688,.T.);
#1688 = EDGE_CURVE('',#1663,#1689,#1691,.T.);
#1689 = VERTEX_POINT('',#1690);
#1690 = CARTESIAN_POINT('',(2.45,-12.8,0.5));
#1691 = LINE('',#1692,#1693);
#1692 = CARTESIAN_POINT('',(-0.6375,-9.7125,0.5));
#1693 = VECTOR('',#1694,1.);
#1694 = DIRECTION('',(-0.707106781187,0.707106781187,0.));
#1695 = ORIENTED_EDGE('',*,*,#1696,.F.);
#1696 = EDGE_CURVE('',#64,#1689,#1697,.T.);
#1697 = LINE('',#1698,#1699);
#1698 = CARTESIAN_POINT('',(2.45,-12.8,-5.6));
#1699 = VECTOR('',#1700,1.);
#1700 = DIRECTION('',(0.,0.,1.));
#1701 = PLANE('',#1702);
#1702 = AXIS2_PLACEMENT_3D('',#1703,#1704,#1705);
#1703 = CARTESIAN_POINT('',(2.525,-12.875,-5.6));
#1704 = DIRECTION('',(0.707106781187,0.707106781187,-1.735113744859E-18)
  );
#1705 = DIRECTION('',(-1.226910695119E-18,-1.226910695119E-18,-1.));
#1706 = ADVANCED_FACE('',(#1707),#1725,.T.);
#1707 = FACE_BOUND('',#1708,.T.);
#1708 = EDGE_LOOP('',(#1709,#1710,#1718,#1724));
#1709 = ORIENTED_EDGE('',*,*,#63,.F.);
#1710 = ORIENTED_EDGE('',*,*,#1711,.T.);
#1711 = EDGE_CURVE('',#56,#1712,#1714,.T.);
#1712 = VERTEX_POINT('',#1713);
#1713 = CARTESIAN_POINT('',(2.15,-12.8,0.5));
#1714 = LINE('',#1715,#1716);
#1715 = CARTESIAN_POINT('',(2.15,-12.8,-5.6));
#1716 = VECTOR('',#1717,1.);
#1717 = DIRECTION('',(0.,0.,1.));
#1718 = ORIENTED_EDGE('',*,*,#1719,.T.);
#1719 = EDGE_CURVE('',#1712,#1689,#1720,.T.);
#1720 = LINE('',#1721,#1722);
#1721 = CARTESIAN_POINT('',(-5.875,-12.8,0.5));
#1722 = VECTOR('',#1723,1.);
#1723 = DIRECTION('',(1.,0.,0.));
#1724 = ORIENTED_EDGE('',*,*,#1696,.F.);
#1725 = PLANE('',#1726);
#1726 = AXIS2_PLACEMENT_3D('',#1727,#1728,#1729);
#1727 = CARTESIAN_POINT('',(2.,-12.8,-5.6));
#1728 = DIRECTION('',(0.,1.,0.));
#1729 = DIRECTION('',(0.,0.,1.));
#1730 = ADVANCED_FACE('',(#1731),#1749,.F.);
#1731 = FACE_BOUND('',#1732,.T.);
#1732 = EDGE_LOOP('',(#1733,#1734,#1742,#1748));
#1733 = ORIENTED_EDGE('',*,*,#55,.F.);
#1734 = ORIENTED_EDGE('',*,*,#1735,.T.);
#1735 = EDGE_CURVE('',#48,#1736,#1738,.T.);
#1736 = VERTEX_POINT('',#1737);
#1737 = CARTESIAN_POINT('',(2.,-12.95,0.5));
#1738 = LINE('',#1739,#1740);
#1739 = CARTESIAN_POINT('',(2.,-12.95,-5.6));
#1740 = VECTOR('',#1741,1.);
#1741 = DIRECTION('',(0.,0.,1.));
#1742 = ORIENTED_EDGE('',*,*,#1743,.T.);
#1743 = EDGE_CURVE('',#1736,#1712,#1744,.T.);
#1744 = LINE('',#1745,#1746);
#1745 = CARTESIAN_POINT('',(-2.7875,-17.7375,0.5));
#1746 = VECTOR('',#1747,1.);
#1747 = DIRECTION('',(0.707106781187,0.707106781187,0.));
#1748 = ORIENTED_EDGE('',*,*,#1711,.F.);
#1749 = PLANE('',#1750);
#1750 = AXIS2_PLACEMENT_3D('',#1751,#1752,#1753);
#1751 = CARTESIAN_POINT('',(2.075,-12.875,-5.6));
#1752 = DIRECTION('',(0.707106781187,-0.707106781187,1.735113744859E-18)
  );
#1753 = DIRECTION('',(1.226910695119E-18,-1.226910695119E-18,-1.));
#1754 = ADVANCED_FACE('',(#1755),#1773,.F.);
#1755 = FACE_BOUND('',#1756,.F.);
#1756 = EDGE_LOOP('',(#1757,#1765,#1771,#1772));
#1757 = ORIENTED_EDGE('',*,*,#1758,.T.);
#1758 = EDGE_CURVE('',#1736,#1759,#1761,.T.);
#1759 = VERTEX_POINT('',#1760);
#1760 = CARTESIAN_POINT('',(2.,-13.4,0.5));
#1761 = LINE('',#1762,#1763);
#1762 = CARTESIAN_POINT('',(2.,-16.5,0.5));
#1763 = VECTOR('',#1764,1.);
#1764 = DIRECTION('',(0.,-1.,0.));
#1765 = ORIENTED_EDGE('',*,*,#1766,.F.);
#1766 = EDGE_CURVE('',#40,#1759,#1767,.T.);
#1767 = LINE('',#1768,#1769);
#1768 = CARTESIAN_POINT('',(2.,-13.4,-5.6));
#1769 = VECTOR('',#1770,1.);
#1770 = DIRECTION('',(0.,0.,1.));
#1771 = ORIENTED_EDGE('',*,*,#47,.T.);
#1772 = ORIENTED_EDGE('',*,*,#1735,.T.);
#1773 = PLANE('',#1774);
#1774 = AXIS2_PLACEMENT_3D('',#1775,#1776,#1777);
#1775 = CARTESIAN_POINT('',(2.,-16.5,-5.6));
#1776 = DIRECTION('',(1.,0.,0.));
#1777 = DIRECTION('',(0.,0.,1.));
#1778 = ADVANCED_FACE('',(#1779),#1797,.T.);
#1779 = FACE_BOUND('',#1780,.T.);
#1780 = EDGE_LOOP('',(#1781,#1782,#1790,#1796));
#1781 = ORIENTED_EDGE('',*,*,#39,.F.);
#1782 = ORIENTED_EDGE('',*,*,#1783,.F.);
#1783 = EDGE_CURVE('',#1784,#32,#1786,.T.);
#1784 = VERTEX_POINT('',#1785);
#1785 = CARTESIAN_POINT('',(1.,-13.4,0.5));
#1786 = LINE('',#1787,#1788);
#1787 = CARTESIAN_POINT('',(1.,-13.4,-6.3));
#1788 = VECTOR('',#1789,1.);
#1789 = DIRECTION('',(0.,0.,-1.));
#1790 = ORIENTED_EDGE('',*,*,#1791,.T.);
#1791 = EDGE_CURVE('',#1784,#1759,#1792,.T.);
#1792 = LINE('',#1793,#1794);
#1793 = CARTESIAN_POINT('',(-13.25,-13.4,0.5));
#1794 = VECTOR('',#1795,1.);
#1795 = DIRECTION('',(1.,0.,0.));
#1796 = ORIENTED_EDGE('',*,*,#1766,.F.);
#1797 = PLANE('',#1798);
#1798 = AXIS2_PLACEMENT_3D('',#1799,#1800,#1801);
#1799 = CARTESIAN_POINT('',(-12.75,-13.4,-5.6));
#1800 = DIRECTION('',(0.,1.,0.));
#1801 = DIRECTION('',(0.,0.,1.));
#1802 = ADVANCED_FACE('',(#1803),#1846,.F.);
#1803 = FACE_BOUND('',#1804,.F.);
#1804 = EDGE_LOOP('',(#1805,#1806,#1807,#1815,#1823,#1831,#1839,#1845));
#1805 = ORIENTED_EDGE('',*,*,#31,.F.);
#1806 = ORIENTED_EDGE('',*,*,#1783,.F.);
#1807 = ORIENTED_EDGE('',*,*,#1808,.T.);
#1808 = EDGE_CURVE('',#1784,#1809,#1811,.T.);
#1809 = VERTEX_POINT('',#1810);
#1810 = CARTESIAN_POINT('',(1.,-12.05,0.5));
#1811 = LINE('',#1812,#1813);
#1812 = CARTESIAN_POINT('',(1.,-18.75,0.5));
#1813 = VECTOR('',#1814,1.);
#1814 = DIRECTION('',(0.,1.,0.));
#1815 = ORIENTED_EDGE('',*,*,#1816,.F.);
#1816 = EDGE_CURVE('',#1817,#1809,#1819,.T.);
#1817 = VERTEX_POINT('',#1818);
#1818 = CARTESIAN_POINT('',(1.,-12.05,3.5));
#1819 = LINE('',#1820,#1821);
#1820 = CARTESIAN_POINT('',(1.,-12.05,-3.25));
#1821 = VECTOR('',#1822,1.);
#1822 = DIRECTION('',(0.,0.,-1.));
#1823 = ORIENTED_EDGE('',*,*,#1824,.F.);
#1824 = EDGE_CURVE('',#1825,#1817,#1827,.T.);
#1825 = VERTEX_POINT('',#1826);
#1826 = CARTESIAN_POINT('',(1.,-13.4,3.5));
#1827 = LINE('',#1828,#1829);
#1828 = CARTESIAN_POINT('',(1.,-18.75,3.5));
#1829 = VECTOR('',#1830,1.);
#1830 = DIRECTION('',(0.,1.,0.));
#1831 = ORIENTED_EDGE('',*,*,#1832,.F.);
#1832 = EDGE_CURVE('',#1833,#1825,#1835,.T.);
#1833 = VERTEX_POINT('',#1834);
#1834 = CARTESIAN_POINT('',(1.,-13.4,9.6));
#1835 = LINE('',#1836,#1837);
#1836 = CARTESIAN_POINT('',(1.,-13.4,-6.3));
#1837 = VECTOR('',#1838,1.);
#1838 = DIRECTION('',(0.,0.,-1.));
#1839 = ORIENTED_EDGE('',*,*,#1840,.F.);
#1840 = EDGE_CURVE('',#463,#1833,#1841,.T.);
#1841 = LINE('',#1842,#1843);
#1842 = CARTESIAN_POINT('',(1.,-17.48600374049,9.6));
#1843 = VECTOR('',#1844,1.);
#1844 = DIRECTION('',(0.,1.,0.));
#1845 = ORIENTED_EDGE('',*,*,#462,.F.);
#1846 = PLANE('',#1847);
#1847 = AXIS2_PLACEMENT_3D('',#1848,#1849,#1850);
#1848 = CARTESIAN_POINT('',(1.,-21.,-7.));
#1849 = DIRECTION('',(1.,0.,0.));
#1850 = DIRECTION('',(0.,0.,1.));
#1851 = ADVANCED_FACE('',(#1852),#2235,.T.);
#1852 = FACE_BOUND('',#1853,.T.);
#1853 = EDGE_LOOP('',(#1854,#1855,#1856,#1857,#1858,#1859,#1860,#1861,
    #1869,#1877,#1885,#1893,#1901,#1909,#1917,#1925,#1933,#1941,#1949,
    #1957,#1965,#1973,#1981,#1989,#1997,#2005,#2013,#2021,#2029,#2037,
    #2045,#2053,#2061,#2069,#2077,#2085,#2093,#2101,#2109,#2117,#2125,
    #2133,#2141,#2149,#2157,#2165,#2173,#2181,#2189,#2197,#2205,#2213,
    #2221,#2229));
#1854 = ORIENTED_EDGE('',*,*,#1840,.F.);
#1855 = ORIENTED_EDGE('',*,*,#479,.T.);
#1856 = ORIENTED_EDGE('',*,*,#513,.F.);
#1857 = ORIENTED_EDGE('',*,*,#528,.T.);
#1858 = ORIENTED_EDGE('',*,*,#561,.F.);
#1859 = ORIENTED_EDGE('',*,*,#578,.F.);
#1860 = ORIENTED_EDGE('',*,*,#642,.F.);
#1861 = ORIENTED_EDGE('',*,*,#1862,.T.);
#1862 = EDGE_CURVE('',#635,#1863,#1865,.T.);
#1863 = VERTEX_POINT('',#1864);
#1864 = CARTESIAN_POINT('',(12.95,-12.8,9.6));
#1865 = LINE('',#1866,#1867);
#1866 = CARTESIAN_POINT('',(13.8,-13.65,9.6));
#1867 = VECTOR('',#1868,1.);
#1868 = DIRECTION('',(-0.707106781187,0.707106781187,0.));
#1869 = ORIENTED_EDGE('',*,*,#1870,.F.);
#1870 = EDGE_CURVE('',#1871,#1863,#1873,.T.);
#1871 = VERTEX_POINT('',#1872);
#1872 = CARTESIAN_POINT('',(12.65,-12.8,9.6));
#1873 = LINE('',#1874,#1875);
#1874 = CARTESIAN_POINT('',(12.5,-12.8,9.6));
#1875 = VECTOR('',#1876,1.);
#1876 = DIRECTION('',(1.,0.,0.));
#1877 = ORIENTED_EDGE('',*,*,#1878,.F.);
#1878 = EDGE_CURVE('',#1879,#1871,#1881,.T.);
#1879 = VERTEX_POINT('',#1880);
#1880 = CARTESIAN_POINT('',(12.5,-12.95,9.6));
#1881 = LINE('',#1882,#1883);
#1882 = CARTESIAN_POINT('',(11.65,-13.8,9.6));
#1883 = VECTOR('',#1884,1.);
#1884 = DIRECTION('',(0.707106781187,0.707106781187,0.));
#1885 = ORIENTED_EDGE('',*,*,#1886,.F.);
#1886 = EDGE_CURVE('',#1887,#1879,#1889,.T.);
#1887 = VERTEX_POINT('',#1888);
#1888 = CARTESIAN_POINT('',(12.5,-13.4,9.6));
#1889 = LINE('',#1890,#1891);
#1890 = CARTESIAN_POINT('',(12.5,-16.5,9.6));
#1891 = VECTOR('',#1892,1.);
#1892 = DIRECTION('',(0.,1.,0.));
#1893 = ORIENTED_EDGE('',*,*,#1894,.F.);
#1894 = EDGE_CURVE('',#1895,#1887,#1897,.T.);
#1895 = VERTEX_POINT('',#1896);
#1896 = CARTESIAN_POINT('',(11.6,-13.4,9.6));
#1897 = LINE('',#1898,#1899);
#1898 = CARTESIAN_POINT('',(-12.75,-13.4,9.6));
#1899 = VECTOR('',#1900,1.);
#1900 = DIRECTION('',(1.,0.,0.));
#1901 = ORIENTED_EDGE('',*,*,#1902,.T.);
#1902 = EDGE_CURVE('',#1895,#1903,#1905,.T.);
#1903 = VERTEX_POINT('',#1904);
#1904 = CARTESIAN_POINT('',(11.6,-12.95,9.6));
#1905 = LINE('',#1906,#1907);
#1906 = CARTESIAN_POINT('',(11.6,-16.5,9.6));
#1907 = VECTOR('',#1908,1.);
#1908 = DIRECTION('',(0.,1.,0.));
#1909 = ORIENTED_EDGE('',*,*,#1910,.T.);
#1910 = EDGE_CURVE('',#1903,#1911,#1913,.T.);
#1911 = VERTEX_POINT('',#1912);
#1912 = CARTESIAN_POINT('',(11.45,-12.8,9.6));
#1913 = LINE('',#1914,#1915);
#1914 = CARTESIAN_POINT('',(12.3,-13.65,9.6));
#1915 = VECTOR('',#1916,1.);
#1916 = DIRECTION('',(-0.707106781187,0.707106781187,0.));
#1917 = ORIENTED_EDGE('',*,*,#1918,.F.);
#1918 = EDGE_CURVE('',#1919,#1911,#1921,.T.);
#1919 = VERTEX_POINT('',#1920);
#1920 = CARTESIAN_POINT('',(11.15,-12.8,9.6));
#1921 = LINE('',#1922,#1923);
#1922 = CARTESIAN_POINT('',(11.,-12.8,9.6));
#1923 = VECTOR('',#1924,1.);
#1924 = DIRECTION('',(1.,0.,0.));
#1925 = ORIENTED_EDGE('',*,*,#1926,.F.);
#1926 = EDGE_CURVE('',#1927,#1919,#1929,.T.);
#1927 = VERTEX_POINT('',#1928);
#1928 = CARTESIAN_POINT('',(11.,-12.95,9.6));
#1929 = LINE('',#1930,#1931);
#1930 = CARTESIAN_POINT('',(10.15,-13.8,9.6));
#1931 = VECTOR('',#1932,1.);
#1932 = DIRECTION('',(0.707106781187,0.707106781187,0.));
#1933 = ORIENTED_EDGE('',*,*,#1934,.F.);
#1934 = EDGE_CURVE('',#1935,#1927,#1937,.T.);
#1935 = VERTEX_POINT('',#1936);
#1936 = CARTESIAN_POINT('',(11.,-13.4,9.6));
#1937 = LINE('',#1938,#1939);
#1938 = CARTESIAN_POINT('',(11.,-16.5,9.6));
#1939 = VECTOR('',#1940,1.);
#1940 = DIRECTION('',(0.,1.,0.));
#1941 = ORIENTED_EDGE('',*,*,#1942,.F.);
#1942 = EDGE_CURVE('',#1943,#1935,#1945,.T.);
#1943 = VERTEX_POINT('',#1944);
#1944 = CARTESIAN_POINT('',(10.1,-13.4,9.6));
#1945 = LINE('',#1946,#1947);
#1946 = CARTESIAN_POINT('',(-12.75,-13.4,9.6));
#1947 = VECTOR('',#1948,1.);
#1948 = DIRECTION('',(1.,0.,0.));
#1949 = ORIENTED_EDGE('',*,*,#1950,.T.);
#1950 = EDGE_CURVE('',#1943,#1951,#1953,.T.);
#1951 = VERTEX_POINT('',#1952);
#1952 = CARTESIAN_POINT('',(10.1,-12.95,9.6));
#1953 = LINE('',#1954,#1955);
#1954 = CARTESIAN_POINT('',(10.1,-16.5,9.6));
#1955 = VECTOR('',#1956,1.);
#1956 = DIRECTION('',(0.,1.,0.));
#1957 = ORIENTED_EDGE('',*,*,#1958,.T.);
#1958 = EDGE_CURVE('',#1951,#1959,#1961,.T.);
#1959 = VERTEX_POINT('',#1960);
#1960 = CARTESIAN_POINT('',(9.95,-12.8,9.6));
#1961 = LINE('',#1962,#1963);
#1962 = CARTESIAN_POINT('',(10.8,-13.65,9.6));
#1963 = VECTOR('',#1964,1.);
#1964 = DIRECTION('',(-0.707106781187,0.707106781187,0.));
#1965 = ORIENTED_EDGE('',*,*,#1966,.F.);
#1966 = EDGE_CURVE('',#1967,#1959,#1969,.T.);
#1967 = VERTEX_POINT('',#1968);
#1968 = CARTESIAN_POINT('',(9.65,-12.8,9.6));
#1969 = LINE('',#1970,#1971);
#1970 = CARTESIAN_POINT('',(9.5,-12.8,9.6));
#1971 = VECTOR('',#1972,1.);
#1972 = DIRECTION('',(1.,0.,0.));
#1973 = ORIENTED_EDGE('',*,*,#1974,.F.);
#1974 = EDGE_CURVE('',#1975,#1967,#1977,.T.);
#1975 = VERTEX_POINT('',#1976);
#1976 = CARTESIAN_POINT('',(9.5,-12.95,9.6));
#1977 = LINE('',#1978,#1979);
#1978 = CARTESIAN_POINT('',(8.65,-13.8,9.6));
#1979 = VECTOR('',#1980,1.);
#1980 = DIRECTION('',(0.707106781187,0.707106781187,0.));
#1981 = ORIENTED_EDGE('',*,*,#1982,.F.);
#1982 = EDGE_CURVE('',#1983,#1975,#1985,.T.);
#1983 = VERTEX_POINT('',#1984);
#1984 = CARTESIAN_POINT('',(9.5,-13.4,9.6));
#1985 = LINE('',#1986,#1987);
#1986 = CARTESIAN_POINT('',(9.5,-16.5,9.6));
#1987 = VECTOR('',#1988,1.);
#1988 = DIRECTION('',(0.,1.,0.));
#1989 = ORIENTED_EDGE('',*,*,#1990,.F.);
#1990 = EDGE_CURVE('',#1991,#1983,#1993,.T.);
#1991 = VERTEX_POINT('',#1992);
#1992 = CARTESIAN_POINT('',(8.6,-13.4,9.6));
#1993 = LINE('',#1994,#1995);
#1994 = CARTESIAN_POINT('',(-12.75,-13.4,9.6));
#1995 = VECTOR('',#1996,1.);
#1996 = DIRECTION('',(1.,0.,0.));
#1997 = ORIENTED_EDGE('',*,*,#1998,.T.);
#1998 = EDGE_CURVE('',#1991,#1999,#2001,.T.);
#1999 = VERTEX_POINT('',#2000);
#2000 = CARTESIAN_POINT('',(8.6,-12.95,9.6));
#2001 = LINE('',#2002,#2003);
#2002 = CARTESIAN_POINT('',(8.6,-16.5,9.6));
#2003 = VECTOR('',#2004,1.);
#2004 = DIRECTION('',(0.,1.,0.));
#2005 = ORIENTED_EDGE('',*,*,#2006,.T.);
#2006 = EDGE_CURVE('',#1999,#2007,#2009,.T.);
#2007 = VERTEX_POINT('',#2008);
#2008 = CARTESIAN_POINT('',(8.45,-12.8,9.6));
#2009 = LINE('',#2010,#2011);
#2010 = CARTESIAN_POINT('',(9.3,-13.65,9.6));
#2011 = VECTOR('',#2012,1.);
#2012 = DIRECTION('',(-0.707106781187,0.707106781187,0.));
#2013 = ORIENTED_EDGE('',*,*,#2014,.F.);
#2014 = EDGE_CURVE('',#2015,#2007,#2017,.T.);
#2015 = VERTEX_POINT('',#2016);
#2016 = CARTESIAN_POINT('',(8.15,-12.8,9.6));
#2017 = LINE('',#2018,#2019);
#2018 = CARTESIAN_POINT('',(8.,-12.8,9.6));
#2019 = VECTOR('',#2020,1.);
#2020 = DIRECTION('',(1.,0.,0.));
#2021 = ORIENTED_EDGE('',*,*,#2022,.F.);
#2022 = EDGE_CURVE('',#2023,#2015,#2025,.T.);
#2023 = VERTEX_POINT('',#2024);
#2024 = CARTESIAN_POINT('',(8.,-12.95,9.6));
#2025 = LINE('',#2026,#2027);
#2026 = CARTESIAN_POINT('',(7.15,-13.8,9.6));
#2027 = VECTOR('',#2028,1.);
#2028 = DIRECTION('',(0.707106781187,0.707106781187,0.));
#2029 = ORIENTED_EDGE('',*,*,#2030,.F.);
#2030 = EDGE_CURVE('',#2031,#2023,#2033,.T.);
#2031 = VERTEX_POINT('',#2032);
#2032 = CARTESIAN_POINT('',(8.,-13.4,9.6));
#2033 = LINE('',#2034,#2035);
#2034 = CARTESIAN_POINT('',(8.,-16.5,9.6));
#2035 = VECTOR('',#2036,1.);
#2036 = DIRECTION('',(0.,1.,0.));
#2037 = ORIENTED_EDGE('',*,*,#2038,.F.);
#2038 = EDGE_CURVE('',#2039,#2031,#2041,.T.);
#2039 = VERTEX_POINT('',#2040);
#2040 = CARTESIAN_POINT('',(7.1,-13.4,9.6));
#2041 = LINE('',#2042,#2043);
#2042 = CARTESIAN_POINT('',(-12.75,-13.4,9.6));
#2043 = VECTOR('',#2044,1.);
#2044 = DIRECTION('',(1.,0.,0.));
#2045 = ORIENTED_EDGE('',*,*,#2046,.T.);
#2046 = EDGE_CURVE('',#2039,#2047,#2049,.T.);
#2047 = VERTEX_POINT('',#2048);
#2048 = CARTESIAN_POINT('',(7.1,-12.95,9.6));
#2049 = LINE('',#2050,#2051);
#2050 = CARTESIAN_POINT('',(7.1,-16.5,9.6));
#2051 = VECTOR('',#2052,1.);
#2052 = DIRECTION('',(0.,1.,0.));
#2053 = ORIENTED_EDGE('',*,*,#2054,.T.);
#2054 = EDGE_CURVE('',#2047,#2055,#2057,.T.);
#2055 = VERTEX_POINT('',#2056);
#2056 = CARTESIAN_POINT('',(6.95,-12.8,9.6));
#2057 = LINE('',#2058,#2059);
#2058 = CARTESIAN_POINT('',(7.8,-13.65,9.6));
#2059 = VECTOR('',#2060,1.);
#2060 = DIRECTION('',(-0.707106781187,0.707106781187,0.));
#2061 = ORIENTED_EDGE('',*,*,#2062,.F.);
#2062 = EDGE_CURVE('',#2063,#2055,#2065,.T.);
#2063 = VERTEX_POINT('',#2064);
#2064 = CARTESIAN_POINT('',(6.65,-12.8,9.6));
#2065 = LINE('',#2066,#2067);
#2066 = CARTESIAN_POINT('',(6.5,-12.8,9.6));
#2067 = VECTOR('',#2068,1.);
#2068 = DIRECTION('',(1.,0.,0.));
#2069 = ORIENTED_EDGE('',*,*,#2070,.F.);
#2070 = EDGE_CURVE('',#2071,#2063,#2073,.T.);
#2071 = VERTEX_POINT('',#2072);
#2072 = CARTESIAN_POINT('',(6.5,-12.95,9.6));
#2073 = LINE('',#2074,#2075);
#2074 = CARTESIAN_POINT('',(5.65,-13.8,9.6));
#2075 = VECTOR('',#2076,1.);
#2076 = DIRECTION('',(0.707106781187,0.707106781187,0.));
#2077 = ORIENTED_EDGE('',*,*,#2078,.F.);
#2078 = EDGE_CURVE('',#2079,#2071,#2081,.T.);
#2079 = VERTEX_POINT('',#2080);
#2080 = CARTESIAN_POINT('',(6.5,-13.4,9.6));
#2081 = LINE('',#2082,#2083);
#2082 = CARTESIAN_POINT('',(6.5,-16.5,9.6));
#2083 = VECTOR('',#2084,1.);
#2084 = DIRECTION('',(0.,1.,0.));
#2085 = ORIENTED_EDGE('',*,*,#2086,.F.);
#2086 = EDGE_CURVE('',#2087,#2079,#2089,.T.);
#2087 = VERTEX_POINT('',#2088);
#2088 = CARTESIAN_POINT('',(5.6,-13.4,9.6));
#2089 = LINE('',#2090,#2091);
#2090 = CARTESIAN_POINT('',(-12.75,-13.4,9.6));
#2091 = VECTOR('',#2092,1.);
#2092 = DIRECTION('',(1.,0.,0.));
#2093 = ORIENTED_EDGE('',*,*,#2094,.T.);
#2094 = EDGE_CURVE('',#2087,#2095,#2097,.T.);
#2095 = VERTEX_POINT('',#2096);
#2096 = CARTESIAN_POINT('',(5.6,-12.95,9.6));
#2097 = LINE('',#2098,#2099);
#2098 = CARTESIAN_POINT('',(5.6,-16.5,9.6));
#2099 = VECTOR('',#2100,1.);
#2100 = DIRECTION('',(0.,1.,0.));
#2101 = ORIENTED_EDGE('',*,*,#2102,.T.);
#2102 = EDGE_CURVE('',#2095,#2103,#2105,.T.);
#2103 = VERTEX_POINT('',#2104);
#2104 = CARTESIAN_POINT('',(5.45,-12.8,9.6));
#2105 = LINE('',#2106,#2107);
#2106 = CARTESIAN_POINT('',(6.3,-13.65,9.6));
#2107 = VECTOR('',#2108,1.);
#2108 = DIRECTION('',(-0.707106781187,0.707106781187,0.));
#2109 = ORIENTED_EDGE('',*,*,#2110,.F.);
#2110 = EDGE_CURVE('',#2111,#2103,#2113,.T.);
#2111 = VERTEX_POINT('',#2112);
#2112 = CARTESIAN_POINT('',(5.15,-12.8,9.6));
#2113 = LINE('',#2114,#2115);
#2114 = CARTESIAN_POINT('',(5.,-12.8,9.6));
#2115 = VECTOR('',#2116,1.);
#2116 = DIRECTION('',(1.,0.,0.));
#2117 = ORIENTED_EDGE('',*,*,#2118,.F.);
#2118 = EDGE_CURVE('',#2119,#2111,#2121,.T.);
#2119 = VERTEX_POINT('',#2120);
#2120 = CARTESIAN_POINT('',(5.,-12.95,9.6));
#2121 = LINE('',#2122,#2123);
#2122 = CARTESIAN_POINT('',(4.15,-13.8,9.6));
#2123 = VECTOR('',#2124,1.);
#2124 = DIRECTION('',(0.707106781187,0.707106781187,0.));
#2125 = ORIENTED_EDGE('',*,*,#2126,.F.);
#2126 = EDGE_CURVE('',#2127,#2119,#2129,.T.);
#2127 = VERTEX_POINT('',#2128);
#2128 = CARTESIAN_POINT('',(5.,-13.4,9.6));
#2129 = LINE('',#2130,#2131);
#2130 = CARTESIAN_POINT('',(5.,-16.5,9.6));
#2131 = VECTOR('',#2132,1.);
#2132 = DIRECTION('',(0.,1.,0.));
#2133 = ORIENTED_EDGE('',*,*,#2134,.F.);
#2134 = EDGE_CURVE('',#2135,#2127,#2137,.T.);
#2135 = VERTEX_POINT('',#2136);
#2136 = CARTESIAN_POINT('',(4.1,-13.4,9.6));
#2137 = LINE('',#2138,#2139);
#2138 = CARTESIAN_POINT('',(-12.75,-13.4,9.6));
#2139 = VECTOR('',#2140,1.);
#2140 = DIRECTION('',(1.,0.,0.));
#2141 = ORIENTED_EDGE('',*,*,#2142,.T.);
#2142 = EDGE_CURVE('',#2135,#2143,#2145,.T.);
#2143 = VERTEX_POINT('',#2144);
#2144 = CARTESIAN_POINT('',(4.1,-12.95,9.6));
#2145 = LINE('',#2146,#2147);
#2146 = CARTESIAN_POINT('',(4.1,-16.5,9.6));
#2147 = VECTOR('',#2148,1.);
#2148 = DIRECTION('',(0.,1.,0.));
#2149 = ORIENTED_EDGE('',*,*,#2150,.T.);
#2150 = EDGE_CURVE('',#2143,#2151,#2153,.T.);
#2151 = VERTEX_POINT('',#2152);
#2152 = CARTESIAN_POINT('',(3.95,-12.8,9.6));
#2153 = LINE('',#2154,#2155);
#2154 = CARTESIAN_POINT('',(4.8,-13.65,9.6));
#2155 = VECTOR('',#2156,1.);
#2156 = DIRECTION('',(-0.707106781187,0.707106781187,0.));
#2157 = ORIENTED_EDGE('',*,*,#2158,.F.);
#2158 = EDGE_CURVE('',#2159,#2151,#2161,.T.);
#2159 = VERTEX_POINT('',#2160);
#2160 = CARTESIAN_POINT('',(3.65,-12.8,9.6));
#2161 = LINE('',#2162,#2163);
#2162 = CARTESIAN_POINT('',(3.5,-12.8,9.6));
#2163 = VECTOR('',#2164,1.);
#2164 = DIRECTION('',(1.,0.,0.));
#2165 = ORIENTED_EDGE('',*,*,#2166,.F.);
#2166 = EDGE_CURVE('',#2167,#2159,#2169,.T.);
#2167 = VERTEX_POINT('',#2168);
#2168 = CARTESIAN_POINT('',(3.5,-12.95,9.6));
#2169 = LINE('',#2170,#2171);
#2170 = CARTESIAN_POINT('',(2.65,-13.8,9.6));
#2171 = VECTOR('',#2172,1.);
#2172 = DIRECTION('',(0.707106781187,0.707106781187,0.));
#2173 = ORIENTED_EDGE('',*,*,#2174,.F.);
#2174 = EDGE_CURVE('',#2175,#2167,#2177,.T.);
#2175 = VERTEX_POINT('',#2176);
#2176 = CARTESIAN_POINT('',(3.5,-13.4,9.6));
#2177 = LINE('',#2178,#2179);
#2178 = CARTESIAN_POINT('',(3.5,-16.5,9.6));
#2179 = VECTOR('',#2180,1.);
#2180 = DIRECTION('',(0.,1.,0.));
#2181 = ORIENTED_EDGE('',*,*,#2182,.F.);
#2182 = EDGE_CURVE('',#2183,#2175,#2185,.T.);
#2183 = VERTEX_POINT('',#2184);
#2184 = CARTESIAN_POINT('',(2.6,-13.4,9.6));
#2185 = LINE('',#2186,#2187);
#2186 = CARTESIAN_POINT('',(-12.75,-13.4,9.6));
#2187 = VECTOR('',#2188,1.);
#2188 = DIRECTION('',(1.,0.,0.));
#2189 = ORIENTED_EDGE('',*,*,#2190,.T.);
#2190 = EDGE_CURVE('',#2183,#2191,#2193,.T.);
#2191 = VERTEX_POINT('',#2192);
#2192 = CARTESIAN_POINT('',(2.6,-12.95,9.6));
#2193 = LINE('',#2194,#2195);
#2194 = CARTESIAN_POINT('',(2.6,-16.5,9.6));
#2195 = VECTOR('',#2196,1.);
#2196 = DIRECTION('',(0.,1.,0.));
#2197 = ORIENTED_EDGE('',*,*,#2198,.T.);
#2198 = EDGE_CURVE('',#2191,#2199,#2201,.T.);
#2199 = VERTEX_POINT('',#2200);
#2200 = CARTESIAN_POINT('',(2.45,-12.8,9.6));
#2201 = LINE('',#2202,#2203);
#2202 = CARTESIAN_POINT('',(3.3,-13.65,9.6));
#2203 = VECTOR('',#2204,1.);
#2204 = DIRECTION('',(-0.707106781187,0.707106781187,0.));
#2205 = ORIENTED_EDGE('',*,*,#2206,.F.);
#2206 = EDGE_CURVE('',#2207,#2199,#2209,.T.);
#2207 = VERTEX_POINT('',#2208);
#2208 = CARTESIAN_POINT('',(2.15,-12.8,9.6));
#2209 = LINE('',#2210,#2211);
#2210 = CARTESIAN_POINT('',(2.,-12.8,9.6));
#2211 = VECTOR('',#2212,1.);
#2212 = DIRECTION('',(1.,0.,0.));
#2213 = ORIENTED_EDGE('',*,*,#2214,.F.);
#2214 = EDGE_CURVE('',#2215,#2207,#2217,.T.);
#2215 = VERTEX_POINT('',#2216);
#2216 = CARTESIAN_POINT('',(2.,-12.95,9.6));
#2217 = LINE('',#2218,#2219);
#2218 = CARTESIAN_POINT('',(1.15,-13.8,9.6));
#2219 = VECTOR('',#2220,1.);
#2220 = DIRECTION('',(0.707106781187,0.707106781187,0.));
#2221 = ORIENTED_EDGE('',*,*,#2222,.F.);
#2222 = EDGE_CURVE('',#2223,#2215,#2225,.T.);
#2223 = VERTEX_POINT('',#2224);
#2224 = CARTESIAN_POINT('',(2.,-13.4,9.6));
#2225 = LINE('',#2226,#2227);
#2226 = CARTESIAN_POINT('',(2.,-16.5,9.6));
#2227 = VECTOR('',#2228,1.);
#2228 = DIRECTION('',(0.,1.,0.));
#2229 = ORIENTED_EDGE('',*,*,#2230,.F.);
#2230 = EDGE_CURVE('',#1833,#2223,#2231,.T.);
#2231 = LINE('',#2232,#2233);
#2232 = CARTESIAN_POINT('',(-12.75,-13.4,9.6));
#2233 = VECTOR('',#2234,1.);
#2234 = DIRECTION('',(1.,0.,0.));
#2235 = PLANE('',#2236);
#2236 = AXIS2_PLACEMENT_3D('',#2237,#2238,#2239);
#2237 = CARTESIAN_POINT('',(-2.921405928036E-15,-13.97200748098,9.6));
#2238 = DIRECTION('',(0.,0.,1.));
#2239 = DIRECTION('',(1.,0.,0.));
#2240 = ADVANCED_FACE('',(#2241),#2260,.F.);
#2241 = FACE_BOUND('',#2242,.F.);
#2242 = EDGE_LOOP('',(#2243,#2244,#2252,#2259));
#2243 = ORIENTED_EDGE('',*,*,#487,.T.);
#2244 = ORIENTED_EDGE('',*,*,#2245,.T.);
#2245 = EDGE_CURVE('',#488,#2246,#2248,.T.);
#2246 = VERTEX_POINT('',#2247);
#2247 = CARTESIAN_POINT('',(8.35,-14.35,2.));
#2248 = LINE('',#2249,#2250);
#2249 = CARTESIAN_POINT('',(10.9,-16.9,2.));
#2250 = VECTOR('',#2251,1.);
#2251 = DIRECTION('',(-0.707106781187,0.707106781187,-1.570092458684E-16
    ));
#2252 = ORIENTED_EDGE('',*,*,#2253,.T.);
#2253 = EDGE_CURVE('',#2246,#2246,#2254,.T.);
#2254 = CIRCLE('',#2255,1.6);
#2255 = AXIS2_PLACEMENT_3D('',#2256,#2257,#2258);
#2256 = CARTESIAN_POINT('',(6.75,-14.35,2.));
#2257 = DIRECTION('',(0.,-1.,2.22044604925E-16));
#2258 = DIRECTION('',(0.,-2.22044604925E-16,-1.));
#2259 = ORIENTED_EDGE('',*,*,#2245,.F.);
#2260 = CONICAL_SURFACE('',#2261,4.15,0.785398163397);
#2261 = AXIS2_PLACEMENT_3D('',#2262,#2263,#2264);
#2262 = CARTESIAN_POINT('',(6.75,-16.9,2.));
#2263 = DIRECTION('',(0.,-1.,2.22044604925E-16));
#2264 = DIRECTION('',(1.,0.,0.));
#2265 = ADVANCED_FACE('',(#2266),#2284,.T.);
#2266 = FACE_BOUND('',#2267,.F.);
#2267 = EDGE_LOOP('',(#2268,#2276,#2277,#2278));
#2268 = ORIENTED_EDGE('',*,*,#2269,.F.);
#2269 = EDGE_CURVE('',#627,#2270,#2272,.T.);
#2270 = VERTEX_POINT('',#2271);
#2271 = CARTESIAN_POINT('',(12.95,-12.8,3.5));
#2272 = LINE('',#2273,#2274);
#2273 = CARTESIAN_POINT('',(7.2375,-7.0875,3.5));
#2274 = VECTOR('',#2275,1.);
#2275 = DIRECTION('',(-0.707106781187,0.707106781187,0.));
#2276 = ORIENTED_EDGE('',*,*,#634,.F.);
#2277 = ORIENTED_EDGE('',*,*,#1862,.T.);
#2278 = ORIENTED_EDGE('',*,*,#2279,.F.);
#2279 = EDGE_CURVE('',#2270,#1863,#2280,.T.);
#2280 = LINE('',#2281,#2282);
#2281 = CARTESIAN_POINT('',(12.95,-12.8,-5.6));
#2282 = VECTOR('',#2283,1.);
#2283 = DIRECTION('',(0.,0.,1.));
#2284 = PLANE('',#2285);
#2285 = AXIS2_PLACEMENT_3D('',#2286,#2287,#2288);
#2286 = CARTESIAN_POINT('',(13.025,-12.875,-5.6));
#2287 = DIRECTION('',(0.707106781187,0.707106781187,-1.735113744859E-18)
  );
#2288 = DIRECTION('',(-1.226910695119E-18,-1.226910695119E-18,-1.));
#2289 = ADVANCED_FACE('',(#2290),#2492,.T.);
#2290 = FACE_BOUND('',#2291,.T.);
#2291 = EDGE_LOOP('',(#2292,#2302,#2310,#2318,#2326,#2334,#2342,#2350,
    #2358,#2366,#2374,#2382,#2390,#2398,#2406,#2414,#2422,#2430,#2438,
    #2446,#2454,#2462,#2470,#2478,#2484,#2485,#2486));
#2292 = ORIENTED_EDGE('',*,*,#2293,.F.);
#2293 = EDGE_CURVE('',#2294,#2296,#2298,.T.);
#2294 = VERTEX_POINT('',#2295);
#2295 = CARTESIAN_POINT('',(7.306776436283,-12.05,3.5));
#2296 = VERTEX_POINT('',#2297);
#2297 = CARTESIAN_POINT('',(13.75,-12.05,3.5));
#2298 = LINE('',#2299,#2300);
#2299 = CARTESIAN_POINT('',(-13.75,-12.05,3.5));
#2300 = VECTOR('',#2301,1.);
#2301 = DIRECTION('',(1.,0.,0.));
#2302 = ORIENTED_EDGE('',*,*,#2303,.T.);
#2303 = EDGE_CURVE('',#2294,#2304,#2306,.T.);
#2304 = VERTEX_POINT('',#2305);
#2305 = CARTESIAN_POINT('',(7.306776436283,-13.4,3.5));
#2306 = LINE('',#2307,#2308);
#2307 = CARTESIAN_POINT('',(7.306776436283,-20.,3.5));
#2308 = VECTOR('',#2309,1.);
#2309 = DIRECTION('',(0.,-1.,2.22044604925E-16));
#2310 = ORIENTED_EDGE('',*,*,#2311,.T.);
#2311 = EDGE_CURVE('',#2304,#2312,#2314,.T.);
#2312 = VERTEX_POINT('',#2313);
#2313 = CARTESIAN_POINT('',(8.,-13.4,3.5));
#2314 = LINE('',#2315,#2316);
#2315 = CARTESIAN_POINT('',(-13.25,-13.4,3.5));
#2316 = VECTOR('',#2317,1.);
#2317 = DIRECTION('',(1.,0.,0.));
#2318 = ORIENTED_EDGE('',*,*,#2319,.F.);
#2319 = EDGE_CURVE('',#2320,#2312,#2322,.T.);
#2320 = VERTEX_POINT('',#2321);
#2321 = CARTESIAN_POINT('',(8.,-12.95,3.5));
#2322 = LINE('',#2323,#2324);
#2323 = CARTESIAN_POINT('',(8.,-16.5,3.5));
#2324 = VECTOR('',#2325,1.);
#2325 = DIRECTION('',(0.,-1.,0.));
#2326 = ORIENTED_EDGE('',*,*,#2327,.T.);
#2327 = EDGE_CURVE('',#2320,#2328,#2330,.T.);
#2328 = VERTEX_POINT('',#2329);
#2329 = CARTESIAN_POINT('',(8.15,-12.8,3.5));
#2330 = LINE('',#2331,#2332);
#2331 = CARTESIAN_POINT('',(1.7125,-19.2375,3.5));
#2332 = VECTOR('',#2333,1.);
#2333 = DIRECTION('',(0.707106781187,0.707106781187,0.));
#2334 = ORIENTED_EDGE('',*,*,#2335,.T.);
#2335 = EDGE_CURVE('',#2328,#2336,#2338,.T.);
#2336 = VERTEX_POINT('',#2337);
#2337 = CARTESIAN_POINT('',(8.45,-12.8,3.5));
#2338 = LINE('',#2339,#2340);
#2339 = CARTESIAN_POINT('',(-2.875,-12.8,3.5));
#2340 = VECTOR('',#2341,1.);
#2341 = DIRECTION('',(1.,0.,0.));
#2342 = ORIENTED_EDGE('',*,*,#2343,.F.);
#2343 = EDGE_CURVE('',#2344,#2336,#2346,.T.);
#2344 = VERTEX_POINT('',#2345);
#2345 = CARTESIAN_POINT('',(8.6,-12.95,3.5));
#2346 = LINE('',#2347,#2348);
#2347 = CARTESIAN_POINT('',(3.8625,-8.2125,3.5));
#2348 = VECTOR('',#2349,1.);
#2349 = DIRECTION('',(-0.707106781187,0.707106781187,0.));
#2350 = ORIENTED_EDGE('',*,*,#2351,.T.);
#2351 = EDGE_CURVE('',#2344,#2352,#2354,.T.);
#2352 = VERTEX_POINT('',#2353);
#2353 = CARTESIAN_POINT('',(8.6,-13.4,3.5));
#2354 = LINE('',#2355,#2356);
#2355 = CARTESIAN_POINT('',(8.6,-16.5,3.5));
#2356 = VECTOR('',#2357,1.);
#2357 = DIRECTION('',(0.,-1.,0.));
#2358 = ORIENTED_EDGE('',*,*,#2359,.T.);
#2359 = EDGE_CURVE('',#2352,#2360,#2362,.T.);
#2360 = VERTEX_POINT('',#2361);
#2361 = CARTESIAN_POINT('',(9.5,-13.4,3.5));
#2362 = LINE('',#2363,#2364);
#2363 = CARTESIAN_POINT('',(-13.25,-13.4,3.5));
#2364 = VECTOR('',#2365,1.);
#2365 = DIRECTION('',(1.,0.,0.));
#2366 = ORIENTED_EDGE('',*,*,#2367,.F.);
#2367 = EDGE_CURVE('',#2368,#2360,#2370,.T.);
#2368 = VERTEX_POINT('',#2369);
#2369 = CARTESIAN_POINT('',(9.5,-12.95,3.5));
#2370 = LINE('',#2371,#2372);
#2371 = CARTESIAN_POINT('',(9.5,-16.5,3.5));
#2372 = VECTOR('',#2373,1.);
#2373 = DIRECTION('',(0.,-1.,0.));
#2374 = ORIENTED_EDGE('',*,*,#2375,.T.);
#2375 = EDGE_CURVE('',#2368,#2376,#2378,.T.);
#2376 = VERTEX_POINT('',#2377);
#2377 = CARTESIAN_POINT('',(9.65,-12.8,3.5));
#2378 = LINE('',#2379,#2380);
#2379 = CARTESIAN_POINT('',(2.8375,-19.6125,3.5));
#2380 = VECTOR('',#2381,1.);
#2381 = DIRECTION('',(0.707106781187,0.707106781187,0.));
#2382 = ORIENTED_EDGE('',*,*,#2383,.T.);
#2383 = EDGE_CURVE('',#2376,#2384,#2386,.T.);
#2384 = VERTEX_POINT('',#2385);
#2385 = CARTESIAN_POINT('',(9.95,-12.8,3.5));
#2386 = LINE('',#2387,#2388);
#2387 = CARTESIAN_POINT('',(-2.125,-12.8,3.5));
#2388 = VECTOR('',#2389,1.);
#2389 = DIRECTION('',(1.,0.,0.));
#2390 = ORIENTED_EDGE('',*,*,#2391,.F.);
#2391 = EDGE_CURVE('',#2392,#2384,#2394,.T.);
#2392 = VERTEX_POINT('',#2393);
#2393 = CARTESIAN_POINT('',(10.1,-12.95,3.5));
#2394 = LINE('',#2395,#2396);
#2395 = CARTESIAN_POINT('',(4.9875,-7.8375,3.5));
#2396 = VECTOR('',#2397,1.);
#2397 = DIRECTION('',(-0.707106781187,0.707106781187,0.));
#2398 = ORIENTED_EDGE('',*,*,#2399,.T.);
#2399 = EDGE_CURVE('',#2392,#2400,#2402,.T.);
#2400 = VERTEX_POINT('',#2401);
#2401 = CARTESIAN_POINT('',(10.1,-13.4,3.5));
#2402 = LINE('',#2403,#2404);
#2403 = CARTESIAN_POINT('',(10.1,-16.5,3.5));
#2404 = VECTOR('',#2405,1.);
#2405 = DIRECTION('',(0.,-1.,0.));
#2406 = ORIENTED_EDGE('',*,*,#2407,.T.);
#2407 = EDGE_CURVE('',#2400,#2408,#2410,.T.);
#2408 = VERTEX_POINT('',#2409);
#2409 = CARTESIAN_POINT('',(11.,-13.4,3.5));
#2410 = LINE('',#2411,#2412);
#2411 = CARTESIAN_POINT('',(-13.25,-13.4,3.5));
#2412 = VECTOR('',#2413,1.);
#2413 = DIRECTION('',(1.,0.,0.));
#2414 = ORIENTED_EDGE('',*,*,#2415,.F.);
#2415 = EDGE_CURVE('',#2416,#2408,#2418,.T.);
#2416 = VERTEX_POINT('',#2417);
#2417 = CARTESIAN_POINT('',(11.,-12.95,3.5));
#2418 = LINE('',#2419,#2420);
#2419 = CARTESIAN_POINT('',(11.,-16.5,3.5));
#2420 = VECTOR('',#2421,1.);
#2421 = DIRECTION('',(0.,-1.,0.));
#2422 = ORIENTED_EDGE('',*,*,#2423,.T.);
#2423 = EDGE_CURVE('',#2416,#2424,#2426,.T.);
#2424 = VERTEX_POINT('',#2425);
#2425 = CARTESIAN_POINT('',(11.15,-12.8,3.5));
#2426 = LINE('',#2427,#2428);
#2427 = CARTESIAN_POINT('',(3.9625,-19.9875,3.5));
#2428 = VECTOR('',#2429,1.);
#2429 = DIRECTION('',(0.707106781187,0.707106781187,0.));
#2430 = ORIENTED_EDGE('',*,*,#2431,.T.);
#2431 = EDGE_CURVE('',#2424,#2432,#2434,.T.);
#2432 = VERTEX_POINT('',#2433);
#2433 = CARTESIAN_POINT('',(11.45,-12.8,3.5));
#2434 = LINE('',#2435,#2436);
#2435 = CARTESIAN_POINT('',(-1.375,-12.8,3.5));
#2436 = VECTOR('',#2437,1.);
#2437 = DIRECTION('',(1.,0.,0.));
#2438 = ORIENTED_EDGE('',*,*,#2439,.F.);
#2439 = EDGE_CURVE('',#2440,#2432,#2442,.T.);
#2440 = VERTEX_POINT('',#2441);
#2441 = CARTESIAN_POINT('',(11.6,-12.95,3.5));
#2442 = LINE('',#2443,#2444);
#2443 = CARTESIAN_POINT('',(6.1125,-7.4625,3.5));
#2444 = VECTOR('',#2445,1.);
#2445 = DIRECTION('',(-0.707106781187,0.707106781187,0.));
#2446 = ORIENTED_EDGE('',*,*,#2447,.T.);
#2447 = EDGE_CURVE('',#2440,#2448,#2450,.T.);
#2448 = VERTEX_POINT('',#2449);
#2449 = CARTESIAN_POINT('',(11.6,-13.4,3.5));
#2450 = LINE('',#2451,#2452);
#2451 = CARTESIAN_POINT('',(11.6,-16.5,3.5));
#2452 = VECTOR('',#2453,1.);
#2453 = DIRECTION('',(0.,-1.,0.));
#2454 = ORIENTED_EDGE('',*,*,#2455,.T.);
#2455 = EDGE_CURVE('',#2448,#2456,#2458,.T.);
#2456 = VERTEX_POINT('',#2457);
#2457 = CARTESIAN_POINT('',(12.5,-13.4,3.5));
#2458 = LINE('',#2459,#2460);
#2459 = CARTESIAN_POINT('',(-13.25,-13.4,3.5));
#2460 = VECTOR('',#2461,1.);
#2461 = DIRECTION('',(1.,0.,0.));
#2462 = ORIENTED_EDGE('',*,*,#2463,.F.);
#2463 = EDGE_CURVE('',#2464,#2456,#2466,.T.);
#2464 = VERTEX_POINT('',#2465);
#2465 = CARTESIAN_POINT('',(12.5,-12.95,3.5));
#2466 = LINE('',#2467,#2468);
#2467 = CARTESIAN_POINT('',(12.5,-16.5,3.5));
#2468 = VECTOR('',#2469,1.);
#2469 = DIRECTION('',(0.,-1.,0.));
#2470 = ORIENTED_EDGE('',*,*,#2471,.T.);
#2471 = EDGE_CURVE('',#2464,#2472,#2474,.T.);
#2472 = VERTEX_POINT('',#2473);
#2473 = CARTESIAN_POINT('',(12.65,-12.8,3.5));
#2474 = LINE('',#2475,#2476);
#2475 = CARTESIAN_POINT('',(5.0875,-20.3625,3.5));
#2476 = VECTOR('',#2477,1.);
#2477 = DIRECTION('',(0.707106781187,0.707106781187,0.));
#2478 = ORIENTED_EDGE('',*,*,#2479,.T.);
#2479 = EDGE_CURVE('',#2472,#2270,#2480,.T.);
#2480 = LINE('',#2481,#2482);
#2481 = CARTESIAN_POINT('',(-0.625,-12.8,3.5));
#2482 = VECTOR('',#2483,1.);
#2483 = DIRECTION('',(1.,0.,0.));
#2484 = ORIENTED_EDGE('',*,*,#2269,.F.);
#2485 = ORIENTED_EDGE('',*,*,#626,.T.);
#2486 = ORIENTED_EDGE('',*,*,#2487,.T.);
#2487 = EDGE_CURVE('',#619,#2296,#2488,.T.);
#2488 = LINE('',#2489,#2490);
#2489 = CARTESIAN_POINT('',(13.75,-16.5,3.5));
#2490 = VECTOR('',#2491,1.);
#2491 = DIRECTION('',(0.,1.,0.));
#2492 = PLANE('',#2493);
#2493 = AXIS2_PLACEMENT_3D('',#2494,#2495,#2496);
#2494 = CARTESIAN_POINT('',(-13.75,-16.5,3.5));
#2495 = DIRECTION('',(0.,0.,1.));
#2496 = DIRECTION('',(1.,0.,0.));
#2497 = ADVANCED_FACE('',(#2498),#2516,.T.);
#2498 = FACE_BOUND('',#2499,.T.);
#2499 = EDGE_LOOP('',(#2500,#2501,#2509,#2515));
#2500 = ORIENTED_EDGE('',*,*,#618,.T.);
#2501 = ORIENTED_EDGE('',*,*,#2502,.T.);
#2502 = EDGE_CURVE('',#611,#2503,#2505,.T.);
#2503 = VERTEX_POINT('',#2504);
#2504 = CARTESIAN_POINT('',(13.75,-12.05,0.5));
#2505 = LINE('',#2506,#2507);
#2506 = CARTESIAN_POINT('',(13.75,-16.5,0.5));
#2507 = VECTOR('',#2508,1.);
#2508 = DIRECTION('',(0.,1.,0.));
#2509 = ORIENTED_EDGE('',*,*,#2510,.T.);
#2510 = EDGE_CURVE('',#2503,#2296,#2511,.T.);
#2511 = LINE('',#2512,#2513);
#2512 = CARTESIAN_POINT('',(13.75,-12.05,0.5));
#2513 = VECTOR('',#2514,1.);
#2514 = DIRECTION('',(0.,0.,1.));
#2515 = ORIENTED_EDGE('',*,*,#2487,.F.);
#2516 = PLANE('',#2517);
#2517 = AXIS2_PLACEMENT_3D('',#2518,#2519,#2520);
#2518 = CARTESIAN_POINT('',(13.75,-16.5,0.5));
#2519 = DIRECTION('',(1.,0.,0.));
#2520 = DIRECTION('',(0.,0.,1.));
#2521 = ADVANCED_FACE('',(#2522),#2563,.F.);
#2522 = FACE_BOUND('',#2523,.F.);
#2523 = EDGE_LOOP('',(#2524,#2532,#2538,#2539,#2540,#2541,#2542,#2543,
    #2544,#2545,#2546,#2547,#2548,#2549,#2550,#2551,#2552,#2553,#2554,
    #2555,#2556,#2557,#2558,#2559,#2560,#2561,#2562));
#2524 = ORIENTED_EDGE('',*,*,#2525,.F.);
#2525 = EDGE_CURVE('',#2526,#2503,#2528,.T.);
#2526 = VERTEX_POINT('',#2527);
#2527 = CARTESIAN_POINT('',(7.306776436283,-12.05,0.5));
#2528 = LINE('',#2529,#2530);
#2529 = CARTESIAN_POINT('',(-13.75,-12.05,0.5));
#2530 = VECTOR('',#2531,1.);
#2531 = DIRECTION('',(1.,0.,0.));
#2532 = ORIENTED_EDGE('',*,*,#2533,.T.);
#2533 = EDGE_CURVE('',#2526,#1195,#2534,.T.);
#2534 = LINE('',#2535,#2536);
#2535 = CARTESIAN_POINT('',(7.306776436283,-20.,0.5));
#2536 = VECTOR('',#2537,1.);
#2537 = DIRECTION('',(0.,-1.,2.22044604925E-16));
#2538 = ORIENTED_EDGE('',*,*,#1203,.T.);
#2539 = ORIENTED_EDGE('',*,*,#1161,.F.);
#2540 = ORIENTED_EDGE('',*,*,#1146,.T.);
#2541 = ORIENTED_EDGE('',*,*,#1122,.T.);
#2542 = ORIENTED_EDGE('',*,*,#1091,.F.);
#2543 = ORIENTED_EDGE('',*,*,#1065,.T.);
#2544 = ORIENTED_EDGE('',*,*,#1050,.T.);
#2545 = ORIENTED_EDGE('',*,*,#1017,.F.);
#2546 = ORIENTED_EDGE('',*,*,#1002,.T.);
#2547 = ORIENTED_EDGE('',*,*,#978,.T.);
#2548 = ORIENTED_EDGE('',*,*,#947,.F.);
#2549 = ORIENTED_EDGE('',*,*,#921,.T.);
#2550 = ORIENTED_EDGE('',*,*,#906,.T.);
#2551 = ORIENTED_EDGE('',*,*,#873,.F.);
#2552 = ORIENTED_EDGE('',*,*,#858,.T.);
#2553 = ORIENTED_EDGE('',*,*,#834,.T.);
#2554 = ORIENTED_EDGE('',*,*,#803,.F.);
#2555 = ORIENTED_EDGE('',*,*,#777,.T.);
#2556 = ORIENTED_EDGE('',*,*,#762,.T.);
#2557 = ORIENTED_EDGE('',*,*,#729,.F.);
#2558 = ORIENTED_EDGE('',*,*,#714,.T.);
#2559 = ORIENTED_EDGE('',*,*,#690,.T.);
#2560 = ORIENTED_EDGE('',*,*,#659,.F.);
#2561 = ORIENTED_EDGE('',*,*,#610,.T.);
#2562 = ORIENTED_EDGE('',*,*,#2502,.T.);
#2563 = PLANE('',#2564);
#2564 = AXIS2_PLACEMENT_3D('',#2565,#2566,#2567);
#2565 = CARTESIAN_POINT('',(-13.75,-16.5,0.5));
#2566 = DIRECTION('',(0.,0.,1.));
#2567 = DIRECTION('',(1.,0.,0.));
#2568 = ADVANCED_FACE('',(#2569),#2688,.F.);
#2569 = FACE_BOUND('',#2570,.T.);
#2570 = EDGE_LOOP('',(#2571,#2579,#2580,#2581,#2588,#2589,#2590,#2591,
    #2592,#2593,#2594,#2595,#2596,#2604,#2613,#2621,#2630,#2638,#2647,
    #2656,#2665,#2673,#2680,#2681));
#2571 = ORIENTED_EDGE('',*,*,#2572,.F.);
#2572 = EDGE_CURVE('',#2246,#2573,#2575,.T.);
#2573 = VERTEX_POINT('',#2574);
#2574 = CARTESIAN_POINT('',(8.35,-12.05,2.));
#2575 = LINE('',#2576,#2577);
#2576 = CARTESIAN_POINT('',(8.35,-20.,2.));
#2577 = VECTOR('',#2578,1.);
#2578 = DIRECTION('',(0.,1.,-2.22044604925E-16));
#2579 = ORIENTED_EDGE('',*,*,#2253,.T.);
#2580 = ORIENTED_EDGE('',*,*,#2572,.T.);
#2581 = ORIENTED_EDGE('',*,*,#2582,.F.);
#2582 = EDGE_CURVE('',#2526,#2573,#2583,.T.);
#2583 = CIRCLE('',#2584,1.6);
#2584 = AXIS2_PLACEMENT_3D('',#2585,#2586,#2587);
#2585 = CARTESIAN_POINT('',(6.75,-12.05,2.));
#2586 = DIRECTION('',(0.,-1.,2.22044604925E-16));
#2587 = DIRECTION('',(1.,0.,0.));
#2588 = ORIENTED_EDGE('',*,*,#2533,.T.);
#2589 = ORIENTED_EDGE('',*,*,#1194,.F.);
#2590 = ORIENTED_EDGE('',*,*,#1226,.F.);
#2591 = ORIENTED_EDGE('',*,*,#1244,.T.);
#2592 = ORIENTED_EDGE('',*,*,#1276,.F.);
#2593 = ORIENTED_EDGE('',*,*,#1301,.F.);
#2594 = ORIENTED_EDGE('',*,*,#1318,.T.);
#2595 = ORIENTED_EDGE('',*,*,#1358,.F.);
#2596 = ORIENTED_EDGE('',*,*,#2597,.F.);
#2597 = EDGE_CURVE('',#2598,#1351,#2600,.T.);
#2598 = VERTEX_POINT('',#2599);
#2599 = CARTESIAN_POINT('',(6.193223563717,-12.05,0.5));
#2600 = LINE('',#2601,#2602);
#2601 = CARTESIAN_POINT('',(6.193223563717,-20.,0.5));
#2602 = VECTOR('',#2603,1.);
#2603 = DIRECTION('',(0.,-1.,2.22044604925E-16));
#2604 = ORIENTED_EDGE('',*,*,#2605,.F.);
#2605 = EDGE_CURVE('',#2606,#2598,#2608,.T.);
#2606 = VERTEX_POINT('',#2607);
#2607 = CARTESIAN_POINT('',(6.193223563717,-12.05,3.5));
#2608 = CIRCLE('',#2609,1.6);
#2609 = AXIS2_PLACEMENT_3D('',#2610,#2611,#2612);
#2610 = CARTESIAN_POINT('',(6.75,-12.05,2.));
#2611 = DIRECTION('',(0.,-1.,2.22044604925E-16));
#2612 = DIRECTION('',(1.,0.,0.));
#2613 = ORIENTED_EDGE('',*,*,#2614,.T.);
#2614 = EDGE_CURVE('',#2606,#2615,#2617,.T.);
#2615 = VERTEX_POINT('',#2616);
#2616 = CARTESIAN_POINT('',(6.193223563717,-13.4,3.5));
#2617 = LINE('',#2618,#2619);
#2618 = CARTESIAN_POINT('',(6.193223563717,-20.,3.5));
#2619 = VECTOR('',#2620,1.);
#2620 = DIRECTION('',(0.,-1.,2.22044604925E-16));
#2621 = ORIENTED_EDGE('',*,*,#2622,.F.);
#2622 = EDGE_CURVE('',#2623,#2615,#2625,.T.);
#2623 = VERTEX_POINT('',#2624);
#2624 = CARTESIAN_POINT('',(6.5,-13.4,3.580348062928));
#2625 = CIRCLE('',#2626,1.6);
#2626 = AXIS2_PLACEMENT_3D('',#2627,#2628,#2629);
#2627 = CARTESIAN_POINT('',(6.75,-13.4,2.));
#2628 = DIRECTION('',(0.,-1.,2.22044604925E-16));
#2629 = DIRECTION('',(1.,0.,0.));
#2630 = ORIENTED_EDGE('',*,*,#2631,.F.);
#2631 = EDGE_CURVE('',#2632,#2623,#2634,.T.);
#2632 = VERTEX_POINT('',#2633);
#2633 = CARTESIAN_POINT('',(6.5,-12.95,3.580348062928));
#2634 = LINE('',#2635,#2636);
#2635 = CARTESIAN_POINT('',(6.5,-20.,3.580348062928));
#2636 = VECTOR('',#2637,1.);
#2637 = DIRECTION('',(0.,-1.,2.22044604925E-16));
#2638 = ORIENTED_EDGE('',*,*,#2639,.F.);
#2639 = EDGE_CURVE('',#2640,#2632,#2642,.T.);
#2640 = VERTEX_POINT('',#2641);
#2641 = CARTESIAN_POINT('',(6.65,-12.8,3.596871942267));
#2642 = ELLIPSE('',#2643,2.262741699797,1.6);
#2643 = AXIS2_PLACEMENT_3D('',#2644,#2645,#2646);
#2644 = CARTESIAN_POINT('',(6.75,-12.7,2.));
#2645 = DIRECTION('',(0.707106781187,-0.707106781187,1.735113744859E-18)
  );
#2646 = DIRECTION('',(-0.707106781187,-0.707106781187,3.122833779919E-16
    ));
#2647 = ORIENTED_EDGE('',*,*,#2648,.F.);
#2648 = EDGE_CURVE('',#2649,#2640,#2651,.T.);
#2649 = VERTEX_POINT('',#2650);
#2650 = CARTESIAN_POINT('',(6.95,-12.8,3.587450786639));
#2651 = CIRCLE('',#2652,1.6);
#2652 = AXIS2_PLACEMENT_3D('',#2653,#2654,#2655);
#2653 = CARTESIAN_POINT('',(6.75,-12.8,2.));
#2654 = DIRECTION('',(0.,-1.,2.22044604925E-16));
#2655 = DIRECTION('',(1.,0.,0.));
#2656 = ORIENTED_EDGE('',*,*,#2657,.T.);
#2657 = EDGE_CURVE('',#2649,#2658,#2660,.T.);
#2658 = VERTEX_POINT('',#2659);
#2659 = CARTESIAN_POINT('',(7.1,-12.95,3.5612494996));
#2660 = ELLIPSE('',#2661,2.262741699797,1.6);
#2661 = AXIS2_PLACEMENT_3D('',#2662,#2663,#2664);
#2662 = CARTESIAN_POINT('',(6.75,-12.6,2.));
#2663 = DIRECTION('',(0.707106781187,0.707106781187,-1.735113744859E-18)
  );
#2664 = DIRECTION('',(0.707106781187,-0.707106781187,3.122833779919E-16)
  );
#2665 = ORIENTED_EDGE('',*,*,#2666,.T.);
#2666 = EDGE_CURVE('',#2658,#2667,#2669,.T.);
#2667 = VERTEX_POINT('',#2668);
#2668 = CARTESIAN_POINT('',(7.1,-13.4,3.5612494996));
#2669 = LINE('',#2670,#2671);
#2670 = CARTESIAN_POINT('',(7.1,-20.,3.5612494996));
#2671 = VECTOR('',#2672,1.);
#2672 = DIRECTION('',(0.,-1.,2.22044604925E-16));
#2673 = ORIENTED_EDGE('',*,*,#2674,.F.);
#2674 = EDGE_CURVE('',#2304,#2667,#2675,.T.);
#2675 = CIRCLE('',#2676,1.6);
#2676 = AXIS2_PLACEMENT_3D('',#2677,#2678,#2679);
#2677 = CARTESIAN_POINT('',(6.75,-13.4,2.));
#2678 = DIRECTION('',(0.,-1.,2.22044604925E-16));
#2679 = DIRECTION('',(1.,0.,0.));
#2680 = ORIENTED_EDGE('',*,*,#2303,.F.);
#2681 = ORIENTED_EDGE('',*,*,#2682,.F.);
#2682 = EDGE_CURVE('',#2573,#2294,#2683,.T.);
#2683 = CIRCLE('',#2684,1.6);
#2684 = AXIS2_PLACEMENT_3D('',#2685,#2686,#2687);
#2685 = CARTESIAN_POINT('',(6.75,-12.05,2.));
#2686 = DIRECTION('',(0.,-1.,2.22044604925E-16));
#2687 = DIRECTION('',(1.,0.,0.));
#2688 = CYLINDRICAL_SURFACE('',#2689,1.6);
#2689 = AXIS2_PLACEMENT_3D('',#2690,#2691,#2692);
#2690 = CARTESIAN_POINT('',(6.75,-20.,2.));
#2691 = DIRECTION('',(-0.,-1.,2.22044604925E-16));
#2692 = DIRECTION('',(1.,0.,0.));
#2693 = ADVANCED_FACE('',(#2694),#2723,.F.);
#2694 = FACE_BOUND('',#2695,.F.);
#2695 = EDGE_LOOP('',(#2696,#2702,#2703,#2704,#2705,#2706,#2707,#2708,
    #2709,#2710,#2711,#2712,#2713,#2714,#2715,#2716,#2717,#2718,#2719,
    #2720,#2721,#2722));
#2696 = ORIENTED_EDGE('',*,*,#2697,.F.);
#2697 = EDGE_CURVE('',#1809,#2598,#2698,.T.);
#2698 = LINE('',#2699,#2700);
#2699 = CARTESIAN_POINT('',(-13.75,-12.05,0.5));
#2700 = VECTOR('',#2701,1.);
#2701 = DIRECTION('',(1.,0.,0.));
#2702 = ORIENTED_EDGE('',*,*,#1808,.F.);
#2703 = ORIENTED_EDGE('',*,*,#1791,.T.);
#2704 = ORIENTED_EDGE('',*,*,#1758,.F.);
#2705 = ORIENTED_EDGE('',*,*,#1743,.T.);
#2706 = ORIENTED_EDGE('',*,*,#1719,.T.);
#2707 = ORIENTED_EDGE('',*,*,#1688,.F.);
#2708 = ORIENTED_EDGE('',*,*,#1662,.T.);
#2709 = ORIENTED_EDGE('',*,*,#1647,.T.);
#2710 = ORIENTED_EDGE('',*,*,#1614,.F.);
#2711 = ORIENTED_EDGE('',*,*,#1599,.T.);
#2712 = ORIENTED_EDGE('',*,*,#1575,.T.);
#2713 = ORIENTED_EDGE('',*,*,#1544,.F.);
#2714 = ORIENTED_EDGE('',*,*,#1518,.T.);
#2715 = ORIENTED_EDGE('',*,*,#1503,.T.);
#2716 = ORIENTED_EDGE('',*,*,#1470,.F.);
#2717 = ORIENTED_EDGE('',*,*,#1455,.T.);
#2718 = ORIENTED_EDGE('',*,*,#1431,.T.);
#2719 = ORIENTED_EDGE('',*,*,#1400,.F.);
#2720 = ORIENTED_EDGE('',*,*,#1374,.T.);
#2721 = ORIENTED_EDGE('',*,*,#1350,.T.);
#2722 = ORIENTED_EDGE('',*,*,#2597,.F.);
#2723 = PLANE('',#2724);
#2724 = AXIS2_PLACEMENT_3D('',#2725,#2726,#2727);
#2725 = CARTESIAN_POINT('',(-13.75,-16.5,0.5));
#2726 = DIRECTION('',(0.,0.,1.));
#2727 = DIRECTION('',(1.,0.,0.));
#2728 = ADVANCED_FACE('',(#2729),#2747,.T.);
#2729 = FACE_BOUND('',#2730,.T.);
#2730 = EDGE_LOOP('',(#2731,#2739,#2740,#2741));
#2731 = ORIENTED_EDGE('',*,*,#2732,.F.);
#2732 = EDGE_CURVE('',#1825,#2733,#2735,.T.);
#2733 = VERTEX_POINT('',#2734);
#2734 = CARTESIAN_POINT('',(2.,-13.4,3.5));
#2735 = LINE('',#2736,#2737);
#2736 = CARTESIAN_POINT('',(-13.25,-13.4,3.5));
#2737 = VECTOR('',#2738,1.);
#2738 = DIRECTION('',(1.,0.,0.));
#2739 = ORIENTED_EDGE('',*,*,#1832,.F.);
#2740 = ORIENTED_EDGE('',*,*,#2230,.T.);
#2741 = ORIENTED_EDGE('',*,*,#2742,.F.);
#2742 = EDGE_CURVE('',#2733,#2223,#2743,.T.);
#2743 = LINE('',#2744,#2745);
#2744 = CARTESIAN_POINT('',(2.,-13.4,-5.6));
#2745 = VECTOR('',#2746,1.);
#2746 = DIRECTION('',(0.,0.,1.));
#2747 = PLANE('',#2748);
#2748 = AXIS2_PLACEMENT_3D('',#2749,#2750,#2751);
#2749 = CARTESIAN_POINT('',(-12.75,-13.4,-5.6));
#2750 = DIRECTION('',(0.,1.,0.));
#2751 = DIRECTION('',(0.,0.,1.));
#2752 = ADVANCED_FACE('',(#2753),#2906,.T.);
#2753 = FACE_BOUND('',#2754,.T.);
#2754 = EDGE_LOOP('',(#2755,#2761,#2762,#2763,#2771,#2779,#2787,#2795,
    #2803,#2811,#2819,#2827,#2835,#2843,#2851,#2859,#2867,#2875,#2883,
    #2891,#2899,#2905));
#2755 = ORIENTED_EDGE('',*,*,#2756,.F.);
#2756 = EDGE_CURVE('',#1817,#2606,#2757,.T.);
#2757 = LINE('',#2758,#2759);
#2758 = CARTESIAN_POINT('',(-13.75,-12.05,3.5));
#2759 = VECTOR('',#2760,1.);
#2760 = DIRECTION('',(1.,0.,0.));
#2761 = ORIENTED_EDGE('',*,*,#1824,.F.);
#2762 = ORIENTED_EDGE('',*,*,#2732,.T.);
#2763 = ORIENTED_EDGE('',*,*,#2764,.F.);
#2764 = EDGE_CURVE('',#2765,#2733,#2767,.T.);
#2765 = VERTEX_POINT('',#2766);
#2766 = CARTESIAN_POINT('',(2.,-12.95,3.5));
#2767 = LINE('',#2768,#2769);
#2768 = CARTESIAN_POINT('',(2.,-16.5,3.5));
#2769 = VECTOR('',#2770,1.);
#2770 = DIRECTION('',(0.,-1.,0.));
#2771 = ORIENTED_EDGE('',*,*,#2772,.T.);
#2772 = EDGE_CURVE('',#2765,#2773,#2775,.T.);
#2773 = VERTEX_POINT('',#2774);
#2774 = CARTESIAN_POINT('',(2.15,-12.8,3.5));
#2775 = LINE('',#2776,#2777);
#2776 = CARTESIAN_POINT('',(-2.7875,-17.7375,3.5));
#2777 = VECTOR('',#2778,1.);
#2778 = DIRECTION('',(0.707106781187,0.707106781187,0.));
#2779 = ORIENTED_EDGE('',*,*,#2780,.T.);
#2780 = EDGE_CURVE('',#2773,#2781,#2783,.T.);
#2781 = VERTEX_POINT('',#2782);
#2782 = CARTESIAN_POINT('',(2.45,-12.8,3.5));
#2783 = LINE('',#2784,#2785);
#2784 = CARTESIAN_POINT('',(-5.875,-12.8,3.5));
#2785 = VECTOR('',#2786,1.);
#2786 = DIRECTION('',(1.,0.,0.));
#2787 = ORIENTED_EDGE('',*,*,#2788,.F.);
#2788 = EDGE_CURVE('',#2789,#2781,#2791,.T.);
#2789 = VERTEX_POINT('',#2790);
#2790 = CARTESIAN_POINT('',(2.6,-12.95,3.5));
#2791 = LINE('',#2792,#2793);
#2792 = CARTESIAN_POINT('',(-0.6375,-9.7125,3.5));
#2793 = VECTOR('',#2794,1.);
#2794 = DIRECTION('',(-0.707106781187,0.707106781187,0.));
#2795 = ORIENTED_EDGE('',*,*,#2796,.T.);
#2796 = EDGE_CURVE('',#2789,#2797,#2799,.T.);
#2797 = VERTEX_POINT('',#2798);
#2798 = CARTESIAN_POINT('',(2.6,-13.4,3.5));
#2799 = LINE('',#2800,#2801);
#2800 = CARTESIAN_POINT('',(2.6,-16.5,3.5));
#2801 = VECTOR('',#2802,1.);
#2802 = DIRECTION('',(0.,-1.,0.));
#2803 = ORIENTED_EDGE('',*,*,#2804,.T.);
#2804 = EDGE_CURVE('',#2797,#2805,#2807,.T.);
#2805 = VERTEX_POINT('',#2806);
#2806 = CARTESIAN_POINT('',(3.5,-13.4,3.5));
#2807 = LINE('',#2808,#2809);
#2808 = CARTESIAN_POINT('',(-13.25,-13.4,3.5));
#2809 = VECTOR('',#2810,1.);
#2810 = DIRECTION('',(1.,0.,0.));
#2811 = ORIENTED_EDGE('',*,*,#2812,.F.);
#2812 = EDGE_CURVE('',#2813,#2805,#2815,.T.);
#2813 = VERTEX_POINT('',#2814);
#2814 = CARTESIAN_POINT('',(3.5,-12.95,3.5));
#2815 = LINE('',#2816,#2817);
#2816 = CARTESIAN_POINT('',(3.5,-16.5,3.5));
#2817 = VECTOR('',#2818,1.);
#2818 = DIRECTION('',(0.,-1.,0.));
#2819 = ORIENTED_EDGE('',*,*,#2820,.T.);
#2820 = EDGE_CURVE('',#2813,#2821,#2823,.T.);
#2821 = VERTEX_POINT('',#2822);
#2822 = CARTESIAN_POINT('',(3.65,-12.8,3.5));
#2823 = LINE('',#2824,#2825);
#2824 = CARTESIAN_POINT('',(-1.6625,-18.1125,3.5));
#2825 = VECTOR('',#2826,1.);
#2826 = DIRECTION('',(0.707106781187,0.707106781187,0.));
#2827 = ORIENTED_EDGE('',*,*,#2828,.T.);
#2828 = EDGE_CURVE('',#2821,#2829,#2831,.T.);
#2829 = VERTEX_POINT('',#2830);
#2830 = CARTESIAN_POINT('',(3.95,-12.8,3.5));
#2831 = LINE('',#2832,#2833);
#2832 = CARTESIAN_POINT('',(-5.125,-12.8,3.5));
#2833 = VECTOR('',#2834,1.);
#2834 = DIRECTION('',(1.,0.,0.));
#2835 = ORIENTED_EDGE('',*,*,#2836,.F.);
#2836 = EDGE_CURVE('',#2837,#2829,#2839,.T.);
#2837 = VERTEX_POINT('',#2838);
#2838 = CARTESIAN_POINT('',(4.1,-12.95,3.5));
#2839 = LINE('',#2840,#2841);
#2840 = CARTESIAN_POINT('',(0.4875,-9.3375,3.5));
#2841 = VECTOR('',#2842,1.);
#2842 = DIRECTION('',(-0.707106781187,0.707106781187,0.));
#2843 = ORIENTED_EDGE('',*,*,#2844,.T.);
#2844 = EDGE_CURVE('',#2837,#2845,#2847,.T.);
#2845 = VERTEX_POINT('',#2846);
#2846 = CARTESIAN_POINT('',(4.1,-13.4,3.5));
#2847 = LINE('',#2848,#2849);
#2848 = CARTESIAN_POINT('',(4.1,-16.5,3.5));
#2849 = VECTOR('',#2850,1.);
#2850 = DIRECTION('',(0.,-1.,0.));
#2851 = ORIENTED_EDGE('',*,*,#2852,.T.);
#2852 = EDGE_CURVE('',#2845,#2853,#2855,.T.);
#2853 = VERTEX_POINT('',#2854);
#2854 = CARTESIAN_POINT('',(5.,-13.4,3.5));
#2855 = LINE('',#2856,#2857);
#2856 = CARTESIAN_POINT('',(-13.25,-13.4,3.5));
#2857 = VECTOR('',#2858,1.);
#2858 = DIRECTION('',(1.,0.,0.));
#2859 = ORIENTED_EDGE('',*,*,#2860,.F.);
#2860 = EDGE_CURVE('',#2861,#2853,#2863,.T.);
#2861 = VERTEX_POINT('',#2862);
#2862 = CARTESIAN_POINT('',(5.,-12.95,3.5));
#2863 = LINE('',#2864,#2865);
#2864 = CARTESIAN_POINT('',(5.,-16.5,3.5));
#2865 = VECTOR('',#2866,1.);
#2866 = DIRECTION('',(0.,-1.,0.));
#2867 = ORIENTED_EDGE('',*,*,#2868,.T.);
#2868 = EDGE_CURVE('',#2861,#2869,#2871,.T.);
#2869 = VERTEX_POINT('',#2870);
#2870 = CARTESIAN_POINT('',(5.15,-12.8,3.5));
#2871 = LINE('',#2872,#2873);
#2872 = CARTESIAN_POINT('',(-0.5375,-18.4875,3.5));
#2873 = VECTOR('',#2874,1.);
#2874 = DIRECTION('',(0.707106781187,0.707106781187,0.));
#2875 = ORIENTED_EDGE('',*,*,#2876,.T.);
#2876 = EDGE_CURVE('',#2869,#2877,#2879,.T.);
#2877 = VERTEX_POINT('',#2878);
#2878 = CARTESIAN_POINT('',(5.45,-12.8,3.5));
#2879 = LINE('',#2880,#2881);
#2880 = CARTESIAN_POINT('',(-4.375,-12.8,3.5));
#2881 = VECTOR('',#2882,1.);
#2882 = DIRECTION('',(1.,0.,0.));
#2883 = ORIENTED_EDGE('',*,*,#2884,.F.);
#2884 = EDGE_CURVE('',#2885,#2877,#2887,.T.);
#2885 = VERTEX_POINT('',#2886);
#2886 = CARTESIAN_POINT('',(5.6,-12.95,3.5));
#2887 = LINE('',#2888,#2889);
#2888 = CARTESIAN_POINT('',(1.6125,-8.9625,3.5));
#2889 = VECTOR('',#2890,1.);
#2890 = DIRECTION('',(-0.707106781187,0.707106781187,0.));
#2891 = ORIENTED_EDGE('',*,*,#2892,.T.);
#2892 = EDGE_CURVE('',#2885,#2893,#2895,.T.);
#2893 = VERTEX_POINT('',#2894);
#2894 = CARTESIAN_POINT('',(5.6,-13.4,3.5));
#2895 = LINE('',#2896,#2897);
#2896 = CARTESIAN_POINT('',(5.6,-16.5,3.5));
#2897 = VECTOR('',#2898,1.);
#2898 = DIRECTION('',(0.,-1.,0.));
#2899 = ORIENTED_EDGE('',*,*,#2900,.T.);
#2900 = EDGE_CURVE('',#2893,#2615,#2901,.T.);
#2901 = LINE('',#2902,#2903);
#2902 = CARTESIAN_POINT('',(-13.25,-13.4,3.5));
#2903 = VECTOR('',#2904,1.);
#2904 = DIRECTION('',(1.,0.,0.));
#2905 = ORIENTED_EDGE('',*,*,#2614,.F.);
#2906 = PLANE('',#2907);
#2907 = AXIS2_PLACEMENT_3D('',#2908,#2909,#2910);
#2908 = CARTESIAN_POINT('',(-13.75,-16.5,3.5));
#2909 = DIRECTION('',(0.,0.,1.));
#2910 = DIRECTION('',(1.,0.,0.));
#2911 = ADVANCED_FACE('',(#2912),#2918,.T.);
#2912 = FACE_BOUND('',#2913,.T.);
#2913 = EDGE_LOOP('',(#2914,#2915,#2916,#2917));
#2914 = ORIENTED_EDGE('',*,*,#2697,.F.);
#2915 = ORIENTED_EDGE('',*,*,#1816,.F.);
#2916 = ORIENTED_EDGE('',*,*,#2756,.T.);
#2917 = ORIENTED_EDGE('',*,*,#2605,.T.);
#2918 = PLANE('',#2919);
#2919 = AXIS2_PLACEMENT_3D('',#2920,#2921,#2922);
#2920 = CARTESIAN_POINT('',(-13.75,-12.05,0.5));
#2921 = DIRECTION('',(0.,1.,0.));
#2922 = DIRECTION('',(0.,0.,1.));
#2923 = ADVANCED_FACE('',(#2924),#2935,.F.);
#2924 = FACE_BOUND('',#2925,.F.);
#2925 = EDGE_LOOP('',(#2926,#2927,#2928,#2929));
#2926 = ORIENTED_EDGE('',*,*,#2222,.F.);
#2927 = ORIENTED_EDGE('',*,*,#2742,.F.);
#2928 = ORIENTED_EDGE('',*,*,#2764,.F.);
#2929 = ORIENTED_EDGE('',*,*,#2930,.T.);
#2930 = EDGE_CURVE('',#2765,#2215,#2931,.T.);
#2931 = LINE('',#2932,#2933);
#2932 = CARTESIAN_POINT('',(2.,-12.95,-5.6));
#2933 = VECTOR('',#2934,1.);
#2934 = DIRECTION('',(0.,0.,1.));
#2935 = PLANE('',#2936);
#2936 = AXIS2_PLACEMENT_3D('',#2937,#2938,#2939);
#2937 = CARTESIAN_POINT('',(2.,-16.5,-5.6));
#2938 = DIRECTION('',(1.,0.,0.));
#2939 = DIRECTION('',(0.,0.,1.));
#2940 = ADVANCED_FACE('',(#2941),#2952,.F.);
#2941 = FACE_BOUND('',#2942,.T.);
#2942 = EDGE_LOOP('',(#2943,#2944,#2945,#2946));
#2943 = ORIENTED_EDGE('',*,*,#2772,.F.);
#2944 = ORIENTED_EDGE('',*,*,#2930,.T.);
#2945 = ORIENTED_EDGE('',*,*,#2214,.T.);
#2946 = ORIENTED_EDGE('',*,*,#2947,.F.);
#2947 = EDGE_CURVE('',#2773,#2207,#2948,.T.);
#2948 = LINE('',#2949,#2950);
#2949 = CARTESIAN_POINT('',(2.15,-12.8,-5.6));
#2950 = VECTOR('',#2951,1.);
#2951 = DIRECTION('',(0.,0.,1.));
#2952 = PLANE('',#2953);
#2953 = AXIS2_PLACEMENT_3D('',#2954,#2955,#2956);
#2954 = CARTESIAN_POINT('',(2.075,-12.875,-5.6));
#2955 = DIRECTION('',(0.707106781187,-0.707106781187,1.735113744859E-18)
  );
#2956 = DIRECTION('',(1.226910695119E-18,-1.226910695119E-18,-1.));
#2957 = ADVANCED_FACE('',(#2958),#2969,.T.);
#2958 = FACE_BOUND('',#2959,.T.);
#2959 = EDGE_LOOP('',(#2960,#2961,#2962,#2963));
#2960 = ORIENTED_EDGE('',*,*,#2780,.F.);
#2961 = ORIENTED_EDGE('',*,*,#2947,.T.);
#2962 = ORIENTED_EDGE('',*,*,#2206,.T.);
#2963 = ORIENTED_EDGE('',*,*,#2964,.F.);
#2964 = EDGE_CURVE('',#2781,#2199,#2965,.T.);
#2965 = LINE('',#2966,#2967);
#2966 = CARTESIAN_POINT('',(2.45,-12.8,-5.6));
#2967 = VECTOR('',#2968,1.);
#2968 = DIRECTION('',(0.,0.,1.));
#2969 = PLANE('',#2970);
#2970 = AXIS2_PLACEMENT_3D('',#2971,#2972,#2973);
#2971 = CARTESIAN_POINT('',(2.,-12.8,-5.6));
#2972 = DIRECTION('',(0.,1.,0.));
#2973 = DIRECTION('',(0.,0.,1.));
#2974 = ADVANCED_FACE('',(#2975),#2986,.T.);
#2975 = FACE_BOUND('',#2976,.F.);
#2976 = EDGE_LOOP('',(#2977,#2978,#2984,#2985));
#2977 = ORIENTED_EDGE('',*,*,#2788,.F.);
#2978 = ORIENTED_EDGE('',*,*,#2979,.T.);
#2979 = EDGE_CURVE('',#2789,#2191,#2980,.T.);
#2980 = LINE('',#2981,#2982);
#2981 = CARTESIAN_POINT('',(2.6,-12.95,-5.6));
#2982 = VECTOR('',#2983,1.);
#2983 = DIRECTION('',(0.,0.,1.));
#2984 = ORIENTED_EDGE('',*,*,#2198,.T.);
#2985 = ORIENTED_EDGE('',*,*,#2964,.F.);
#2986 = PLANE('',#2987);
#2987 = AXIS2_PLACEMENT_3D('',#2988,#2989,#2990);
#2988 = CARTESIAN_POINT('',(2.525,-12.875,-5.6));
#2989 = DIRECTION('',(0.707106781187,0.707106781187,-1.735113744859E-18)
  );
#2990 = DIRECTION('',(-1.226910695119E-18,-1.226910695119E-18,-1.));
#2991 = ADVANCED_FACE('',(#2992),#3003,.T.);
#2992 = FACE_BOUND('',#2993,.T.);
#2993 = EDGE_LOOP('',(#2994,#2995,#3001,#3002));
#2994 = ORIENTED_EDGE('',*,*,#2190,.F.);
#2995 = ORIENTED_EDGE('',*,*,#2996,.F.);
#2996 = EDGE_CURVE('',#2797,#2183,#2997,.T.);
#2997 = LINE('',#2998,#2999);
#2998 = CARTESIAN_POINT('',(2.6,-13.4,-5.6));
#2999 = VECTOR('',#3000,1.);
#3000 = DIRECTION('',(0.,0.,1.));
#3001 = ORIENTED_EDGE('',*,*,#2796,.F.);
#3002 = ORIENTED_EDGE('',*,*,#2979,.T.);
#3003 = PLANE('',#3004);
#3004 = AXIS2_PLACEMENT_3D('',#3005,#3006,#3007);
#3005 = CARTESIAN_POINT('',(2.6,-16.5,-5.6));
#3006 = DIRECTION('',(1.,0.,0.));
#3007 = DIRECTION('',(0.,0.,1.));
#3008 = ADVANCED_FACE('',(#3009),#3020,.T.);
#3009 = FACE_BOUND('',#3010,.T.);
#3010 = EDGE_LOOP('',(#3011,#3012,#3013,#3014));
#3011 = ORIENTED_EDGE('',*,*,#2804,.F.);
#3012 = ORIENTED_EDGE('',*,*,#2996,.T.);
#3013 = ORIENTED_EDGE('',*,*,#2182,.T.);
#3014 = ORIENTED_EDGE('',*,*,#3015,.F.);
#3015 = EDGE_CURVE('',#2805,#2175,#3016,.T.);
#3016 = LINE('',#3017,#3018);
#3017 = CARTESIAN_POINT('',(3.5,-13.4,-5.6));
#3018 = VECTOR('',#3019,1.);
#3019 = DIRECTION('',(0.,0.,1.));
#3020 = PLANE('',#3021);
#3021 = AXIS2_PLACEMENT_3D('',#3022,#3023,#3024);
#3022 = CARTESIAN_POINT('',(-12.75,-13.4,-5.6));
#3023 = DIRECTION('',(0.,1.,0.));
#3024 = DIRECTION('',(0.,0.,1.));
#3025 = ADVANCED_FACE('',(#3026),#3037,.F.);
#3026 = FACE_BOUND('',#3027,.F.);
#3027 = EDGE_LOOP('',(#3028,#3029,#3030,#3031));
#3028 = ORIENTED_EDGE('',*,*,#2174,.F.);
#3029 = ORIENTED_EDGE('',*,*,#3015,.F.);
#3030 = ORIENTED_EDGE('',*,*,#2812,.F.);
#3031 = ORIENTED_EDGE('',*,*,#3032,.T.);
#3032 = EDGE_CURVE('',#2813,#2167,#3033,.T.);
#3033 = LINE('',#3034,#3035);
#3034 = CARTESIAN_POINT('',(3.5,-12.95,-5.6));
#3035 = VECTOR('',#3036,1.);
#3036 = DIRECTION('',(0.,0.,1.));
#3037 = PLANE('',#3038);
#3038 = AXIS2_PLACEMENT_3D('',#3039,#3040,#3041);
#3039 = CARTESIAN_POINT('',(3.5,-16.5,-5.6));
#3040 = DIRECTION('',(1.,0.,0.));
#3041 = DIRECTION('',(0.,0.,1.));
#3042 = ADVANCED_FACE('',(#3043),#3054,.F.);
#3043 = FACE_BOUND('',#3044,.T.);
#3044 = EDGE_LOOP('',(#3045,#3046,#3047,#3048));
#3045 = ORIENTED_EDGE('',*,*,#2820,.F.);
#3046 = ORIENTED_EDGE('',*,*,#3032,.T.);
#3047 = ORIENTED_EDGE('',*,*,#2166,.T.);
#3048 = ORIENTED_EDGE('',*,*,#3049,.F.);
#3049 = EDGE_CURVE('',#2821,#2159,#3050,.T.);
#3050 = LINE('',#3051,#3052);
#3051 = CARTESIAN_POINT('',(3.65,-12.8,-5.6));
#3052 = VECTOR('',#3053,1.);
#3053 = DIRECTION('',(0.,0.,1.));
#3054 = PLANE('',#3055);
#3055 = AXIS2_PLACEMENT_3D('',#3056,#3057,#3058);
#3056 = CARTESIAN_POINT('',(3.575,-12.875,-5.6));
#3057 = DIRECTION('',(0.707106781187,-0.707106781187,1.735113744859E-18)
  );
#3058 = DIRECTION('',(1.226910695119E-18,-1.226910695119E-18,-1.));
#3059 = ADVANCED_FACE('',(#3060),#3071,.T.);
#3060 = FACE_BOUND('',#3061,.T.);
#3061 = EDGE_LOOP('',(#3062,#3063,#3064,#3065));
#3062 = ORIENTED_EDGE('',*,*,#2828,.F.);
#3063 = ORIENTED_EDGE('',*,*,#3049,.T.);
#3064 = ORIENTED_EDGE('',*,*,#2158,.T.);
#3065 = ORIENTED_EDGE('',*,*,#3066,.F.);
#3066 = EDGE_CURVE('',#2829,#2151,#3067,.T.);
#3067 = LINE('',#3068,#3069);
#3068 = CARTESIAN_POINT('',(3.95,-12.8,-5.6));
#3069 = VECTOR('',#3070,1.);
#3070 = DIRECTION('',(0.,0.,1.));
#3071 = PLANE('',#3072);
#3072 = AXIS2_PLACEMENT_3D('',#3073,#3074,#3075);
#3073 = CARTESIAN_POINT('',(3.5,-12.8,-5.6));
#3074 = DIRECTION('',(0.,1.,0.));
#3075 = DIRECTION('',(0.,0.,1.));
#3076 = ADVANCED_FACE('',(#3077),#3088,.T.);
#3077 = FACE_BOUND('',#3078,.F.);
#3078 = EDGE_LOOP('',(#3079,#3080,#3086,#3087));
#3079 = ORIENTED_EDGE('',*,*,#2836,.F.);
#3080 = ORIENTED_EDGE('',*,*,#3081,.T.);
#3081 = EDGE_CURVE('',#2837,#2143,#3082,.T.);
#3082 = LINE('',#3083,#3084);
#3083 = CARTESIAN_POINT('',(4.1,-12.95,-5.6));
#3084 = VECTOR('',#3085,1.);
#3085 = DIRECTION('',(0.,0.,1.));
#3086 = ORIENTED_EDGE('',*,*,#2150,.T.);
#3087 = ORIENTED_EDGE('',*,*,#3066,.F.);
#3088 = PLANE('',#3089);
#3089 = AXIS2_PLACEMENT_3D('',#3090,#3091,#3092);
#3090 = CARTESIAN_POINT('',(4.025,-12.875,-5.6));
#3091 = DIRECTION('',(0.707106781187,0.707106781187,-1.735113744859E-18)
  );
#3092 = DIRECTION('',(-1.226910695119E-18,-1.226910695119E-18,-1.));
#3093 = ADVANCED_FACE('',(#3094),#3105,.T.);
#3094 = FACE_BOUND('',#3095,.T.);
#3095 = EDGE_LOOP('',(#3096,#3097,#3103,#3104));
#3096 = ORIENTED_EDGE('',*,*,#2142,.F.);
#3097 = ORIENTED_EDGE('',*,*,#3098,.F.);
#3098 = EDGE_CURVE('',#2845,#2135,#3099,.T.);
#3099 = LINE('',#3100,#3101);
#3100 = CARTESIAN_POINT('',(4.1,-13.4,-5.6));
#3101 = VECTOR('',#3102,1.);
#3102 = DIRECTION('',(0.,0.,1.));
#3103 = ORIENTED_EDGE('',*,*,#2844,.F.);
#3104 = ORIENTED_EDGE('',*,*,#3081,.T.);
#3105 = PLANE('',#3106);
#3106 = AXIS2_PLACEMENT_3D('',#3107,#3108,#3109);
#3107 = CARTESIAN_POINT('',(4.1,-16.5,-5.6));
#3108 = DIRECTION('',(1.,0.,0.));
#3109 = DIRECTION('',(0.,0.,1.));
#3110 = ADVANCED_FACE('',(#3111),#3122,.T.);
#3111 = FACE_BOUND('',#3112,.T.);
#3112 = EDGE_LOOP('',(#3113,#3114,#3115,#3116));
#3113 = ORIENTED_EDGE('',*,*,#2852,.F.);
#3114 = ORIENTED_EDGE('',*,*,#3098,.T.);
#3115 = ORIENTED_EDGE('',*,*,#2134,.T.);
#3116 = ORIENTED_EDGE('',*,*,#3117,.F.);
#3117 = EDGE_CURVE('',#2853,#2127,#3118,.T.);
#3118 = LINE('',#3119,#3120);
#3119 = CARTESIAN_POINT('',(5.,-13.4,-5.6));
#3120 = VECTOR('',#3121,1.);
#3121 = DIRECTION('',(0.,0.,1.));
#3122 = PLANE('',#3123);
#3123 = AXIS2_PLACEMENT_3D('',#3124,#3125,#3126);
#3124 = CARTESIAN_POINT('',(-12.75,-13.4,-5.6));
#3125 = DIRECTION('',(0.,1.,0.));
#3126 = DIRECTION('',(0.,0.,1.));
#3127 = ADVANCED_FACE('',(#3128),#3139,.F.);
#3128 = FACE_BOUND('',#3129,.F.);
#3129 = EDGE_LOOP('',(#3130,#3131,#3132,#3133));
#3130 = ORIENTED_EDGE('',*,*,#2126,.F.);
#3131 = ORIENTED_EDGE('',*,*,#3117,.F.);
#3132 = ORIENTED_EDGE('',*,*,#2860,.F.);
#3133 = ORIENTED_EDGE('',*,*,#3134,.T.);
#3134 = EDGE_CURVE('',#2861,#2119,#3135,.T.);
#3135 = LINE('',#3136,#3137);
#3136 = CARTESIAN_POINT('',(5.,-12.95,-5.6));
#3137 = VECTOR('',#3138,1.);
#3138 = DIRECTION('',(0.,0.,1.));
#3139 = PLANE('',#3140);
#3140 = AXIS2_PLACEMENT_3D('',#3141,#3142,#3143);
#3141 = CARTESIAN_POINT('',(5.,-16.5,-5.6));
#3142 = DIRECTION('',(1.,0.,0.));
#3143 = DIRECTION('',(0.,0.,1.));
#3144 = ADVANCED_FACE('',(#3145),#3156,.F.);
#3145 = FACE_BOUND('',#3146,.T.);
#3146 = EDGE_LOOP('',(#3147,#3148,#3149,#3150));
#3147 = ORIENTED_EDGE('',*,*,#2868,.F.);
#3148 = ORIENTED_EDGE('',*,*,#3134,.T.);
#3149 = ORIENTED_EDGE('',*,*,#2118,.T.);
#3150 = ORIENTED_EDGE('',*,*,#3151,.F.);
#3151 = EDGE_CURVE('',#2869,#2111,#3152,.T.);
#3152 = LINE('',#3153,#3154);
#3153 = CARTESIAN_POINT('',(5.15,-12.8,-5.6));
#3154 = VECTOR('',#3155,1.);
#3155 = DIRECTION('',(0.,0.,1.));
#3156 = PLANE('',#3157);
#3157 = AXIS2_PLACEMENT_3D('',#3158,#3159,#3160);
#3158 = CARTESIAN_POINT('',(5.075,-12.875,-5.6));
#3159 = DIRECTION('',(0.707106781187,-0.707106781187,1.735113744859E-18)
  );
#3160 = DIRECTION('',(1.226910695119E-18,-1.226910695119E-18,-1.));
#3161 = ADVANCED_FACE('',(#3162),#3173,.T.);
#3162 = FACE_BOUND('',#3163,.T.);
#3163 = EDGE_LOOP('',(#3164,#3165,#3166,#3167));
#3164 = ORIENTED_EDGE('',*,*,#2876,.F.);
#3165 = ORIENTED_EDGE('',*,*,#3151,.T.);
#3166 = ORIENTED_EDGE('',*,*,#2110,.T.);
#3167 = ORIENTED_EDGE('',*,*,#3168,.F.);
#3168 = EDGE_CURVE('',#2877,#2103,#3169,.T.);
#3169 = LINE('',#3170,#3171);
#3170 = CARTESIAN_POINT('',(5.45,-12.8,-5.6));
#3171 = VECTOR('',#3172,1.);
#3172 = DIRECTION('',(0.,0.,1.));
#3173 = PLANE('',#3174);
#3174 = AXIS2_PLACEMENT_3D('',#3175,#3176,#3177);
#3175 = CARTESIAN_POINT('',(5.,-12.8,-5.6));
#3176 = DIRECTION('',(0.,1.,0.));
#3177 = DIRECTION('',(0.,0.,1.));
#3178 = ADVANCED_FACE('',(#3179),#3190,.T.);
#3179 = FACE_BOUND('',#3180,.F.);
#3180 = EDGE_LOOP('',(#3181,#3182,#3188,#3189));
#3181 = ORIENTED_EDGE('',*,*,#2884,.F.);
#3182 = ORIENTED_EDGE('',*,*,#3183,.T.);
#3183 = EDGE_CURVE('',#2885,#2095,#3184,.T.);
#3184 = LINE('',#3185,#3186);
#3185 = CARTESIAN_POINT('',(5.6,-12.95,-5.6));
#3186 = VECTOR('',#3187,1.);
#3187 = DIRECTION('',(0.,0.,1.));
#3188 = ORIENTED_EDGE('',*,*,#2102,.T.);
#3189 = ORIENTED_EDGE('',*,*,#3168,.F.);
#3190 = PLANE('',#3191);
#3191 = AXIS2_PLACEMENT_3D('',#3192,#3193,#3194);
#3192 = CARTESIAN_POINT('',(5.525,-12.875,-5.6));
#3193 = DIRECTION('',(0.707106781187,0.707106781187,-1.735113744859E-18)
  );
#3194 = DIRECTION('',(-1.226910695119E-18,-1.226910695119E-18,-1.));
#3195 = ADVANCED_FACE('',(#3196),#3207,.T.);
#3196 = FACE_BOUND('',#3197,.T.);
#3197 = EDGE_LOOP('',(#3198,#3199,#3205,#3206));
#3198 = ORIENTED_EDGE('',*,*,#2094,.F.);
#3199 = ORIENTED_EDGE('',*,*,#3200,.F.);
#3200 = EDGE_CURVE('',#2893,#2087,#3201,.T.);
#3201 = LINE('',#3202,#3203);
#3202 = CARTESIAN_POINT('',(5.6,-13.4,-5.6));
#3203 = VECTOR('',#3204,1.);
#3204 = DIRECTION('',(0.,0.,1.));
#3205 = ORIENTED_EDGE('',*,*,#2892,.F.);
#3206 = ORIENTED_EDGE('',*,*,#3183,.T.);
#3207 = PLANE('',#3208);
#3208 = AXIS2_PLACEMENT_3D('',#3209,#3210,#3211);
#3209 = CARTESIAN_POINT('',(5.6,-16.5,-5.6));
#3210 = DIRECTION('',(1.,0.,0.));
#3211 = DIRECTION('',(0.,0.,1.));
#3212 = ADVANCED_FACE('',(#3213),#3225,.T.);
#3213 = FACE_BOUND('',#3214,.T.);
#3214 = EDGE_LOOP('',(#3215,#3216,#3217,#3218,#3224));
#3215 = ORIENTED_EDGE('',*,*,#2900,.F.);
#3216 = ORIENTED_EDGE('',*,*,#3200,.T.);
#3217 = ORIENTED_EDGE('',*,*,#2086,.T.);
#3218 = ORIENTED_EDGE('',*,*,#3219,.F.);
#3219 = EDGE_CURVE('',#2623,#2079,#3220,.T.);
#3220 = LINE('',#3221,#3222);
#3221 = CARTESIAN_POINT('',(6.5,-13.4,-5.6));
#3222 = VECTOR('',#3223,1.);
#3223 = DIRECTION('',(0.,0.,1.));
#3224 = ORIENTED_EDGE('',*,*,#2622,.T.);
#3225 = PLANE('',#3226);
#3226 = AXIS2_PLACEMENT_3D('',#3227,#3228,#3229);
#3227 = CARTESIAN_POINT('',(-12.75,-13.4,-5.6));
#3228 = DIRECTION('',(0.,1.,0.));
#3229 = DIRECTION('',(0.,0.,1.));
#3230 = ADVANCED_FACE('',(#3231),#3242,.F.);
#3231 = FACE_BOUND('',#3232,.F.);
#3232 = EDGE_LOOP('',(#3233,#3234,#3235,#3236));
#3233 = ORIENTED_EDGE('',*,*,#2078,.F.);
#3234 = ORIENTED_EDGE('',*,*,#3219,.F.);
#3235 = ORIENTED_EDGE('',*,*,#2631,.F.);
#3236 = ORIENTED_EDGE('',*,*,#3237,.T.);
#3237 = EDGE_CURVE('',#2632,#2071,#3238,.T.);
#3238 = LINE('',#3239,#3240);
#3239 = CARTESIAN_POINT('',(6.5,-12.95,-5.6));
#3240 = VECTOR('',#3241,1.);
#3241 = DIRECTION('',(0.,0.,1.));
#3242 = PLANE('',#3243);
#3243 = AXIS2_PLACEMENT_3D('',#3244,#3245,#3246);
#3244 = CARTESIAN_POINT('',(6.5,-16.5,-5.6));
#3245 = DIRECTION('',(1.,0.,0.));
#3246 = DIRECTION('',(0.,0.,1.));
#3247 = ADVANCED_FACE('',(#3248),#3259,.F.);
#3248 = FACE_BOUND('',#3249,.T.);
#3249 = EDGE_LOOP('',(#3250,#3251,#3252,#3253));
#3250 = ORIENTED_EDGE('',*,*,#2639,.T.);
#3251 = ORIENTED_EDGE('',*,*,#3237,.T.);
#3252 = ORIENTED_EDGE('',*,*,#2070,.T.);
#3253 = ORIENTED_EDGE('',*,*,#3254,.F.);
#3254 = EDGE_CURVE('',#2640,#2063,#3255,.T.);
#3255 = LINE('',#3256,#3257);
#3256 = CARTESIAN_POINT('',(6.65,-12.8,-5.6));
#3257 = VECTOR('',#3258,1.);
#3258 = DIRECTION('',(0.,0.,1.));
#3259 = PLANE('',#3260);
#3260 = AXIS2_PLACEMENT_3D('',#3261,#3262,#3263);
#3261 = CARTESIAN_POINT('',(6.575,-12.875,-5.6));
#3262 = DIRECTION('',(0.707106781187,-0.707106781187,1.735113744859E-18)
  );
#3263 = DIRECTION('',(1.226910695119E-18,-1.226910695119E-18,-1.));
#3264 = ADVANCED_FACE('',(#3265),#3276,.T.);
#3265 = FACE_BOUND('',#3266,.T.);
#3266 = EDGE_LOOP('',(#3267,#3268,#3269,#3270));
#3267 = ORIENTED_EDGE('',*,*,#2648,.T.);
#3268 = ORIENTED_EDGE('',*,*,#3254,.T.);
#3269 = ORIENTED_EDGE('',*,*,#2062,.T.);
#3270 = ORIENTED_EDGE('',*,*,#3271,.F.);
#3271 = EDGE_CURVE('',#2649,#2055,#3272,.T.);
#3272 = LINE('',#3273,#3274);
#3273 = CARTESIAN_POINT('',(6.95,-12.8,-5.6));
#3274 = VECTOR('',#3275,1.);
#3275 = DIRECTION('',(0.,0.,1.));
#3276 = PLANE('',#3277);
#3277 = AXIS2_PLACEMENT_3D('',#3278,#3279,#3280);
#3278 = CARTESIAN_POINT('',(6.5,-12.8,-5.6));
#3279 = DIRECTION('',(0.,1.,0.));
#3280 = DIRECTION('',(0.,0.,1.));
#3281 = ADVANCED_FACE('',(#3282),#3293,.T.);
#3282 = FACE_BOUND('',#3283,.F.);
#3283 = EDGE_LOOP('',(#3284,#3285,#3291,#3292));
#3284 = ORIENTED_EDGE('',*,*,#2657,.T.);
#3285 = ORIENTED_EDGE('',*,*,#3286,.T.);
#3286 = EDGE_CURVE('',#2658,#2047,#3287,.T.);
#3287 = LINE('',#3288,#3289);
#3288 = CARTESIAN_POINT('',(7.1,-12.95,-5.6));
#3289 = VECTOR('',#3290,1.);
#3290 = DIRECTION('',(0.,0.,1.));
#3291 = ORIENTED_EDGE('',*,*,#2054,.T.);
#3292 = ORIENTED_EDGE('',*,*,#3271,.F.);
#3293 = PLANE('',#3294);
#3294 = AXIS2_PLACEMENT_3D('',#3295,#3296,#3297);
#3295 = CARTESIAN_POINT('',(7.025,-12.875,-5.6));
#3296 = DIRECTION('',(0.707106781187,0.707106781187,-1.735113744859E-18)
  );
#3297 = DIRECTION('',(-1.226910695119E-18,-1.226910695119E-18,-1.));
#3298 = ADVANCED_FACE('',(#3299),#3310,.T.);
#3299 = FACE_BOUND('',#3300,.T.);
#3300 = EDGE_LOOP('',(#3301,#3302,#3308,#3309));
#3301 = ORIENTED_EDGE('',*,*,#2046,.F.);
#3302 = ORIENTED_EDGE('',*,*,#3303,.F.);
#3303 = EDGE_CURVE('',#2667,#2039,#3304,.T.);
#3304 = LINE('',#3305,#3306);
#3305 = CARTESIAN_POINT('',(7.1,-13.4,-5.6));
#3306 = VECTOR('',#3307,1.);
#3307 = DIRECTION('',(0.,0.,1.));
#3308 = ORIENTED_EDGE('',*,*,#2666,.F.);
#3309 = ORIENTED_EDGE('',*,*,#3286,.T.);
#3310 = PLANE('',#3311);
#3311 = AXIS2_PLACEMENT_3D('',#3312,#3313,#3314);
#3312 = CARTESIAN_POINT('',(7.1,-16.5,-5.6));
#3313 = DIRECTION('',(1.,0.,0.));
#3314 = DIRECTION('',(0.,0.,1.));
#3315 = ADVANCED_FACE('',(#3316),#3328,.T.);
#3316 = FACE_BOUND('',#3317,.T.);
#3317 = EDGE_LOOP('',(#3318,#3319,#3320,#3321,#3322));
#3318 = ORIENTED_EDGE('',*,*,#2311,.F.);
#3319 = ORIENTED_EDGE('',*,*,#2674,.T.);
#3320 = ORIENTED_EDGE('',*,*,#3303,.T.);
#3321 = ORIENTED_EDGE('',*,*,#2038,.T.);
#3322 = ORIENTED_EDGE('',*,*,#3323,.F.);
#3323 = EDGE_CURVE('',#2312,#2031,#3324,.T.);
#3324 = LINE('',#3325,#3326);
#3325 = CARTESIAN_POINT('',(8.,-13.4,-5.6));
#3326 = VECTOR('',#3327,1.);
#3327 = DIRECTION('',(0.,0.,1.));
#3328 = PLANE('',#3329);
#3329 = AXIS2_PLACEMENT_3D('',#3330,#3331,#3332);
#3330 = CARTESIAN_POINT('',(-12.75,-13.4,-5.6));
#3331 = DIRECTION('',(0.,1.,0.));
#3332 = DIRECTION('',(0.,0.,1.));
#3333 = ADVANCED_FACE('',(#3334),#3345,.F.);
#3334 = FACE_BOUND('',#3335,.F.);
#3335 = EDGE_LOOP('',(#3336,#3337,#3338,#3339));
#3336 = ORIENTED_EDGE('',*,*,#2030,.F.);
#3337 = ORIENTED_EDGE('',*,*,#3323,.F.);
#3338 = ORIENTED_EDGE('',*,*,#2319,.F.);
#3339 = ORIENTED_EDGE('',*,*,#3340,.T.);
#3340 = EDGE_CURVE('',#2320,#2023,#3341,.T.);
#3341 = LINE('',#3342,#3343);
#3342 = CARTESIAN_POINT('',(8.,-12.95,-5.6));
#3343 = VECTOR('',#3344,1.);
#3344 = DIRECTION('',(0.,0.,1.));
#3345 = PLANE('',#3346);
#3346 = AXIS2_PLACEMENT_3D('',#3347,#3348,#3349);
#3347 = CARTESIAN_POINT('',(8.,-16.5,-5.6));
#3348 = DIRECTION('',(1.,0.,0.));
#3349 = DIRECTION('',(0.,0.,1.));
#3350 = ADVANCED_FACE('',(#3351),#3362,.F.);
#3351 = FACE_BOUND('',#3352,.T.);
#3352 = EDGE_LOOP('',(#3353,#3354,#3355,#3356));
#3353 = ORIENTED_EDGE('',*,*,#2327,.F.);
#3354 = ORIENTED_EDGE('',*,*,#3340,.T.);
#3355 = ORIENTED_EDGE('',*,*,#2022,.T.);
#3356 = ORIENTED_EDGE('',*,*,#3357,.F.);
#3357 = EDGE_CURVE('',#2328,#2015,#3358,.T.);
#3358 = LINE('',#3359,#3360);
#3359 = CARTESIAN_POINT('',(8.15,-12.8,-5.6));
#3360 = VECTOR('',#3361,1.);
#3361 = DIRECTION('',(0.,0.,1.));
#3362 = PLANE('',#3363);
#3363 = AXIS2_PLACEMENT_3D('',#3364,#3365,#3366);
#3364 = CARTESIAN_POINT('',(8.075,-12.875,-5.6));
#3365 = DIRECTION('',(0.707106781187,-0.707106781187,1.735113744859E-18)
  );
#3366 = DIRECTION('',(1.226910695119E-18,-1.226910695119E-18,-1.));
#3367 = ADVANCED_FACE('',(#3368),#3379,.T.);
#3368 = FACE_BOUND('',#3369,.T.);
#3369 = EDGE_LOOP('',(#3370,#3371,#3372,#3373));
#3370 = ORIENTED_EDGE('',*,*,#2335,.F.);
#3371 = ORIENTED_EDGE('',*,*,#3357,.T.);
#3372 = ORIENTED_EDGE('',*,*,#2014,.T.);
#3373 = ORIENTED_EDGE('',*,*,#3374,.F.);
#3374 = EDGE_CURVE('',#2336,#2007,#3375,.T.);
#3375 = LINE('',#3376,#3377);
#3376 = CARTESIAN_POINT('',(8.45,-12.8,-5.6));
#3377 = VECTOR('',#3378,1.);
#3378 = DIRECTION('',(0.,0.,1.));
#3379 = PLANE('',#3380);
#3380 = AXIS2_PLACEMENT_3D('',#3381,#3382,#3383);
#3381 = CARTESIAN_POINT('',(8.,-12.8,-5.6));
#3382 = DIRECTION('',(0.,1.,0.));
#3383 = DIRECTION('',(0.,0.,1.));
#3384 = ADVANCED_FACE('',(#3385),#3396,.T.);
#3385 = FACE_BOUND('',#3386,.F.);
#3386 = EDGE_LOOP('',(#3387,#3388,#3394,#3395));
#3387 = ORIENTED_EDGE('',*,*,#2343,.F.);
#3388 = ORIENTED_EDGE('',*,*,#3389,.T.);
#3389 = EDGE_CURVE('',#2344,#1999,#3390,.T.);
#3390 = LINE('',#3391,#3392);
#3391 = CARTESIAN_POINT('',(8.6,-12.95,-5.6));
#3392 = VECTOR('',#3393,1.);
#3393 = DIRECTION('',(0.,0.,1.));
#3394 = ORIENTED_EDGE('',*,*,#2006,.T.);
#3395 = ORIENTED_EDGE('',*,*,#3374,.F.);
#3396 = PLANE('',#3397);
#3397 = AXIS2_PLACEMENT_3D('',#3398,#3399,#3400);
#3398 = CARTESIAN_POINT('',(8.525,-12.875,-5.6));
#3399 = DIRECTION('',(0.707106781187,0.707106781187,-1.735113744859E-18)
  );
#3400 = DIRECTION('',(-1.226910695119E-18,-1.226910695119E-18,-1.));
#3401 = ADVANCED_FACE('',(#3402),#3413,.T.);
#3402 = FACE_BOUND('',#3403,.T.);
#3403 = EDGE_LOOP('',(#3404,#3405,#3411,#3412));
#3404 = ORIENTED_EDGE('',*,*,#1998,.F.);
#3405 = ORIENTED_EDGE('',*,*,#3406,.F.);
#3406 = EDGE_CURVE('',#2352,#1991,#3407,.T.);
#3407 = LINE('',#3408,#3409);
#3408 = CARTESIAN_POINT('',(8.6,-13.4,-5.6));
#3409 = VECTOR('',#3410,1.);
#3410 = DIRECTION('',(0.,0.,1.));
#3411 = ORIENTED_EDGE('',*,*,#2351,.F.);
#3412 = ORIENTED_EDGE('',*,*,#3389,.T.);
#3413 = PLANE('',#3414);
#3414 = AXIS2_PLACEMENT_3D('',#3415,#3416,#3417);
#3415 = CARTESIAN_POINT('',(8.6,-16.5,-5.6));
#3416 = DIRECTION('',(1.,0.,0.));
#3417 = DIRECTION('',(0.,0.,1.));
#3418 = ADVANCED_FACE('',(#3419),#3430,.T.);
#3419 = FACE_BOUND('',#3420,.T.);
#3420 = EDGE_LOOP('',(#3421,#3422,#3423,#3424));
#3421 = ORIENTED_EDGE('',*,*,#2359,.F.);
#3422 = ORIENTED_EDGE('',*,*,#3406,.T.);
#3423 = ORIENTED_EDGE('',*,*,#1990,.T.);
#3424 = ORIENTED_EDGE('',*,*,#3425,.F.);
#3425 = EDGE_CURVE('',#2360,#1983,#3426,.T.);
#3426 = LINE('',#3427,#3428);
#3427 = CARTESIAN_POINT('',(9.5,-13.4,-5.6));
#3428 = VECTOR('',#3429,1.);
#3429 = DIRECTION('',(0.,0.,1.));
#3430 = PLANE('',#3431);
#3431 = AXIS2_PLACEMENT_3D('',#3432,#3433,#3434);
#3432 = CARTESIAN_POINT('',(-12.75,-13.4,-5.6));
#3433 = DIRECTION('',(0.,1.,0.));
#3434 = DIRECTION('',(0.,0.,1.));
#3435 = ADVANCED_FACE('',(#3436),#3447,.F.);
#3436 = FACE_BOUND('',#3437,.F.);
#3437 = EDGE_LOOP('',(#3438,#3439,#3440,#3441));
#3438 = ORIENTED_EDGE('',*,*,#1982,.F.);
#3439 = ORIENTED_EDGE('',*,*,#3425,.F.);
#3440 = ORIENTED_EDGE('',*,*,#2367,.F.);
#3441 = ORIENTED_EDGE('',*,*,#3442,.T.);
#3442 = EDGE_CURVE('',#2368,#1975,#3443,.T.);
#3443 = LINE('',#3444,#3445);
#3444 = CARTESIAN_POINT('',(9.5,-12.95,-5.6));
#3445 = VECTOR('',#3446,1.);
#3446 = DIRECTION('',(0.,0.,1.));
#3447 = PLANE('',#3448);
#3448 = AXIS2_PLACEMENT_3D('',#3449,#3450,#3451);
#3449 = CARTESIAN_POINT('',(9.5,-16.5,-5.6));
#3450 = DIRECTION('',(1.,0.,0.));
#3451 = DIRECTION('',(0.,0.,1.));
#3452 = ADVANCED_FACE('',(#3453),#3464,.F.);
#3453 = FACE_BOUND('',#3454,.T.);
#3454 = EDGE_LOOP('',(#3455,#3456,#3457,#3458));
#3455 = ORIENTED_EDGE('',*,*,#2375,.F.);
#3456 = ORIENTED_EDGE('',*,*,#3442,.T.);
#3457 = ORIENTED_EDGE('',*,*,#1974,.T.);
#3458 = ORIENTED_EDGE('',*,*,#3459,.F.);
#3459 = EDGE_CURVE('',#2376,#1967,#3460,.T.);
#3460 = LINE('',#3461,#3462);
#3461 = CARTESIAN_POINT('',(9.65,-12.8,-5.6));
#3462 = VECTOR('',#3463,1.);
#3463 = DIRECTION('',(0.,0.,1.));
#3464 = PLANE('',#3465);
#3465 = AXIS2_PLACEMENT_3D('',#3466,#3467,#3468);
#3466 = CARTESIAN_POINT('',(9.575,-12.875,-5.6));
#3467 = DIRECTION('',(0.707106781187,-0.707106781187,1.735113744859E-18)
  );
#3468 = DIRECTION('',(1.226910695119E-18,-1.226910695119E-18,-1.));
#3469 = ADVANCED_FACE('',(#3470),#3481,.T.);
#3470 = FACE_BOUND('',#3471,.T.);
#3471 = EDGE_LOOP('',(#3472,#3473,#3474,#3475));
#3472 = ORIENTED_EDGE('',*,*,#2383,.F.);
#3473 = ORIENTED_EDGE('',*,*,#3459,.T.);
#3474 = ORIENTED_EDGE('',*,*,#1966,.T.);
#3475 = ORIENTED_EDGE('',*,*,#3476,.F.);
#3476 = EDGE_CURVE('',#2384,#1959,#3477,.T.);
#3477 = LINE('',#3478,#3479);
#3478 = CARTESIAN_POINT('',(9.95,-12.8,-5.6));
#3479 = VECTOR('',#3480,1.);
#3480 = DIRECTION('',(0.,0.,1.));
#3481 = PLANE('',#3482);
#3482 = AXIS2_PLACEMENT_3D('',#3483,#3484,#3485);
#3483 = CARTESIAN_POINT('',(9.5,-12.8,-5.6));
#3484 = DIRECTION('',(0.,1.,0.));
#3485 = DIRECTION('',(0.,0.,1.));
#3486 = ADVANCED_FACE('',(#3487),#3498,.T.);
#3487 = FACE_BOUND('',#3488,.F.);
#3488 = EDGE_LOOP('',(#3489,#3490,#3496,#3497));
#3489 = ORIENTED_EDGE('',*,*,#2391,.F.);
#3490 = ORIENTED_EDGE('',*,*,#3491,.T.);
#3491 = EDGE_CURVE('',#2392,#1951,#3492,.T.);
#3492 = LINE('',#3493,#3494);
#3493 = CARTESIAN_POINT('',(10.1,-12.95,-5.6));
#3494 = VECTOR('',#3495,1.);
#3495 = DIRECTION('',(0.,0.,1.));
#3496 = ORIENTED_EDGE('',*,*,#1958,.T.);
#3497 = ORIENTED_EDGE('',*,*,#3476,.F.);
#3498 = PLANE('',#3499);
#3499 = AXIS2_PLACEMENT_3D('',#3500,#3501,#3502);
#3500 = CARTESIAN_POINT('',(10.025,-12.875,-5.6));
#3501 = DIRECTION('',(0.707106781187,0.707106781187,-1.735113744859E-18)
  );
#3502 = DIRECTION('',(-1.226910695119E-18,-1.226910695119E-18,-1.));
#3503 = ADVANCED_FACE('',(#3504),#3515,.T.);
#3504 = FACE_BOUND('',#3505,.T.);
#3505 = EDGE_LOOP('',(#3506,#3507,#3513,#3514));
#3506 = ORIENTED_EDGE('',*,*,#1950,.F.);
#3507 = ORIENTED_EDGE('',*,*,#3508,.F.);
#3508 = EDGE_CURVE('',#2400,#1943,#3509,.T.);
#3509 = LINE('',#3510,#3511);
#3510 = CARTESIAN_POINT('',(10.1,-13.4,-5.6));
#3511 = VECTOR('',#3512,1.);
#3512 = DIRECTION('',(0.,0.,1.));
#3513 = ORIENTED_EDGE('',*,*,#2399,.F.);
#3514 = ORIENTED_EDGE('',*,*,#3491,.T.);
#3515 = PLANE('',#3516);
#3516 = AXIS2_PLACEMENT_3D('',#3517,#3518,#3519);
#3517 = CARTESIAN_POINT('',(10.1,-16.5,-5.6));
#3518 = DIRECTION('',(1.,0.,0.));
#3519 = DIRECTION('',(0.,0.,1.));
#3520 = ADVANCED_FACE('',(#3521),#3532,.T.);
#3521 = FACE_BOUND('',#3522,.T.);
#3522 = EDGE_LOOP('',(#3523,#3524,#3525,#3526));
#3523 = ORIENTED_EDGE('',*,*,#2407,.F.);
#3524 = ORIENTED_EDGE('',*,*,#3508,.T.);
#3525 = ORIENTED_EDGE('',*,*,#1942,.T.);
#3526 = ORIENTED_EDGE('',*,*,#3527,.F.);
#3527 = EDGE_CURVE('',#2408,#1935,#3528,.T.);
#3528 = LINE('',#3529,#3530);
#3529 = CARTESIAN_POINT('',(11.,-13.4,-5.6));
#3530 = VECTOR('',#3531,1.);
#3531 = DIRECTION('',(0.,0.,1.));
#3532 = PLANE('',#3533);
#3533 = AXIS2_PLACEMENT_3D('',#3534,#3535,#3536);
#3534 = CARTESIAN_POINT('',(-12.75,-13.4,-5.6));
#3535 = DIRECTION('',(0.,1.,0.));
#3536 = DIRECTION('',(0.,0.,1.));
#3537 = ADVANCED_FACE('',(#3538),#3549,.F.);
#3538 = FACE_BOUND('',#3539,.F.);
#3539 = EDGE_LOOP('',(#3540,#3541,#3542,#3543));
#3540 = ORIENTED_EDGE('',*,*,#1934,.F.);
#3541 = ORIENTED_EDGE('',*,*,#3527,.F.);
#3542 = ORIENTED_EDGE('',*,*,#2415,.F.);
#3543 = ORIENTED_EDGE('',*,*,#3544,.T.);
#3544 = EDGE_CURVE('',#2416,#1927,#3545,.T.);
#3545 = LINE('',#3546,#3547);
#3546 = CARTESIAN_POINT('',(11.,-12.95,-5.6));
#3547 = VECTOR('',#3548,1.);
#3548 = DIRECTION('',(0.,0.,1.));
#3549 = PLANE('',#3550);
#3550 = AXIS2_PLACEMENT_3D('',#3551,#3552,#3553);
#3551 = CARTESIAN_POINT('',(11.,-16.5,-5.6));
#3552 = DIRECTION('',(1.,0.,0.));
#3553 = DIRECTION('',(0.,0.,1.));
#3554 = ADVANCED_FACE('',(#3555),#3566,.F.);
#3555 = FACE_BOUND('',#3556,.T.);
#3556 = EDGE_LOOP('',(#3557,#3558,#3559,#3560));
#3557 = ORIENTED_EDGE('',*,*,#2423,.F.);
#3558 = ORIENTED_EDGE('',*,*,#3544,.T.);
#3559 = ORIENTED_EDGE('',*,*,#1926,.T.);
#3560 = ORIENTED_EDGE('',*,*,#3561,.F.);
#3561 = EDGE_CURVE('',#2424,#1919,#3562,.T.);
#3562 = LINE('',#3563,#3564);
#3563 = CARTESIAN_POINT('',(11.15,-12.8,-5.6));
#3564 = VECTOR('',#3565,1.);
#3565 = DIRECTION('',(0.,0.,1.));
#3566 = PLANE('',#3567);
#3567 = AXIS2_PLACEMENT_3D('',#3568,#3569,#3570);
#3568 = CARTESIAN_POINT('',(11.075,-12.875,-5.6));
#3569 = DIRECTION('',(0.707106781187,-0.707106781187,1.735113744859E-18)
  );
#3570 = DIRECTION('',(1.226910695119E-18,-1.226910695119E-18,-1.));
#3571 = ADVANCED_FACE('',(#3572),#3583,.T.);
#3572 = FACE_BOUND('',#3573,.T.);
#3573 = EDGE_LOOP('',(#3574,#3575,#3576,#3577));
#3574 = ORIENTED_EDGE('',*,*,#2431,.F.);
#3575 = ORIENTED_EDGE('',*,*,#3561,.T.);
#3576 = ORIENTED_EDGE('',*,*,#1918,.T.);
#3577 = ORIENTED_EDGE('',*,*,#3578,.F.);
#3578 = EDGE_CURVE('',#2432,#1911,#3579,.T.);
#3579 = LINE('',#3580,#3581);
#3580 = CARTESIAN_POINT('',(11.45,-12.8,-5.6));
#3581 = VECTOR('',#3582,1.);
#3582 = DIRECTION('',(0.,0.,1.));
#3583 = PLANE('',#3584);
#3584 = AXIS2_PLACEMENT_3D('',#3585,#3586,#3587);
#3585 = CARTESIAN_POINT('',(11.,-12.8,-5.6));
#3586 = DIRECTION('',(0.,1.,0.));
#3587 = DIRECTION('',(0.,0.,1.));
#3588 = ADVANCED_FACE('',(#3589),#3600,.T.);
#3589 = FACE_BOUND('',#3590,.F.);
#3590 = EDGE_LOOP('',(#3591,#3592,#3598,#3599));
#3591 = ORIENTED_EDGE('',*,*,#2439,.F.);
#3592 = ORIENTED_EDGE('',*,*,#3593,.T.);
#3593 = EDGE_CURVE('',#2440,#1903,#3594,.T.);
#3594 = LINE('',#3595,#3596);
#3595 = CARTESIAN_POINT('',(11.6,-12.95,-5.6));
#3596 = VECTOR('',#3597,1.);
#3597 = DIRECTION('',(0.,0.,1.));
#3598 = ORIENTED_EDGE('',*,*,#1910,.T.);
#3599 = ORIENTED_EDGE('',*,*,#3578,.F.);
#3600 = PLANE('',#3601);
#3601 = AXIS2_PLACEMENT_3D('',#3602,#3603,#3604);
#3602 = CARTESIAN_POINT('',(11.525,-12.875,-5.6));
#3603 = DIRECTION('',(0.707106781187,0.707106781187,-1.735113744859E-18)
  );
#3604 = DIRECTION('',(-1.226910695119E-18,-1.226910695119E-18,-1.));
#3605 = ADVANCED_FACE('',(#3606),#3617,.T.);
#3606 = FACE_BOUND('',#3607,.T.);
#3607 = EDGE_LOOP('',(#3608,#3609,#3615,#3616));
#3608 = ORIENTED_EDGE('',*,*,#1902,.F.);
#3609 = ORIENTED_EDGE('',*,*,#3610,.F.);
#3610 = EDGE_CURVE('',#2448,#1895,#3611,.T.);
#3611 = LINE('',#3612,#3613);
#3612 = CARTESIAN_POINT('',(11.6,-13.4,-5.6));
#3613 = VECTOR('',#3614,1.);
#3614 = DIRECTION('',(0.,0.,1.));
#3615 = ORIENTED_EDGE('',*,*,#2447,.F.);
#3616 = ORIENTED_EDGE('',*,*,#3593,.T.);
#3617 = PLANE('',#3618);
#3618 = AXIS2_PLACEMENT_3D('',#3619,#3620,#3621);
#3619 = CARTESIAN_POINT('',(11.6,-16.5,-5.6));
#3620 = DIRECTION('',(1.,0.,0.));
#3621 = DIRECTION('',(0.,0.,1.));
#3622 = ADVANCED_FACE('',(#3623),#3634,.T.);
#3623 = FACE_BOUND('',#3624,.T.);
#3624 = EDGE_LOOP('',(#3625,#3626,#3627,#3628));
#3625 = ORIENTED_EDGE('',*,*,#2455,.F.);
#3626 = ORIENTED_EDGE('',*,*,#3610,.T.);
#3627 = ORIENTED_EDGE('',*,*,#1894,.T.);
#3628 = ORIENTED_EDGE('',*,*,#3629,.F.);
#3629 = EDGE_CURVE('',#2456,#1887,#3630,.T.);
#3630 = LINE('',#3631,#3632);
#3631 = CARTESIAN_POINT('',(12.5,-13.4,-5.6));
#3632 = VECTOR('',#3633,1.);
#3633 = DIRECTION('',(0.,0.,1.));
#3634 = PLANE('',#3635);
#3635 = AXIS2_PLACEMENT_3D('',#3636,#3637,#3638);
#3636 = CARTESIAN_POINT('',(-12.75,-13.4,-5.6));
#3637 = DIRECTION('',(0.,1.,0.));
#3638 = DIRECTION('',(0.,0.,1.));
#3639 = ADVANCED_FACE('',(#3640),#3651,.F.);
#3640 = FACE_BOUND('',#3641,.F.);
#3641 = EDGE_LOOP('',(#3642,#3643,#3644,#3645));
#3642 = ORIENTED_EDGE('',*,*,#1886,.F.);
#3643 = ORIENTED_EDGE('',*,*,#3629,.F.);
#3644 = ORIENTED_EDGE('',*,*,#2463,.F.);
#3645 = ORIENTED_EDGE('',*,*,#3646,.T.);
#3646 = EDGE_CURVE('',#2464,#1879,#3647,.T.);
#3647 = LINE('',#3648,#3649);
#3648 = CARTESIAN_POINT('',(12.5,-12.95,-5.6));
#3649 = VECTOR('',#3650,1.);
#3650 = DIRECTION('',(0.,0.,1.));
#3651 = PLANE('',#3652);
#3652 = AXIS2_PLACEMENT_3D('',#3653,#3654,#3655);
#3653 = CARTESIAN_POINT('',(12.5,-16.5,-5.6));
#3654 = DIRECTION('',(1.,0.,0.));
#3655 = DIRECTION('',(0.,0.,1.));
#3656 = ADVANCED_FACE('',(#3657),#3668,.F.);
#3657 = FACE_BOUND('',#3658,.T.);
#3658 = EDGE_LOOP('',(#3659,#3660,#3661,#3662));
#3659 = ORIENTED_EDGE('',*,*,#2471,.F.);
#3660 = ORIENTED_EDGE('',*,*,#3646,.T.);
#3661 = ORIENTED_EDGE('',*,*,#1878,.T.);
#3662 = ORIENTED_EDGE('',*,*,#3663,.F.);
#3663 = EDGE_CURVE('',#2472,#1871,#3664,.T.);
#3664 = LINE('',#3665,#3666);
#3665 = CARTESIAN_POINT('',(12.65,-12.8,-5.6));
#3666 = VECTOR('',#3667,1.);
#3667 = DIRECTION('',(0.,0.,1.));
#3668 = PLANE('',#3669);
#3669 = AXIS2_PLACEMENT_3D('',#3670,#3671,#3672);
#3670 = CARTESIAN_POINT('',(12.575,-12.875,-5.6));
#3671 = DIRECTION('',(0.707106781187,-0.707106781187,1.735113744859E-18)
  );
#3672 = DIRECTION('',(1.226910695119E-18,-1.226910695119E-18,-1.));
#3673 = ADVANCED_FACE('',(#3674),#3680,.T.);
#3674 = FACE_BOUND('',#3675,.T.);
#3675 = EDGE_LOOP('',(#3676,#3677,#3678,#3679));
#3676 = ORIENTED_EDGE('',*,*,#2479,.F.);
#3677 = ORIENTED_EDGE('',*,*,#3663,.T.);
#3678 = ORIENTED_EDGE('',*,*,#1870,.T.);
#3679 = ORIENTED_EDGE('',*,*,#2279,.F.);
#3680 = PLANE('',#3681);
#3681 = AXIS2_PLACEMENT_3D('',#3682,#3683,#3684);
#3682 = CARTESIAN_POINT('',(12.5,-12.8,-5.6));
#3683 = DIRECTION('',(0.,1.,0.));
#3684 = DIRECTION('',(0.,0.,1.));
#3685 = ADVANCED_FACE('',(#3686),#3693,.T.);
#3686 = FACE_BOUND('',#3687,.T.);
#3687 = EDGE_LOOP('',(#3688,#3689,#3690,#3691,#3692));
#3688 = ORIENTED_EDGE('',*,*,#2525,.F.);
#3689 = ORIENTED_EDGE('',*,*,#2582,.T.);
#3690 = ORIENTED_EDGE('',*,*,#2682,.T.);
#3691 = ORIENTED_EDGE('',*,*,#2293,.T.);
#3692 = ORIENTED_EDGE('',*,*,#2510,.F.);
#3693 = PLANE('',#3694);
#3694 = AXIS2_PLACEMENT_3D('',#3695,#3696,#3697);
#3695 = CARTESIAN_POINT('',(-13.75,-12.05,0.5));
#3696 = DIRECTION('',(0.,1.,0.));
#3697 = DIRECTION('',(0.,0.,1.));
#3698 = ( GEOMETRIC_REPRESENTATION_CONTEXT(3) 
GLOBAL_UNCERTAINTY_ASSIGNED_CONTEXT((#3702)) 
GLOBAL_UNIT_ASSIGNED_CONTEXT((#3699,#3700,#3701)) REPRESENTATION_CONTEXT
('Context #1','3D Context with UNIT and UNCERTAINTY') );
#3699 = ( LENGTH_UNIT() NAMED_UNIT(*) SI_UNIT(.MILLI.,.METRE.) );
#3700 = ( NAMED_UNIT(*) PLANE_ANGLE_UNIT() SI_UNIT($,.RADIAN.) );
#3701 = ( NAMED_UNIT(*) SI_UNIT($,.STERADIAN.) SOLID_ANGLE_UNIT() );
#3702 = UNCERTAINTY_MEASURE_WITH_UNIT(LENGTH_MEASURE(1.E-05),#3699,
  'distance_accuracy_value','confusion accuracy');
#3703 = PRODUCT_RELATED_PRODUCT_CATEGORY('part',$,(#7));
#3704 = MECHANICAL_DESIGN_GEOMETRIC_PRESENTATION_REPRESENTATION('',(
    #3705,#3718,#3727,#3736,#3745,#3754,#3763,#3772,#3781,#3790,#3799,
    #3808,#3817,#3826,#3835,#3844,#3853,#3862,#3871,#3880,#3889,#3898,
    #3907,#3916,#3925,#3934,#3943,#3952,#3961,#3970,#3979,#3988,#3998,
    #4007,#4016,#4025,#4034,#4043,#4052,#4061,#4070,#4079,#4088,#4097,
    #4106,#4115,#4124,#4133,#4142,#4151,#4160,#4169,#4178,#4187,#4196,
    #4205,#4214,#4223,#4232,#4241,#4250,#4259,#4268,#4277,#4286),#3698);
#3705 = STYLED_ITEM('color',(#3706),#15);
#3706 = PRESENTATION_STYLE_ASSIGNMENT((#3707,#3715));
#3707 = SURFACE_STYLE_USAGE(.BOTH.,#3708);
#3708 = SURFACE_SIDE_STYLE('',(#3709,#3713));
#3709 = SURFACE_STYLE_FILL_AREA(#3710);
#3710 = FILL_AREA_STYLE('',(#3711));
#3711 = FILL_AREA_STYLE_COLOUR('',#3712);
#3712 = COLOUR_RGB('',0.800000010877,0.788235302081,0.435294116471);
#3713 = SURFACE_STYLE_RENDERING_WITH_PROPERTIES(.NORMAL_SHADING.,#3712,(
    #3714));
#3714 = SURFACE_STYLE_TRANSPARENT(0.300000011921);
#3715 = CURVE_STYLE('',#3716,POSITIVE_LENGTH_MEASURE(0.1),#3717);
#3716 = DRAUGHTING_PRE_DEFINED_CURVE_FONT('continuous');
#3717 = COLOUR_RGB('',9.803921802644E-02,9.803921802644E-02,
  9.803921802644E-02);
#3718 = OVER_RIDING_STYLED_ITEM('overriding color',(#3719),#17,#3705);
#3719 = PRESENTATION_STYLE_ASSIGNMENT((#3720));
#3720 = SURFACE_STYLE_USAGE(.BOTH.,#3721);
#3721 = SURFACE_SIDE_STYLE('',(#3722,#3725));
#3722 = SURFACE_STYLE_FILL_AREA(#3723);
#3723 = FILL_AREA_STYLE('',(#3724));
#3724 = FILL_AREA_STYLE_COLOUR('',#3712);
#3725 = SURFACE_STYLE_RENDERING_WITH_PROPERTIES(.NORMAL_SHADING.,#3712,(
    #3726));
#3726 = SURFACE_STYLE_TRANSPARENT(1.);
#3727 = OVER_RIDING_STYLED_ITEM('overriding color',(#3728),#458,#3705);
#3728 = PRESENTATION_STYLE_ASSIGNMENT((#3729));
#3729 = SURFACE_STYLE_USAGE(.BOTH.,#3730);
#3730 = SURFACE_SIDE_STYLE('',(#3731,#3734));
#3731 = SURFACE_STYLE_FILL_AREA(#3732);
#3732 = FILL_AREA_STYLE('',(#3733));
#3733 = FILL_AREA_STYLE_COLOUR('',#3712);
#3734 = SURFACE_STYLE_RENDERING_WITH_PROPERTIES(.NORMAL_SHADING.,#3712,(
    #3735));
#3735 = SURFACE_STYLE_TRANSPARENT(1.);
#3736 = OVER_RIDING_STYLED_ITEM('overriding color',(#3737),#500,#3705);
#3737 = PRESENTATION_STYLE_ASSIGNMENT((#3738));
#3738 = SURFACE_STYLE_USAGE(.BOTH.,#3739);
#3739 = SURFACE_SIDE_STYLE('',(#3740,#3743));
#3740 = SURFACE_STYLE_FILL_AREA(#3741);
#3741 = FILL_AREA_STYLE('',(#3742));
#3742 = FILL_AREA_STYLE_COLOUR('',#3712);
#3743 = SURFACE_STYLE_RENDERING_WITH_PROPERTIES(.NORMAL_SHADING.,#3712,(
    #3744));
#3744 = SURFACE_STYLE_TRANSPARENT(1.);
#3745 = OVER_RIDING_STYLED_ITEM('overriding color',(#3746),#524,#3705);
#3746 = PRESENTATION_STYLE_ASSIGNMENT((#3747));
#3747 = SURFACE_STYLE_USAGE(.BOTH.,#3748);
#3748 = SURFACE_SIDE_STYLE('',(#3749,#3752));
#3749 = SURFACE_STYLE_FILL_AREA(#3750);
#3750 = FILL_AREA_STYLE('',(#3751));
#3751 = FILL_AREA_STYLE_COLOUR('',#3712);
#3752 = SURFACE_STYLE_RENDERING_WITH_PROPERTIES(.NORMAL_SHADING.,#3712,(
    #3753));
#3753 = SURFACE_STYLE_TRANSPARENT(1.);
#3754 = OVER_RIDING_STYLED_ITEM('overriding color',(#3755),#548,#3705);
#3755 = PRESENTATION_STYLE_ASSIGNMENT((#3756));
#3756 = SURFACE_STYLE_USAGE(.BOTH.,#3757);
#3757 = SURFACE_SIDE_STYLE('',(#3758,#3761));
#3758 = SURFACE_STYLE_FILL_AREA(#3759);
#3759 = FILL_AREA_STYLE('',(#3760));
#3760 = FILL_AREA_STYLE_COLOUR('',#3712);
#3761 = SURFACE_STYLE_RENDERING_WITH_PROPERTIES(.NORMAL_SHADING.,#3712,(
    #3762));
#3762 = SURFACE_STYLE_TRANSPARENT(1.);
#3763 = OVER_RIDING_STYLED_ITEM('overriding color',(#3764),#572,#3705);
#3764 = PRESENTATION_STYLE_ASSIGNMENT((#3765));
#3765 = SURFACE_STYLE_USAGE(.BOTH.,#3766);
#3766 = SURFACE_SIDE_STYLE('',(#3767,#3770));
#3767 = SURFACE_STYLE_FILL_AREA(#3768);
#3768 = FILL_AREA_STYLE('',(#3769));
#3769 = FILL_AREA_STYLE_COLOUR('',#3712);
#3770 = SURFACE_STYLE_RENDERING_WITH_PROPERTIES(.NORMAL_SHADING.,#3712,(
    #3771));
#3771 = SURFACE_STYLE_TRANSPARENT(1.);
#3772 = OVER_RIDING_STYLED_ITEM('overriding color',(#3773),#597,#3705);
#3773 = PRESENTATION_STYLE_ASSIGNMENT((#3774));
#3774 = SURFACE_STYLE_USAGE(.BOTH.,#3775);
#3775 = SURFACE_SIDE_STYLE('',(#3776,#3779));
#3776 = SURFACE_STYLE_FILL_AREA(#3777);
#3777 = FILL_AREA_STYLE('',(#3778));
#3778 = FILL_AREA_STYLE_COLOUR('',#3712);
#3779 = SURFACE_STYLE_RENDERING_WITH_PROPERTIES(.NORMAL_SHADING.,#3712,(
    #3780));
#3780 = SURFACE_STYLE_TRANSPARENT(1.);
#3781 = OVER_RIDING_STYLED_ITEM('overriding color',(#3782),#653,#3705);
#3782 = PRESENTATION_STYLE_ASSIGNMENT((#3783));
#3783 = SURFACE_STYLE_USAGE(.BOTH.,#3784);
#3784 = SURFACE_SIDE_STYLE('',(#3785,#3788));
#3785 = SURFACE_STYLE_FILL_AREA(#3786);
#3786 = FILL_AREA_STYLE('',(#3787));
#3787 = FILL_AREA_STYLE_COLOUR('',#3712);
#3788 = SURFACE_STYLE_RENDERING_WITH_PROPERTIES(.NORMAL_SHADING.,#3712,(
    #3789));
#3789 = SURFACE_STYLE_TRANSPARENT(1.);
#3790 = OVER_RIDING_STYLED_ITEM('overriding color',(#3791),#677,#3705);
#3791 = PRESENTATION_STYLE_ASSIGNMENT((#3792));
#3792 = SURFACE_STYLE_USAGE(.BOTH.,#3793);
#3793 = SURFACE_SIDE_STYLE('',(#3794,#3797));
#3794 = SURFACE_STYLE_FILL_AREA(#3795);
#3795 = FILL_AREA_STYLE('',(#3796));
#3796 = FILL_AREA_STYLE_COLOUR('',#3712);
#3797 = SURFACE_STYLE_RENDERING_WITH_PROPERTIES(.NORMAL_SHADING.,#3712,(
    #3798));
#3798 = SURFACE_STYLE_TRANSPARENT(1.);
#3799 = OVER_RIDING_STYLED_ITEM('overriding color',(#3800),#701,#3705);
#3800 = PRESENTATION_STYLE_ASSIGNMENT((#3801));
#3801 = SURFACE_STYLE_USAGE(.BOTH.,#3802);
#3802 = SURFACE_SIDE_STYLE('',(#3803,#3806));
#3803 = SURFACE_STYLE_FILL_AREA(#3804);
#3804 = FILL_AREA_STYLE('',(#3805));
#3805 = FILL_AREA_STYLE_COLOUR('',#3712);
#3806 = SURFACE_STYLE_RENDERING_WITH_PROPERTIES(.NORMAL_SHADING.,#3712,(
    #3807));
#3807 = SURFACE_STYLE_TRANSPARENT(1.);
#3808 = OVER_RIDING_STYLED_ITEM('overriding color',(#3809),#725,#3705);
#3809 = PRESENTATION_STYLE_ASSIGNMENT((#3810));
#3810 = SURFACE_STYLE_USAGE(.BOTH.,#3811);
#3811 = SURFACE_SIDE_STYLE('',(#3812,#3815));
#3812 = SURFACE_STYLE_FILL_AREA(#3813);
#3813 = FILL_AREA_STYLE('',(#3814));
#3814 = FILL_AREA_STYLE_COLOUR('',#3712);
#3815 = SURFACE_STYLE_RENDERING_WITH_PROPERTIES(.NORMAL_SHADING.,#3712,(
    #3816));
#3816 = SURFACE_STYLE_TRANSPARENT(1.);
#3817 = OVER_RIDING_STYLED_ITEM('overriding color',(#3818),#749,#3705);
#3818 = PRESENTATION_STYLE_ASSIGNMENT((#3819));
#3819 = SURFACE_STYLE_USAGE(.BOTH.,#3820);
#3820 = SURFACE_SIDE_STYLE('',(#3821,#3824));
#3821 = SURFACE_STYLE_FILL_AREA(#3822);
#3822 = FILL_AREA_STYLE('',(#3823));
#3823 = FILL_AREA_STYLE_COLOUR('',#3712);
#3824 = SURFACE_STYLE_RENDERING_WITH_PROPERTIES(.NORMAL_SHADING.,#3712,(
    #3825));
#3825 = SURFACE_STYLE_TRANSPARENT(1.);
#3826 = OVER_RIDING_STYLED_ITEM('overriding color',(#3827),#773,#3705);
#3827 = PRESENTATION_STYLE_ASSIGNMENT((#3828));
#3828 = SURFACE_STYLE_USAGE(.BOTH.,#3829);
#3829 = SURFACE_SIDE_STYLE('',(#3830,#3833));
#3830 = SURFACE_STYLE_FILL_AREA(#3831);
#3831 = FILL_AREA_STYLE('',(#3832));
#3832 = FILL_AREA_STYLE_COLOUR('',#3712);
#3833 = SURFACE_STYLE_RENDERING_WITH_PROPERTIES(.NORMAL_SHADING.,#3712,(
    #3834));
#3834 = SURFACE_STYLE_TRANSPARENT(1.);
#3835 = OVER_RIDING_STYLED_ITEM('overriding color',(#3836),#797,#3705);
#3836 = PRESENTATION_STYLE_ASSIGNMENT((#3837));
#3837 = SURFACE_STYLE_USAGE(.BOTH.,#3838);
#3838 = SURFACE_SIDE_STYLE('',(#3839,#3842));
#3839 = SURFACE_STYLE_FILL_AREA(#3840);
#3840 = FILL_AREA_STYLE('',(#3841));
#3841 = FILL_AREA_STYLE_COLOUR('',#3712);
#3842 = SURFACE_STYLE_RENDERING_WITH_PROPERTIES(.NORMAL_SHADING.,#3712,(
    #3843));
#3843 = SURFACE_STYLE_TRANSPARENT(1.);
#3844 = OVER_RIDING_STYLED_ITEM('overriding color',(#3845),#821,#3705);
#3845 = PRESENTATION_STYLE_ASSIGNMENT((#3846));
#3846 = SURFACE_STYLE_USAGE(.BOTH.,#3847);
#3847 = SURFACE_SIDE_STYLE('',(#3848,#3851));
#3848 = SURFACE_STYLE_FILL_AREA(#3849);
#3849 = FILL_AREA_STYLE('',(#3850));
#3850 = FILL_AREA_STYLE_COLOUR('',#3712);
#3851 = SURFACE_STYLE_RENDERING_WITH_PROPERTIES(.NORMAL_SHADING.,#3712,(
    #3852));
#3852 = SURFACE_STYLE_TRANSPARENT(1.);
#3853 = OVER_RIDING_STYLED_ITEM('overriding color',(#3854),#845,#3705);
#3854 = PRESENTATION_STYLE_ASSIGNMENT((#3855));
#3855 = SURFACE_STYLE_USAGE(.BOTH.,#3856);
#3856 = SURFACE_SIDE_STYLE('',(#3857,#3860));
#3857 = SURFACE_STYLE_FILL_AREA(#3858);
#3858 = FILL_AREA_STYLE('',(#3859));
#3859 = FILL_AREA_STYLE_COLOUR('',#3712);
#3860 = SURFACE_STYLE_RENDERING_WITH_PROPERTIES(.NORMAL_SHADING.,#3712,(
    #3861));
#3861 = SURFACE_STYLE_TRANSPARENT(1.);
#3862 = OVER_RIDING_STYLED_ITEM('overriding color',(#3863),#869,#3705);
#3863 = PRESENTATION_STYLE_ASSIGNMENT((#3864));
#3864 = SURFACE_STYLE_USAGE(.BOTH.,#3865);
#3865 = SURFACE_SIDE_STYLE('',(#3866,#3869));
#3866 = SURFACE_STYLE_FILL_AREA(#3867);
#3867 = FILL_AREA_STYLE('',(#3868));
#3868 = FILL_AREA_STYLE_COLOUR('',#3712);
#3869 = SURFACE_STYLE_RENDERING_WITH_PROPERTIES(.NORMAL_SHADING.,#3712,(
    #3870));
#3870 = SURFACE_STYLE_TRANSPARENT(1.);
#3871 = OVER_RIDING_STYLED_ITEM('overriding color',(#3872),#893,#3705);
#3872 = PRESENTATION_STYLE_ASSIGNMENT((#3873));
#3873 = SURFACE_STYLE_USAGE(.BOTH.,#3874);
#3874 = SURFACE_SIDE_STYLE('',(#3875,#3878));
#3875 = SURFACE_STYLE_FILL_AREA(#3876);
#3876 = FILL_AREA_STYLE('',(#3877));
#3877 = FILL_AREA_STYLE_COLOUR('',#3712);
#3878 = SURFACE_STYLE_RENDERING_WITH_PROPERTIES(.NORMAL_SHADING.,#3712,(
    #3879));
#3879 = SURFACE_STYLE_TRANSPARENT(1.);
#3880 = OVER_RIDING_STYLED_ITEM('overriding color',(#3881),#917,#3705);
#3881 = PRESENTATION_STYLE_ASSIGNMENT((#3882));
#3882 = SURFACE_STYLE_USAGE(.BOTH.,#3883);
#3883 = SURFACE_SIDE_STYLE('',(#3884,#3887));
#3884 = SURFACE_STYLE_FILL_AREA(#3885);
#3885 = FILL_AREA_STYLE('',(#3886));
#3886 = FILL_AREA_STYLE_COLOUR('',#3712);
#3887 = SURFACE_STYLE_RENDERING_WITH_PROPERTIES(.NORMAL_SHADING.,#3712,(
    #3888));
#3888 = SURFACE_STYLE_TRANSPARENT(1.);
#3889 = OVER_RIDING_STYLED_ITEM('overriding color',(#3890),#941,#3705);
#3890 = PRESENTATION_STYLE_ASSIGNMENT((#3891));
#3891 = SURFACE_STYLE_USAGE(.BOTH.,#3892);
#3892 = SURFACE_SIDE_STYLE('',(#3893,#3896));
#3893 = SURFACE_STYLE_FILL_AREA(#3894);
#3894 = FILL_AREA_STYLE('',(#3895));
#3895 = FILL_AREA_STYLE_COLOUR('',#3712);
#3896 = SURFACE_STYLE_RENDERING_WITH_PROPERTIES(.NORMAL_SHADING.,#3712,(
    #3897));
#3897 = SURFACE_STYLE_TRANSPARENT(1.);
#3898 = OVER_RIDING_STYLED_ITEM('overriding color',(#3899),#965,#3705);
#3899 = PRESENTATION_STYLE_ASSIGNMENT((#3900));
#3900 = SURFACE_STYLE_USAGE(.BOTH.,#3901);
#3901 = SURFACE_SIDE_STYLE('',(#3902,#3905));
#3902 = SURFACE_STYLE_FILL_AREA(#3903);
#3903 = FILL_AREA_STYLE('',(#3904));
#3904 = FILL_AREA_STYLE_COLOUR('',#3712);
#3905 = SURFACE_STYLE_RENDERING_WITH_PROPERTIES(.NORMAL_SHADING.,#3712,(
    #3906));
#3906 = SURFACE_STYLE_TRANSPARENT(1.);
#3907 = OVER_RIDING_STYLED_ITEM('overriding color',(#3908),#989,#3705);
#3908 = PRESENTATION_STYLE_ASSIGNMENT((#3909));
#3909 = SURFACE_STYLE_USAGE(.BOTH.,#3910);
#3910 = SURFACE_SIDE_STYLE('',(#3911,#3914));
#3911 = SURFACE_STYLE_FILL_AREA(#3912);
#3912 = FILL_AREA_STYLE('',(#3913));
#3913 = FILL_AREA_STYLE_COLOUR('',#3712);
#3914 = SURFACE_STYLE_RENDERING_WITH_PROPERTIES(.NORMAL_SHADING.,#3712,(
    #3915));
#3915 = SURFACE_STYLE_TRANSPARENT(1.);
#3916 = OVER_RIDING_STYLED_ITEM('overriding color',(#3917),#1013,#3705);
#3917 = PRESENTATION_STYLE_ASSIGNMENT((#3918));
#3918 = SURFACE_STYLE_USAGE(.BOTH.,#3919);
#3919 = SURFACE_SIDE_STYLE('',(#3920,#3923));
#3920 = SURFACE_STYLE_FILL_AREA(#3921);
#3921 = FILL_AREA_STYLE('',(#3922));
#3922 = FILL_AREA_STYLE_COLOUR('',#3712);
#3923 = SURFACE_STYLE_RENDERING_WITH_PROPERTIES(.NORMAL_SHADING.,#3712,(
    #3924));
#3924 = SURFACE_STYLE_TRANSPARENT(1.);
#3925 = OVER_RIDING_STYLED_ITEM('overriding color',(#3926),#1037,#3705);
#3926 = PRESENTATION_STYLE_ASSIGNMENT((#3927));
#3927 = SURFACE_STYLE_USAGE(.BOTH.,#3928);
#3928 = SURFACE_SIDE_STYLE('',(#3929,#3932));
#3929 = SURFACE_STYLE_FILL_AREA(#3930);
#3930 = FILL_AREA_STYLE('',(#3931));
#3931 = FILL_AREA_STYLE_COLOUR('',#3712);
#3932 = SURFACE_STYLE_RENDERING_WITH_PROPERTIES(.NORMAL_SHADING.,#3712,(
    #3933));
#3933 = SURFACE_STYLE_TRANSPARENT(1.);
#3934 = OVER_RIDING_STYLED_ITEM('overriding color',(#3935),#1061,#3705);
#3935 = PRESENTATION_STYLE_ASSIGNMENT((#3936));
#3936 = SURFACE_STYLE_USAGE(.BOTH.,#3937);
#3937 = SURFACE_SIDE_STYLE('',(#3938,#3941));
#3938 = SURFACE_STYLE_FILL_AREA(#3939);
#3939 = FILL_AREA_STYLE('',(#3940));
#3940 = FILL_AREA_STYLE_COLOUR('',#3712);
#3941 = SURFACE_STYLE_RENDERING_WITH_PROPERTIES(.NORMAL_SHADING.,#3712,(
    #3942));
#3942 = SURFACE_STYLE_TRANSPARENT(1.);
#3943 = OVER_RIDING_STYLED_ITEM('overriding color',(#3944),#1085,#3705);
#3944 = PRESENTATION_STYLE_ASSIGNMENT((#3945));
#3945 = SURFACE_STYLE_USAGE(.BOTH.,#3946);
#3946 = SURFACE_SIDE_STYLE('',(#3947,#3950));
#3947 = SURFACE_STYLE_FILL_AREA(#3948);
#3948 = FILL_AREA_STYLE('',(#3949));
#3949 = FILL_AREA_STYLE_COLOUR('',#3712);
#3950 = SURFACE_STYLE_RENDERING_WITH_PROPERTIES(.NORMAL_SHADING.,#3712,(
    #3951));
#3951 = SURFACE_STYLE_TRANSPARENT(1.);
#3952 = OVER_RIDING_STYLED_ITEM('overriding color',(#3953),#1109,#3705);
#3953 = PRESENTATION_STYLE_ASSIGNMENT((#3954));
#3954 = SURFACE_STYLE_USAGE(.BOTH.,#3955);
#3955 = SURFACE_SIDE_STYLE('',(#3956,#3959));
#3956 = SURFACE_STYLE_FILL_AREA(#3957);
#3957 = FILL_AREA_STYLE('',(#3958));
#3958 = FILL_AREA_STYLE_COLOUR('',#3712);
#3959 = SURFACE_STYLE_RENDERING_WITH_PROPERTIES(.NORMAL_SHADING.,#3712,(
    #3960));
#3960 = SURFACE_STYLE_TRANSPARENT(1.);
#3961 = OVER_RIDING_STYLED_ITEM('overriding color',(#3962),#1133,#3705);
#3962 = PRESENTATION_STYLE_ASSIGNMENT((#3963));
#3963 = SURFACE_STYLE_USAGE(.BOTH.,#3964);
#3964 = SURFACE_SIDE_STYLE('',(#3965,#3968));
#3965 = SURFACE_STYLE_FILL_AREA(#3966);
#3966 = FILL_AREA_STYLE('',(#3967));
#3967 = FILL_AREA_STYLE_COLOUR('',#3712);
#3968 = SURFACE_STYLE_RENDERING_WITH_PROPERTIES(.NORMAL_SHADING.,#3712,(
    #3969));
#3969 = SURFACE_STYLE_TRANSPARENT(1.);
#3970 = OVER_RIDING_STYLED_ITEM('overriding color',(#3971),#1157,#3705);
#3971 = PRESENTATION_STYLE_ASSIGNMENT((#3972));
#3972 = SURFACE_STYLE_USAGE(.BOTH.,#3973);
#3973 = SURFACE_SIDE_STYLE('',(#3974,#3977));
#3974 = SURFACE_STYLE_FILL_AREA(#3975);
#3975 = FILL_AREA_STYLE('',(#3976));
#3976 = FILL_AREA_STYLE_COLOUR('',#3712);
#3977 = SURFACE_STYLE_RENDERING_WITH_PROPERTIES(.NORMAL_SHADING.,#3712,(
    #3978));
#3978 = SURFACE_STYLE_TRANSPARENT(1.);
#3979 = OVER_RIDING_STYLED_ITEM('overriding color',(#3980),#1181,#3705);
#3980 = PRESENTATION_STYLE_ASSIGNMENT((#3981));
#3981 = SURFACE_STYLE_USAGE(.BOTH.,#3982);
#3982 = SURFACE_SIDE_STYLE('',(#3983,#3986));
#3983 = SURFACE_STYLE_FILL_AREA(#3984);
#3984 = FILL_AREA_STYLE('',(#3985));
#3985 = FILL_AREA_STYLE_COLOUR('',#3712);
#3986 = SURFACE_STYLE_RENDERING_WITH_PROPERTIES(.NORMAL_SHADING.,#3712,(
    #3987));
#3987 = SURFACE_STYLE_TRANSPARENT(1.);
#3988 = OVER_RIDING_STYLED_ITEM('overriding color',(#3989),#1214,#3705);
#3989 = PRESENTATION_STYLE_ASSIGNMENT((#3990));
#3990 = SURFACE_STYLE_USAGE(.BOTH.,#3991);
#3991 = SURFACE_SIDE_STYLE('',(#3992,#3996));
#3992 = SURFACE_STYLE_FILL_AREA(#3993);
#3993 = FILL_AREA_STYLE('',(#3994));
#3994 = FILL_AREA_STYLE_COLOUR('',#3995);
#3995 = COLOUR_RGB('',0.800000010877,0.800000010877,0.800000010877);
#3996 = SURFACE_STYLE_RENDERING_WITH_PROPERTIES(.NORMAL_SHADING.,#3995,(
    #3997));
#3997 = SURFACE_STYLE_TRANSPARENT(1.);
#3998 = OVER_RIDING_STYLED_ITEM('overriding color',(#3999),#1238,#3705);
#3999 = PRESENTATION_STYLE_ASSIGNMENT((#4000));
#4000 = SURFACE_STYLE_USAGE(.BOTH.,#4001);
#4001 = SURFACE_SIDE_STYLE('',(#4002,#4005));
#4002 = SURFACE_STYLE_FILL_AREA(#4003);
#4003 = FILL_AREA_STYLE('',(#4004));
#4004 = FILL_AREA_STYLE_COLOUR('',#3712);
#4005 = SURFACE_STYLE_RENDERING_WITH_PROPERTIES(.NORMAL_SHADING.,#3712,(
    #4006));
#4006 = SURFACE_STYLE_TRANSPARENT(1.);
#4007 = OVER_RIDING_STYLED_ITEM('overriding color',(#4008),#1263,#3705);
#4008 = PRESENTATION_STYLE_ASSIGNMENT((#4009));
#4009 = SURFACE_STYLE_USAGE(.BOTH.,#4010);
#4010 = SURFACE_SIDE_STYLE('',(#4011,#4014));
#4011 = SURFACE_STYLE_FILL_AREA(#4012);
#4012 = FILL_AREA_STYLE('',(#4013));
#4013 = FILL_AREA_STYLE_COLOUR('',#3712);
#4014 = SURFACE_STYLE_RENDERING_WITH_PROPERTIES(.NORMAL_SHADING.,#3712,(
    #4015));
#4015 = SURFACE_STYLE_TRANSPARENT(1.);
#4016 = OVER_RIDING_STYLED_ITEM('overriding color',(#4017),#1288,#3705);
#4017 = PRESENTATION_STYLE_ASSIGNMENT((#4018));
#4018 = SURFACE_STYLE_USAGE(.BOTH.,#4019);
#4019 = SURFACE_SIDE_STYLE('',(#4020,#4023));
#4020 = SURFACE_STYLE_FILL_AREA(#4021);
#4021 = FILL_AREA_STYLE('',(#4022));
#4022 = FILL_AREA_STYLE_COLOUR('',#3712);
#4023 = SURFACE_STYLE_RENDERING_WITH_PROPERTIES(.NORMAL_SHADING.,#3712,(
    #4024));
#4024 = SURFACE_STYLE_TRANSPARENT(1.);
#4025 = OVER_RIDING_STYLED_ITEM('overriding color',(#4026),#1313,#3705);
#4026 = PRESENTATION_STYLE_ASSIGNMENT((#4027));
#4027 = SURFACE_STYLE_USAGE(.BOTH.,#4028);
#4028 = SURFACE_SIDE_STYLE('',(#4029,#4032));
#4029 = SURFACE_STYLE_FILL_AREA(#4030);
#4030 = FILL_AREA_STYLE('',(#4031));
#4031 = FILL_AREA_STYLE_COLOUR('',#3712);
#4032 = SURFACE_STYLE_RENDERING_WITH_PROPERTIES(.NORMAL_SHADING.,#3712,(
    #4033));
#4033 = SURFACE_STYLE_TRANSPARENT(1.);
#4034 = OVER_RIDING_STYLED_ITEM('overriding color',(#4035),#1337,#3705);
#4035 = PRESENTATION_STYLE_ASSIGNMENT((#4036));
#4036 = SURFACE_STYLE_USAGE(.BOTH.,#4037);
#4037 = SURFACE_SIDE_STYLE('',(#4038,#4041));
#4038 = SURFACE_STYLE_FILL_AREA(#4039);
#4039 = FILL_AREA_STYLE('',(#4040));
#4040 = FILL_AREA_STYLE_COLOUR('',#3712);
#4041 = SURFACE_STYLE_RENDERING_WITH_PROPERTIES(.NORMAL_SHADING.,#3712,(
    #4042));
#4042 = SURFACE_STYLE_TRANSPARENT(1.);
#4043 = OVER_RIDING_STYLED_ITEM('overriding color',(#4044),#1370,#3705);
#4044 = PRESENTATION_STYLE_ASSIGNMENT((#4045));
#4045 = SURFACE_STYLE_USAGE(.BOTH.,#4046);
#4046 = SURFACE_SIDE_STYLE('',(#4047,#4050));
#4047 = SURFACE_STYLE_FILL_AREA(#4048);
#4048 = FILL_AREA_STYLE('',(#4049));
#4049 = FILL_AREA_STYLE_COLOUR('',#3712);
#4050 = SURFACE_STYLE_RENDERING_WITH_PROPERTIES(.NORMAL_SHADING.,#3712,(
    #4051));
#4051 = SURFACE_STYLE_TRANSPARENT(1.);
#4052 = OVER_RIDING_STYLED_ITEM('overriding color',(#4053),#1394,#3705);
#4053 = PRESENTATION_STYLE_ASSIGNMENT((#4054));
#4054 = SURFACE_STYLE_USAGE(.BOTH.,#4055);
#4055 = SURFACE_SIDE_STYLE('',(#4056,#4059));
#4056 = SURFACE_STYLE_FILL_AREA(#4057);
#4057 = FILL_AREA_STYLE('',(#4058));
#4058 = FILL_AREA_STYLE_COLOUR('',#3712);
#4059 = SURFACE_STYLE_RENDERING_WITH_PROPERTIES(.NORMAL_SHADING.,#3712,(
    #4060));
#4060 = SURFACE_STYLE_TRANSPARENT(1.);
#4061 = OVER_RIDING_STYLED_ITEM('overriding color',(#4062),#1418,#3705);
#4062 = PRESENTATION_STYLE_ASSIGNMENT((#4063));
#4063 = SURFACE_STYLE_USAGE(.BOTH.,#4064);
#4064 = SURFACE_SIDE_STYLE('',(#4065,#4068));
#4065 = SURFACE_STYLE_FILL_AREA(#4066);
#4066 = FILL_AREA_STYLE('',(#4067));
#4067 = FILL_AREA_STYLE_COLOUR('',#3712);
#4068 = SURFACE_STYLE_RENDERING_WITH_PROPERTIES(.NORMAL_SHADING.,#3712,(
    #4069));
#4069 = SURFACE_STYLE_TRANSPARENT(1.);
#4070 = OVER_RIDING_STYLED_ITEM('overriding color',(#4071),#1442,#3705);
#4071 = PRESENTATION_STYLE_ASSIGNMENT((#4072));
#4072 = SURFACE_STYLE_USAGE(.BOTH.,#4073);
#4073 = SURFACE_SIDE_STYLE('',(#4074,#4077));
#4074 = SURFACE_STYLE_FILL_AREA(#4075);
#4075 = FILL_AREA_STYLE('',(#4076));
#4076 = FILL_AREA_STYLE_COLOUR('',#3712);
#4077 = SURFACE_STYLE_RENDERING_WITH_PROPERTIES(.NORMAL_SHADING.,#3712,(
    #4078));
#4078 = SURFACE_STYLE_TRANSPARENT(1.);
#4079 = OVER_RIDING_STYLED_ITEM('overriding color',(#4080),#1466,#3705);
#4080 = PRESENTATION_STYLE_ASSIGNMENT((#4081));
#4081 = SURFACE_STYLE_USAGE(.BOTH.,#4082);
#4082 = SURFACE_SIDE_STYLE('',(#4083,#4086));
#4083 = SURFACE_STYLE_FILL_AREA(#4084);
#4084 = FILL_AREA_STYLE('',(#4085));
#4085 = FILL_AREA_STYLE_COLOUR('',#3712);
#4086 = SURFACE_STYLE_RENDERING_WITH_PROPERTIES(.NORMAL_SHADING.,#3712,(
    #4087));
#4087 = SURFACE_STYLE_TRANSPARENT(1.);
#4088 = OVER_RIDING_STYLED_ITEM('overriding color',(#4089),#1490,#3705);
#4089 = PRESENTATION_STYLE_ASSIGNMENT((#4090));
#4090 = SURFACE_STYLE_USAGE(.BOTH.,#4091);
#4091 = SURFACE_SIDE_STYLE('',(#4092,#4095));
#4092 = SURFACE_STYLE_FILL_AREA(#4093);
#4093 = FILL_AREA_STYLE('',(#4094));
#4094 = FILL_AREA_STYLE_COLOUR('',#3712);
#4095 = SURFACE_STYLE_RENDERING_WITH_PROPERTIES(.NORMAL_SHADING.,#3712,(
    #4096));
#4096 = SURFACE_STYLE_TRANSPARENT(1.);
#4097 = OVER_RIDING_STYLED_ITEM('overriding color',(#4098),#1514,#3705);
#4098 = PRESENTATION_STYLE_ASSIGNMENT((#4099));
#4099 = SURFACE_STYLE_USAGE(.BOTH.,#4100);
#4100 = SURFACE_SIDE_STYLE('',(#4101,#4104));
#4101 = SURFACE_STYLE_FILL_AREA(#4102);
#4102 = FILL_AREA_STYLE('',(#4103));
#4103 = FILL_AREA_STYLE_COLOUR('',#3712);
#4104 = SURFACE_STYLE_RENDERING_WITH_PROPERTIES(.NORMAL_SHADING.,#3712,(
    #4105));
#4105 = SURFACE_STYLE_TRANSPARENT(1.);
#4106 = OVER_RIDING_STYLED_ITEM('overriding color',(#4107),#1538,#3705);
#4107 = PRESENTATION_STYLE_ASSIGNMENT((#4108));
#4108 = SURFACE_STYLE_USAGE(.BOTH.,#4109);
#4109 = SURFACE_SIDE_STYLE('',(#4110,#4113));
#4110 = SURFACE_STYLE_FILL_AREA(#4111);
#4111 = FILL_AREA_STYLE('',(#4112));
#4112 = FILL_AREA_STYLE_COLOUR('',#3712);
#4113 = SURFACE_STYLE_RENDERING_WITH_PROPERTIES(.NORMAL_SHADING.,#3712,(
    #4114));
#4114 = SURFACE_STYLE_TRANSPARENT(1.);
#4115 = OVER_RIDING_STYLED_ITEM('overriding color',(#4116),#1562,#3705);
#4116 = PRESENTATION_STYLE_ASSIGNMENT((#4117));
#4117 = SURFACE_STYLE_USAGE(.BOTH.,#4118);
#4118 = SURFACE_SIDE_STYLE('',(#4119,#4122));
#4119 = SURFACE_STYLE_FILL_AREA(#4120);
#4120 = FILL_AREA_STYLE('',(#4121));
#4121 = FILL_AREA_STYLE_COLOUR('',#3712);
#4122 = SURFACE_STYLE_RENDERING_WITH_PROPERTIES(.NORMAL_SHADING.,#3712,(
    #4123));
#4123 = SURFACE_STYLE_TRANSPARENT(1.);
#4124 = OVER_RIDING_STYLED_ITEM('overriding color',(#4125),#1586,#3705);
#4125 = PRESENTATION_STYLE_ASSIGNMENT((#4126));
#4126 = SURFACE_STYLE_USAGE(.BOTH.,#4127);
#4127 = SURFACE_SIDE_STYLE('',(#4128,#4131));
#4128 = SURFACE_STYLE_FILL_AREA(#4129);
#4129 = FILL_AREA_STYLE('',(#4130));
#4130 = FILL_AREA_STYLE_COLOUR('',#3712);
#4131 = SURFACE_STYLE_RENDERING_WITH_PROPERTIES(.NORMAL_SHADING.,#3712,(
    #4132));
#4132 = SURFACE_STYLE_TRANSPARENT(1.);
#4133 = OVER_RIDING_STYLED_ITEM('overriding color',(#4134),#1610,#3705);
#4134 = PRESENTATION_STYLE_ASSIGNMENT((#4135));
#4135 = SURFACE_STYLE_USAGE(.BOTH.,#4136);
#4136 = SURFACE_SIDE_STYLE('',(#4137,#4140));
#4137 = SURFACE_STYLE_FILL_AREA(#4138);
#4138 = FILL_AREA_STYLE('',(#4139));
#4139 = FILL_AREA_STYLE_COLOUR('',#3712);
#4140 = SURFACE_STYLE_RENDERING_WITH_PROPERTIES(.NORMAL_SHADING.,#3712,(
    #4141));
#4141 = SURFACE_STYLE_TRANSPARENT(1.);
#4142 = OVER_RIDING_STYLED_ITEM('overriding color',(#4143),#1634,#3705);
#4143 = PRESENTATION_STYLE_ASSIGNMENT((#4144));
#4144 = SURFACE_STYLE_USAGE(.BOTH.,#4145);
#4145 = SURFACE_SIDE_STYLE('',(#4146,#4149));
#4146 = SURFACE_STYLE_FILL_AREA(#4147);
#4147 = FILL_AREA_STYLE('',(#4148));
#4148 = FILL_AREA_STYLE_COLOUR('',#3712);
#4149 = SURFACE_STYLE_RENDERING_WITH_PROPERTIES(.NORMAL_SHADING.,#3712,(
    #4150));
#4150 = SURFACE_STYLE_TRANSPARENT(1.);
#4151 = OVER_RIDING_STYLED_ITEM('overriding color',(#4152),#1658,#3705);
#4152 = PRESENTATION_STYLE_ASSIGNMENT((#4153));
#4153 = SURFACE_STYLE_USAGE(.BOTH.,#4154);
#4154 = SURFACE_SIDE_STYLE('',(#4155,#4158));
#4155 = SURFACE_STYLE_FILL_AREA(#4156);
#4156 = FILL_AREA_STYLE('',(#4157));
#4157 = FILL_AREA_STYLE_COLOUR('',#3712);
#4158 = SURFACE_STYLE_RENDERING_WITH_PROPERTIES(.NORMAL_SHADING.,#3712,(
    #4159));
#4159 = SURFACE_STYLE_TRANSPARENT(1.);
#4160 = OVER_RIDING_STYLED_ITEM('overriding color',(#4161),#1682,#3705);
#4161 = PRESENTATION_STYLE_ASSIGNMENT((#4162));
#4162 = SURFACE_STYLE_USAGE(.BOTH.,#4163);
#4163 = SURFACE_SIDE_STYLE('',(#4164,#4167));
#4164 = SURFACE_STYLE_FILL_AREA(#4165);
#4165 = FILL_AREA_STYLE('',(#4166));
#4166 = FILL_AREA_STYLE_COLOUR('',#3712);
#4167 = SURFACE_STYLE_RENDERING_WITH_PROPERTIES(.NORMAL_SHADING.,#3712,(
    #4168));
#4168 = SURFACE_STYLE_TRANSPARENT(1.);
#4169 = OVER_RIDING_STYLED_ITEM('overriding color',(#4170),#1706,#3705);
#4170 = PRESENTATION_STYLE_ASSIGNMENT((#4171));
#4171 = SURFACE_STYLE_USAGE(.BOTH.,#4172);
#4172 = SURFACE_SIDE_STYLE('',(#4173,#4176));
#4173 = SURFACE_STYLE_FILL_AREA(#4174);
#4174 = FILL_AREA_STYLE('',(#4175));
#4175 = FILL_AREA_STYLE_COLOUR('',#3712);
#4176 = SURFACE_STYLE_RENDERING_WITH_PROPERTIES(.NORMAL_SHADING.,#3712,(
    #4177));
#4177 = SURFACE_STYLE_TRANSPARENT(1.);
#4178 = OVER_RIDING_STYLED_ITEM('overriding color',(#4179),#1730,#3705);
#4179 = PRESENTATION_STYLE_ASSIGNMENT((#4180));
#4180 = SURFACE_STYLE_USAGE(.BOTH.,#4181);
#4181 = SURFACE_SIDE_STYLE('',(#4182,#4185));
#4182 = SURFACE_STYLE_FILL_AREA(#4183);
#4183 = FILL_AREA_STYLE('',(#4184));
#4184 = FILL_AREA_STYLE_COLOUR('',#3712);
#4185 = SURFACE_STYLE_RENDERING_WITH_PROPERTIES(.NORMAL_SHADING.,#3712,(
    #4186));
#4186 = SURFACE_STYLE_TRANSPARENT(1.);
#4187 = OVER_RIDING_STYLED_ITEM('overriding color',(#4188),#1754,#3705);
#4188 = PRESENTATION_STYLE_ASSIGNMENT((#4189));
#4189 = SURFACE_STYLE_USAGE(.BOTH.,#4190);
#4190 = SURFACE_SIDE_STYLE('',(#4191,#4194));
#4191 = SURFACE_STYLE_FILL_AREA(#4192);
#4192 = FILL_AREA_STYLE('',(#4193));
#4193 = FILL_AREA_STYLE_COLOUR('',#3712);
#4194 = SURFACE_STYLE_RENDERING_WITH_PROPERTIES(.NORMAL_SHADING.,#3712,(
    #4195));
#4195 = SURFACE_STYLE_TRANSPARENT(1.);
#4196 = OVER_RIDING_STYLED_ITEM('overriding color',(#4197),#1778,#3705);
#4197 = PRESENTATION_STYLE_ASSIGNMENT((#4198));
#4198 = SURFACE_STYLE_USAGE(.BOTH.,#4199);
#4199 = SURFACE_SIDE_STYLE('',(#4200,#4203));
#4200 = SURFACE_STYLE_FILL_AREA(#4201);
#4201 = FILL_AREA_STYLE('',(#4202));
#4202 = FILL_AREA_STYLE_COLOUR('',#3712);
#4203 = SURFACE_STYLE_RENDERING_WITH_PROPERTIES(.NORMAL_SHADING.,#3712,(
    #4204));
#4204 = SURFACE_STYLE_TRANSPARENT(1.);
#4205 = OVER_RIDING_STYLED_ITEM('overriding color',(#4206),#1802,#3705);
#4206 = PRESENTATION_STYLE_ASSIGNMENT((#4207));
#4207 = SURFACE_STYLE_USAGE(.BOTH.,#4208);
#4208 = SURFACE_SIDE_STYLE('',(#4209,#4212));
#4209 = SURFACE_STYLE_FILL_AREA(#4210);
#4210 = FILL_AREA_STYLE('',(#4211));
#4211 = FILL_AREA_STYLE_COLOUR('',#3712);
#4212 = SURFACE_STYLE_RENDERING_WITH_PROPERTIES(.NORMAL_SHADING.,#3712,(
    #4213));
#4213 = SURFACE_STYLE_TRANSPARENT(1.);
#4214 = OVER_RIDING_STYLED_ITEM('overriding color',(#4215),#1851,#3705);
#4215 = PRESENTATION_STYLE_ASSIGNMENT((#4216));
#4216 = SURFACE_STYLE_USAGE(.BOTH.,#4217);
#4217 = SURFACE_SIDE_STYLE('',(#4218,#4221));
#4218 = SURFACE_STYLE_FILL_AREA(#4219);
#4219 = FILL_AREA_STYLE('',(#4220));
#4220 = FILL_AREA_STYLE_COLOUR('',#3712);
#4221 = SURFACE_STYLE_RENDERING_WITH_PROPERTIES(.NORMAL_SHADING.,#3712,(
    #4222));
#4222 = SURFACE_STYLE_TRANSPARENT(1.);
#4223 = OVER_RIDING_STYLED_ITEM('overriding color',(#4224),#2240,#3705);
#4224 = PRESENTATION_STYLE_ASSIGNMENT((#4225));
#4225 = SURFACE_STYLE_USAGE(.BOTH.,#4226);
#4226 = SURFACE_SIDE_STYLE('',(#4227,#4230));
#4227 = SURFACE_STYLE_FILL_AREA(#4228);
#4228 = FILL_AREA_STYLE('',(#4229));
#4229 = FILL_AREA_STYLE_COLOUR('',#3712);
#4230 = SURFACE_STYLE_RENDERING_WITH_PROPERTIES(.NORMAL_SHADING.,#3712,(
    #4231));
#4231 = SURFACE_STYLE_TRANSPARENT(1.);
#4232 = OVER_RIDING_STYLED_ITEM('overriding color',(#4233),#2265,#3705);
#4233 = PRESENTATION_STYLE_ASSIGNMENT((#4234));
#4234 = SURFACE_STYLE_USAGE(.BOTH.,#4235);
#4235 = SURFACE_SIDE_STYLE('',(#4236,#4239));
#4236 = SURFACE_STYLE_FILL_AREA(#4237);
#4237 = FILL_AREA_STYLE('',(#4238));
#4238 = FILL_AREA_STYLE_COLOUR('',#3712);
#4239 = SURFACE_STYLE_RENDERING_WITH_PROPERTIES(.NORMAL_SHADING.,#3712,(
    #4240));
#4240 = SURFACE_STYLE_TRANSPARENT(1.);
#4241 = OVER_RIDING_STYLED_ITEM('overriding color',(#4242),#2289,#3705);
#4242 = PRESENTATION_STYLE_ASSIGNMENT((#4243));
#4243 = SURFACE_STYLE_USAGE(.BOTH.,#4244);
#4244 = SURFACE_SIDE_STYLE('',(#4245,#4248));
#4245 = SURFACE_STYLE_FILL_AREA(#4246);
#4246 = FILL_AREA_STYLE('',(#4247));
#4247 = FILL_AREA_STYLE_COLOUR('',#3712);
#4248 = SURFACE_STYLE_RENDERING_WITH_PROPERTIES(.NORMAL_SHADING.,#3712,(
    #4249));
#4249 = SURFACE_STYLE_TRANSPARENT(1.);
#4250 = OVER_RIDING_STYLED_ITEM('overriding color',(#4251),#2497,#3705);
#4251 = PRESENTATION_STYLE_ASSIGNMENT((#4252));
#4252 = SURFACE_STYLE_USAGE(.BOTH.,#4253);
#4253 = SURFACE_SIDE_STYLE('',(#4254,#4257));
#4254 = SURFACE_STYLE_FILL_AREA(#4255);
#4255 = FILL_AREA_STYLE('',(#4256));
#4256 = FILL_AREA_STYLE_COLOUR('',#3712);
#4257 = SURFACE_STYLE_RENDERING_WITH_PROPERTIES(.NORMAL_SHADING.,#3712,(
    #4258));
#4258 = SURFACE_STYLE_TRANSPARENT(1.);
#4259 = OVER_RIDING_STYLED_ITEM('overriding color',(#4260),#2521,#3705);
#4260 = PRESENTATION_STYLE_ASSIGNMENT((#4261));
#4261 = SURFACE_STYLE_USAGE(.BOTH.,#4262);
#4262 = SURFACE_SIDE_STYLE('',(#4263,#4266));
#4263 = SURFACE_STYLE_FILL_AREA(#4264);
#4264 = FILL_AREA_STYLE('',(#4265));
#4265 = FILL_AREA_STYLE_COLOUR('',#3712);
#4266 = SURFACE_STYLE_RENDERING_WITH_PROPERTIES(.NORMAL_SHADING.,#3712,(
    #4267));
#4267 = SURFACE_STYLE_TRANSPARENT(1.);
#4268 = OVER_RIDING_STYLED_ITEM('overriding color',(#4269),#2568,#3705);
#4269 = PRESENTATION_STYLE_ASSIGNMENT((#4270));
#4270 = SURFACE_STYLE_USAGE(.BOTH.,#4271);
#4271 = SURFACE_SIDE_STYLE('',(#4272,#4275));
#4272 = SURFACE_STYLE_FILL_AREA(#4273);
#4273 = FILL_AREA_STYLE('',(#4274));
#4274 = FILL_AREA_STYLE_COLOUR('',#3712);
#4275 = SURFACE_STYLE_RENDERING_WITH_PROPERTIES(.NORMAL_SHADING.,#3712,(
    #4276));
#4276 = SURFACE_STYLE_TRANSPARENT(1.);
#4277 = OVER_RIDING_STYLED_ITEM('overriding color',(#4278),#2693,#3705);
#4278 = PRESENTATION_STYLE_ASSIGNMENT((#4279));
#4279 = SURFACE_STYLE_USAGE(.BOTH.,#4280);
#4280 = SURFACE_SIDE_STYLE('',(#4281,#4284));
#4281 = SURFACE_STYLE_FILL_AREA(#4282);
#4282 = FILL_AREA_STYLE('',(#4283));
#4283 = FILL_AREA_STYLE_COLOUR('',#3712);
#4284 = SURFACE_STYLE_RENDERING_WITH_PROPERTIES(.NORMAL_SHADING.,#3712,(
    #4285));
#4285 = SURFACE_STYLE_TRANSPARENT(1.);
#4286 = OVER_RIDING_STYLED_ITEM('overriding color',(#4287),#2728,#3705);
#4287 = PRESENTATION_STYLE_ASSIGNMENT((#4288));
#4288 = SURFACE_STYLE_USAGE(.BOTH.,#4289);
#4289 = SURFACE_SIDE_STYLE('',(#4290,#4293));
#4290 = SURFACE_STYLE_FILL_AREA(#4291);
#4291 = FILL_AREA_STYLE('',(#4292));
#4292 = FILL_AREA_STYLE_COLOUR('',#3712);
#4293 = SURFACE_STYLE_RENDERING_WITH_PROPERTIES(.NORMAL_SHADING.,#3712,(
    #4294));
#4294 = SURFACE_STYLE_TRANSPARENT(1.);
ENDSEC;
END-ISO-10303-21;
